store_id,date,hour,customers,tickets,sales_mxn,occupancy
1,2026-08-24,9,360,54,14489.97,159.0
1,2026-08-24,10,114,141,43369.16,242.87
1,2026-08-24,11,136,153,45919.08,159.7
1,2026-08-24,12,502,157,54297.22,327.48
1,2026-08-24,13,121,266,83857.47,340.48
1,2026-08-24,14,128,156,50563.22,167.1
1,2026-08-24,15,124,89,32104.96,143.45
1,2026-08-24,16,123,91,27246.76,138.18
1,2026-08-24,17,480,146,47280.43,312.22
1,2026-08-24,18,232,249,83337.8,381.93
1,2026-08-24,19,89,216,67161.15,217.92
1,2026-08-24,20,41,99,32342.73,88.38
1,2026-08-24,21,0,39,13380.12,28.2
1,2026-08-25,9,320,46,14062.63,143.32
1,2026-08-25,10,102,140,42646.44,215.58
1,2026-08-25,11,107,112,39291.08,127.02
1,2026-08-25,12,424,127,37629.03,271.53
1,2026-08-25,13,118,205,64588.89,299.7
1,2026-08-25,14,109,157,50517.24,159.5
1,2026-08-25,15,105,86,27073.69,124.22
1,2026-08-25,16,116,83,26157.35,119.55
1,2026-08-25,17,462,132,42510.23,279.92
1,2026-08-25,18,216,254,82884.67,349.05
1,2026-08-25,19,74,204,73482.1,184.0
1,2026-08-25,20,41,73,21254.39,71.28
1,2026-08-25,21,0,33,10138.48,27.48
1,2026-08-26,9,350,39,14842.58,156.1
1,2026-08-26,10,130,166,53441.99,259.05
1,2026-08-26,11,127,155,43865.86,164.8
1,2026-08-26,12,504,150,47208.63,308.3
1,2026-08-26,13,113,267,90337.55,344.23
1,2026-08-26,14,120,175,58970.22,166.08
1,2026-08-26,15,114,82,23041.07,118.78
1,2026-08-26,16,125,94,29046.56,131.92
1,2026-08-26,17,424,149,44316.3,273.53
1,2026-08-26,18,228,212,64905.14,344.42
1,2026-08-26,19,70,195,61354.04,187.5
1,2026-08-26,20,44,68,21206.16,78.45
1,2026-08-26,21,0,47,13383.13,32.73
1,2026-08-27,9,349,48,17341.75,158.27
1,2026-08-27,10,94,149,47294.63,238.03
1,2026-08-27,11,111,133,42605.47,134.97
1,2026-08-27,12,476,121,38857.03,290.2
1,2026-08-27,13,97,232,74489.94,325.58
1,2026-08-27,14,133,166,51322.43,161.08
1,2026-08-27,15,118,85,26329.55,130.4
1,2026-08-27,16,91,87,28151.71,117.67
1,2026-08-27,17,493,122,40731.88,291.13
1,2026-08-27,18,227,243,77427.89,398.43
1,2026-08-27,19,65,208,61291.65,194.37
1,2026-08-27,20,34,77,24485.54,73.1
1,2026-08-27,21,0,37,12157.75,25.6
1,2026-08-28,9,396,57,15543.52,186.52
1,2026-08-28,10,153,169,55836.36,282.8
1,2026-08-28,11,128,158,45104.44,187.9
1,2026-08-28,12,595,156,50011.95,355.55
1,2026-08-28,13,137,283,85810.31,399.6
1,2026-08-28,14,140,199,60842.25,190.65
1,2026-08-28,15,149,118,37484.31,161.35
1,2026-08-28,16,142,101,32689.09,152.58
1,2026-08-28,17,553,174,56775.61,362.32
1,2026-08-28,18,291,310,93139.02,448.37
1,2026-08-28,19,81,224,70598.86,245.95
1,2026-08-28,20,61,99,29776.69,99.68
1,2026-08-28,21,0,53,16338.79,38.45
1,2026-08-29,9,491,77,23247.07,213.13
1,2026-08-29,10,137,217,71523.39,323.98
1,2026-08-29,11,159,161,55001.95,188.23
1,2026-08-29,12,632,179,58607.04,401.33
1,2026-08-29,13,166,315,101004.76,431.58
1,2026-08-29,14,143,230,70542.48,214.43
1,2026-08-29,15,150,112,34408.27,174.62
1,2026-08-29,16,157,111,38324.72,165.68
1,2026-08-29,17,602,204,62142.44,375.6
1,2026-08-29,18,309,298,97180.82,483.7
1,2026-08-29,19,88,265,82712.02,276.53
1,2026-08-29,20,45,114,35204.77,106.78
1,2026-08-29,21,0,46,16576.4,32.7
1,2026-08-30,9,385,59,20091.92,172.97
1,2026-08-30,10,122,171,50333.96,266.03
1,2026-08-30,11,128,157,53263.55,158.75
1,2026-08-30,12,535,128,41766.08,327.77
1,2026-08-30,13,114,277,86739.74,364.6
1,2026-08-30,14,120,186,60775.35,169.65
1,2026-08-30,15,125,78,24801.71,129.27
1,2026-08-30,16,113,93,29147.89,137.77
1,2026-08-30,17,555,139,42404.87,317.18
1,2026-08-30,18,282,291,96361.96,436.38
1,2026-08-30,19,87,218,62684.06,250.13
1,2026-08-30,20,56,106,38110.12,99.27
1,2026-08-30,21,0,49,16282.46,42.1
1,2026-08-31,9,337,46,15734.98,143.92
1,2026-08-31,10,110,148,46254.5,232.85
1,2026-08-31,11,114,129,40745.02,137.35
1,2026-08-31,12,485,149,43763.33,292.1
1,2026-08-31,13,106,258,80206.89,317.67
1,2026-08-31,14,143,153,50728.23,161.98
1,2026-08-31,15,100,102,33107.81,134.82
1,2026-08-31,16,138,88,27809.58,135.43
1,2026-08-31,17,494,143,45241.84,322.5
1,2026-08-31,18,226,272,91758.69,375.87
1,2026-08-31,19,79,194,67779.48,201.55
1,2026-08-31,20,46,74,26317.54,83.47
1,2026-08-31,21,0,54,17385.1,37.85
1,2026-09-01,9,339,51,16346.27,147.53
1,2026-09-01,10,90,145,48944.66,226.68
1,2026-09-01,11,120,114,39035.13,141.72
1,2026-09-01,12,436,140,44892.8,290.48
1,2026-09-01,13,126,210,70644.43,303.88
1,2026-09-01,14,123,164,53188.62,176.52
1,2026-09-01,15,111,98,32685.91,129.88
1,2026-09-01,16,103,85,27409.87,110.92
1,2026-09-01,17,466,124,42852.01,281.33
1,2026-09-01,18,238,238,69347.79,373.0
1,2026-09-01,19,64,213,71280.37,203.7
1,2026-09-01,20,57,76,22379.54,87.02
1,2026-09-01,21,0,45,15498.55,45.8
1,2026-09-02,9,388,49,16404.13,176.23
1,2026-09-02,10,125,169,50746.78,273.07
1,2026-09-02,11,113,165,52248.02,150.15
1,2026-09-02,12,527,160,50382.99,316.62
1,2026-09-02,13,131,238,73595.26,344.72
1,2026-09-02,14,112,177,57635.69,165.32
1,2026-09-02,15,125,85,25173.32,127.13
1,2026-09-02,16,125,87,26866.94,127.25
1,2026-09-02,17,523,148,46769.67,305.9
1,2026-09-02,18,298,264,83647.11,425.35
1,2026-09-02,19,82,252,86792.08,252.03
1,2026-09-02,20,44,98,32771.24,95.88
1,2026-09-02,21,0,57,19587.42,35.43
1,2026-09-03,9,315,48,17153.38,142.0
1,2026-09-03,10,119,142,45595.32,231.17
1,2026-09-03,11,112,126,41533.51,143.25
1,2026-09-03,12,443,124,38510.1,279.52
1,2026-09-03,13,111,222,74349.93,319.68
1,2026-09-03,14,92,155,47391.75,132.45
1,2026-09-03,15,118,62,19984.07,123.65
1,2026-09-03,16,115,99,33064.84,129.52
1,2026-09-03,17,437,124,38152.07,255.48
1,2026-09-03,18,222,213,68052.13,360.72
1,2026-09-03,19,58,193,62395.58,203.4
1,2026-09-03,20,43,86,27327.42,75.75
1,2026-09-03,21,0,37,13513.3,26.1
1,2026-09-04,9,434,62,21270.47,196.1
1,2026-09-04,10,129,159,51414.34,305.38
1,2026-09-04,11,162,187,63963.59,190.67
1,2026-09-04,12,537,167,52349.06,349.5
1,2026-09-04,13,136,279,83114.4,367.3
1,2026-09-04,14,158,176,56155.14,193.03
1,2026-09-04,15,138,108,35773.29,156.0
1,2026-09-04,16,140,114,34188.7,163.53
1,2026-09-04,17,532,160,53619.03,332.6
1,2026-09-04,18,287,292,99073.73,425.85
1,2026-09-04,19,88,238,77784.79,248.73
1,2026-09-04,20,64,111,36316.4,108.87
1,2026-09-04,21,0,55,16263.71,44.93
1,2026-09-05,9,432,47,14642.77,200.1
1,2026-09-05,10,149,198,62096.24,305.87
1,2026-09-05,11,146,195,63902.53,191.38
1,2026-09-05,12,551,184,63364.08,337.82
1,2026-09-05,13,139,262,85370.55,363.68
1,2026-09-05,14,135,173,52007.69,188.43
1,2026-09-05,15,153,119,34046.34,159.22
1,2026-09-05,16,132,107,32000.94,150.47
1,2026-09-05,17,598,163,48708.89,353.3
1,2026-09-05,18,307,317,96856.92,475.92
1,2026-09-05,19,68,254,78822.52,251.95
1,2026-09-05,20,52,91,29443.19,89.62
1,2026-09-05,21,0,54,20148.79,36.57
1,2026-09-06,9,438,69,22010.82,198.42
1,2026-09-06,10,132,202,75103.75,282.63
1,2026-09-06,11,135,149,53874.29,161.85
1,2026-09-06,12,564,164,52541.53,345.82
1,2026-09-06,13,125,265,86880.8,378.95
1,2026-09-06,14,151,184,57061.15,191.7
1,2026-09-06,15,148,118,35293.15,174.63
1,2026-09-06,16,143,111,36549.01,158.33
1,2026-09-06,17,632,172,58398.25,381.87
1,2026-09-06,18,293,342,108135.24,465.97
1,2026-09-06,19,90,250,78335.26,258.73
1,2026-09-06,20,62,95,30364.55,108.08
1,2026-09-06,21,0,54,15844.97,41.57
1,2026-09-07,9,335,44,12081.28,149.3
1,2026-09-07,10,95,152,44919.61,226.35
1,2026-09-07,11,99,127,43822.8,125.1
1,2026-09-07,12,517,134,42172.55,291.72
1,2026-09-07,13,111,243,75809.53,335.93
1,2026-09-07,14,132,161,51768.72,165.78
1,2026-09-07,15,130,106,34451.76,140.37
1,2026-09-07,16,91,101,31317.14,126.12
1,2026-09-07,17,514,121,39129.97,300.75
1,2026-09-07,18,264,277,89127.03,415.87
1,2026-09-07,19,75,219,73803.29,217.23
1,2026-09-07,20,48,94,32582.81,91.05
1,2026-09-07,21,0,40,11026.03,31.82
1,2026-09-08,9,317,45,13865.88,141.6
1,2026-09-08,10,124,141,43055.44,233.67
1,2026-09-08,11,110,121,38818.41,149.08
1,2026-09-08,12,429,150,46654.45,258.93
1,2026-09-08,13,115,198,67649.88,284.18
1,2026-09-08,14,108,142,47646.64,151.95
1,2026-09-08,15,111,79,23192.36,124.07
1,2026-09-08,16,96,91,27530.68,105.87
1,2026-09-08,17,406,114,36410.62,245.48
1,2026-09-08,18,213,206,66626.04,337.27
1,2026-09-08,19,76,182,57883.02,198.52
1,2026-09-08,20,45,87,24868.18,85.87
1,2026-09-08,21,0,44,14339.49,33.93
1,2026-09-09,9,342,47,12846.41,164.65
1,2026-09-09,10,128,164,50978.51,249.97
1,2026-09-09,11,100,131,45214.74,152.05
1,2026-09-09,12,504,149,51630.27,300.25
1,2026-09-09,13,123,242,74849.22,339.42
1,2026-09-09,14,110,154,49060.87,151.38
1,2026-09-09,15,129,88,28915.44,126.98
1,2026-09-09,16,106,80,23960.87,132.82
1,2026-09-09,17,510,153,45418.01,310.43
1,2026-09-09,18,233,267,85073.57,394.78
1,2026-09-09,19,75,211,60822.79,210.52
1,2026-09-09,20,43,92,31916.59,80.27
1,2026-09-09,21,0,37,9192.39,28.02
1,2026-09-10,9,355,44,13763.02,170.03
1,2026-09-10,10,122,156,50650.43,243.12
1,2026-09-10,11,138,146,49721.75,160.75
1,2026-09-10,12,482,138,45772.46,305.33
1,2026-09-10,13,132,219,73378.81,342.07
1,2026-09-10,14,127,168,51638.39,172.52
1,2026-09-10,15,123,86,28682.52,135.17
1,2026-09-10,16,118,101,30640.31,133.58
1,2026-09-10,17,545,156,54246.69,319.35
1,2026-09-10,18,244,263,88226.01,425.3
1,2026-09-10,19,73,229,68230.42,210.63
1,2026-09-10,20,48,76,25257.49,84.87
1,2026-09-10,21,0,52,19145.04,34.07
1,2026-09-11,9,444,64,18738.35,199.7
1,2026-09-11,10,133,190,59748.54,301.95
1,2026-09-11,11,139,175,57849.36,185.5
1,2026-09-11,12,638,168,54584.67,382.57
1,2026-09-11,13,150,308,99817.61,424.12
1,2026-09-11,14,144,209,65790.04,200.23
1,2026-09-11,15,161,115,38334.94,179.7
1,2026-09-11,16,168,135,41757.54,173.7
1,2026-09-11,17,598,185,62089.83,374.25
1,2026-09-11,18,289,320,108159.34,482.23
1,2026-09-11,19,112,263,81158.21,277.23
1,2026-09-11,20,55,126,40643.2,110.93
1,2026-09-11,21,0,48,13491.69,38.83
1,2026-09-12,9,470,65,20596.96,211.03
1,2026-09-12,10,174,220,71017.97,349.98
1,2026-09-12,11,162,166,50973.58,215.43
1,2026-09-12,12,645,218,75417.81,415.67
1,2026-09-12,13,147,305,95556.26,442.38
1,2026-09-12,14,165,216,66994.24,220.55
1,2026-09-12,15,173,110,35155.27,186.95
1,2026-09-12,16,146,130,40308.01,185.83
1,2026-09-12,17,625,194,67568.88,383.7
1,2026-09-12,18,296,333,100005.01,462.13
1,2026-09-12,19,62,227,68895.98,236.63
1,2026-09-12,20,53,90,28337.57,89.47
1,2026-09-12,21,0,58,17281.27,39.98
1,2026-09-13,9,492,59,17406.84,226.52
1,2026-09-13,10,162,218,75088.02,342.37
1,2026-09-13,11,146,172,59075.83,206.3
1,2026-09-13,12,608,160,48646.65,371.07
1,2026-09-13,13,149,298,97240.32,425.82
1,2026-09-13,14,165,234,76165.57,223.25
1,2026-09-13,15,147,121,40728.96,164.55
1,2026-09-13,16,168,110,36503.62,161.85
1,2026-09-13,17,650,185,55364.62,402.78
1,2026-09-13,18,334,320,98608.55,526.65
1,2026-09-13,19,85,311,101030.6,286.43
1,2026-09-13,20,66,114,40549.75,104.17
1,2026-09-13,21,0,54,22193.25,42.68
1,2026-09-14,9,329,40,13594.91,155.93
1,2026-09-14,10,106,138,42990.84,244.37
1,2026-09-14,11,109,152,52421.74,144.57
1,2026-09-14,12,478,132,40904.18,279.13
1,2026-09-14,13,107,240,78830.71,320.07
1,2026-09-14,14,123,156,50721.46,151.1
1,2026-09-14,15,119,95,28925.98,135.63
1,2026-09-14,16,107,95,29616.83,126.05
1,2026-09-14,17,482,118,36441.95,288.95
1,2026-09-14,18,232,263,78364.81,380.05
1,2026-09-14,19,74,194,64998.49,214.22
1,2026-09-14,20,51,90,25441.69,87.32
1,2026-09-14,21,0,40,14168.48,28.38
1,2026-09-15,9,393,43,14455.99,185.3
1,2026-09-15,10,125,165,50285.29,295.8
1,2026-09-15,11,137,158,52237.73,166.55
1,2026-09-15,12,503,142,44779.21,318.05
1,2026-09-15,13,115,261,84985.03,348.52
1,2026-09-15,14,124,162,52057.68,166.28
1,2026-09-15,15,114,83,25022.94,134.13
1,2026-09-15,16,141,110,30695.4,139.8
1,2026-09-15,17,496,161,47794.64,313.45
1,2026-09-15,18,275,257,79965.61,419.33
1,2026-09-15,19,78,240,75614.14,246.05
1,2026-09-15,20,43,104,29858.55,90.67
1,2026-09-15,21,0,44,12813.49,29.08
1,2026-09-16,9,350,51,17726.74,159.8
1,2026-09-16,10,122,169,51049.42,240.85
1,2026-09-16,11,125,140,47074.27,154.37
1,2026-09-16,12,559,132,37707.1,334.12
1,2026-09-16,13,125,276,91039.26,382.03
1,2026-09-16,14,122,200,66161.12,182.85
1,2026-09-16,15,133,102,35370.92,142.97
1,2026-09-16,16,110,79,24509.33,133.22
1,2026-09-16,17,544,140,42201.95,322.5
1,2026-09-16,18,282,283,89398.54,447.55
1,2026-09-16,19,67,252,77633.27,231.85
1,2026-09-16,20,52,85,24701.92,76.72
1,2026-09-16,21,0,44,14170.7,29.93
1,2026-09-17,9,362,57,14199.46,169.52
1,2026-09-17,10,110,154,46003.41,239.77
1,2026-09-17,11,128,127,40641.16,145.72
1,2026-09-17,12,540,162,50674.17,338.05
1,2026-09-17,13,115,274,80671.88,351.15
1,2026-09-17,14,136,169,54273.39,164.9
1,2026-09-17,15,121,105,35186.13,147.73
1,2026-09-17,16,106,89,24351.66,118.17
1,2026-09-17,17,492,144,47388.09,303.43
1,2026-09-17,18,237,266,91287.57,355.62
1,2026-09-17,19,90,184,52289.0,198.43
1,2026-09-17,20,38,94,32267.11,80.88
1,2026-09-17,21,0,41,14391.56,30.57
1,2026-09-18,9,438,66,22056.08,204.63
1,2026-09-18,10,138,200,62286.2,305.97
1,2026-09-18,11,134,159,47461.94,185.27
1,2026-09-18,12,540,160,52359.32,331.53
1,2026-09-18,13,121,244,73358.16,358.25
1,2026-09-18,14,129,196,63133.66,174.05
1,2026-09-18,15,149,100,33169.68,149.97
1,2026-09-18,16,138,100,30300.02,155.13
1,2026-09-18,17,543,164,50809.67,336.22
1,2026-09-18,18,277,299,94254.78,423.82
1,2026-09-18,19,101,226,69202.59,245.83
1,2026-09-18,20,38,93,32009.3,107.27
1,2026-09-18,21,0,58,19510.24,30.6
1,2026-09-19,9,484,69,20154.73,211.85
1,2026-09-19,10,141,203,67238.92,340.95
1,2026-09-19,11,141,197,61885.81,189.38
1,2026-09-19,12,613,169,55711.6,356.88
1,2026-09-19,13,149,265,98489.63,421.57
1,2026-09-19,14,145,215,69313.87,210.42
1,2026-09-19,15,158,94,28056.58,158.33
1,2026-09-19,16,146,115,33928.35,171.48
1,2026-09-19,17,662,153,50524.46,401.27
1,2026-09-19,18,342,356,111105.78,540.35
1,2026-09-19,19,102,290,94417.47,303.35
1,2026-09-19,20,55,121,39475.41,111.25
1,2026-09-19,21,0,49,15991.23,37.22
1,2026-09-20,9,417,61,15679.53,190.83
1,2026-09-20,10,130,178,56233.19,285.73
1,2026-09-20,11,131,160,54506.67,174.55
1,2026-09-20,12,591,158,50378.42,368.9
1,2026-09-20,13,161,287,91261.73,412.92
1,2026-09-20,14,133,220,67353.53,197.05
1,2026-09-20,15,123,92,31226.72,148.45
1,2026-09-20,16,157,106,34504.11,158.27
1,2026-09-20,17,565,165,55062.31,356.12
1,2026-09-20,18,264,298,103627.84,442.27
1,2026-09-20,19,86,258,82165.41,240.22
1,2026-09-20,20,44,113,34649.29,81.25
1,2026-09-20,21,0,36,12594.57,26.42
2,2026-08-24,9,393,51,17168.2,186.28
2,2026-08-24,10,121,176,60419.31,270.58
2,2026-08-24,11,125,156,54828.51,158.82
2,2026-08-24,12,502,136,47581.22,294.82
2,2026-08-24,13,110,230,75330.32,336.52
2,2026-08-24,14,129,167,53688.89,179.25
2,2026-08-24,15,101,97,31820.61,124.83
2,2026-08-24,16,114,81,24930.31,123.92
2,2026-08-24,17,521,145,51053.44,305.53
2,2026-08-24,18,225,249,77351.93,386.12
2,2026-08-24,19,75,211,67503.03,193.37
2,2026-08-24,20,45,85,27102.36,88.9
2,2026-08-24,21,0,45,13099.04,37.0
2,2026-08-25,9,353,48,15280.91,158.03
2,2026-08-25,10,114,170,51821.24,243.48
2,2026-08-25,11,129,128,43609.45,150.97
2,2026-08-25,12,475,137,45424.4,299.1
2,2026-08-25,13,106,208,65875.52,316.75
2,2026-08-25,14,127,173,55028.45,167.72
2,2026-08-25,15,111,88,26767.76,121.07
2,2026-08-25,16,119,94,28843.49,120.75
2,2026-08-25,17,492,126,42648.38,287.93
2,2026-08-25,18,260,275,90331.89,407.38
2,2026-08-25,19,69,209,67986.86,227.32
2,2026-08-25,20,59,92,35719.23,86.82
2,2026-08-25,21,0,49,15697.96,43.33
2,2026-08-26,9,394,64,21944.5,173.62
2,2026-08-26,10,120,150,47508.9,283.55
2,2026-08-26,11,133,168,57023.01,180.28
2,2026-08-26,12,507,137,41828.46,320.97
2,2026-08-26,13,134,230,67446.4,365.97
2,2026-08-26,14,139,197,59754.93,187.82
2,2026-08-26,15,129,106,32549.69,152.02
2,2026-08-26,16,119,101,30649.24,135.08
2,2026-08-26,17,497,155,49638.34,307.65
2,2026-08-26,18,233,261,83958.68,383.22
2,2026-08-26,19,79,207,63908.84,198.57
2,2026-08-26,20,42,69,20713.82,92.15
2,2026-08-26,21,0,55,21132.93,36.72
2,2026-08-27,9,414,70,22282.01,184.55
2,2026-08-27,10,132,175,55495.39,283.35
2,2026-08-27,11,127,162,51546.36,170.65
2,2026-08-27,12,513,151,48127.27,322.58
2,2026-08-27,13,117,260,76157.7,356.88
2,2026-08-27,14,120,190,61607.26,168.47
2,2026-08-27,15,126,71,19589.78,129.45
2,2026-08-27,16,133,102,34618.2,140.98
2,2026-08-27,17,512,143,44780.97,318.0
2,2026-08-27,18,259,264,79965.18,404.53
2,2026-08-27,19,63,223,67654.05,213.65
2,2026-08-27,20,58,84,28935.73,88.05
2,2026-08-27,21,0,57,18276.76,37.82
2,2026-08-28,9,419,62,17651.35,181.98
2,2026-08-28,10,157,180,57805.8,309.28
2,2026-08-28,11,140,165,53101.99,197.3
2,2026-08-28,12,560,169,53174.39,352.77
2,2026-08-28,13,149,286,87404.41,377.77
2,2026-08-28,14,139,182,59216.98,191.53
2,2026-08-28,15,134,101,32727.5,151.97
2,2026-08-28,16,128,110,35020.65,145.42
2,2026-08-28,17,565,163,59064.68,332.2
2,2026-08-28,18,320,300,93931.43,456.92
2,2026-08-28,19,87,239,75431.91,266.65
2,2026-08-28,20,66,119,41557.61,106.87
2,2026-08-28,21,0,50,14853.73,39.88
2,2026-08-29,9,527,96,26763.82,229.18
2,2026-08-29,10,201,237,73937.65,381.37
2,2026-08-29,11,192,211,65506.56,247.63
2,2026-08-29,12,656,220,72865.87,421.33
2,2026-08-29,13,172,275,91513.02,460.68
2,2026-08-29,14,179,246,81141.76,251.78
2,2026-08-29,15,168,146,43767.08,201.78
2,2026-08-29,16,162,139,42571.95,180.15
2,2026-08-29,17,641,169,53135.71,387.03
2,2026-08-29,18,339,341,99043.24,538.2
2,2026-08-29,19,103,304,96538.21,293.17
2,2026-08-29,20,59,116,34499.48,118.07
2,2026-08-29,21,0,57,21196.66,40.77
2,2026-08-30,9,458,58,20176.82,199.32
2,2026-08-30,10,152,206,61641.97,319.55
2,2026-08-30,11,144,180,54413.83,200.58
2,2026-08-30,12,574,170,55327.69,346.4
2,2026-08-30,13,138,272,91357.65,384.5
2,2026-08-30,14,137,203,61084.46,195.0
2,2026-08-30,15,154,116,37333.47,139.3
2,2026-08-30,16,150,91,31818.89,159.52
2,2026-08-30,17,630,171,52579.07,376.38
2,2026-08-30,18,274,316,100445.64,486.52
2,2026-08-30,19,74,273,83373.15,255.0
2,2026-08-30,20,54,96,31379.44,87.57
2,2026-08-30,21,0,48,16669.35,32.15
2,2026-08-31,9,401,47,16579.63,184.62
2,2026-08-31,10,114,164,49049.13,286.13
2,2026-08-31,11,132,174,56245.78,167.3
2,2026-08-31,12,495,133,40237.93,315.45
2,2026-08-31,13,116,254,82557.97,326.33
2,2026-08-31,14,135,160,54848.45,171.58
2,2026-08-31,15,127,97,31068.97,152.13
2,2026-08-31,16,124,99,31793.56,144.35
2,2026-08-31,17,540,147,45932.3,325.93
2,2026-08-31,18,261,274,83775.2,431.63
2,2026-08-31,19,82,235,69172.41,245.18
2,2026-08-31,20,56,95,29439.19,98.03
2,2026-08-31,21,0,51,13709.72,34.8
2,2026-09-01,9,356,49,13568.64,155.18
2,2026-09-01,10,150,157,49350.09,272.08
2,2026-09-01,11,141,153,47163.16,179.45
2,2026-09-01,12,533,168,55457.48,339.07
2,2026-09-01,13,126,257,81626.51,351.55
2,2026-09-01,14,145,182,55096.97,191.13
2,2026-09-01,15,130,109,34188.16,150.67
2,2026-09-01,16,135,100,32895.57,149.03
2,2026-09-01,17,558,153,50925.37,311.83
2,2026-09-01,18,265,257,79547.96,447.15
2,2026-09-01,19,68,256,80684.73,240.58
2,2026-09-01,20,49,89,32573.59,87.9
2,2026-09-01,21,0,48,15315.35,33.32
2,2026-09-02,9,426,72,22542.73,192.52
2,2026-09-02,10,146,189,60420.77,283.48
2,2026-09-02,11,147,158,50848.93,183.47
2,2026-09-02,12,557,172,60857.93,336.92
2,2026-09-02,13,145,269,83410.73,409.93
2,2026-09-02,14,155,220,71720.04,202.03
2,2026-09-02,15,130,98,30851.95,148.65
2,2026-09-02,16,126,95,31017.68,144.98
2,2026-09-02,17,562,157,49101.31,344.05
2,2026-09-02,18,287,298,103806.04,442.53
2,2026-09-02,19,73,240,76120.22,234.68
2,2026-09-02,20,63,95,26704.12,94.05
2,2026-09-02,21,0,58,20219.36,44.58
2,2026-09-03,9,385,54,18691.07,162.53
2,2026-09-03,10,131,163,51861.94,292.28
2,2026-09-03,11,119,185,63006.42,173.08
2,2026-09-03,12,569,154,47694.53,322.08
2,2026-09-03,13,138,283,91163.43,360.4
2,2026-09-03,14,141,173,56044.56,181.9
2,2026-09-03,15,127,111,38266.18,153.17
2,2026-09-03,16,99,97,30042.57,119.18
2,2026-09-03,17,563,145,41992.98,325.92
2,2026-09-03,18,277,294,94699.29,429.6
2,2026-09-03,19,67,233,70406.78,220.82
2,2026-09-03,20,54,73,23053.55,83.02
2,2026-09-03,21,0,52,15615.05,38.48
2,2026-09-04,9,465,76,24252.04,221.4
2,2026-09-04,10,143,203,67065.62,316.52
2,2026-09-04,11,167,169,53231.94,193.72
2,2026-09-04,12,674,210,65444.24,414.28
2,2026-09-04,13,148,342,112235.38,429.45
2,2026-09-04,14,154,200,58958.47,202.15
2,2026-09-04,15,161,114,34233.67,167.2
2,2026-09-04,16,150,116,36100.84,162.82
2,2026-09-04,17,681,181,60343.48,398.18
2,2026-09-04,18,335,344,108044.46,546.68
2,2026-09-04,19,71,327,106045.63,291.68
2,2026-09-04,20,41,116,35663.52,87.05
2,2026-09-04,21,0,31,9806.42,21.88
2,2026-09-05,9,532,73,23906.05,241.05
2,2026-09-05,10,157,239,79961.56,368.27
2,2026-09-05,11,181,193,67030.62,232.1
2,2026-09-05,12,640,191,61580.48,421.68
2,2026-09-05,13,187,337,102707.75,457.98
2,2026-09-05,14,152,232,74372.06,220.48
2,2026-09-05,15,179,120,37070.85,183.52
2,2026-09-05,16,141,137,44513.3,173.17
2,2026-09-05,17,687,183,53132.96,396.72
2,2026-09-05,18,309,334,111126.88,538.73
2,2026-09-05,19,99,299,94502.3,265.55
2,2026-09-05,20,60,107,35123.49,106.28
2,2026-09-05,21,0,66,25609.6,41.73
2,2026-09-06,9,437,52,16090.41,190.28
2,2026-09-06,10,163,198,60203.21,325.72
2,2026-09-06,11,152,188,59267.1,201.82
2,2026-09-06,12,658,172,49945.92,382.72
2,2026-09-06,13,155,320,102194.38,456.08
2,2026-09-06,14,185,228,73624.33,224.8
2,2026-09-06,15,154,122,39662.07,186.73
2,2026-09-06,16,174,128,37101.95,193.08
2,2026-09-06,17,650,228,70003.74,412.02
2,2026-09-06,18,330,342,114371.72,514.63
2,2026-09-06,19,89,262,85017.47,277.68
2,2026-09-06,20,75,116,41459.57,115.58
2,2026-09-06,21,0,64,20714.25,50.12
2,2026-09-07,9,386,49,13813.51,170.42
2,2026-09-07,10,122,164,53255.48,276.57
2,2026-09-07,11,123,150,43797.48,165.97
2,2026-09-07,12,485,142,46570.35,292.73
2,2026-09-07,13,124,251,79814.73,330.93
2,2026-09-07,14,122,169,56980.41,163.32
2,2026-09-07,15,113,85,24129.68,116.1
2,2026-09-07,16,105,76,26256.04,123.57
2,2026-09-07,17,517,147,52937.79,312.55
2,2026-09-07,18,277,259,88935.28,430.95
2,2026-09-07,19,67,237,80082.96,234.5
2,2026-09-07,20,49,85,24417.23,82.4
2,2026-09-07,21,0,46,13954.75,33.5
2,2026-09-08,9,387,60,19806.21,175.58
2,2026-09-08,10,119,179,52628.08,251.62
2,2026-09-08,11,111,132,43735.18,144.83
2,2026-09-08,12,499,134,46483.82,299.08
2,2026-09-08,13,138,230,71295.2,357.87
2,2026-09-08,14,144,193,62353.03,205.15
2,2026-09-08,15,127,101,36328.51,153.25
2,2026-09-08,16,126,89,27302.74,148.9
2,2026-09-08,17,560,166,50124.26,348.43
2,2026-09-08,18,268,289,92064.23,441.27
2,2026-09-08,19,80,232,78070.11,245.85
2,2026-09-08,20,43,92,28508.91,86.75
2,2026-09-08,21,0,50,16667.74,31.83
2,2026-09-09,9,408,48,13434.84,189.48
2,2026-09-09,10,121,177,53480.99,295.2
2,2026-09-09,11,128,165,52293.76,159.32
2,2026-09-09,12,521,140,49536.1,320.07
2,2026-09-09,13,125,247,80261.39,352.08
2,2026-09-09,14,139,186,58857.45,183.45
2,2026-09-09,15,150,108,35217.76,163.48
2,2026-09-09,16,165,115,38229.1,158.35
2,2026-09-09,17,595,178,65067.52,376.7
2,2026-09-09,18,267,300,95539.65,459.53
2,2026-09-09,19,94,241,77944.82,255.22
2,2026-09-09,20,62,99,33140.32,99.27
2,2026-09-09,21,0,64,21610.16,48.1
2,2026-09-10,9,410,63,18819.17,176.13
2,2026-09-10,10,115,165,50772.84,286.85
2,2026-09-10,11,128,165,48983.64,162.22
2,2026-09-10,12,545,131,41392.73,324.47
2,2026-09-10,13,127,276,88561.13,367.7
2,2026-09-10,14,149,170,54403.52,187.8
2,2026-09-10,15,139,110,35364.65,156.7
2,2026-09-10,16,137,112,32645.99,148.25
2,2026-09-10,17,535,156,49687.91,339.32
2,2026-09-10,18,288,272,82864.33,442.93
2,2026-09-10,19,83,264,81713.67,241.3
2,2026-09-10,20,44,93,30246.45,83.28
2,2026-09-10,21,0,43,17111.26,30.43
2,2026-09-11,9,399,58,16912.09,178.03
2,2026-09-11,10,146,183,61581.54,290.88
2,2026-09-11,11,128,166,53488.92,175.17
2,2026-09-11,12,604,155,52917.24,358.37
2,2026-09-11,13,151,281,90871.27,408.98
2,2026-09-11,14,140,206,62083.58,201.07
2,2026-09-11,15,167,111,35485.43,169.02
2,2026-09-11,16,127,124,41056.83,155.08
2,2026-09-11,17,571,165,52987.21,337.72
2,2026-09-11,18,304,293,89658.92,460.82
2,2026-09-11,19,77,273,84746.49,252.22
2,2026-09-11,20,65,92,30913.37,98.22
2,2026-09-11,21,0,67,21661.22,44.82
2,2026-09-12,9,467,72,21343.42,203.55
2,2026-09-12,10,125,214,65244.88,303.07
2,2026-09-12,11,160,176,59814.66,169.22
2,2026-09-12,12,624,175,55484.14,368.0
2,2026-09-12,13,141,293,94066.23,437.92
2,2026-09-12,14,147,216,68944.46,197.75
2,2026-09-12,15,161,118,37439.19,162.23
2,2026-09-12,16,126,117,35191.26,150.97
2,2026-09-12,17,607,155,49814.04,358.98
2,2026-09-12,18,344,305,92549.62,481.42
2,2026-09-12,19,89,267,89774.26,292.35
2,2026-09-12,20,60,129,44662.34,113.13
2,2026-09-12,21,0,58,19224.99,39.45
2,2026-09-13,9,438,72,23027.29,199.23
2,2026-09-13,10,158,207,68004.34,301.87
2,2026-09-13,11,160,165,54033.19,198.35
2,2026-09-13,12,546,166,57089.23,336.98
2,2026-09-13,13,149,274,89577.9,389.35
2,2026-09-13,14,149,199,63734.15,201.77
2,2026-09-13,15,135,109,34853.88,163.37
2,2026-09-13,16,166,100,37041.23,170.7
2,2026-09-13,17,659,199,64300.7,412.68
2,2026-09-13,18,299,323,97339.82,503.87
2,2026-09-13,19,87,264,89790.03,262.02
2,2026-09-13,20,61,108,33928.03,105.9
2,2026-09-13,21,0,53,17370.03,41.43
2,2026-09-14,9,436,53,17976.58,193.1
2,2026-09-14,10,106,175,53488.3,298.95
2,2026-09-14,11,111,166,53190.43,162.68
2,2026-09-14,12,547,141,42740.72,327.67
2,2026-09-14,13,125,269,87230.4,365.38
2,2026-09-14,14,143,175,53228.56,187.12
2,2026-09-14,15,123,100,32664.12,144.03
2,2026-09-14,16,138,88,27893.54,144.15
2,2026-09-14,17,571,170,58900.24,346.03
2,2026-09-14,18,285,297,93541.1,441.97
2,2026-09-14,19,96,250,75812.73,240.12
2,2026-09-14,20,42,107,34862.73,89.53
2,2026-09-14,21,0,39,10861.89,31.07
2,2026-09-15,9,372,55,20622.57,169.18
2,2026-09-15,10,125,160,47010.99,265.8
2,2026-09-15,11,141,149,49623.67,167.1
2,2026-09-15,12,493,164,52395.62,310.95
2,2026-09-15,13,112,234,74598.34,319.37
2,2026-09-15,14,122,158,49000.84,171.18
2,2026-09-15,15,107,84,26354.19,119.9
2,2026-09-15,16,127,89,26331.2,129.7
2,2026-09-15,17,514,137,41822.3,312.87
2,2026-09-15,18,279,255,83046.19,421.38
2,2026-09-15,19,67,244,82944.89,230.85
2,2026-09-15,20,48,89,30715.41,82.85
2,2026-09-15,21,0,31,9622.87,30.47
2,2026-09-16,9,474,59,17963.54,212.4
2,2026-09-16,10,160,216,69246.49,329.07
2,2026-09-16,11,134,177,59912.7,185.38
2,2026-09-16,12,564,157,45433.2,355.52
2,2026-09-16,13,155,285,87447.91,409.58
2,2026-09-16,14,160,217,70463.53,217.87
2,2026-09-16,15,172,116,32686.23,184.33
2,2026-09-16,16,145,128,40588.59,184.73
2,2026-09-16,17,571,163,51297.65,357.72
2,2026-09-16,18,295,320,104355.94,462.85
2,2026-09-16,19,84,248,78981.49,252.1
2,2026-09-16,20,56,95,28069.92,95.92
2,2026-09-16,21,0,52,15539.47,45.45
2,2026-09-17,9,415,58,17473.62,184.43
2,2026-09-17,10,115,192,64591.65,261.62
2,2026-09-17,11,121,140,44535.35,152.08
2,2026-09-17,12,588,151,48479.17,354.58
2,2026-09-17,13,114,279,90701.66,386.28
2,2026-09-17,14,131,198,67925.63,179.3
2,2026-09-17,15,137,103,29948.74,127.25
2,2026-09-17,16,153,96,31654.55,159.32
2,2026-09-17,17,552,153,52928.22,349.72
2,2026-09-17,18,275,294,101737.07,425.7
2,2026-09-17,19,75,242,72580.41,226.38
2,2026-09-17,20,58,83,28098.41,97.0
2,2026-09-17,21,0,50,14616.5,42.13
2,2026-09-18,9,436,57,18450.63,203.3
2,2026-09-18,10,142,188,64379.39,311.2
2,2026-09-18,11,144,179,59267.49,189.52
2,2026-09-18,12,566,179,56584.84,351.15
2,2026-09-18,13,129,252,75115.34,380.07
2,2026-09-18,14,147,205,62026.19,202.98
2,2026-09-18,15,148,101,31023.08,156.78
2,2026-09-18,16,136,112,29180.92,159.77
2,2026-09-18,17,603,177,61444.99,355.0
2,2026-09-18,18,296,306,96266.97,489.28
2,2026-09-18,19,93,274,92485.34,256.43
2,2026-09-18,20,52,99,29594.74,99.0
2,2026-09-18,21,0,51,14749.34,36.27
2,2026-09-19,9,498,83,27239.5,225.23
2,2026-09-19,10,170,219,68569.21,331.32
2,2026-09-19,11,156,187,58639.71,204.78
2,2026-09-19,12,638,164,51107.98,383.4
2,2026-09-19,13,148,322,98797.41,441.78
2,2026-09-19,14,164,192,62340.05,218.13
2,2026-09-19,15,156,116,39332.56,180.27
2,2026-09-19,16,163,121,39207.76,174.63
2,2026-09-19,17,690,198,67013.84,435.15
2,2026-09-19,18,318,363,111346.95,537.13
2,2026-09-19,19,104,299,96236.19,270.92
2,2026-09-19,20,60,119,35046.45,116.72
2,2026-09-19,21,0,55,18490.02,41.38
2,2026-09-20,9,470,49,15410.25,223.78
2,2026-09-20,10,122,199,62650.81,322.68
2,2026-09-20,11,159,175,56164.17,191.25
2,2026-09-20,12,632,199,61100.02,394.72
2,2026-09-20,13,139,321,96558.58,415.62
2,2026-09-20,14,160,201,68499.0,204.6
2,2026-09-20,15,159,138,43405.45,174.38
2,2026-09-20,16,167,121,43092.63,185.57
2,2026-09-20,17,620,194,59307.57,391.33
2,2026-09-20,18,302,312,98449.75,495.22
2,2026-09-20,19,95,268,81867.99,272.95
2,2026-09-20,20,72,104,33164.43,110.25
2,2026-09-20,21,0,68,22465.88,48.8
3,2026-08-24,9,345,45,16242.29,152.15
3,2026-08-24,10,120,148,44421.49,255.5
3,2026-08-24,11,104,140,42228.85,148.1
3,2026-08-24,12,476,119,37585.99,258.73
3,2026-08-24,13,106,209,67788.45,331.93
3,2026-08-24,14,107,167,57709.08,157.52
3,2026-08-24,15,109,80,21918.1,122.4
3,2026-08-24,16,122,89,27530.89,128.92
3,2026-08-24,17,483,136,41948.01,299.0
3,2026-08-24,18,235,240,74598.88,395.75
3,2026-08-24,19,73,214,64355.59,212.68
3,2026-08-24,20,52,89,29321.09,92.08
3,2026-08-24,21,0,50,15161.8,36.68
3,2026-08-25,9,323,50,15282.05,150.97
3,2026-08-25,10,107,151,49751.69,223.35
3,2026-08-25,11,96,119,39215.56,126.6
3,2026-08-25,12,462,124,35571.82,272.5
3,2026-08-25,13,116,217,73415.8,308.05
3,2026-08-25,14,105,157,55458.99,164.55
3,2026-08-25,15,109,95,28634.03,119.5
3,2026-08-25,16,134,83,25868.09,139.87
3,2026-08-25,17,428,141,48756.62,275.03
3,2026-08-25,18,235,208,66839.85,351.28
3,2026-08-25,19,61,191,57085.65,206.72
3,2026-08-25,20,44,97,29476.9,83.43
3,2026-08-25,21,0,39,11708.54,28.2
3,2026-08-26,9,365,57,15907.83,166.03
3,2026-08-26,10,111,163,53334.87,245.48
3,2026-08-26,11,124,130,41808.96,149.22
3,2026-08-26,12,468,139,46909.56,284.32
3,2026-08-26,13,126,236,73497.76,331.22
3,2026-08-26,14,103,184,60054.63,162.48
3,2026-08-26,15,116,87,26706.18,117.82
3,2026-08-26,16,146,86,28100.06,130.58
3,2026-08-26,17,480,145,47809.09,309.6
3,2026-08-26,18,233,261,86978.71,395.07
3,2026-08-26,19,80,204,62710.3,211.75
3,2026-08-26,20,51,94,30743.66,88.53
3,2026-08-26,21,0,48,16652.56,30.95
3,2026-08-27,9,353,54,18680.45,171.92
3,2026-08-27,10,119,143,46720.91,249.25
3,2026-08-27,11,126,142,45804.87,155.77
3,2026-08-27,12,459,139,46738.3,282.9
3,2026-08-27,13,111,227,72280.35,323.83
3,2026-08-27,14,106,171,53543.59,158.63
3,2026-08-27,15,111,76,22800.81,118.08
3,2026-08-27,16,135,85,28487.24,128.33
3,2026-08-27,17,470,138,41258.43,300.5
3,2026-08-27,18,231,221,68691.5,373.28
3,2026-08-27,19,83,218,69446.63,224.12
3,2026-08-27,20,47,90,29517.29,85.02
3,2026-08-27,21,0,42,14487.05,31.23
3,2026-08-28,9,453,62,20231.51,201.5
3,2026-08-28,10,156,211,65424.12,332.43
3,2026-08-28,11,125,180,53650.3,183.32
3,2026-08-28,12,557,182,59713.37,332.75
3,2026-08-28,13,148,251,84457.88,376.92
3,2026-08-28,14,129,177,53500.14,196.2
3,2026-08-28,15,126,88,29245.63,140.82
3,2026-08-28,16,131,105,36065.79,134.98
3,2026-08-28,17,571,145,44915.61,364.5
3,2026-08-28,18,277,324,103202.0,455.22
3,2026-08-28,19,80,236,77270.51,230.6
3,2026-08-28,20,50,81,27044.79,92.3
3,2026-08-28,21,0,47,16466.14,35.87
3,2026-08-29,9,465,67,20216.74,206.07
3,2026-08-29,10,166,204,66270.76,327.15
3,2026-08-29,11,159,195,65154.71,219.1
3,2026-08-29,12,629,189,62451.1,378.68
3,2026-08-29,13,149,305,100403.53,420.43
3,2026-08-29,14,157,203,66345.33,196.98
3,2026-08-29,15,146,97,30141.16,167.98
3,2026-08-29,16,171,116,37184.2,174.2
3,2026-08-29,17,638,182,67417.85,416.65
3,2026-08-29,18,326,350,116390.27,526.5
3,2026-08-29,19,96,278,101145.24,269.93
3,2026-08-29,20,57,104,35798.15,106.02
3,2026-08-29,21,0,56,17092.7,40.0
3,2026-08-30,9,451,64,21093.93,202.4
3,2026-08-30,10,150,183,59739.19,317.5
3,2026-08-30,11,133,195,59677.79,184.28
3,2026-08-30,12,583,146,46097.97,342.22
3,2026-08-30,13,125,279,89204.45,394.37
3,2026-08-30,14,144,195,67075.94,189.75
3,2026-08-30,15,138,102,30299.42,152.55
3,2026-08-30,16,139,107,34721.49,147.0
3,2026-08-30,17,544,190,58030.98,341.62
3,2026-08-30,18,284,297,89236.69,428.1
3,2026-08-30,19,99,231,68564.97,246.5
3,2026-08-30,20,61,98,29049.54,106.92
3,2026-08-30,21,0,59,19409.8,46.33
3,2026-08-31,9,447,69,25684.66,200.33
3,2026-08-31,10,118,181,55564.36,307.6
3,2026-08-31,11,139,180,55280.51,168.4
3,2026-08-31,12,531,140,53464.08,324.92
3,2026-08-31,13,144,268,84874.83,379.75
3,2026-08-31,14,131,195,56444.68,186.52
3,2026-08-31,15,117,97,28926.9,138.83
3,2026-08-31,16,157,96,28822.87,141.13
3,2026-08-31,17,525,154,48664.77,330.2
3,2026-08-31,18,267,296,93301.64,442.18
3,2026-08-31,19,93,220,69833.17,234.28
3,2026-08-31,20,48,105,31866.78,96.4
3,2026-08-31,21,0,50,15674.4,31.42
3,2026-09-01,9,383,59,20904.9,169.37
3,2026-09-01,10,117,161,47689.38,262.18
3,2026-09-01,11,113,142,43024.61,154.75
3,2026-09-01,12,508,153,50303.26,305.65
3,2026-09-01,13,125,222,65734.25,342.57
3,2026-09-01,14,129,179,54308.46,181.17
3,2026-09-01,15,121,109,34192.62,133.23
3,2026-09-01,16,115,97,35046.34,129.58
3,2026-09-01,17,581,168,51337.18,332.02
3,2026-09-01,18,265,278,85999.69,446.25
3,2026-09-01,19,75,228,65202.89,232.85
3,2026-09-01,20,58,84,25813.29,86.18
3,2026-09-01,21,0,50,16992.24,39.1
3,2026-09-02,9,404,67,20614.92,178.33
3,2026-09-02,10,130,165,51336.62,292.45
3,2026-09-02,11,124,172,50826.48,165.47
3,2026-09-02,12,515,129,44995.4,312.28
3,2026-09-02,13,128,252,83858.85,354.9
3,2026-09-02,14,134,185,65832.76,178.1
3,2026-09-02,15,135,107,34339.17,140.15
3,2026-09-02,16,113,92,32606.27,137.57
3,2026-09-02,17,554,135,44051.51,334.37
3,2026-09-02,18,302,287,96501.15,453.15
3,2026-09-02,19,68,252,78690.01,247.9
3,2026-09-02,20,43,106,34803.51,87.85
3,2026-09-02,21,0,38,12026.86,26.47
3,2026-09-03,9,382,44,12156.37,181.35
3,2026-09-03,10,102,174,55773.15,262.12
3,2026-09-03,11,145,144,48220.8,153.38
3,2026-09-03,12,503,142,45727.37,297.93
3,2026-09-03,13,123,241,74471.17,355.72
3,2026-09-03,14,133,187,60717.72,180.13
3,2026-09-03,15,159,81,26749.51,161.52
3,2026-09-03,16,126,120,40900.75,160.6
3,2026-09-03,17,531,168,53488.2,324.03
3,2026-09-03,18,262,268,85394.46,421.32
3,2026-09-03,19,86,246,84486.33,229.42
3,2026-09-03,20,43,100,32437.72,89.57
3,2026-09-03,21,0,52,19986.59,29.78
3,2026-09-04,9,456,65,21319.12,206.67
3,2026-09-04,10,156,182,61192.79,323.25
3,2026-09-04,11,117,166,51362.36,183.12
3,2026-09-04,12,546,159,52903.32,337.38
3,2026-09-04,13,138,250,84990.31,380.13
3,2026-09-04,14,143,225,73356.34,197.95
3,2026-09-04,15,135,103,32466.38,145.53
3,2026-09-04,16,145,95,28169.87,157.43
3,2026-09-04,17,622,173,55516.58,377.88
3,2026-09-04,18,311,314,99240.35,496.9
3,2026-09-04,19,97,253,79567.1,291.4
3,2026-09-04,20,59,132,42435.74,112.53
3,2026-09-04,21,0,58,19472.21,40.5
3,2026-09-05,9,507,77,22953.93,225.33
3,2026-09-05,10,158,206,58116.7,348.93
3,2026-09-05,11,158,196,58371.9,217.77
3,2026-09-05,12,726,175,60386.64,448.85
3,2026-09-05,13,171,360,117512.38,494.9
3,2026-09-05,14,170,250,78557.31,242.22
3,2026-09-05,15,171,132,41671.33,180.22
3,2026-09-05,16,166,123,38732.46,176.6
3,2026-09-05,17,697,210,65678.96,423.78
3,2026-09-05,18,339,361,119123.43,550.0
3,2026-09-05,19,119,313,101027.36,293.45
3,2026-09-05,20,67,131,41079.72,139.05
3,2026-09-05,21,0,72,23099.65,45.72
3,2026-09-06,9,479,68,18329.18,209.15
3,2026-09-06,10,141,207,67236.05,324.63
3,2026-09-06,11,153,171,51733.7,192.03
3,2026-09-06,12,631,177,58427.26,389.57
3,2026-09-06,13,162,328,108276.34,433.23
3,2026-09-06,14,163,217,68214.04,214.62
3,2026-09-06,15,154,130,42749.56,167.83
3,2026-09-06,16,160,96,32922.62,169.22
3,2026-09-06,17,655,202,62434.67,413.78
3,2026-09-06,18,319,362,126879.4,530.3
3,2026-09-06,19,89,255,76871.33,275.08
3,2026-09-06,20,58,110,32040.53,108.78
3,2026-09-06,21,0,47,14041.74,30.93
3,2026-09-07,9,384,54,16757.53,179.48
3,2026-09-07,10,119,154,45332.88,273.73
3,2026-09-07,11,107,145,43772.38,149.9
3,2026-09-07,12,497,139,46824.12,282.45
3,2026-09-07,13,135,251,77832.97,349.58
3,2026-09-07,14,123,188,59214.67,178.72
3,2026-09-07,15,113,94,32017.03,136.45
3,2026-09-07,16,132,101,31934.71,134.05
3,2026-09-07,17,563,148,46459.08,339.37
3,2026-09-07,18,219,297,101540.49,425.73
3,2026-09-07,19,84,209,65847.11,206.28
3,2026-09-07,20,51,95,29969.48,91.65
3,2026-09-07,21,0,46,17150.5,33.35
3,2026-09-08,9,330,48,14022.83,158.32
3,2026-09-08,10,103,162,49433.68,220.62
3,2026-09-08,11,110,106,34314.24,135.83
3,2026-09-08,12,498,152,47581.96,293.23
3,2026-09-08,13,119,215,66338.84,339.15
3,2026-09-08,14,105,171,54296.05,164.13
3,2026-09-08,15,113,74,22630.77,128.45
3,2026-09-08,16,108,83,25319.08,122.27
3,2026-09-08,17,438,131,43633.6,261.9
3,2026-09-08,18,237,226,76221.48,361.73
3,2026-09-08,19,62,207,66740.7,193.02
3,2026-09-08,20,45,81,24286.21,77.1
3,2026-09-08,21,0,34,11477.69,31.05
3,2026-09-09,9,363,39,11439.45,165.78
3,2026-09-09,10,99,177,53472.76,261.0
3,2026-09-09,11,117,137,46704.95,143.17
3,2026-09-09,12,534,126,43695.09,311.95
3,2026-09-09,13,129,259,81282.22,372.07
3,2026-09-09,14,133,191,61002.81,182.58
3,2026-09-09,15,121,94,32779.02,146.25
3,2026-09-09,16,126,97,30162.72,142.53
3,2026-09-09,17,475,149,48021.02,309.82
3,2026-09-09,18,231,257,79956.65,370.22
3,2026-09-09,19,66,186,62067.98,197.2
3,2026-09-09,20,49,82,25382.59,77.27
3,2026-09-09,21,0,41,14252.95,31.27
3,2026-09-10,9,395,57,16570.67,175.35
3,2026-09-10,10,125,157,51992.11,280.92
3,2026-09-10,11,118,173,57057.32,164.73
3,2026-09-10,12,486,137,42032.01,290.12
3,2026-09-10,13,130,240,83546.11,327.18
3,2026-09-10,14,120,189,62158.4,175.32
3,2026-09-10,15,122,86,27339.78,120.77
3,2026-09-10,16,103,81,25456.43,129.03
3,2026-09-10,17,502,131,37508.49,310.9
3,2026-09-10,18,242,258,80912.12,400.22
3,2026-09-10,19,57,222,68905.51,205.75
3,2026-09-10,20,41,83,27188.04,70.75
3,2026-09-10,21,0,37,11524.56,28.9
3,2026-09-11,9,400,55,17133.35,185.2
3,2026-09-11,10,132,153,50632.97,288.98
3,2026-09-11,11,155,169,53010.87,190.9
3,2026-09-11,12,569,165,54661.46,352.03
3,2026-09-11,13,120,263,82613.16,381.57
3,2026-09-11,14,151,202,61333.0,196.95
3,2026-09-11,15,125,105,35589.16,152.95
3,2026-09-11,16,110,94,28460.35,128.35
3,2026-09-11,17,630,148,45277.68,351.15
3,2026-09-11,18,283,315,101578.48,494.9
3,2026-09-11,19,77,278,82659.17,266.27
3,2026-09-11,20,63,103,37585.31,98.72
3,2026-09-11,21,0,66,23306.31,44.82
3,2026-09-12,9,462,72,29438.0,221.73
3,2026-09-12,10,155,198,60432.94,319.57
3,2026-09-12,11,135,179,61999.7,185.93
3,2026-09-12,12,628,188,60045.65,357.92
3,2026-09-12,13,155,293,93532.32,426.97
3,2026-09-12,14,156,234,72953.8,217.3
3,2026-09-12,15,147,102,30739.65,170.57
3,2026-09-12,16,144,114,37294.6,163.52
3,2026-09-12,17,643,194,60546.49,393.83
3,2026-09-12,18,306,344,102130.29,507.38
3,2026-09-12,19,90,254,85731.46,284.9
3,2026-09-12,20,64,114,37567.48,113.52
3,2026-09-12,21,0,62,24003.63,43.33
3,2026-09-13,9,437,56,18630.11,199.92
3,2026-09-13,10,140,190,64170.89,308.25
3,2026-09-13,11,132,163,52106.61,182.62
3,2026-09-13,12,617,180,59008.17,370.85
3,2026-09-13,13,145,289,89603.03,404.98
3,2026-09-13,14,144,215,74472.61,210.92
3,2026-09-13,15,133,112,33430.8,150.97
3,2026-09-13,16,142,97,30333.51,149.27
3,2026-09-13,17,590,163,50599.4,366.67
3,2026-09-13,18,276,314,108371.72,445.83
3,2026-09-13,19,77,236,71367.5,251.67
3,2026-09-13,20,69,116,36083.46,104.3
3,2026-09-13,21,0,58,23614.35,47.65
3,2026-09-14,9,376,51,15108.2,173.02
3,2026-09-14,10,117,175,57704.01,265.83
3,2026-09-14,11,109,148,47825.9,138.55
3,2026-09-14,12,483,147,45886.26,284.4
3,2026-09-14,13,142,209,64147.06,340.63
3,2026-09-14,14,134,179,53922.73,187.43
3,2026-09-14,15,116,109,35225.32,136.37
3,2026-09-14,16,149,93,32844.91,132.25
3,2026-09-14,17,537,148,49442.84,342.17
3,2026-09-14,18,254,273,82843.12,420.25
3,2026-09-14,19,73,238,77537.63,211.87
3,2026-09-14,20,55,94,30945.85,87.12
3,2026-09-14,21,0,48,16296.87,41.13
3,2026-09-15,9,408,42,12880.86,187.28
3,2026-09-15,10,133,177,58166.4,309.07
3,2026-09-15,11,138,177,55491.55,178.9
3,2026-09-15,12,507,158,50333.23,321.78
3,2026-09-15,13,137,241,75542.24,351.0
3,2026-09-15,14,121,180,54486.32,183.62
3,2026-09-15,15,144,119,36278.11,138.0
3,2026-09-15,16,120,108,36888.73,134.02
3,2026-09-15,17,522,129,41299.86,317.3
3,2026-09-15,18,317,272,95810.44,443.3
3,2026-09-15,19,68,254,78631.32,250.33
3,2026-09-15,20,57,95,33300.74,89.62
3,2026-09-15,21,0,45,13951.54,39.08
3,2026-09-16,9,428,64,20777.53,192.95
3,2026-09-16,10,120,173,54287.21,304.33
3,2026-09-16,11,121,183,57594.14,174.27
3,2026-09-16,12,522,167,51920.82,319.93
3,2026-09-16,13,123,257,83512.27,354.28
3,2026-09-16,14,119,168,56416.88,162.62
3,2026-09-16,15,132,87,27824.25,133.25
3,2026-09-16,16,115,94,31315.86,136.73
3,2026-09-16,17,511,151,51799.69,305.13
3,2026-09-16,18,262,252,80854.46,395.43
3,2026-09-16,19,82,228,74805.37,221.18
3,2026-09-16,20,50,90,33451.46,90.68
3,2026-09-16,21,0,48,16374.85,32.75
3,2026-09-17,9,418,54,17207.26,185.82
3,2026-09-17,10,114,189,62379.91,285.45
3,2026-09-17,11,141,152,48048.77,163.42
3,2026-09-17,12,564,177,55448.31,333.7
3,2026-09-17,13,138,256,84826.93,385.28
3,2026-09-17,14,131,192,59927.18,193.42
3,2026-09-17,15,136,97,30011.53,146.4
3,2026-09-17,16,130,88,27631.04,146.77
3,2026-09-17,17,513,166,53751.29,320.48
3,2026-09-17,18,260,277,90218.26,392.73
3,2026-09-17,19,89,213,71124.2,220.2
3,2026-09-17,20,51,106,33169.46,93.17
3,2026-09-17,21,0,45,16145.58,36.63
3,2026-09-18,9,401,53,17521.18,184.75
3,2026-09-18,10,133,172,55171.73,292.12
3,2026-09-18,11,130,165,51542.64,174.12
3,2026-09-18,12,551,162,55209.19,340.45
3,2026-09-18,13,148,255,80694.03,378.42
3,2026-09-18,14,121,205,65647.22,189.72
3,2026-09-18,15,141,105,31854.22,143.82
3,2026-09-18,16,144,108,34278.94,151.68
3,2026-09-18,17,504,153,44818.21,316.4
3,2026-09-18,18,267,256,83249.33,401.38
3,2026-09-18,19,72,252,74272.09,223.87
3,2026-09-18,20,42,82,26012.48,76.27
3,2026-09-18,21,0,35,10988.85,25.67
3,2026-09-19,9,503,65,18657.74,227.52
3,2026-09-19,10,170,240,71540.46,360.62
3,2026-09-19,11,124,194,61301.59,191.45
3,2026-09-19,12,608,163,49126.06,371.43
3,2026-09-19,13,148,297,96100.38,407.42
3,2026-09-19,14,161,206,69186.19,197.08
3,2026-09-19,15,179,109,37417.04,182.18
3,2026-09-19,16,152,115,40314.36,198.22
3,2026-09-19,17,616,196,65455.63,381.48
3,2026-09-19,18,323,325,105744.84,503.67
3,2026-09-19,19,106,274,92768.59,297.15
3,2026-09-19,20,61,131,41540.81,117.6
3,2026-09-19,21,0,59,19434.24,49.12
3,2026-09-20,9,432,62,19507.72,186.18
3,2026-09-20,10,126,166,56017.09,312.75
3,2026-09-20,11,139,192,62955.02,184.33
3,2026-09-20,12,598,159,51506.22,355.25
3,2026-09-20,13,149,286,92803.87,408.92
3,2026-09-20,14,131,206,72752.06,206.07
3,2026-09-20,15,133,96,35940.46,143.83
3,2026-09-20,16,145,99,33840.8,164.5
3,2026-09-20,17,587,183,58403.0,353.15
3,2026-09-20,18,303,308,97857.69,486.52
3,2026-09-20,19,89,246,81581.08,258.9
3,2026-09-20,20,59,126,41559.92,104.55
3,2026-09-20,21,0,56,16766.38,41.65
4,2026-08-24,9,378,59,18167.14,173.85
4,2026-08-24,10,117,165,55544.6,274.63
4,2026-08-24,11,111,149,47328.86,145.17
4,2026-08-24,12,538,145,47723.77,324.98
4,2026-08-24,13,103,270,91681.97,352.62
4,2026-08-24,14,132,168,52665.08,164.82
4,2026-08-24,15,122,102,30457.51,138.73
4,2026-08-24,16,128,84,23815.45,143.78
4,2026-08-24,17,484,140,46831.74,302.0
4,2026-08-24,18,230,261,78911.06,401.92
4,2026-08-24,19,66,202,67281.28,190.32
4,2026-08-24,20,48,75,23344.9,78.7
4,2026-08-24,21,0,43,13616.86,28.33
4,2026-08-25,9,351,54,16821.84,154.92
4,2026-08-25,10,119,149,50659.3,257.45
4,2026-08-25,11,120,160,53477.27,159.63
4,2026-08-25,12,497,123,38419.73,304.45
4,2026-08-25,13,102,240,72535.79,350.15
4,2026-08-25,14,118,170,56745.81,160.15
4,2026-08-25,15,119,81,26556.69,128.7
4,2026-08-25,16,100,101,33339.59,119.98
4,2026-08-25,17,514,131,39793.96,290.03
4,2026-08-25,18,244,251,78609.94,411.18
4,2026-08-25,19,81,229,77182.38,216.97
4,2026-08-25,20,57,91,30512.81,105.53
4,2026-08-25,21,0,60,16242.93,44.22
4,2026-08-26,9,396,69,23158.92,169.0
4,2026-08-26,10,129,162,54118.45,284.57
4,2026-08-26,11,132,158,50020.01,159.3
4,2026-08-26,12,561,153,48964.13,333.1
4,2026-08-26,13,129,251,75915.1,379.17
4,2026-08-26,14,128,180,55436.12,194.85
4,2026-08-26,15,117,100,29612.38,125.32
4,2026-08-26,16,134,82,25792.49,136.43
4,2026-08-26,17,531,149,47699.78,314.57
4,2026-08-26,18,264,262,88518.54,419.77
4,2026-08-26,19,80,224,73150.83,232.5
4,2026-08-26,20,50,97,27262.43,90.23
4,2026-08-26,21,0,44,13990.48,34.6
4,2026-08-27,9,371,52,17823.27,165.18
4,2026-08-27,10,122,170,50717.86,273.62
4,2026-08-27,11,119,148,50493.15,152.17
4,2026-08-27,12,508,108,31857.74,303.03
4,2026-08-27,13,133,242,84530.17,369.13
4,2026-08-27,14,122,186,54607.88,183.27
4,2026-08-27,15,123,90,29323.56,135.25
4,2026-08-27,16,108,100,30418.45,133.23
4,2026-08-27,17,501,138,42772.07,303.93
4,2026-08-27,18,234,250,82625.08,378.15
4,2026-08-27,19,85,204,62654.57,215.38
4,2026-08-27,20,52,96,33496.3,91.13
4,2026-08-27,21,0,49,13112.05,34.38
4,2026-08-28,9,422,54,16589.27,192.58
4,2026-08-28,10,118,215,68342.68,296.62
4,2026-08-28,11,148,154,45847.08,161.68
4,2026-08-28,12,494,153,44994.12,319.42
4,2026-08-28,13,144,238,72854.7,341.17
4,2026-08-28,14,122,178,53943.91,177.15
4,2026-08-28,15,135,92,25124.6,133.4
4,2026-08-28,16,122,92,32313.54,146.88
4,2026-08-28,17,537,178,58716.98,326.32
4,2026-08-28,18,266,268,82499.3,429.1
4,2026-08-28,19,77,235,80052.29,224.98
4,2026-08-28,20,56,90,30870.24,96.78
4,2026-08-28,21,0,53,16945.55,34.62
4,2026-08-29,9,437,65,18411.52,194.17
4,2026-08-29,10,148,173,49362.3,311.87
4,2026-08-29,11,156,195,62215.04,201.85
4,2026-08-29,12,620,167,53083.04,376.57
4,2026-08-29,13,159,290,92712.92,448.38
4,2026-08-29,14,151,232,76635.77,211.83
4,2026-08-29,15,141,118,35905.7,156.08
4,2026-08-29,16,150,111,34642.22,160.33
4,2026-08-29,17,614,175,51008.43,363.18
4,2026-08-29,18,306,312,95832.63,488.5
4,2026-08-29,19,96,287,89621.65,274.08
4,2026-08-29,20,54,116,38606.42,108.88
4,2026-08-29,21,0,52,14300.13,37.82
4,2026-08-30,9,451,61,19652.28,196.7
4,2026-08-30,10,149,179,56086.76,314.17
4,2026-08-30,11,142,181,61473.3,197.5
4,2026-08-30,12,611,173,53469.63,375.83
4,2026-08-30,13,141,289,90233.33,425.8
4,2026-08-30,14,152,221,68976.45,202.58
4,2026-08-30,15,144,105,32966.67,170.85
4,2026-08-30,16,150,125,42379.18,170.12
4,2026-08-30,17,524,148,46656.11,334.6
4,2026-08-30,18,346,309,96099.12,469.25
4,2026-08-30,19,79,272,88154.51,285.63
4,2026-08-30,20,70,111,35453.35,112.13
4,2026-08-30,21,0,56,16505.5,44.12
4,2026-08-31,9,400,60,21497.37,184.43
4,2026-08-31,10,111,165,54705.61,272.02
4,2026-08-31,11,172,169,56491.64,195.18
4,2026-08-31,12,507,165,53519.99,328.68
4,2026-08-31,13,138,222,67863.68,362.17
4,2026-08-31,14,116,192,59236.7,175.92
4,2026-08-31,15,167,95,28494.34,144.6
4,2026-08-31,16,132,105,35398.26,154.32
4,2026-08-31,17,541,168,57675.17,330.23
4,2026-08-31,18,268,271,84632.93,433.38
4,2026-08-31,19,89,245,82148.52,243.2
4,2026-08-31,20,59,101,31944.09,102.73
4,2026-08-31,21,0,45,16127.14,45.98
4,2026-09-01,9,333,59,20287.35,162.3
4,2026-09-01,10,110,143,48825.89,225.55
4,2026-09-01,11,133,128,41589.53,157.32
4,2026-09-01,12,465,159,51185.75,293.22
4,2026-09-01,13,108,179,57715.46,322.47
4,2026-09-01,14,111,201,66362.29,172.3
4,2026-09-01,15,107,89,27989.63,121.98
4,2026-09-01,16,123,73,23805.8,128.55
4,2026-09-01,17,480,154,49017.13,297.95
4,2026-09-01,18,222,254,82395.58,366.62
4,2026-09-01,19,73,187,59559.63,196.52
4,2026-09-01,20,45,92,32462.02,81.43
4,2026-09-01,21,0,38,12300.52,27.27
4,2026-09-02,9,404,49,14775.0,184.28
4,2026-09-02,10,114,184,60542.09,275.18
4,2026-09-02,11,119,170,53274.75,155.68
4,2026-09-02,12,465,136,39422.62,300.5
4,2026-09-02,13,97,213,67045.5,311.2
4,2026-09-02,14,132,162,56622.36,150.83
4,2026-09-02,15,153,87,29812.19,149.13
4,2026-09-02,16,106,106,32055.51,148.33
4,2026-09-02,17,531,135,43953.12,321.62
4,2026-09-02,18,234,274,87552.38,399.6
4,2026-09-02,19,68,207,65319.73,201.45
4,2026-09-02,20,48,82,25768.97,80.55
4,2026-09-02,21,0,39,12139.36,27.77
4,2026-09-03,9,388,56,17707.2,174.85
4,2026-09-03,10,123,162,51798.63,270.13
4,2026-09-03,11,122,171,54404.95,149.18
4,2026-09-03,12,430,130,39653.88,269.17
4,2026-09-03,13,116,220,68941.06,297.58
4,2026-09-03,14,128,143,47255.2,161.72
4,2026-09-03,15,108,89,30122.11,125.0
4,2026-09-03,16,119,87,27856.24,129.67
4,2026-09-03,17,483,130,43177.13,298.6
4,2026-09-03,18,235,252,82330.43,386.98
4,2026-09-03,19,76,205,69350.48,209.62
4,2026-09-03,20,40,79,24591.98,84.67
4,2026-09-03,21,0,49,17325.25,29.12
4,2026-09-04,9,440,62,19088.74,205.08
4,2026-09-04,10,142,187,59220.78,312.27
4,2026-09-04,11,134,164,52237.73,179.87
4,2026-09-04,12,587,171,49412.75,344.27
4,2026-09-04,13,148,260,89796.58,395.23
4,2026-09-04,14,121,214,62142.58,188.07
4,2026-09-04,15,146,89,28813.52,146.65
4,2026-09-04,16,143,106,32377.14,167.77
4,2026-09-04,17,588,173,56094.24,366.1
4,2026-09-04,18,294,296,96411.08,455.67
4,2026-09-04,19,92,241,76369.9,259.93
4,2026-09-04,20,59,123,34466.19,109.77
4,2026-09-04,21,0,54,19310.27,37.28
4,2026-09-05,9,538,68,19001.04,242.67
4,2026-09-05,10,174,260,84150.39,386.48
4,2026-09-05,11,166,206,64921.71,225.85
4,2026-09-05,12,702,193,68336.9,433.6
4,2026-09-05,13,147,350,110367.26,459.43
4,2026-09-05,14,164,222,74704.81,225.2
4,2026-09-05,15,181,127,43507.44,180.98
4,2026-09-05,16,181,129,39991.33,190.77
4,2026-09-05,17,676,210,65838.07,422.93
4,2026-09-05,18,367,334,107653.41,556.73
4,2026-09-05,19,98,298,93566.82,309.55
4,2026-09-05,20,63,136,46749.23,118.82
4,2026-09-05,21,0,50,16875.83,37.53
4,2026-09-06,9,492,66,20227.85,233.25
4,2026-09-06,10,134,212,61242.69,330.2
4,2026-09-06,11,168,173,57695.52,209.98
4,2026-09-06,12,645,196,64210.38,401.53
4,2026-09-06,13,156,306,108377.2,437.43
4,2026-09-06,14,147,219,70935.47,221.98
4,2026-09-06,15,150,105,33479.57,163.07
4,2026-09-06,16,137,113,32803.67,154.93
4,2026-09-06,17,630,175,54571.1,368.98
4,2026-09-06,18,311,301,93887.1,484.8
4,2026-09-06,19,92,285,88122.15,262.48
4,2026-09-06,20,63,98,29857.61,99.87
4,2026-09-06,21,0,47,17808.96,41.62
4,2026-09-07,9,344,35,10369.82,160.68
4,2026-09-07,10,104,160,47359.11,251.78
4,2026-09-07,11,116,143,43036.18,140.02
4,2026-09-07,12,504,123,37780.94,302.7
4,2026-09-07,13,107,251,82235.15,347.77
4,2026-09-07,14,119,176,54531.01,160.92
4,2026-09-07,15,124,88,31121.94,130.27
4,2026-09-07,16,124,82,22704.91,138.37
4,2026-09-07,17,433,136,44682.7,277.32
4,2026-09-07,18,238,241,74029.1,370.7
4,2026-09-07,19,67,180,61084.36,208.35
4,2026-09-07,20,50,85,24289.39,89.55
4,2026-09-07,21,0,53,17818.5,39.77
4,2026-09-08,9,343,37,11332.66,164.02
4,2026-09-08,10,114,161,50024.71,255.95
4,2026-09-08,11,127,151,50193.61,151.02
4,2026-09-08,12,467,116,38719.76,289.42
4,2026-09-08,13,120,231,74126.94,333.47
4,2026-09-08,14,130,157,49334.01,167.12
4,2026-09-08,15,102,93,31186.75,136.67
4,2026-09-08,16,118,96,30642.6,122.82
4,2026-09-08,17,464,140,49233.75,293.73
4,2026-09-08,18,231,232,76889.32,368.58
4,2026-09-08,19,72,202,62357.93,204.98
4,2026-09-08,20,39,80,24269.25,77.25
4,2026-09-08,21,0,41,11963.51,27.95
4,2026-09-09,9,339,39,12450.15,155.03
4,2026-09-09,10,117,152,47145.47,245.27
4,2026-09-09,11,119,126,42075.0,156.05
4,2026-09-09,12,494,158,49379.3,310.43
4,2026-09-09,13,108,247,79605.9,336.28
4,2026-09-09,14,138,172,55688.85,167.8
4,2026-09-09,15,132,104,36617.38,148.05
4,2026-09-09,16,127,107,34673.91,141.95
4,2026-09-09,17,496,149,43944.83,298.13
4,2026-09-09,18,246,268,89326.92,385.47
4,2026-09-09,19,70,199,59620.79,204.53
4,2026-09-09,20,57,85,26085.36,91.08
4,2026-09-09,21,0,54,16242.43,42.13
4,2026-09-10,9,328,47,16800.13,147.42
4,2026-09-10,10,98,141,45659.14,233.3
4,2026-09-10,11,111,127,40581.05,138.63
4,2026-09-10,12,472,126,38789.92,287.28
4,2026-09-10,13,99,210,70440.89,326.12
4,2026-09-10,14,126,176,53731.69,154.97
4,2026-09-10,15,117,75,27611.05,128.37
4,2026-09-10,16,106,95,28761.0,129.25
4,2026-09-10,17,469,136,41525.58,285.45
4,2026-09-10,18,236,234,71323.29,372.92
4,2026-09-10,19,66,211,65856.31,210.3
4,2026-09-10,20,51,93,30761.25,86.23
4,2026-09-10,21,0,43,12611.54,36.45
4,2026-09-11,9,408,57,20651.26,185.48
4,2026-09-11,10,147,169,54608.53,297.22
4,2026-09-11,11,135,178,57996.75,184.35
4,2026-09-11,12,529,150,49830.74,338.42
4,2026-09-11,13,137,256,77814.36,366.88
4,2026-09-11,14,150,178,54169.47,182.55
4,2026-09-11,15,155,98,29027.78,166.63
4,2026-09-11,16,133,121,37411.47,151.77
4,2026-09-11,17,554,159,50814.17,337.35
4,2026-09-11,18,262,281,89049.58,439.68
4,2026-09-11,19,71,235,77129.15,226.45
4,2026-09-11,20,47,101,32744.09,85.6
4,2026-09-11,21,0,42,13896.02,29.33
4,2026-09-12,9,461,60,18474.91,209.87
4,2026-09-12,10,142,204,63647.85,321.03
4,2026-09-12,11,148,167,52075.39,196.3
4,2026-09-12,12,608,161,50230.15,368.65
4,2026-09-12,13,147,295,92117.52,417.68
4,2026-09-12,14,155,208,66455.24,207.6
4,2026-09-12,15,154,116,35222.62,173.47
4,2026-09-12,16,136,124,38563.72,163.98
4,2026-09-12,17,639,166,57170.45,388.07
4,2026-09-12,18,291,339,111153.02,487.58
4,2026-09-12,19,93,239,73926.89,265.53
4,2026-09-12,20,58,116,38627.2,110.18
4,2026-09-12,21,0,58,19382.41,37.92
4,2026-09-13,9,398,53,17416.21,176.6
4,2026-09-13,10,134,174,53327.22,276.38
4,2026-09-13,11,147,173,53973.78,178.07
4,2026-09-13,12,556,174,56382.33,326.15
4,2026-09-13,13,130,282,98018.03,363.07
4,2026-09-13,14,140,177,55930.25,185.88
4,2026-09-13,15,128,106,32123.9,148.78
4,2026-09-13,16,123,96,32298.12,140.37
4,2026-09-13,17,587,159,51983.27,351.13
4,2026-09-13,18,263,311,95194.88,452.15
4,2026-09-13,19,73,215,67853.32,237.57
4,2026-09-13,20,61,113,35877.63,93.9
4,2026-09-13,21,0,43,16806.94,36.27
4,2026-09-14,9,343,40,14292.16,153.17
4,2026-09-14,10,96,150,49103.15,240.37
4,2026-09-14,11,105,131,42683.33,139.83
4,2026-09-14,12,445,131,42815.86,283.8
4,2026-09-14,13,102,207,61248.31,308.48
4,2026-09-14,14,115,160,48986.04,148.35
4,2026-09-14,15,106,82,25333.51,118.02
4,2026-09-14,16,129,89,29383.24,121.63
4,2026-09-14,17,460,135,43224.99,290.63
4,2026-09-14,18,230,253,81407.59,374.43
4,2026-09-14,19,64,206,66760.75,203.17
4,2026-09-14,20,55,92,28227.04,81.48
4,2026-09-14,21,0,48,16115.89,38.8
4,2026-09-15,9,395,62,18455.23,177.23
4,2026-09-15,10,133,171,53052.38,279.68
4,2026-09-15,11,112,156,48286.75,157.08
4,2026-09-15,12,517,159,47569.19,315.88
4,2026-09-15,13,137,234,71508.25,349.47
4,2026-09-15,14,147,190,62696.15,193.6
4,2026-09-15,15,124,102,36138.04,151.93
4,2026-09-15,16,140,94,32791.23,147.23
4,2026-09-15,17,521,154,48194.62,327.1
4,2026-09-15,18,252,274,90582.46,423.63
4,2026-09-15,19,81,227,70714.58,227.97
4,2026-09-15,20,56,101,27826.38,92.32
4,2026-09-15,21,0,50,19063.15,33.77
4,2026-09-16,9,349,47,15824.93,158.33
4,2026-09-16,10,114,171,54649.03,241.6
4,2026-09-16,11,115,132,43153.15,137.75
4,2026-09-16,12,463,130,39581.08,293.1
4,2026-09-16,13,110,243,75283.61,322.02
4,2026-09-16,14,150,150,47452.7,166.32
4,2026-09-16,15,98,99,30391.49,141.67
4,2026-09-16,16,134,85,32134.37,122.58
4,2026-09-16,17,517,139,42660.27,316.6
4,2026-09-16,18,242,268,83331.28,421.1
4,2026-09-16,19,68,222,71686.21,222.47
4,2026-09-16,20,46,96,33248.26,88.72
4,2026-09-16,21,0,42,11786.36,30.63
4,2026-09-17,9,403,46,14564.79,183.93
4,2026-09-17,10,146,183,57929.95,303.57
4,2026-09-17,11,151,167,50121.11,182.93
4,2026-09-17,12,546,182,55152.77,327.5
4,2026-09-17,13,125,241,73846.97,371.5
4,2026-09-17,14,122,192,62828.69,176.53
4,2026-09-17,15,135,96,30612.43,143.57
4,2026-09-17,16,144,95,26269.35,169.33
4,2026-09-17,17,570,171,57302.01,344.48
4,2026-09-17,18,280,292,88588.72,445.05
4,2026-09-17,19,69,244,81815.8,249.23
4,2026-09-17,20,60,96,29335.86,94.48
4,2026-09-17,21,0,63,19743.85,47.23
4,2026-09-18,9,415,66,19813.03,191.08
4,2026-09-18,10,121,186,56119.24,283.88
4,2026-09-18,11,141,154,50338.52,176.73
4,2026-09-18,12,522,162,51610.43,325.25
4,2026-09-18,13,124,248,91849.38,336.78
4,2026-09-18,14,113,164,51459.94,169.42
4,2026-09-18,15,120,93,28624.41,122.55
4,2026-09-18,16,118,86,25559.12,135.3
4,2026-09-18,17,541,154,46149.46,322.45
4,2026-09-18,18,282,277,85726.59,433.15
4,2026-09-18,19,66,251,81666.67,245.97
4,2026-09-18,20,54,101,36623.18,89.93
4,2026-09-18,21,0,43,14528.36,33.85
4,2026-09-19,9,501,64,22686.66,229.25
4,2026-09-19,10,146,235,76505.33,357.32
4,2026-09-19,11,157,173,54989.88,198.08
4,2026-09-19,12,614,196,65349.57,374.8
4,2026-09-19,13,177,299,88723.18,449.68
4,2026-09-19,14,142,215,69477.88,220.0
4,2026-09-19,15,154,94,28951.72,172.25
4,2026-09-19,16,141,118,39200.33,176.6
4,2026-09-19,17,659,193,62118.36,404.1
4,2026-09-19,18,304,327,106722.32,519.85
4,2026-09-19,19,94,295,95954.03,282.65
4,2026-09-19,20,31,114,36287.24,96.62
4,2026-09-19,21,0,34,11290.41,27.58
4,2026-09-20,9,438,61,17234.84,196.05
4,2026-09-20,10,141,215,70689.54,309.98
4,2026-09-20,11,161,163,47766.28,183.6
4,2026-09-20,12,550,166,55057.72,358.13
4,2026-09-20,13,133,257,82590.01,385.73
4,2026-09-20,14,159,207,64274.19,198.87
4,2026-09-20,15,142,106,35903.07,173.67
4,2026-09-20,16,171,109,34378.64,165.07
4,2026-09-20,17,585,188,58610.16,377.02
4,2026-09-20,18,266,315,96981.47,435.0
4,2026-09-20,19,78,235,76761.68,225.87
4,2026-09-20,20,58,89,29711.49,92.65
4,2026-09-20,21,0,56,20038.6,40.53
5,2026-08-24,9,370,39,12910.09,167.32
5,2026-08-24,10,138,171,55135.94,277.97
5,2026-08-24,11,113,157,50519.47,168.0
5,2026-08-24,12,507,146,48821.15,310.82
5,2026-08-24,13,121,242,76331.22,345.25
5,2026-08-24,14,141,193,63388.23,177.9
5,2026-08-24,15,136,99,32227.17,147.73
5,2026-08-24,16,139,114,33695.2,149.42
5,2026-08-24,17,544,169,57257.86,330.03
5,2026-08-24,18,246,278,85966.85,413.43
5,2026-08-24,19,79,204,59633.53,220.97
5,2026-08-24,20,51,106,36483.42,90.2
5,2026-08-24,21,0,50,15698.5,36.62
5,2026-08-25,9,343,49,14508.05,156.9
5,2026-08-25,10,120,165,51460.52,241.95
5,2026-08-25,11,121,135,41339.06,169.33
5,2026-08-25,12,506,154,48398.35,292.1
5,2026-08-25,13,104,232,72876.43,333.4
5,2026-08-25,14,101,164,51079.51,139.12
5,2026-08-25,15,144,70,22308.64,120.8
5,2026-08-25,16,147,110,33930.89,157.58
5,2026-08-25,17,493,150,47280.31,323.05
5,2026-08-25,18,254,270,83956.41,405.35
5,2026-08-25,19,69,217,66928.87,215.1
5,2026-08-25,20,50,83,25264.53,76.92
5,2026-08-25,21,0,49,16035.99,32.52
5,2026-08-26,9,392,46,12954.36,175.03
5,2026-08-26,10,117,186,56692.66,267.32
5,2026-08-26,11,127,136,43794.79,164.33
5,2026-08-26,12,494,142,48972.84,301.45
5,2026-08-26,13,121,253,77626.27,334.88
5,2026-08-26,14,140,158,49764.36,192.0
5,2026-08-26,15,136,98,30512.52,167.57
5,2026-08-26,16,152,114,36123.38,159.38
5,2026-08-26,17,499,148,46625.12,328.52
5,2026-08-26,18,245,280,92356.0,395.6
5,2026-08-26,19,72,225,71089.75,213.23
5,2026-08-26,20,52,68,21729.62,87.15
5,2026-08-26,21,0,59,17665.04,43.83
5,2026-08-27,9,374,41,12130.13,171.95
5,2026-08-27,10,118,162,50436.42,266.0
5,2026-08-27,11,126,149,52358.51,158.98
5,2026-08-27,12,485,164,51204.05,303.73
5,2026-08-27,13,126,233,77129.96,326.75
5,2026-08-27,14,151,164,54186.79,188.4
5,2026-08-27,15,150,122,32967.69,170.92
5,2026-08-27,16,143,105,28931.22,167.32
5,2026-08-27,17,548,191,63763.23,335.85
5,2026-08-27,18,287,271,88652.51,431.05
5,2026-08-27,19,83,250,79904.13,268.38
5,2026-08-27,20,53,132,48976.9,98.15
5,2026-08-27,21,0,52,15746.73,36.57
5,2026-08-28,9,450,53,16782.44,211.5
5,2026-08-28,10,125,194,60821.63,290.13
5,2026-08-28,11,135,160,52313.73,166.8
5,2026-08-28,12,606,145,46159.82,361.02
5,2026-08-28,13,129,285,88056.65,417.57
5,2026-08-28,14,162,234,71703.17,203.92
5,2026-08-28,15,154,99,31019.91,161.63
5,2026-08-28,16,126,103,33407.02,150.18
5,2026-08-28,17,593,177,57758.0,354.93
5,2026-08-28,18,288,300,96727.6,460.85
5,2026-08-28,19,109,234,74142.31,269.42
5,2026-08-28,20,60,112,37034.44,118.22
5,2026-08-28,21,0,66,20504.21,43.38
5,2026-08-29,9,502,55,18210.8,228.27
5,2026-08-29,10,173,226,70120.07,378.32
5,2026-08-29,11,173,226,67345.49,233.83
5,2026-08-29,12,685,192,64407.78,418.2
5,2026-08-29,13,153,314,101366.31,467.33
5,2026-08-29,14,160,240,74440.21,226.72
5,2026-08-29,15,167,123,37952.5,169.58
5,2026-08-29,16,171,126,41752.59,183.72
5,2026-08-29,17,701,213,66503.27,440.23
5,2026-08-29,18,322,369,117417.79,533.75
5,2026-08-29,19,104,264,80014.11,291.3
5,2026-08-29,20,68,123,45111.35,131.07
5,2026-08-29,21,0,74,25186.36,46.62
5,2026-08-30,9,467,59,17643.5,210.35
5,2026-08-30,10,159,206,69669.06,341.18
5,2026-08-30,11,154,188,58633.17,199.62
5,2026-08-30,12,662,191,60095.99,416.92
5,2026-08-30,13,147,301,99320.99,444.37
5,2026-08-30,14,161,218,75661.28,220.82
5,2026-08-30,15,154,119,38930.92,173.28
5,2026-08-30,16,151,104,34315.34,162.98
5,2026-08-30,17,659,170,54351.01,404.25
5,2026-08-30,18,314,345,113233.31,522.95
5,2026-08-30,19,112,269,88860.84,277.55
5,2026-08-30,20,62,117,40394.07,129.55
5,2026-08-30,21,0,71,21944.37,47.5
5,2026-08-31,9,425,62,17262.72,196.72
5,2026-08-31,10,140,184,59469.99,289.0
5,2026-08-31,11,165,182,59279.17,198.62
5,2026-08-31,12,571,175,59690.52,358.57
5,2026-08-31,13,135,287,88041.04,392.95
5,2026-08-31,14,156,195,66382.77,192.42
5,2026-08-31,15,135,115,38138.02,157.47
5,2026-08-31,16,146,107,39878.0,139.67
5,2026-08-31,17,581,171,58025.52,352.12
5,2026-08-31,18,282,270,78220.29,473.55
5,2026-08-31,19,104,266,84948.89,259.65
5,2026-08-31,20,55,109,39181.57,114.73
5,2026-08-31,21,0,52,16819.32,40.25
5,2026-09-01,9,347,37,10231.92,162.97
5,2026-09-01,10,103,154,49614.66,253.42
5,2026-09-01,11,121,150,47889.13,141.17
5,2026-09-01,12,425,118,35839.21,259.9
5,2026-09-01,13,109,203,63720.74,298.77
5,2026-09-01,14,100,153,48301.18,159.68
5,2026-09-01,15,114,83,26347.0,118.55
5,2026-09-01,16,111,89,28282.79,117.98
5,2026-09-01,17,535,126,39840.23,318.1
5,2026-09-01,18,216,266,82565.53,406.3
5,2026-09-01,19,66,215,70785.55,213.45
5,2026-09-01,20,55,99,32602.33,77.52
5,2026-09-01,21,0,38,13714.9,32.98
5,2026-09-02,9,362,52,15586.49,164.37
5,2026-09-02,10,134,151,43812.95,261.23
5,2026-09-02,11,146,151,49790.5,179.72
5,2026-09-02,12,499,164,50053.26,327.47
5,2026-09-02,13,131,276,84833.55,349.4
5,2026-09-02,14,110,157,52292.2,160.98
5,2026-09-02,15,128,79,25056.13,134.3
5,2026-09-02,16,113,91,27116.56,131.2
5,2026-09-02,17,526,132,45865.56,315.42
5,2026-09-02,18,240,259,80016.45,423.13
5,2026-09-02,19,70,212,71978.0,222.28
5,2026-09-02,20,47,91,27846.86,85.68
5,2026-09-02,21,0,45,14951.66,33.02
5,2026-09-03,9,354,42,13987.44,153.85
5,2026-09-03,10,127,158,51963.89,263.07
5,2026-09-03,11,119,149,44764.09,155.85
5,2026-09-03,12,455,133,42592.72,277.38
5,2026-09-03,13,93,216,62663.82,315.9
5,2026-09-03,14,99,155,44901.02,151.77
5,2026-09-03,15,103,78,25743.06,110.7
5,2026-09-03,16,114,89,32834.15,114.35
5,2026-09-03,17,478,132,42843.23,286.55
5,2026-09-03,18,216,241,79923.59,371.78
5,2026-09-03,19,70,207,65941.98,191.08
5,2026-09-03,20,48,81,22927.76,80.52
5,2026-09-03,21,0,49,16211.6,38.58
5,2026-09-04,9,393,53,16099.6,173.2
5,2026-09-04,10,119,168,57990.66,279.8
5,2026-09-04,11,132,151,50339.06,164.35
5,2026-09-04,12,590,164,58188.61,357.43
5,2026-09-04,13,122,307,101004.07,388.53
5,2026-09-04,14,169,182,61489.36,189.92
5,2026-09-04,15,139,113,36730.93,171.43
5,2026-09-04,16,150,114,36468.93,162.37
5,2026-09-04,17,546,160,51946.57,335.12
5,2026-09-04,18,259,296,91703.49,448.0
5,2026-09-04,19,87,247,83330.83,232.83
5,2026-09-04,20,45,94,31780.04,90.17
5,2026-09-04,21,0,49,16889.9,31.62
5,2026-09-05,9,440,62,19489.66,199.82
5,2026-09-05,10,155,192,64493.22,320.93
5,2026-09-05,11,135,179,52485.02,189.95
5,2026-09-05,12,607,183,59877.89,370.15
5,2026-09-05,13,141,290,94600.31,415.6
5,2026-09-05,14,142,212,68179.24,204.18
5,2026-09-05,15,155,106,34361.23,164.1
5,2026-09-05,16,158,111,36073.63,176.35
5,2026-09-05,17,619,186,52300.64,391.37
5,2026-09-05,18,300,322,99206.55,493.87
5,2026-09-05,19,95,247,80298.22,258.9
5,2026-09-05,20,51,114,38778.23,113.27
5,2026-09-05,21,0,61,18979.12,36.68
5,2026-09-06,9,430,59,17705.86,209.53
5,2026-09-06,10,138,196,62965.75,294.42
5,2026-09-06,11,144,166,50279.11,169.37
5,2026-09-06,12,595,162,52660.23,353.75
5,2026-09-06,13,153,287,91975.48,419.42
5,2026-09-06,14,163,214,68968.24,224.0
5,2026-09-06,15,148,114,39289.01,171.48
5,2026-09-06,16,140,117,40368.71,168.85
5,2026-09-06,17,578,172,54804.72,354.7
5,2026-09-06,18,299,301,95561.53,475.95
5,2026-09-06,19,85,275,91777.38,262.37
5,2026-09-06,20,54,101,30815.46,97.93
5,2026-09-06,21,0,57,18830.03,36.62
5,2026-09-07,9,344,43,13682.5,157.28
5,2026-09-07,10,114,158,48497.17,235.37
5,2026-09-07,11,128,144,46180.44,152.97
5,2026-09-07,12,470,139,44832.56,288.83
5,2026-09-07,13,108,222,69870.3,327.38
5,2026-09-07,14,118,159,50337.51,171.95
5,2026-09-07,15,118,81,25431.15,139.08
5,2026-09-07,16,116,93,33040.76,136.9
5,2026-09-07,17,466,155,45900.96,282.7
5,2026-09-07,18,233,238,80934.28,370.23
5,2026-09-07,19,56,203,66155.9,186.02
5,2026-09-07,20,40,80,26060.62,67.02
5,2026-09-07,21,0,26,6793.55,25.07
5,2026-09-08,9,349,52,19584.37,158.95
5,2026-09-08,10,111,154,49938.1,234.83
5,2026-09-08,11,119,138,43056.14,143.1
5,2026-09-08,12,472,144,44264.03,284.35
5,2026-09-08,13,84,216,71939.15,313.18
5,2026-09-08,14,129,166,50057.55,143.58
5,2026-09-08,15,106,57,17763.91,124.02
5,2026-09-08,16,115,89,27906.5,128.03
5,2026-09-08,17,457,137,39264.43,275.58
5,2026-09-08,18,204,236,70758.44,348.5
5,2026-09-08,19,65,195,60392.08,190.05
5,2026-09-08,20,39,79,22816.18,75.18
5,2026-09-08,21,0,40,13494.43,30.2
5,2026-09-09,9,389,39,12238.81,182.0
5,2026-09-09,10,139,191,57930.51,291.73
5,2026-09-09,11,129,179,64747.2,175.18
5,2026-09-09,12,498,120,39092.68,293.9
5,2026-09-09,13,119,248,82385.25,372.45
5,2026-09-09,14,136,181,54724.03,192.13
5,2026-09-09,15,144,94,31570.13,151.47
5,2026-09-09,16,116,105,34116.24,157.07
5,2026-09-09,17,499,169,55603.92,297.43
5,2026-09-09,18,262,251,85062.88,417.32
5,2026-09-09,19,81,200,62508.01,226.97
5,2026-09-09,20,48,101,31782.67,94.37
5,2026-09-09,21,0,41,11866.7,33.93
5,2026-09-10,9,382,72,21381.91,178.2
5,2026-09-10,10,112,141,49902.21,242.48
5,2026-09-10,11,119,139,50220.35,153.22
5,2026-09-10,12,481,141,45633.12,286.98
5,2026-09-10,13,114,231,81766.14,345.82
5,2026-09-10,14,129,181,52121.09,178.83
5,2026-09-10,15,114,87,29426.7,142.23
5,2026-09-10,16,103,115,35103.45,117.1
5,2026-09-10,17,473,109,34527.56,277.08
5,2026-09-10,18,249,267,81146.4,396.07
5,2026-09-10,19,77,222,72740.03,217.28
5,2026-09-10,20,46,98,32368.32,79.02
5,2026-09-10,21,0,39,11536.4,27.72
5,2026-09-11,9,403,58,15927.55,185.1
5,2026-09-11,10,137,180,61833.63,282.82
5,2026-09-11,11,129,168,51664.84,171.45
5,2026-09-11,12,564,164,48592.88,337.57
5,2026-09-11,13,127,266,85622.05,375.92
5,2026-09-11,14,155,199,61131.49,185.47
5,2026-09-11,15,121,100,32099.11,150.22
5,2026-09-11,16,126,97,28985.36,140.88
5,2026-09-11,17,539,174,58230.38,324.53
5,2026-09-11,18,279,272,91124.94,432.67
5,2026-09-11,19,80,221,71452.72,240.23
5,2026-09-11,20,60,87,27095.19,93.38
5,2026-09-11,21,0,51,17671.3,37.5
5,2026-09-12,9,465,76,25738.0,210.27
5,2026-09-12,10,163,195,58685.79,319.52
5,2026-09-12,11,147,190,67555.67,204.63
5,2026-09-12,12,605,176,51760.89,379.48
5,2026-09-12,13,155,294,94370.0,427.22
5,2026-09-12,14,156,222,66084.36,220.85
5,2026-09-12,15,144,114,36850.69,170.08
5,2026-09-12,16,148,118,34294.95,161.93
5,2026-09-12,17,605,175,58358.12,351.4
5,2026-09-12,18,339,303,94733.47,514.62
5,2026-09-12,19,92,294,93666.04,296.5
5,2026-09-12,20,48,108,32931.5,103.1
5,2026-09-12,21,0,46,18024.14,40.77
5,2026-09-13,9,439,65,18608.51,196.47
5,2026-09-13,10,142,171,59697.03,310.17
5,2026-09-13,11,152,188,56597.33,198.97
5,2026-09-13,12,545,178,56953.99,354.6
5,2026-09-13,13,157,270,87668.71,381.5
5,2026-09-13,14,175,187,63114.79,220.13
5,2026-09-13,15,150,125,43122.87,172.43
5,2026-09-13,16,158,121,39621.03,168.83
5,2026-09-13,17,641,188,64121.41,394.9
5,2026-09-13,18,296,296,91569.42,493.88
5,2026-09-13,19,84,273,85551.8,271.23
5,2026-09-13,20,49,113,36438.09,94.87
5,2026-09-13,21,0,48,15120.17,29.47
5,2026-09-14,9,340,55,18357.6,155.45
5,2026-09-14,10,106,152,47313.28,224.72
5,2026-09-14,11,124,125,40587.45,148.1
5,2026-09-14,12,455,139,41790.73,287.07
5,2026-09-14,13,110,227,69516.68,309.82
5,2026-09-14,14,126,144,45955.89,164.77
5,2026-09-14,15,122,101,33112.57,133.3
5,2026-09-14,16,106,85,23811.67,120.95
5,2026-09-14,17,493,119,40118.82,293.05
5,2026-09-14,18,239,272,84689.52,391.55
5,2026-09-14,19,70,197,63812.65,210.78
5,2026-09-14,20,48,88,30909.23,87.63
5,2026-09-14,21,0,53,14697.6,33.58
5,2026-09-15,9,404,70,21061.27,181.73
5,2026-09-15,10,120,151,49876.91,282.77
5,2026-09-15,11,137,174,56683.4,176.62
5,2026-09-15,12,507,143,47739.7,315.65
5,2026-09-15,13,129,248,77984.44,362.97
5,2026-09-15,14,153,185,51878.36,194.12
5,2026-09-15,15,130,118,37767.86,163.57
5,2026-09-15,16,129,100,32949.84,140.97
5,2026-09-15,17,571,157,49267.2,346.47
5,2026-09-15,18,245,283,90443.53,437.38
5,2026-09-15,19,67,223,73912.0,211.1
5,2026-09-15,20,50,88,25311.72,89.77
5,2026-09-15,21,0,48,16303.54,34.53
5,2026-09-16,9,449,61,21858.93,205.42
5,2026-09-16,10,162,179,59588.36,320.75
5,2026-09-16,11,135,183,54469.73,209.7
5,2026-09-16,12,597,187,60560.69,364.42
5,2026-09-16,13,143,273,88284.57,402.98
5,2026-09-16,14,143,188,65819.88,199.63
5,2026-09-16,15,164,112,40532.07,175.18
5,2026-09-16,16,138,111,31360.08,168.72
5,2026-09-16,17,626,197,67286.54,383.87
5,2026-09-16,18,260,338,111283.41,465.75
5,2026-09-16,19,92,229,71201.68,227.67
5,2026-09-16,20,62,104,34290.09,97.18
5,2026-09-16,21,0,53,17597.35,40.77
5,2026-09-17,9,397,55,18733.35,177.42
5,2026-09-17,10,123,174,57911.83,275.73
5,2026-09-17,11,138,156,49287.06,161.67
5,2026-09-17,12,546,162,51387.26,318.03
5,2026-09-17,13,142,253,73615.57,378.7
5,2026-09-17,14,150,201,67632.75,203.22
5,2026-09-17,15,134,103,34661.75,164.37
5,2026-09-17,16,134,102,32272.7,165.97
5,2026-09-17,17,538,169,56675.8,336.33
5,2026-09-17,18,264,266,81718.59,430.9
5,2026-09-17,19,84,229,69958.81,223.65
5,2026-09-17,20,64,87,28549.05,103.8
5,2026-09-17,21,0,67,20244.05,53.03
5,2026-09-18,9,438,69,19556.83,191.97
5,2026-09-18,10,136,166,50243.88,308.15
5,2026-09-18,11,126,177,55043.47,170.37
5,2026-09-18,12,565,139,46732.79,321.17
5,2026-09-18,13,128,283,81460.5,378.97
5,2026-09-18,14,152,198,63660.75,200.8
5,2026-09-18,15,145,110,38495.66,158.67
5,2026-09-18,16,154,98,33909.56,156.27
5,2026-09-18,17,564,187,59105.35,351.25
5,2026-09-18,18,288,291,96164.52,447.28
5,2026-09-18,19,98,248,75294.74,261.03
5,2026-09-18,20,56,115,33051.74,111.78
5,2026-09-18,21,0,47,14356.88,38.63
5,2026-09-19,9,485,68,22369.44,217.5
5,2026-09-19,10,168,207,67009.53,334.9
5,2026-09-19,11,161,195,58178.12,203.73
5,2026-09-19,12,685,182,60262.28,420.62
5,2026-09-19,13,134,323,110134.57,467.37
5,2026-09-19,14,158,223,72497.61,223.17
5,2026-09-19,15,154,115,35679.9,167.02
5,2026-09-19,16,152,128,40718.97,161.27
5,2026-09-19,17,642,195,60406.99,381.4
5,2026-09-19,18,308,323,103504.39,510.45
5,2026-09-19,19,116,297,92800.42,292.53
5,2026-09-19,20,64,117,32876.62,115.75
5,2026-09-19,21,0,63,18217.18,47.05
5,2026-09-20,9,422,56,20643.36,193.72
5,2026-09-20,10,133,165,53693.05,302.37
5,2026-09-20,11,175,178,63214.45,194.7
5,2026-09-20,12,559,165,55305.93,360.53
5,2026-09-20,13,138,278,88277.42,389.2
5,2026-09-20,14,135,191,61774.13,195.63
5,2026-09-20,15,121,107,32370.0,150.95
5,2026-09-20,16,142,109,36287.75,144.38
5,2026-09-20,17,577,154,51011.81,350.03
5,2026-09-20,18,294,326,104146.25,470.18
5,2026-09-20,19,87,244,77602.99,261.28
5,2026-09-20,20,44,106,34639.74,90.78
5,2026-09-20,21,0,41,11460.79,33.17
6,2026-08-24,9,371,54,17512.51,171.8
6,2026-08-24,10,127,165,46807.73,258.05
6,2026-08-24,11,122,149,49059.97,163.35
6,2026-08-24,12,518,145,40137.59,321.97
6,2026-08-24,13,139,256,84299.57,361.75
6,2026-08-24,14,117,184,60598.26,179.93
6,2026-08-24,15,149,90,32576.26,144.5
6,2026-08-24,16,117,106,32125.58,139.12
6,2026-08-24,17,546,143,48281.89,324.05
6,2026-08-24,18,277,276,83168.57,449.17
6,2026-08-24,19,64,243,78586.7,247.78
6,2026-08-24,20,41,98,28738.44,78.82
6,2026-08-24,21,0,36,10812.82,31.1
6,2026-08-25,9,359,52,14973.6,160.7
6,2026-08-25,10,120,153,48894.16,257.73
6,2026-08-25,11,113,142,45728.83,165.58
6,2026-08-25,12,479,133,42958.49,301.98
6,2026-08-25,13,116,243,76177.84,343.95
6,2026-08-25,14,129,172,52763.98,164.53
6,2026-08-25,15,118,95,27086.67,133.77
6,2026-08-25,16,132,98,31785.45,137.4
6,2026-08-25,17,499,155,48455.24,307.47
6,2026-08-25,18,216,236,70058.43,380.67
6,2026-08-25,19,61,204,60488.4,188.37
6,2026-08-25,20,56,80,22988.19,81.22
6,2026-08-25,21,0,47,14833.53,35.4
6,2026-08-26,9,393,61,21824.41,170.05
6,2026-08-26,10,114,154,50996.79,264.05
6,2026-08-26,11,127,148,49791.72,167.32
6,2026-08-26,12,536,149,46208.06,322.78
6,2026-08-26,13,142,269,90468.9,364.65
6,2026-08-26,14,142,196,59346.28,182.07
6,2026-08-26,15,142,91,27934.63,144.8
6,2026-08-26,16,131,103,34735.74,143.75
6,2026-08-26,17,582,183,56010.36,352.1
6,2026-08-26,18,250,288,92901.25,424.13
6,2026-08-26,19,79,221,68690.3,224.47
6,2026-08-26,20,44,76,24091.34,82.9
6,2026-08-26,21,0,43,11756.36,35.05
6,2026-08-27,9,421,72,26691.75,203.43
6,2026-08-27,10,134,182,56943.93,282.43
6,2026-08-27,11,125,144,45220.42,172.92
6,2026-08-27,12,568,151,47920.79,353.4
6,2026-08-27,13,118,270,86929.49,376.22
6,2026-08-27,14,130,189,58706.79,177.43
6,2026-08-27,15,132,103,33353.87,134.58
6,2026-08-27,16,117,89,28107.86,131.57
6,2026-08-27,17,558,148,42842.34,321.02
6,2026-08-27,18,284,270,84316.88,452.0
6,2026-08-27,19,75,250,86648.45,253.7
6,2026-08-27,20,54,82,25214.15,93.22
6,2026-08-27,21,0,56,15821.02,39.07
6,2026-08-28,9,517,59,20786.0,232.52
6,2026-08-28,10,153,218,64006.9,358.35
6,2026-08-28,11,177,197,63363.11,225.47
6,2026-08-28,12,667,190,58591.75,397.88
6,2026-08-28,13,148,309,97306.38,453.5
6,2026-08-28,14,175,233,77414.1,248.22
6,2026-08-28,15,164,143,45452.69,193.82
6,2026-08-28,16,160,113,37359.24,161.35
6,2026-08-28,17,696,192,64466.0,421.32
6,2026-08-28,18,358,360,112853.86,563.33
6,2026-08-28,19,96,314,113851.81,296.07
6,2026-08-28,20,66,110,35467.25,110.43
6,2026-08-28,21,0,63,20018.43,46.55
6,2026-08-29,9,481,64,18323.33,218.53
6,2026-08-29,10,166,212,60986.16,338.62
6,2026-08-29,11,172,202,66594.74,216.67
6,2026-08-29,12,730,193,61759.91,458.77
6,2026-08-29,13,162,368,123890.22,515.7
6,2026-08-29,14,192,252,75643.2,243.65
6,2026-08-29,15,218,139,45976.05,219.9
6,2026-08-29,16,197,155,48439.21,223.93
6,2026-08-29,17,719,228,74581.74,460.12
6,2026-08-29,18,376,379,119897.55,590.43
6,2026-08-29,19,101,313,100849.42,337.0
6,2026-08-29,20,76,142,45142.4,133.13
6,2026-08-29,21,0,76,24067.73,57.68
6,2026-08-30,9,549,77,23711.51,252.42
6,2026-08-30,10,181,260,81860.96,387.5
6,2026-08-30,11,168,204,74470.29,222.22
6,2026-08-30,12,696,225,72072.84,435.32
6,2026-08-30,13,166,337,107332.83,481.75
6,2026-08-30,14,164,246,80869.68,213.95
6,2026-08-30,15,177,121,39965.3,182.68
6,2026-08-30,16,169,124,38182.45,197.68
6,2026-08-30,17,694,208,67013.1,424.62
6,2026-08-30,18,362,376,120084.57,573.17
6,2026-08-30,19,117,304,98917.24,302.35
6,2026-08-30,20,79,111,33943.59,137.93
6,2026-08-30,21,0,82,28682.02,57.35
6,2026-08-31,9,376,56,19961.29,170.55
6,2026-08-31,10,143,156,45817.5,274.92
6,2026-08-31,11,145,171,53830.61,187.25
6,2026-08-31,12,549,161,51692.97,337.57
6,2026-08-31,13,125,250,74744.48,369.95
6,2026-08-31,14,141,206,62594.96,205.02
6,2026-08-31,15,146,108,32285.78,155.1
6,2026-08-31,16,148,101,30447.05,161.73
6,2026-08-31,17,588,178,58544.36,360.83
6,2026-08-31,18,269,323,99954.24,454.37
6,2026-08-31,19,81,259,82523.78,234.47
6,2026-08-31,20,64,95,28232.91,92.7
6,2026-08-31,21,0,58,21933.17,45.52
6,2026-09-01,9,486,82,23780.82,229.58
6,2026-09-01,10,145,185,60976.18,321.7
6,2026-09-01,11,161,182,52270.04,196.03
6,2026-09-01,12,573,178,58374.69,368.23
6,2026-09-01,13,133,262,93046.93,389.73
6,2026-09-01,14,138,196,63877.79,189.03
6,2026-09-01,15,153,96,30281.6,155.9
6,2026-09-01,16,161,116,37365.09,162.58
6,2026-09-01,17,619,178,59442.19,392.98
6,2026-09-01,18,311,316,100896.37,510.57
6,2026-09-01,19,91,282,89410.41,271.55
6,2026-09-01,20,74,107,35376.13,102.97
6,2026-09-01,21,0,78,25035.95,53.88
6,2026-09-02,9,437,66,19314.86,191.37
6,2026-09-02,10,128,180,61251.13,294.23
6,2026-09-02,11,142,149,46098.59,170.73
6,2026-09-02,12,595,170,55165.91,364.1
6,2026-09-02,13,124,270,89387.77,397.87
6,2026-09-02,14,127,195,58760.64,186.93
6,2026-09-02,15,124,99,34203.53,141.05
6,2026-09-02,16,126,97,29564.76,134.1
6,2026-09-02,17,629,149,53038.43,371.62
6,2026-09-02,18,320,348,108931.17,525.77
6,2026-09-02,19,81,286,96847.56,276.7
6,2026-09-02,20,55,94,31547.62,98.13
6,2026-09-02,21,0,49,18054.05,37.22
6,2026-09-03,9,397,51,16925.42,179.22
6,2026-09-03,10,142,182,60317.6,283.1
6,2026-09-03,11,119,154,51392.78,178.68
6,2026-09-03,12,498,154,47751.19,298.07
6,2026-09-03,13,146,234,79405.15,346.25
6,2026-09-03,14,157,178,54832.49,197.27
6,2026-09-03,15,137,98,31064.65,173.63
6,2026-09-03,16,137,118,38388.82,162.02
6,2026-09-03,17,531,153,45746.61,338.07
6,2026-09-03,18,224,294,93324.55,415.97
6,2026-09-03,19,86,215,70960.53,218.5
6,2026-09-03,20,54,87,31469.97,92.25
6,2026-09-03,21,0,51,14478.46,41.1
6,2026-09-04,9,515,61,19799.86,225.43
6,2026-09-04,10,167,242,87190.24,364.73
6,2026-09-04,11,153,217,69089.55,203.25
6,2026-09-04,12,674,195,61023.25,399.95
6,2026-09-04,13,170,314,95817.18,467.73
6,2026-09-04,14,167,252,76927.4,238.77
6,2026-09-04,15,178,109,34670.48,186.02
6,2026-09-04,16,154,125,37724.98,191.13
6,2026-09-04,17,656,182,62831.99,409.85
6,2026-09-04,18,359,364,119635.66,533.15
6,2026-09-04,19,113,287,95140.43,307.58
6,2026-09-04,20,61,143,43794.18,128.8
6,2026-09-04,21,0,67,23173.75,46.97
6,2026-09-05,9,472,53,16695.56,214.0
6,2026-09-05,10,154,202,60395.95,345.25
6,2026-09-05,11,162,200,67775.73,209.3
6,2026-09-05,12,693,210,70594.92,422.9
6,2026-09-05,13,147,374,121518.11,448.03
6,2026-09-05,14,164,190,60825.98,210.65
6,2026-09-05,15,149,107,34846.29,177.38
6,2026-09-05,16,132,122,39390.72,164.48
6,2026-09-05,17,680,185,60908.02,396.45
6,2026-09-05,18,346,342,113492.78,537.52
6,2026-09-05,19,88,287,97320.89,306.05
6,2026-09-05,20,57,118,39224.45,112.92
6,2026-09-05,21,0,55,16375.42,46.55
6,2026-09-06,9,433,54,16323.87,191.08
6,2026-09-06,10,136,193,64272.13,300.28
6,2026-09-06,11,161,170,55610.14,200.17
6,2026-09-06,12,615,176,53130.61,381.5
6,2026-09-06,13,138,324,101051.59,416.7
6,2026-09-06,14,124,203,64013.64,190.18
6,2026-09-06,15,168,95,31167.92,155.75
6,2026-09-06,16,149,124,38590.05,183.53
6,2026-09-06,17,621,198,60856.97,375.35
6,2026-09-06,18,298,290,90915.41,489.83
6,2026-09-06,19,89,280,91983.88,261.93
6,2026-09-06,20,61,94,27300.92,101.85
6,2026-09-06,21,0,59,18234.25,47.48
6,2026-09-07,9,367,44,12157.23,165.15
6,2026-09-07,10,113,162,53634.6,259.48
6,2026-09-07,11,145,148,45175.59,156.92
6,2026-09-07,12,527,144,47074.17,336.98
6,2026-09-07,13,124,283,94500.34,374.5
6,2026-09-07,14,119,184,57773.33,163.9
6,2026-09-07,15,148,90,26130.66,140.23
6,2026-09-07,16,144,102,30673.58,162.93
6,2026-09-07,17,538,167,53476.42,339.0
6,2026-09-07,18,286,280,91089.84,430.43
6,2026-09-07,19,76,230,73101.1,242.98
6,2026-09-07,20,58,115,35490.03,92.18
6,2026-09-07,21,0,42,11912.99,36.82
6,2026-09-08,9,414,62,19510.08,183.97
6,2026-09-08,10,127,169,55867.67,291.73
6,2026-09-08,11,125,160,52179.1,164.38
6,2026-09-08,12,533,124,40260.54,337.52
6,2026-09-08,13,141,274,82971.54,379.92
6,2026-09-08,14,149,201,61508.07,201.75
6,2026-09-08,15,136,119,35298.96,154.38
6,2026-09-08,16,133,111,37382.39,147.48
6,2026-09-08,17,576,172,51299.33,356.8
6,2026-09-08,18,265,299,96625.99,439.78
6,2026-09-08,19,73,241,84535.87,220.62
6,2026-09-08,20,46,82,24421.98,81.62
6,2026-09-08,21,0,44,14104.07,34.35
6,2026-09-09,9,409,51,15893.34,187.8
6,2026-09-09,10,125,172,62766.86,293.83
6,2026-09-09,11,139,160,48773.46,173.02
6,2026-09-09,12,540,147,48565.63,333.53
6,2026-09-09,13,114,261,81318.24,369.05
6,2026-09-09,14,139,200,70500.66,178.87
6,2026-09-09,15,141,99,31047.0,155.6
6,2026-09-09,16,161,120,38400.55,164.83
6,2026-09-09,17,522,156,52659.58,338.68
6,2026-09-09,18,260,294,94952.65,405.43
6,2026-09-09,19,82,197,69181.84,241.0
6,2026-09-09,20,45,100,29629.62,102.57
6,2026-09-09,21,0,41,13381.69,31.72
6,2026-09-10,9,381,55,17951.48,169.27
6,2026-09-10,10,113,166,51301.19,261.32
6,2026-09-10,11,115,142,44891.13,153.07
6,2026-09-10,12,553,158,46574.78,328.08
6,2026-09-10,13,145,264,89143.16,374.48
6,2026-09-10,14,119,186,57460.99,185.52
6,2026-09-10,15,105,85,28502.03,118.88
6,2026-09-10,16,142,76,26864.01,134.88
6,2026-09-10,17,581,148,45038.37,359.53
6,2026-09-10,18,264,286,85997.71,462.98
6,2026-09-10,19,88,262,81861.79,249.32
6,2026-09-10,20,47,92,27617.94,91.88
6,2026-09-10,21,0,47,13968.65,32.63
6,2026-09-11,9,456,54,17980.92,208.4
6,2026-09-11,10,150,197,54265.73,330.58
6,2026-09-11,11,154,217,65616.12,196.88
6,2026-09-11,12,627,184,58325.58,379.05
6,2026-09-11,13,134,301,100190.51,411.32
6,2026-09-11,14,150,191,59128.11,197.5
6,2026-09-11,15,159,105,35872.95,175.7
6,2026-09-11,16,141,112,34799.13,172.22
6,2026-09-11,17,677,203,64895.55,396.08
6,2026-09-11,18,291,315,101129.65,523.52
6,2026-09-11,19,73,280,88774.24,267.03
6,2026-09-11,20,69,96,31382.95,88.43
6,2026-09-11,21,0,48,16783.44,39.42
6,2026-09-12,9,508,64,20417.16,239.97
6,2026-09-12,10,163,235,75617.48,358.57
6,2026-09-12,11,157,189,61157.17,223.73
6,2026-09-12,12,653,206,71651.37,395.62
6,2026-09-12,13,166,304,95054.09,443.25
6,2026-09-12,14,166,229,76267.81,234.12
6,2026-09-12,15,164,112,34909.17,191.2
6,2026-09-12,16,164,128,41035.05,191.63
6,2026-09-12,17,651,182,62806.87,403.92
6,2026-09-12,18,319,326,103211.44,514.53
6,2026-09-12,19,94,261,78626.97,280.6
6,2026-09-12,20,66,118,35024.66,113.23
6,2026-09-12,21,0,63,21042.53,42.25
6,2026-09-13,9,554,76,23961.57,256.12
6,2026-09-13,10,204,266,85510.34,382.08
6,2026-09-13,11,172,212,66465.03,238.43
6,2026-09-13,12,720,201,65693.04,439.68
6,2026-09-13,13,167,348,112128.77,496.75
6,2026-09-13,14,194,222,71473.37,254.07
6,2026-09-13,15,194,135,44448.29,223.2
6,2026-09-13,16,173,149,41680.9,212.83
6,2026-09-13,17,762,233,72415.48,461.03
6,2026-09-13,18,383,406,126886.45,592.92
6,2026-09-13,19,122,316,102791.65,339.48
6,2026-09-13,20,59,149,47645.53,135.52
6,2026-09-13,21,0,61,22903.06,42.68
6,2026-09-14,9,393,38,9173.2,176.48
6,2026-09-14,10,132,171,56250.6,292.0
6,2026-09-14,11,130,167,62504.67,169.1
6,2026-09-14,12,472,145,49850.24,307.48
6,2026-09-14,13,119,231,72075.77,331.57
6,2026-09-14,14,111,164,48266.05,157.68
6,2026-09-14,15,121,88,28429.17,123.88
6,2026-09-14,16,126,88,32064.33,121.68
6,2026-09-14,17,530,159,51515.87,322.72
6,2026-09-14,18,250,280,90920.6,418.18
6,2026-09-14,19,79,223,66380.81,220.22
6,2026-09-14,20,44,95,30832.52,84.67
6,2026-09-14,21,0,46,14779.19,30.42
6,2026-09-15,9,425,70,20996.56,193.73
6,2026-09-15,10,154,179,57491.3,299.68
6,2026-09-15,11,109,180,63293.24,173.08
6,2026-09-15,12,591,160,54223.44,340.33
6,2026-09-15,13,118,267,84709.86,378.98
6,2026-09-15,14,154,181,60151.81,188.47
6,2026-09-15,15,146,102,35615.36,151.48
6,2026-09-15,16,134,100,34072.71,153.78
6,2026-09-15,17,559,156,50859.56,337.38
6,2026-09-15,18,277,270,86385.05,460.0
6,2026-09-15,19,81,255,78747.12,254.43
6,2026-09-15,20,59,95,30127.12,97.8
6,2026-09-15,21,0,57,18962.11,45.33
6,2026-09-16,9,455,62,17026.12,204.78
6,2026-09-16,10,179,203,67687.05,325.13
6,2026-09-16,11,145,182,59034.89,209.75
6,2026-09-16,12,635,186,63876.14,395.97
6,2026-09-16,13,137,294,94975.63,420.9
6,2026-09-16,14,171,218,68754.7,213.75
6,2026-09-16,15,153,121,40346.79,185.68
6,2026-09-16,16,161,123,36433.95,174.62
6,2026-09-16,17,552,175,55584.74,354.33
6,2026-09-16,18,331,290,89906.47,457.87
6,2026-09-16,19,90,257,81562.89,268.9
6,2026-09-16,20,50,120,36159.15,110.87
6,2026-09-16,21,0,48,13059.92,29.85
6,2026-09-17,9,469,76,22721.23,218.3
6,2026-09-17,10,149,183,57789.09,334.32
6,2026-09-17,11,148,202,72537.36,201.9
6,2026-09-17,12,571,180,55107.17,355.52
6,2026-09-17,13,126,253,77723.3,389.85
6,2026-09-17,14,143,205,63531.79,193.15
6,2026-09-17,15,164,129,37629.45,161.73
6,2026-09-17,16,159,122,37267.18,170.93
6,2026-09-17,17,536,173,56692.68,341.25
6,2026-09-17,18,268,276,87727.72,432.47
6,2026-09-17,19,92,248,77004.94,225.57
6,2026-09-17,20,45,89,26310.46,98.55
6,2026-09-17,21,0,56,15346.28,36.35
6,2026-09-18,9,521,70,21338.1,234.42
6,2026-09-18,10,162,216,71688.19,371.23
6,2026-09-18,11,170,229,73907.43,220.97
6,2026-09-18,12,669,217,68862.4,402.53
6,2026-09-18,13,170,317,102291.5,448.17
6,2026-09-18,14,163,248,84536.4,216.97
6,2026-09-18,15,155,106,33245.38,174.75
6,2026-09-18,16,163,140,44574.78,175.8
6,2026-09-18,17,702,197,64422.0,421.2
6,2026-09-18,18,358,346,110342.05,566.92
6,2026-09-18,19,112,301,97911.18,316.88
6,2026-09-18,20,56,140,45639.26,113.42
6,2026-09-18,21,0,55,18649.64,39.53
6,2026-09-19,9,486,77,24783.93,227.18
6,2026-09-19,10,158,190,60870.69,340.67
6,2026-09-19,11,168,232,76639.15,215.05
6,2026-09-19,12,670,193,62646.57,411.33
6,2026-09-19,13,170,322,109210.81,469.15
6,2026-09-19,14,175,246,80638.22,226.78
6,2026-09-19,15,203,139,44299.24,212.22
6,2026-09-19,16,179,150,45305.05,200.65
6,2026-09-19,17,681,225,74571.83,437.12
6,2026-09-19,18,327,344,111447.91,540.77
6,2026-09-19,19,106,301,91543.45,296.75
6,2026-09-19,20,62,126,40505.94,109.55
6,2026-09-19,21,0,53,17319.81,43.53
6,2026-09-20,9,509,69,20218.88,234.53
6,2026-09-20,10,145,223,70311.38,355.02
6,2026-09-20,11,183,204,65957.07,220.17
6,2026-09-20,12,682,202,64965.0,418.28
6,2026-09-20,13,144,326,108304.35,464.1
6,2026-09-20,14,169,235,78561.76,221.07
6,2026-09-20,15,156,120,40667.07,176.48
6,2026-09-20,16,175,125,42036.82,178.97
6,2026-09-20,17,654,203,67263.24,381.42
6,2026-09-20,18,328,336,102933.74,532.35
6,2026-09-20,19,83,282,90487.02,284.28
6,2026-09-20,20,77,104,32226.41,115.65
6,2026-09-20,21,0,68,19656.31,49.47
7,2026-08-24,9,408,56,18382.96,192.48
7,2026-08-24,10,141,173,51652.25,290.47
7,2026-08-24,11,142,174,51135.76,185.62
7,2026-08-24,12,543,172,54268.32,345.77
7,2026-08-24,13,141,270,85731.66,369.25
7,2026-08-24,14,134,170,54966.48,192.55
7,2026-08-24,15,115,111,36408.98,150.33
7,2026-08-24,16,116,98,34776.24,130.13
7,2026-08-24,17,557,158,50504.0,323.1
7,2026-08-24,18,266,276,86876.38,425.28
7,2026-08-24,19,67,214,69041.75,218.22
7,2026-08-24,20,69,97,33754.68,102.17
7,2026-08-24,21,0,64,22863.74,45.8
7,2026-08-25,9,401,63,21280.23,171.07
7,2026-08-25,10,111,177,59753.44,270.57
7,2026-08-25,11,136,144,42205.32,161.02
7,2026-08-25,12,464,136,45347.1,291.18
7,2026-08-25,13,126,226,68599.08,315.53
7,2026-08-25,14,131,172,56081.19,175.35
7,2026-08-25,15,127,89,27700.68,150.05
7,2026-08-25,16,120,97,30294.87,143.68
7,2026-08-25,17,466,136,44342.72,291.7
7,2026-08-25,18,243,231,75171.14,387.33
7,2026-08-25,19,85,215,65574.12,221.22
7,2026-08-25,20,48,83,28208.56,91.58
7,2026-08-25,21,0,52,16465.21,34.92
7,2026-08-26,9,417,64,19658.37,190.48
7,2026-08-26,10,138,189,58179.87,282.32
7,2026-08-26,11,139,154,51119.46,170.28
7,2026-08-26,12,561,148,44574.95,340.72
7,2026-08-26,13,120,286,94157.78,380.68
7,2026-08-26,14,125,187,57324.89,179.35
7,2026-08-26,15,137,95,29062.5,141.25
7,2026-08-26,16,143,98,31957.22,152.6
7,2026-08-26,17,608,168,51658.46,362.38
7,2026-08-26,18,289,322,104308.11,481.13
7,2026-08-26,19,77,241,77286.14,256.88
7,2026-08-26,20,48,105,33842.28,86.57
7,2026-08-26,21,0,47,15898.64,34.33
7,2026-08-27,9,393,71,22332.96,174.97
7,2026-08-27,10,135,171,53458.39,252.33
7,2026-08-27,11,138,152,48643.0,164.67
7,2026-08-27,12,527,160,48567.69,311.42
7,2026-08-27,13,133,235,68742.05,357.53
7,2026-08-27,14,148,180,60677.15,198.63
7,2026-08-27,15,148,111,34402.03,164.0
7,2026-08-27,16,122,95,27749.55,157.58
7,2026-08-27,17,547,164,55521.13,328.48
7,2026-08-27,18,264,260,87363.96,428.25
7,2026-08-27,19,77,240,76690.5,243.18
7,2026-08-27,20,49,89,29194.13,90.48
7,2026-08-27,21,0,46,13706.78,37.38
7,2026-08-28,9,489,65,20719.47,212.35
7,2026-08-28,10,128,199,62411.3,335.42
7,2026-08-28,11,158,188,58469.41,200.27
7,2026-08-28,12,613,199,61270.69,380.15
7,2026-08-28,13,132,291,99280.99,398.27
7,2026-08-28,14,130,190,58268.27,181.08
7,2026-08-28,15,164,96,32289.74,166.83
7,2026-08-28,16,148,126,36847.82,180.25
7,2026-08-28,17,680,187,63593.69,409.75
7,2026-08-28,18,310,344,108284.04,552.9
7,2026-08-28,19,102,297,92141.39,279.78
7,2026-08-28,20,53,95,27315.25,104.85
7,2026-08-28,21,0,57,20047.53,37.43
7,2026-08-29,9,498,66,21563.38,223.33
7,2026-08-29,10,195,225,67869.15,360.3
7,2026-08-29,11,168,217,71404.45,236.03
7,2026-08-29,12,674,200,68324.5,418.67
7,2026-08-29,13,164,322,104539.72,452.53
7,2026-08-29,14,186,244,78110.89,242.93
7,2026-08-29,15,184,145,41622.41,189.6
7,2026-08-29,16,152,124,41532.96,177.38
7,2026-08-29,17,672,187,61624.02,411.07
7,2026-08-29,18,370,368,117378.08,560.98
7,2026-08-29,19,85,288,95222.26,301.63
7,2026-08-29,20,68,123,33422.84,120.28
7,2026-08-29,21,0,57,18591.62,42.95
7,2026-08-30,9,505,72,19850.48,235.22
7,2026-08-30,10,166,214,71067.71,333.27
7,2026-08-30,11,164,185,62524.57,215.73
7,2026-08-30,12,635,196,63391.33,401.62
7,2026-08-30,13,157,317,96878.21,443.1
7,2026-08-30,14,180,218,71437.81,237.25
7,2026-08-30,15,169,130,44404.73,199.13
7,2026-08-30,16,179,140,44708.62,180.23
7,2026-08-30,17,669,180,56445.46,414.93
7,2026-08-30,18,308,373,127663.98,517.77
7,2026-08-30,19,99,289,88640.37,263.88
7,2026-08-30,20,49,94,27819.1,111.43
7,2026-08-30,21,0,59,18308.62,38.58
7,2026-08-31,9,495,66,22518.75,215.98
7,2026-08-31,10,142,195,64872.16,358.13
7,2026-08-31,11,142,195,62030.2,195.33
7,2026-08-31,12,635,172,51363.58,393.43
7,2026-08-31,13,142,312,101910.12,414.1
7,2026-08-31,14,172,215,69942.37,212.78
7,2026-08-31,15,137,125,42979.48,165.62
7,2026-08-31,16,156,102,36802.96,164.63
7,2026-08-31,17,626,178,57749.19,371.02
7,2026-08-31,18,313,320,108156.36,519.83
7,2026-08-31,19,85,269,87202.09,274.42
7,2026-08-31,20,55,121,39762.05,99.1
7,2026-08-31,21,0,54,15027.25,40.75
7,2026-09-01,9,399,49,16735.19,181.73
7,2026-09-01,10,136,184,62639.74,275.67
7,2026-09-01,11,117,145,42238.45,174.32
7,2026-09-01,12,538,156,47717.78,317.93
7,2026-09-01,13,139,256,78502.81,366.62
7,2026-09-01,14,115,190,65135.39,172.82
7,2026-09-01,15,124,89,28274.45,123.85
7,2026-09-01,16,128,81,23791.97,141.2
7,2026-09-01,17,586,162,54830.38,333.85
7,2026-09-01,18,261,295,97284.46,463.57
7,2026-09-01,19,77,274,90555.84,226.68
7,2026-09-01,20,47,87,27920.2,77.75
7,2026-09-01,21,0,41,16700.25,32.03
7,2026-09-02,9,445,45,13645.24,200.6
7,2026-09-02,10,149,209,69000.18,324.37
7,2026-09-02,11,159,171,56877.09,192.63
7,2026-09-02,12,644,203,60042.96,402.12
7,2026-09-02,13,134,293,96957.24,416.27
7,2026-09-02,14,141,206,63260.48,198.58
7,2026-09-02,15,173,101,29930.58,163.3
7,2026-09-02,16,138,128,41120.73,174.65
7,2026-09-02,17,624,171,53670.93,366.65
7,2026-09-02,18,331,339,110346.03,534.5
7,2026-09-02,19,96,303,95159.25,284.2
7,2026-09-02,20,57,124,40376.14,107.22
7,2026-09-02,21,0,55,15216.74,39.67
7,2026-09-03,9,396,53,15853.18,180.32
7,2026-09-03,10,134,187,61380.31,275.95
7,2026-09-03,11,148,144,44155.12,187.47
7,2026-09-03,12,545,176,60768.63,333.25
7,2026-09-03,13,141,282,92750.79,367.78
7,2026-09-03,14,146,168,54744.36,192.1
7,2026-09-03,15,142,114,39046.77,159.17
7,2026-09-03,16,142,108,32755.41,160.15
7,2026-09-03,17,608,185,56441.66,368.75
7,2026-09-03,18,284,300,99476.4,475.97
7,2026-09-03,19,84,261,86561.36,258.62
7,2026-09-03,20,45,100,34032.33,93.97
7,2026-09-03,21,0,48,13555.08,33.35
7,2026-09-04,9,468,63,18448.75,207.33
7,2026-09-04,10,161,198,62980.7,335.12
7,2026-09-04,11,153,206,65500.46,213.25
7,2026-09-04,12,649,191,59780.52,397.88
7,2026-09-04,13,175,311,103984.69,460.12
7,2026-09-04,14,155,236,78992.0,239.17
7,2026-09-04,15,183,111,31571.52,177.22
7,2026-09-04,16,160,140,45105.61,186.22
7,2026-09-04,17,702,213,66064.8,419.18
7,2026-09-04,18,369,360,114848.96,564.3
7,2026-09-04,19,103,313,100428.06,317.42
7,2026-09-04,20,56,123,38722.98,112.12
7,2026-09-04,21,0,56,15626.47,40.85
7,2026-09-05,9,470,69,21523.8,219.33
7,2026-09-05,10,145,200,62171.32,323.07
7,2026-09-05,11,156,176,54547.26,204.6
7,2026-09-05,12,659,172,54076.82,415.28
7,2026-09-05,13,189,325,109951.73,461.23
7,2026-09-05,14,152,238,75390.83,238.63
7,2026-09-05,15,164,126,39582.59,183.67
7,2026-09-05,16,175,114,37757.82,176.77
7,2026-09-05,17,688,195,62504.36,432.12
7,2026-09-05,18,352,354,118138.91,562.65
7,2026-09-05,19,99,294,91882.65,316.7
7,2026-09-05,20,61,133,43296.22,120.0
7,2026-09-05,21,0,62,16867.16,40.7
7,2026-09-06,9,463,79,24642.25,206.5
7,2026-09-06,10,183,216,68955.72,334.18
7,2026-09-06,11,187,193,60582.89,221.38
7,2026-09-06,12,626,207,64174.72,396.73
7,2026-09-06,13,147,318,99045.37,419.82
7,2026-09-06,14,172,216,67660.48,218.43
7,2026-09-06,15,152,112,34797.72,181.07
7,2026-09-06,16,166,119,42322.35,177.68
7,2026-09-06,17,631,172,50445.51,393.93
7,2026-09-06,18,316,340,108156.11,517.67
7,2026-09-06,19,83,293,91425.62,278.87
7,2026-09-06,20,66,117,36608.27,111.33
7,2026-09-06,21,0,56,17763.24,48.55
7,2026-09-07,9,395,56,16948.98,182.62
7,2026-09-07,10,121,178,53817.51,275.13
7,2026-09-07,11,122,155,48441.49,161.2
7,2026-09-07,12,512,142,46004.19,303.6
7,2026-09-07,13,112,246,82247.98,333.88
7,2026-09-07,14,131,167,53226.58,176.33
7,2026-09-07,15,117,86,28748.91,147.95
7,2026-09-07,16,128,104,29394.29,141.13
7,2026-09-07,17,517,140,41830.14,312.15
7,2026-09-07,18,259,274,89423.2,408.82
7,2026-09-07,19,84,213,64515.21,242.1
7,2026-09-07,20,54,106,36718.44,102.1
7,2026-09-07,21,0,46,15938.9,33.33
7,2026-09-08,9,369,51,17873.86,168.62
7,2026-09-08,10,107,152,50505.31,249.0
7,2026-09-08,11,98,137,44807.92,134.83
7,2026-09-08,12,450,121,39429.67,283.08
7,2026-09-08,13,110,202,64074.84,307.83
7,2026-09-08,14,126,160,53768.79,166.9
7,2026-09-08,15,108,90,28340.55,118.92
7,2026-09-08,16,112,75,24316.13,125.22
7,2026-09-08,17,461,140,45499.87,280.07
7,2026-09-08,18,212,243,75117.44,368.77
7,2026-09-08,19,67,211,65675.47,189.27
7,2026-09-08,20,53,84,26074.18,73.28
7,2026-09-08,21,0,43,11560.19,32.47
7,2026-09-09,9,421,55,17730.65,199.07
7,2026-09-09,10,140,194,64275.18,288.87
7,2026-09-09,11,127,144,43783.14,165.42
7,2026-09-09,12,575,154,53753.95,339.05
7,2026-09-09,13,130,264,86756.05,389.77
7,2026-09-09,14,150,213,69583.99,197.63
7,2026-09-09,15,120,90,29749.21,136.23
7,2026-09-09,16,139,78,26742.07,135.12
7,2026-09-09,17,555,161,50911.67,343.1
7,2026-09-09,18,274,293,92152.37,438.12
7,2026-09-09,19,97,229,70016.55,243.45
7,2026-09-09,20,53,111,35643.41,109.07
7,2026-09-09,21,0,50,15761.22,37.32
7,2026-09-10,9,400,56,15119.86,178.35
7,2026-09-10,10,109,178,53677.25,273.87
7,2026-09-10,11,129,150,49527.48,157.82
7,2026-09-10,12,519,153,47613.93,304.75
7,2026-09-10,13,144,239,78222.37,367.68
7,2026-09-10,14,128,199,59555.55,196.47
7,2026-09-10,15,122,88,27761.58,149.12
7,2026-09-10,16,132,89,25132.48,145.02
7,2026-09-10,17,508,149,46915.79,325.53
7,2026-09-10,18,242,268,85360.17,403.97
7,2026-09-10,19,83,219,67882.4,216.02
7,2026-09-10,20,42,96,29780.07,85.68
7,2026-09-10,21,0,46,14252.52,31.38
7,2026-09-11,9,411,59,18437.9,188.08
7,2026-09-11,10,150,197,60433.3,294.55
7,2026-09-11,11,126,168,48284.81,171.75
7,2026-09-11,12,548,151,45145.36,326.45
7,2026-09-11,13,145,270,89900.83,389.47
7,2026-09-11,14,146,188,55439.77,200.72
7,2026-09-11,15,144,119,39861.41,164.9
7,2026-09-11,16,121,105,32994.44,146.92
7,2026-09-11,17,567,142,47249.6,336.75
7,2026-09-11,18,247,296,103049.37,454.12
7,2026-09-11,19,73,265,86338.13,235.32
7,2026-09-11,20,61,78,24279.93,89.38
7,2026-09-11,21,0,55,19181.76,47.72
7,2026-09-12,9,504,81,26299.81,223.78
7,2026-09-12,10,152,213,70444.25,357.88
7,2026-09-12,11,160,190,63749.44,201.75
7,2026-09-12,12,693,191,59773.9,424.08
7,2026-09-12,13,174,353,108246.42,477.03
7,2026-09-12,14,173,233,75402.58,227.5
7,2026-09-12,15,161,124,39387.34,181.13
7,2026-09-12,16,140,150,48238.56,162.85
7,2026-09-12,17,677,154,54457.01,410.93
7,2026-09-12,18,330,364,119765.16,543.33
7,2026-09-12,19,107,298,98310.11,289.07
7,2026-09-12,20,56,127,43239.42,110.57
7,2026-09-12,21,0,48,14428.09,33.47
7,2026-09-13,9,447,68,22323.99,196.63
7,2026-09-13,10,158,196,67611.55,323.98
7,2026-09-13,11,162,188,57040.14,193.73
7,2026-09-13,12,656,191,61166.08,411.97
7,2026-09-13,13,170,322,101301.49,451.92
7,2026-09-13,14,156,236,76957.94,216.73
7,2026-09-13,15,146,109,35975.87,169.12
7,2026-09-13,16,165,104,34835.0,175.75
7,2026-09-13,17,667,190,57891.14,423.98
7,2026-09-13,18,303,347,113498.75,526.85
7,2026-09-13,19,101,288,92329.32,267.63
7,2026-09-13,20,58,102,33123.52,115.05
7,2026-09-13,21,0,65,21386.65,46.35
7,2026-09-14,9,418,50,16206.68,186.18
7,2026-09-14,10,141,198,64897.54,297.02
7,2026-09-14,11,148,168,55996.59,187.77
7,2026-09-14,12,577,181,61142.86,343.78
7,2026-09-14,13,154,281,88847.16,411.6
7,2026-09-14,14,127,199,63116.69,206.05
7,2026-09-14,15,134,121,34977.45,141.22
7,2026-09-14,16,151,88,27684.11,164.08
7,2026-09-14,17,580,166,57679.95,353.47
7,2026-09-14,18,263,279,91524.95,467.08
7,2026-09-14,19,76,215,67273.09,243.03
7,2026-09-14,20,44,102,37467.51,91.78
7,2026-09-14,21,0,37,10453.54,29.88
7,2026-09-15,9,468,77,24874.77,225.98
7,2026-09-15,10,163,188,62881.66,316.08
7,2026-09-15,11,128,177,53719.22,183.22
7,2026-09-15,12,578,152,45148.51,345.78
7,2026-09-15,13,152,281,88173.0,421.32
7,2026-09-15,14,133,219,71035.79,203.52
7,2026-09-15,15,161,105,35583.47,156.15
7,2026-09-15,16,126,112,37523.66,156.18
7,2026-09-15,17,593,145,47696.92,355.83
7,2026-09-15,18,296,305,98350.59,474.55
7,2026-09-15,19,92,253,81366.36,251.97
7,2026-09-15,20,40,111,38228.48,101.13
7,2026-09-15,21,0,43,12849.31,30.17
7,2026-09-16,9,489,80,26167.95,219.43
7,2026-09-16,10,172,212,69541.06,336.05
7,2026-09-16,11,155,196,65624.16,223.4
7,2026-09-16,12,633,199,61646.53,387.6
7,2026-09-16,13,148,296,94365.66,433.9
7,2026-09-16,14,171,239,82748.3,208.57
7,2026-09-16,15,158,120,39635.25,176.92
7,2026-09-16,16,167,133,41127.42,181.72
7,2026-09-16,17,663,186,57485.05,403.73
7,2026-09-16,18,305,332,111774.93,529.1
7,2026-09-16,19,93,287,88198.13,283.02
7,2026-09-16,20,54,116,34677.59,109.25
7,2026-09-16,21,0,45,14763.58,33.05
7,2026-09-17,9,449,65,21780.54,201.0
7,2026-09-17,10,163,213,65117.65,314.97
7,2026-09-17,11,172,170,51330.76,209.83
7,2026-09-17,12,614,184,56579.84,387.4
7,2026-09-17,13,128,278,87359.79,422.5
7,2026-09-17,14,162,210,69508.72,202.87
7,2026-09-17,15,157,119,36868.26,169.43
7,2026-09-17,16,161,112,35288.04,163.2
7,2026-09-17,17,677,176,58975.65,423.18
7,2026-09-17,18,318,336,109010.18,556.68
7,2026-09-17,19,99,313,97296.5,279.62
7,2026-09-17,20,54,107,35078.6,110.88
7,2026-09-17,21,0,52,15882.03,36.42
7,2026-09-18,9,491,68,22656.35,213.22
7,2026-09-18,10,144,209,70510.13,336.93
7,2026-09-18,11,153,177,57734.91,195.63
7,2026-09-18,12,642,183,62429.72,404.42
7,2026-09-18,13,139,323,105932.44,416.48
7,2026-09-18,14,170,204,65732.39,201.78
7,2026-09-18,15,135,103,28039.96,175.25
7,2026-09-18,16,141,118,38180.22,159.18
7,2026-09-18,17,648,192,63747.0,377.12
7,2026-09-18,18,316,311,98791.65,508.63
7,2026-09-18,19,90,260,79260.88,292.92
7,2026-09-18,20,56,138,40880.3,107.42
7,2026-09-18,21,0,57,16814.97,35.27
7,2026-09-19,9,587,95,30888.68,259.75
7,2026-09-19,10,153,236,75101.03,380.55
7,2026-09-19,11,169,213,66904.14,212.32
7,2026-09-19,12,715,190,63356.61,433.13
7,2026-09-19,13,173,338,111347.73,485.83
7,2026-09-19,14,192,250,82590.14,251.9
7,2026-09-19,15,173,142,45576.86,204.65
7,2026-09-19,16,176,142,44864.28,187.65
7,2026-09-19,17,718,203,67081.43,425.72
7,2026-09-19,18,345,336,112631.06,569.08
7,2026-09-19,19,118,303,96362.15,320.12
7,2026-09-19,20,56,130,39685.74,140.08
7,2026-09-19,21,0,61,21263.45,44.07
7,2026-09-20,9,505,53,15282.32,234.13
7,2026-09-20,10,178,227,78777.2,372.18
7,2026-09-20,11,174,230,73080.38,221.72
7,2026-09-20,12,725,207,68418.45,420.93
7,2026-09-20,13,175,329,103945.91,484.77
7,2026-09-20,14,185,249,80835.95,262.52
7,2026-09-20,15,178,153,49747.89,210.75
7,2026-09-20,16,161,136,43929.6,177.03
7,2026-09-20,17,695,188,55865.3,424.3
7,2026-09-20,18,377,398,120577.56,579.23
7,2026-09-20,19,115,318,107084.88,315.88
7,2026-09-20,20,61,118,39029.34,119.75
7,2026-09-20,21,0,71,27529.17,50.07
8,2026-08-24,9,361,42,14103.25,161.55
8,2026-08-24,10,94,155,48118.16,256.82
8,2026-08-24,11,117,137,46572.4,153.78
8,2026-08-24,12,501,138,40331.33,294.83
8,2026-08-24,13,94,243,79827.47,325.87
8,2026-08-24,14,128,165,50719.04,148.43
8,2026-08-24,15,116,69,20054.58,125.03
8,2026-08-24,16,114,106,31944.89,125.15
8,2026-08-24,17,465,120,39051.22,277.93
8,2026-08-24,18,244,240,75464.0,381.28
8,2026-08-24,19,68,205,66671.24,221.97
8,2026-08-24,20,56,93,30786.03,89.85
8,2026-08-24,21,0,39,11017.49,37.75
8,2026-08-25,9,334,46,14442.85,142.83
8,2026-08-25,10,108,134,47941.0,231.8
8,2026-08-25,11,120,145,47215.12,150.87
8,2026-08-25,12,509,152,46298.83,307.18
8,2026-08-25,13,128,246,84185.02,328.45
8,2026-08-25,14,122,153,45638.74,162.05
8,2026-08-25,15,134,94,28651.22,147.62
8,2026-08-25,16,103,93,32665.76,123.53
8,2026-08-25,17,488,120,40689.01,283.92
8,2026-08-25,18,274,268,78609.15,387.18
8,2026-08-25,19,81,197,64457.72,235.07
8,2026-08-25,20,41,103,36263.91,99.18
8,2026-08-25,21,0,43,11884.94,29.55
8,2026-08-26,9,354,43,16539.59,149.13
8,2026-08-26,10,125,150,45585.05,258.2
8,2026-08-26,11,109,143,43874.37,151.73
8,2026-08-26,12,508,153,53240.79,294.0
8,2026-08-26,13,138,239,78445.63,340.33
8,2026-08-26,14,130,175,57935.74,183.25
8,2026-08-26,15,130,98,33793.47,156.43
8,2026-08-26,16,134,117,40175.31,152.0
8,2026-08-26,17,520,171,59649.51,313.52
8,2026-08-26,18,266,247,79678.75,416.87
8,2026-08-26,19,72,240,70260.4,241.25
8,2026-08-26,20,54,102,33080.56,81.37
8,2026-08-26,21,0,42,13860.04,34.63
8,2026-08-27,9,394,67,20447.23,185.58
8,2026-08-27,10,121,166,53467.13,268.47
8,2026-08-27,11,112,143,44387.79,137.23
8,2026-08-27,12,557,141,44534.18,330.12
8,2026-08-27,13,116,258,87746.83,385.3
8,2026-08-27,14,141,201,59088.13,183.33
8,2026-08-27,15,128,97,31242.93,149.08
8,2026-08-27,16,107,99,35944.06,132.83
8,2026-08-27,17,541,146,48727.76,309.47
8,2026-08-27,18,248,251,81166.29,429.7
8,2026-08-27,19,91,240,76351.68,231.32
8,2026-08-27,20,44,88,29279.42,100.63
8,2026-08-27,21,0,53,16280.31,37.37
8,2026-08-28,9,488,65,19096.76,217.72
8,2026-08-28,10,178,206,60776.1,355.37
8,2026-08-28,11,165,211,66734.3,222.72
8,2026-08-28,12,640,200,59540.94,393.38
8,2026-08-28,13,148,307,92334.7,431.7
8,2026-08-28,14,158,224,74169.07,214.3
8,2026-08-28,15,131,105,29736.17,157.85
8,2026-08-28,16,140,117,35275.72,155.28
8,2026-08-28,17,567,157,53360.62,346.52
8,2026-08-28,18,305,292,93202.25,466.72
8,2026-08-28,19,102,258,80119.18,275.05
8,2026-08-28,20,59,125,40168.07,116.37
8,2026-08-28,21,0,60,16991.96,43.73
8,2026-08-29,9,494,65,22776.62,223.03
8,2026-08-29,10,178,229,71132.1,369.42
8,2026-08-29,11,167,220,69085.72,227.45
8,2026-08-29,12,631,197,69164.32,401.85
8,2026-08-29,13,159,314,102911.78,421.1
8,2026-08-29,14,154,200,64518.77,206.75
8,2026-08-29,15,163,106,33231.96,180.18
8,2026-08-29,16,147,135,40779.07,180.23
8,2026-08-29,17,673,193,65355.67,391.35
8,2026-08-29,18,328,317,101105.09,533.88
8,2026-08-29,19,109,282,94882.76,307.78
8,2026-08-29,20,64,137,42318.0,122.53
8,2026-08-29,21,0,61,19423.92,46.18
8,2026-08-30,9,455,62,19790.87,206.05
8,2026-08-30,10,133,191,66085.99,314.48
8,2026-08-30,11,152,181,58550.28,182.07
8,2026-08-30,12,567,163,53132.83,342.27
8,2026-08-30,13,145,260,85998.49,387.55
8,2026-08-30,14,132,182,60147.55,198.53
8,2026-08-30,15,167,113,38035.86,181.93
8,2026-08-30,16,156,127,48537.55,175.4
8,2026-08-30,17,614,174,52677.14,371.63
8,2026-08-30,18,303,320,95677.82,479.8
8,2026-08-30,19,94,252,87400.19,262.68
8,2026-08-30,20,63,120,36625.88,116.27
8,2026-08-30,21,0,64,17937.66,46.38
8,2026-08-31,9,408,52,15051.96,185.6
8,2026-08-31,10,132,161,54820.09,290.77
8,2026-08-31,11,135,167,52578.05,186.8
8,2026-08-31,12,537,155,49111.58,326.35
8,2026-08-31,13,120,241,82810.7,360.73
8,2026-08-31,14,138,192,62702.15,177.53
8,2026-08-31,15,134,110,32615.63,151.67
8,2026-08-31,16,121,97,28197.29,143.43
8,2026-08-31,17,578,146,47636.93,350.32
8,2026-08-31,18,266,297,91884.27,471.22
8,2026-08-31,19,55,236,71056.56,218.57
8,2026-08-31,20,53,88,28893.08,71.38
8,2026-08-31,21,0,42,12370.42,29.88
8,2026-09-01,9,404,56,21459.16,183.28
8,2026-09-01,10,112,182,53943.48,278.45
8,2026-09-01,11,136,153,46966.47,166.4
8,2026-09-01,12,558,175,53970.76,355.25
8,2026-09-01,13,121,264,81447.69,365.02
8,2026-09-01,14,131,171,50369.16,177.9
8,2026-09-01,15,148,114,38876.25,150.62
8,2026-09-01,16,127,106,33886.97,142.02
8,2026-09-01,17,523,155,50177.52,316.23
8,2026-09-01,18,273,235,75153.12,429.98
8,2026-09-01,19,86,246,78325.41,255.8
8,2026-09-01,20,45,113,42050.94,93.5
8,2026-09-01,21,0,46,14150.33,32.95
8,2026-09-02,9,372,46,14552.85,174.67
8,2026-09-02,10,117,166,52511.59,273.22
8,2026-09-02,11,124,139,45581.56,163.63
8,2026-09-02,12,543,148,48552.63,322.58
8,2026-09-02,13,136,255,82089.38,373.77
8,2026-09-02,14,113,199,67869.38,181.92
8,2026-09-02,15,130,88,27572.3,131.82
8,2026-09-02,16,106,88,24947.38,130.55
8,2026-09-02,17,554,143,51139.76,322.92
8,2026-09-02,18,243,281,89361.42,415.6
8,2026-09-02,19,54,219,72060.59,210.35
8,2026-09-02,20,57,76,27568.41,78.27
8,2026-09-02,21,0,48,15362.15,38.15
8,2026-09-03,9,387,41,11859.83,184.93
8,2026-09-03,10,120,164,55021.06,286.83
8,2026-09-03,11,130,155,48202.19,178.52
8,2026-09-03,12,474,134,41472.37,297.07
8,2026-09-03,13,134,232,70266.77,336.85
8,2026-09-03,14,143,200,61291.16,192.53
8,2026-09-03,15,125,105,34501.47,141.03
8,2026-09-03,16,119,78,24389.07,134.23
8,2026-09-03,17,561,142,45765.76,322.32
8,2026-09-03,18,229,302,94211.19,429.12
8,2026-09-03,19,79,211,66247.05,223.9
8,2026-09-03,20,50,100,31355.22,93.93
8,2026-09-03,21,0,47,16706.05,31.03
8,2026-09-04,9,461,71,23200.34,221.43
8,2026-09-04,10,127,207,70314.45,298.37
8,2026-09-04,11,137,155,48778.92,170.57
8,2026-09-04,12,569,170,51422.24,349.87
8,2026-09-04,13,142,262,80050.8,395.68
8,2026-09-04,14,165,205,63831.78,200.75
8,2026-09-04,15,127,112,35446.76,151.48
8,2026-09-04,16,155,110,36272.91,147.72
8,2026-09-04,17,605,154,53110.14,364.68
8,2026-09-04,18,291,317,99556.59,488.97
8,2026-09-04,19,93,261,83696.38,251.48
8,2026-09-04,20,55,113,37496.84,99.48
8,2026-09-04,21,0,53,18138.89,40.93
8,2026-09-05,9,478,76,22260.65,215.73
8,2026-09-05,10,165,212,64398.09,333.75
8,2026-09-05,11,178,185,64929.03,222.88
8,2026-09-05,12,664,192,65618.02,416.58
8,2026-09-05,13,135,324,101511.18,460.77
8,2026-09-05,14,164,216,72427.08,219.12
8,2026-09-05,15,168,114,32350.91,187.28
8,2026-09-05,16,152,120,40372.31,174.9
8,2026-09-05,17,641,148,47882.63,376.08
8,2026-09-05,18,348,329,98993.83,551.1
8,2026-09-05,19,90,299,94831.79,305.08
8,2026-09-05,20,64,123,37233.06,112.15
8,2026-09-05,21,0,59,17304.14,40.27
8,2026-09-06,9,501,66,21478.3,222.98
8,2026-09-06,10,139,217,66254.82,343.05
8,2026-09-06,11,148,193,64286.96,183.45
8,2026-09-06,12,642,165,57220.71,390.62
8,2026-09-06,13,131,332,109014.52,415.68
8,2026-09-06,14,166,202,60166.89,192.32
8,2026-09-06,15,172,121,37871.95,183.28
8,2026-09-06,16,179,121,39822.95,179.4
8,2026-09-06,17,640,187,55356.16,411.8
8,2026-09-06,18,298,316,103927.41,501.25
8,2026-09-06,19,76,271,79900.08,254.32
8,2026-09-06,20,64,92,26810.38,92.1
8,2026-09-06,21,0,58,20380.69,42.85
8,2026-09-07,9,346,60,19552.73,152.8
8,2026-09-07,10,110,154,48212.19,230.48
8,2026-09-07,11,124,138,48577.22,155.07
8,2026-09-07,12,493,146,48197.31,301.72
8,2026-09-07,13,114,248,78604.42,327.82
8,2026-09-07,14,134,164,54525.03,162.97
8,2026-09-07,15,123,95,32022.22,131.15
8,2026-09-07,16,120,88,28957.87,139.6
8,2026-09-07,17,479,125,41475.29,306.35
8,2026-09-07,18,245,255,86385.52,390.95
8,2026-09-07,19,66,201,64330.25,204.12
8,2026-09-07,20,38,85,26447.67,75.15
8,2026-09-07,21,0,33,10779.07,26.28
8,2026-09-08,9,369,63,18912.89,162.48
8,2026-09-08,10,109,153,48522.9,245.95
8,2026-09-08,11,128,146,47818.96,144.02
8,2026-09-08,12,497,142,39419.13,295.17
8,2026-09-08,13,111,240,75109.59,325.87
8,2026-09-08,14,124,167,55345.59,151.07
8,2026-09-08,15,111,76,24297.27,127.62
8,2026-09-08,16,113,85,23116.08,124.93
8,2026-09-08,17,495,144,44250.52,297.02
8,2026-09-08,18,212,242,83937.57,376.77
8,2026-09-08,19,62,208,67094.56,175.88
8,2026-09-08,20,41,70,20902.97,70.35
8,2026-09-08,21,0,38,12062.71,31.12
8,2026-09-09,9,397,58,19802.88,173.4
8,2026-09-09,10,113,159,53991.32,276.43
8,2026-09-09,11,121,148,44840.57,156.13
8,2026-09-09,12,511,173,50188.44,316.82
8,2026-09-09,13,117,236,71870.12,347.77
8,2026-09-09,14,132,186,58244.85,163.28
8,2026-09-09,15,156,103,36718.1,145.18
8,2026-09-09,16,118,91,30516.38,148.13
8,2026-09-09,17,562,168,52401.08,345.33
8,2026-09-09,18,267,297,100086.14,432.52
8,2026-09-09,19,71,251,80409.58,238.47
8,2026-09-09,20,53,87,26579.72,91.72
8,2026-09-09,21,0,45,14523.03,33.12
8,2026-09-10,9,366,63,20679.95,166.75
8,2026-09-10,10,127,155,47579.8,250.9
8,2026-09-10,11,128,145,44972.55,166.82
8,2026-09-10,12,510,154,43918.97,321.07
8,2026-09-10,13,122,259,83923.74,351.63
8,2026-09-10,14,138,174,57272.88,179.77
8,2026-09-10,15,128,94,28696.5,150.2
8,2026-09-10,16,131,103,33868.17,140.18
8,2026-09-10,17,503,149,45721.29,311.77
8,2026-09-10,18,252,266,88729.82,403.77
8,2026-09-10,19,80,206,62719.8,206.08
8,2026-09-10,20,46,95,27315.76,77.88
8,2026-09-10,21,0,38,11660.19,29.75
8,2026-09-11,9,461,77,23940.47,209.42
8,2026-09-11,10,135,187,57946.15,308.82
8,2026-09-11,11,149,160,47787.88,186.73
8,2026-09-11,12,601,183,60653.78,358.03
8,2026-09-11,13,142,282,89024.31,393.38
8,2026-09-11,14,159,223,72020.4,201.1
8,2026-09-11,15,157,114,34453.15,184.35
8,2026-09-11,16,148,125,35733.48,174.6
8,2026-09-11,17,614,198,64065.34,361.78
8,2026-09-11,18,295,290,94486.36,482.6
8,2026-09-11,19,90,282,89102.54,281.38
8,2026-09-11,20,67,112,36842.46,102.23
8,2026-09-11,21,0,61,22099.2,44.35
8,2026-09-12,9,497,56,18327.46,217.25
8,2026-09-12,10,171,216,67436.03,363.37
8,2026-09-12,11,144,197,63443.01,220.75
8,2026-09-12,12,667,205,64264.56,398.43
8,2026-09-12,13,163,326,101005.25,452.27
8,2026-09-12,14,149,233,69228.44,216.9
8,2026-09-12,15,179,126,42345.34,166.3
8,2026-09-12,16,135,99,31027.54,191.07
8,2026-09-12,17,655,205,66372.03,405.92
8,2026-09-12,18,347,321,101311.52,527.03
8,2026-09-12,19,101,284,93423.6,313.72
8,2026-09-12,20,74,138,44217.11,128.55
8,2026-09-12,21,0,66,20176.83,44.07
8,2026-09-13,9,428,63,19999.05,191.4
8,2026-09-13,10,160,176,57639.77,319.43
8,2026-09-13,11,142,192,61564.82,193.18
8,2026-09-13,12,541,152,49666.79,330.82
8,2026-09-13,13,144,263,88765.67,399.27
8,2026-09-13,14,117,188,57009.19,186.95
8,2026-09-13,15,138,101,34750.99,138.9
8,2026-09-13,16,118,90,28215.08,134.67
8,2026-09-13,17,583,154,46528.17,342.82
8,2026-09-13,18,301,289,91847.08,473.92
8,2026-09-13,19,75,269,86250.71,257.25
8,2026-09-13,20,51,106,33237.0,100.63
8,2026-09-13,21,0,46,16276.35,33.27
8,2026-09-14,9,334,49,18554.58,153.68
8,2026-09-14,10,128,156,55925.32,244.73
8,2026-09-14,11,115,142,52937.21,155.12
8,2026-09-14,12,452,132,43245.77,269.85
8,2026-09-14,13,123,198,68117.86,325.25
8,2026-09-14,14,125,187,65372.83,171.42
8,2026-09-14,15,126,90,30852.23,133.5
8,2026-09-14,16,122,98,28532.67,130.77
8,2026-09-14,17,468,148,47254.07,289.33
8,2026-09-14,18,228,241,73291.08,366.67
8,2026-09-14,19,73,205,70785.74,197.52
8,2026-09-14,20,47,86,29437.68,84.48
8,2026-09-14,21,0,47,17033.85,32.5
8,2026-09-15,9,440,57,18228.89,211.28
8,2026-09-15,10,149,205,65655.92,315.7
8,2026-09-15,11,139,151,46451.42,181.43
8,2026-09-15,12,555,163,57426.82,345.08
8,2026-09-15,13,101,289,95388.43,371.6
8,2026-09-15,14,138,167,51918.58,174.7
8,2026-09-15,15,135,89,29414.41,147.58
8,2026-09-15,16,124,99,28191.7,155.93
8,2026-09-15,17,550,162,51684.56,335.25
8,2026-09-15,18,248,292,98421.81,432.82
8,2026-09-15,19,80,231,74568.64,222.82
8,2026-09-15,20,42,93,30945.25,84.27
8,2026-09-15,21,0,30,8784.31,28.88
8,2026-09-16,9,431,73,21732.21,196.67
8,2026-09-16,10,129,180,55776.64,293.55
8,2026-09-16,11,134,166,52112.66,172.27
8,2026-09-16,12,587,158,54662.04,339.77
8,2026-09-16,13,145,270,89348.73,392.12
8,2026-09-16,14,148,193,64057.13,190.45
8,2026-09-16,15,155,101,31656.09,162.08
8,2026-09-16,16,136,131,43887.77,161.22
8,2026-09-16,17,566,154,50747.31,344.97
8,2026-09-16,18,290,280,94902.21,444.83
8,2026-09-16,19,93,253,80964.27,259.22
8,2026-09-16,20,64,112,31979.91,98.53
8,2026-09-16,21,0,50,14987.82,42.22
8,2026-09-17,9,478,76,23689.91,214.58
8,2026-09-17,10,143,191,66032.38,329.65
8,2026-09-17,11,139,193,61929.95,183.08
8,2026-09-17,12,582,164,55473.61,347.75
8,2026-09-17,13,142,269,82561.36,387.85
8,2026-09-17,14,152,206,63321.33,212.38
8,2026-09-17,15,165,133,39892.86,171.82
8,2026-09-17,16,152,131,44927.16,168.95
8,2026-09-17,17,659,171,58167.14,393.48
8,2026-09-17,18,331,319,96809.02,530.33
8,2026-09-17,19,94,285,88937.16,298.33
8,2026-09-17,20,61,123,38810.14,107.17
8,2026-09-17,21,0,46,14862.49,42.33
8,2026-09-18,9,512,74,22284.81,227.23
8,2026-09-18,10,145,214,70548.75,363.1
8,2026-09-18,11,151,185,56436.65,201.75
8,2026-09-18,12,674,202,64024.14,405.37
8,2026-09-18,13,158,323,101805.01,438.83
8,2026-09-18,14,158,213,62274.33,215.52
8,2026-09-18,15,160,118,34407.65,165.78
8,2026-09-18,16,141,121,37320.95,159.55
8,2026-09-18,17,672,164,54943.32,386.38
8,2026-09-18,18,313,347,113643.36,538.58
8,2026-09-18,19,86,288,91639.38,288.33
8,2026-09-18,20,63,112,36174.18,108.78
8,2026-09-18,21,0,60,17664.85,43.38
8,2026-09-19,9,466,58,18616.62,224.3
8,2026-09-19,10,158,211,71193.24,342.18
8,2026-09-19,11,146,194,65279.49,196.15
8,2026-09-19,12,615,181,54873.25,366.28
8,2026-09-19,13,142,294,93128.02,423.95
8,2026-09-19,14,150,192,68362.89,214.78
8,2026-09-19,15,154,109,32838.56,165.7
8,2026-09-19,16,134,107,31911.1,155.03
8,2026-09-19,17,618,168,55751.86,375.3
8,2026-09-19,18,271,306,95209.61,480.63
8,2026-09-19,19,88,267,93851.0,247.23
8,2026-09-19,20,50,101,34150.41,95.17
8,2026-09-19,21,0,45,14228.5,33.07
8,2026-09-20,9,487,72,23552.72,222.68
8,2026-09-20,10,153,195,58901.94,348.07
8,2026-09-20,11,174,193,65317.31,212.52
8,2026-09-20,12,654,170,56424.52,407.38
8,2026-09-20,13,179,294,97698.82,460.92
8,2026-09-20,14,166,239,74871.76,243.62
8,2026-09-20,15,156,136,42015.67,179.57
8,2026-09-20,16,164,109,34948.33,179.75
8,2026-09-20,17,617,179,63684.39,376.55
8,2026-09-20,18,355,342,111692.29,537.58
8,2026-09-20,19,99,280,90258.64,300.92
8,2026-09-20,20,52,110,34475.55,104.05
8,2026-09-20,21,0,56,16453.13,38.7
9,2026-08-24,9,402,57,17045.53,181.8
9,2026-08-24,10,107,193,61157.65,275.63
9,2026-08-24,11,117,144,44631.08,154.12
9,2026-08-24,12,507,151,48485.79,300.38
9,2026-08-24,13,108,241,76451.31,343.75
9,2026-08-24,14,121,172,60521.89,167.0
9,2026-08-24,15,127,101,30806.34,135.85
9,2026-08-24,16,116,79,25928.66,139.88
9,2026-08-24,17,522,142,46064.19,329.15
9,2026-08-24,18,247,267,89511.03,421.12
9,2026-08-24,19,72,225,79264.51,207.9
9,2026-08-24,20,48,89,28514.41,81.83
9,2026-08-24,21,0,44,14541.17,30.23
9,2026-08-25,9,391,66,21010.06,182.75
9,2026-08-25,10,135,182,58327.62,258.78
9,2026-08-25,11,111,125,37871.52,157.7
9,2026-08-25,12,542,147,45506.81,324.93
9,2026-08-25,13,122,264,89898.93,366.85
9,2026-08-25,14,111,187,57312.37,178.92
9,2026-08-25,15,128,91,25572.79,132.23
9,2026-08-25,16,144,99,32195.85,141.22
9,2026-08-25,17,496,162,54671.26,304.5
9,2026-08-25,18,260,261,82010.18,406.78
9,2026-08-25,19,72,215,74107.29,228.27
9,2026-08-25,20,52,93,31505.07,88.75
9,2026-08-25,21,0,45,12096.47,41.03
9,2026-08-26,9,339,45,13456.01,153.65
9,2026-08-26,10,109,168,56089.36,231.63
9,2026-08-26,11,119,122,40110.61,142.12
9,2026-08-26,12,466,139,46838.62,279.65
9,2026-08-26,13,113,242,79405.79,319.45
9,2026-08-26,14,118,166,55378.8,158.97
9,2026-08-26,15,113,90,28049.68,112.37
9,2026-08-26,16,123,82,24798.82,124.02
9,2026-08-26,17,496,154,42174.85,289.65
9,2026-08-26,18,228,246,80571.12,384.43
9,2026-08-26,19,73,205,65923.55,207.62
9,2026-08-26,20,48,79,23706.78,87.82
9,2026-08-26,21,0,46,13185.97,38.7
9,2026-08-27,9,379,50,17906.99,181.97
9,2026-08-27,10,120,166,52997.64,262.95
9,2026-08-27,11,126,140,45539.05,164.12
9,2026-08-27,12,470,133,45039.11,303.98
9,2026-08-27,13,111,214,67465.42,328.13
9,2026-08-27,14,120,159,45959.04,157.5
9,2026-08-27,15,115,99,35906.77,122.27
9,2026-08-27,16,102,90,27286.13,120.15
9,2026-08-27,17,527,117,33639.37,306.42
9,2026-08-27,18,270,300,97092.18,417.2
9,2026-08-27,19,64,241,78891.89,225.18
9,2026-08-27,20,58,78,23481.1,91.03
9,2026-08-27,21,0,48,15404.67,35.02
9,2026-08-28,9,399,63,20780.49,190.7
9,2026-08-28,10,123,168,51512.08,261.77
9,2026-08-28,11,112,161,52586.84,155.3
9,2026-08-28,12,497,141,43284.75,302.8
9,2026-08-28,13,136,228,71655.1,319.33
9,2026-08-28,14,139,166,50843.73,181.3
9,2026-08-28,15,121,107,34283.5,148.67
9,2026-08-28,16,138,100,32839.09,144.3
9,2026-08-28,17,512,159,49020.77,326.7
9,2026-08-28,18,301,287,97215.74,422.37
9,2026-08-28,19,81,224,70390.68,260.92
9,2026-08-28,20,45,111,36029.07,92.52
9,2026-08-28,21,0,48,15301.76,35.13
9,2026-08-29,9,499,73,26087.97,227.1
9,2026-08-29,10,151,209,61989.48,348.82
9,2026-08-29,11,173,203,62383.19,208.98
9,2026-08-29,12,657,174,63316.94,407.17
9,2026-08-29,13,141,310,95318.17,457.38
9,2026-08-29,14,154,220,73396.63,225.25
9,2026-08-29,15,143,104,36002.64,165.55
9,2026-08-29,16,161,115,33178.84,162.18
9,2026-08-29,17,685,189,54549.76,406.6
9,2026-08-29,18,328,353,115415.81,526.95
9,2026-08-29,19,104,300,96974.82,298.27
9,2026-08-29,20,58,124,39606.03,113.13
9,2026-08-29,21,0,55,17007.35,32.75
9,2026-08-30,9,474,68,18959.7,220.72
9,2026-08-30,10,160,202,64301.65,339.4
9,2026-08-30,11,168,187,56697.11,200.88
9,2026-08-30,12,604,155,46201.63,382.15
9,2026-08-30,13,145,305,97768.37,423.82
9,2026-08-30,14,148,207,61230.78,212.23
9,2026-08-30,15,146,110,34152.48,163.82
9,2026-08-30,16,157,123,40637.12,154.28
9,2026-08-30,17,622,162,55266.42,374.57
9,2026-08-30,18,304,297,89813.84,511.68
9,2026-08-30,19,95,293,92865.13,269.37
9,2026-08-30,20,45,99,31723.62,106.0
9,2026-08-30,21,0,53,18314.72,34.2
9,2026-08-31,9,382,60,19658.42,174.5
9,2026-08-31,10,104,160,48814.47,255.5
9,2026-08-31,11,104,134,42574.67,142.1
9,2026-08-31,12,494,135,47140.23,304.13
9,2026-08-31,13,112,222,71276.0,328.43
9,2026-08-31,14,137,164,51129.94,174.65
9,2026-08-31,15,119,91,30554.65,136.83
9,2026-08-31,16,122,91,29025.14,124.57
9,2026-08-31,17,543,169,55957.32,320.35
9,2026-08-31,18,234,272,87919.58,394.42
9,2026-08-31,19,70,181,55463.71,217.37
9,2026-08-31,20,46,89,26622.3,88.0
9,2026-08-31,21,0,39,12225.64,29.23
9,2026-09-01,9,435,60,21440.11,203.47
9,2026-09-01,10,116,193,62952.86,287.18
9,2026-09-01,11,144,168,52490.2,165.7
9,2026-09-01,12,536,150,48784.4,315.67
9,2026-09-01,13,139,268,80800.33,374.37
9,2026-09-01,14,133,193,63984.32,186.87
9,2026-09-01,15,125,99,29199.66,143.55
9,2026-09-01,16,130,87,26045.8,144.75
9,2026-09-01,17,514,174,60438.37,332.33
9,2026-09-01,18,277,261,86346.52,421.43
9,2026-09-01,19,80,235,77062.32,230.33
9,2026-09-01,20,50,99,33781.48,98.92
9,2026-09-01,21,0,49,15028.83,36.25
9,2026-09-02,9,442,61,17698.75,190.2
9,2026-09-02,10,126,199,61438.54,297.92
9,2026-09-02,11,159,170,52823.38,196.62
9,2026-09-02,12,497,142,47805.81,326.95
9,2026-09-02,13,119,245,77649.7,355.22
9,2026-09-02,14,147,181,59834.56,185.43
9,2026-09-02,15,138,116,36722.37,155.3
9,2026-09-02,16,152,103,36387.79,164.97
9,2026-09-02,17,549,166,52049.17,355.42
9,2026-09-02,18,318,304,96517.16,472.23
9,2026-09-02,19,88,253,82815.01,255.1
9,2026-09-02,20,59,104,33349.86,103.08
9,2026-09-02,21,0,50,14071.61,37.32
9,2026-09-03,9,335,45,16640.85,149.87
9,2026-09-03,10,97,140,44228.41,239.43
9,2026-09-03,11,116,137,40528.45,143.27
9,2026-09-03,12,493,147,49147.15,291.53
9,2026-09-03,13,87,241,75821.03,315.5
9,2026-09-03,14,112,145,46912.71,139.13
9,2026-09-03,15,142,78,22736.61,126.78
9,2026-09-03,16,113,96,27717.64,138.65
9,2026-09-03,17,526,132,43658.96,317.22
9,2026-09-03,18,247,284,92578.12,430.5
9,2026-09-03,19,74,222,69561.46,213.3
9,2026-09-03,20,43,82,27569.21,83.9
9,2026-09-03,21,0,46,16339.21,29.65
9,2026-09-04,9,441,60,17319.08,200.85
9,2026-09-04,10,139,193,59756.69,310.35
9,2026-09-04,11,156,175,59426.87,193.88
9,2026-09-04,12,635,183,58248.94,393.57
9,2026-09-04,13,167,307,102007.07,444.47
9,2026-09-04,14,141,232,68488.53,223.08
9,2026-09-04,15,167,111,33101.74,172.2
9,2026-09-04,16,149,139,43340.58,180.92
9,2026-09-04,17,609,158,56876.5,376.25
9,2026-09-04,18,321,347,110396.19,488.98
9,2026-09-04,19,91,263,83618.65,267.82
9,2026-09-04,20,61,121,40199.65,112.33
9,2026-09-04,21,0,48,14650.19,36.42
9,2026-09-05,9,455,60,19584.74,200.65
9,2026-09-05,10,166,196,64760.72,341.92
9,2026-09-05,11,155,205,66053.75,209.12
9,2026-09-05,12,616,194,60397.67,368.5
9,2026-09-05,13,150,277,89735.86,425.62
9,2026-09-05,14,144,222,73578.4,205.32
9,2026-09-05,15,150,120,37735.43,159.55
9,2026-09-05,16,162,113,37219.87,153.28
9,2026-09-05,17,639,185,58645.0,404.32
9,2026-09-05,18,316,313,99634.87,496.67
9,2026-09-05,19,96,269,88329.72,283.32
9,2026-09-05,20,56,115,39658.98,112.63
9,2026-09-05,21,0,59,18881.71,41.17
9,2026-09-06,9,472,79,23844.74,222.05
9,2026-09-06,10,158,216,67303.96,329.97
9,2026-09-06,11,155,185,59152.08,186.88
9,2026-09-06,12,643,182,59183.67,397.55
9,2026-09-06,13,138,298,96900.92,434.5
9,2026-09-06,14,148,211,68711.96,200.82
9,2026-09-06,15,143,111,35488.81,170.95
9,2026-09-06,16,151,104,35437.14,157.35
9,2026-09-06,17,595,168,53105.75,372.4
9,2026-09-06,18,317,314,97914.09,490.53
9,2026-09-06,19,95,254,76322.26,260.2
9,2026-09-06,20,58,112,32995.85,117.42
9,2026-09-06,21,0,63,21039.3,42.78
9,2026-09-07,9,357,45,15112.81,157.42
9,2026-09-07,10,120,170,52125.31,254.75
9,2026-09-07,11,121,131,38043.54,156.15
9,2026-09-07,12,470,137,42605.21,294.43
9,2026-09-07,13,128,236,74648.28,342.42
9,2026-09-07,14,119,176,55177.81,175.12
9,2026-09-07,15,108,84,26015.05,127.8
9,2026-09-07,16,128,82,27346.96,129.0
9,2026-09-07,17,477,144,49737.4,301.88
9,2026-09-07,18,241,255,85946.9,377.9
9,2026-09-07,19,69,201,67585.23,216.93
9,2026-09-07,20,54,105,33371.39,90.28
9,2026-09-07,21,0,44,14080.98,30.82
9,2026-09-08,9,325,48,16438.43,144.85
9,2026-09-08,10,117,158,52905.21,222.0
9,2026-09-08,11,117,139,45310.59,153.77
9,2026-09-08,12,480,138,40376.89,304.5
9,2026-09-08,13,108,235,80410.97,324.87
9,2026-09-08,14,117,149,51022.07,162.65
9,2026-09-08,15,118,90,28105.88,133.0
9,2026-09-08,16,105,84,29461.73,127.63
9,2026-09-08,17,479,144,42750.51,279.83
9,2026-09-08,18,223,250,82069.93,372.28
9,2026-09-08,19,59,196,65850.32,194.62
9,2026-09-08,20,36,77,25185.69,82.28
9,2026-09-08,21,0,41,11593.91,28.55
9,2026-09-09,9,338,63,16948.09,153.85
9,2026-09-09,10,94,151,46350.48,219.02
9,2026-09-09,11,122,112,38145.22,138.92
9,2026-09-09,12,457,135,42569.56,286.92
9,2026-09-09,13,101,236,77990.6,306.25
9,2026-09-09,14,122,164,56519.73,149.4
9,2026-09-09,15,112,79,24150.75,132.07
9,2026-09-09,16,92,84,27223.09,112.95
9,2026-09-09,17,438,126,39737.98,255.37
9,2026-09-09,18,243,229,72720.8,359.87
9,2026-09-09,19,69,189,60152.95,207.93
9,2026-09-09,20,43,101,32186.68,79.2
9,2026-09-09,21,0,36,10092.97,26.97
9,2026-09-10,9,394,59,16475.29,171.6
9,2026-09-10,10,126,150,41592.46,284.85
9,2026-09-10,11,160,166,52848.02,182.9
9,2026-09-10,12,540,181,52844.97,340.7
9,2026-09-10,13,103,254,78038.53,348.38
9,2026-09-10,14,119,165,52408.5,172.02
9,2026-09-10,15,135,83,27302.15,146.47
9,2026-09-10,16,122,97,29725.86,145.22
9,2026-09-10,17,547,167,48678.1,317.67
9,2026-09-10,18,251,261,80795.55,421.4
9,2026-09-10,19,66,222,73133.07,222.67
9,2026-09-10,20,48,87,29307.79,83.67
9,2026-09-10,21,0,46,17422.94,29.5
9,2026-09-11,9,435,55,18749.24,204.07
9,2026-09-11,10,137,203,65580.66,300.57
9,2026-09-11,11,117,159,48822.21,166.1
9,2026-09-11,12,508,147,45150.36,321.95
9,2026-09-11,13,136,254,82749.99,339.43
9,2026-09-11,14,127,177,54429.64,174.92
9,2026-09-11,15,115,86,24364.9,135.2
9,2026-09-11,16,149,98,33032.38,151.75
9,2026-09-11,17,589,150,43483.65,346.85
9,2026-09-11,18,286,295,93022.03,473.82
9,2026-09-11,19,74,262,86960.88,245.3
9,2026-09-11,20,50,104,31382.55,91.85
9,2026-09-11,21,0,45,12958.74,30.52
9,2026-09-12,9,452,73,23863.35,195.25
9,2026-09-12,10,153,187,58341.61,327.68
9,2026-09-12,11,137,182,59589.71,187.67
9,2026-09-12,12,619,170,52210.63,382.58
9,2026-09-12,13,130,296,89779.35,419.47
9,2026-09-12,14,165,216,72622.82,198.37
9,2026-09-12,15,131,106,33932.26,166.87
9,2026-09-12,16,157,96,30818.77,157.35
9,2026-09-12,17,627,171,53625.72,389.55
9,2026-09-12,18,308,330,104946.75,532.58
9,2026-09-12,19,111,290,96924.25,286.28
9,2026-09-12,20,59,120,38052.42,120.75
9,2026-09-12,21,0,58,18814.03,43.33
9,2026-09-13,9,397,59,15893.47,180.12
9,2026-09-13,10,154,186,58201.42,300.4
9,2026-09-13,11,142,183,58306.41,178.0
9,2026-09-13,12,572,173,54458.08,349.02
9,2026-09-13,13,150,280,81930.92,402.35
9,2026-09-13,14,133,204,66457.16,196.22
9,2026-09-13,15,145,91,30297.41,148.7
9,2026-09-13,16,138,103,34949.39,161.75
9,2026-09-13,17,551,164,51380.16,347.7
9,2026-09-13,18,276,280,91892.58,438.37
9,2026-09-13,19,94,241,73546.81,245.73
9,2026-09-13,20,59,115,36950.57,102.22
9,2026-09-13,21,0,56,17645.02,41.92
9,2026-09-14,9,325,41,13260.82,146.73
9,2026-09-14,10,114,166,56748.36,222.87
9,2026-09-14,11,104,113,32200.61,131.7
9,2026-09-14,12,445,116,35284.85,267.82
9,2026-09-14,13,109,225,75559.65,299.73
9,2026-09-14,14,108,150,44334.09,138.18
9,2026-09-14,15,108,75,23208.71,119.33
9,2026-09-14,16,109,79,23947.8,121.53
9,2026-09-14,17,451,140,43473.92,275.47
9,2026-09-14,18,225,235,74857.3,349.93
9,2026-09-14,19,68,177,56889.69,202.35
9,2026-09-14,20,52,98,30878.44,83.9
9,2026-09-14,21,0,38,11765.14,29.73
9,2026-09-15,9,339,38,12186.67,161.02
9,2026-09-15,10,130,144,48362.31,254.12
9,2026-09-15,11,139,156,50594.84,163.32
9,2026-09-15,12,465,150,47169.77,304.47
9,2026-09-15,13,104,219,70074.94,314.68
9,2026-09-15,14,130,182,59247.87,162.18
9,2026-09-15,15,122,95,27547.38,127.93
9,2026-09-15,16,100,81,23958.84,119.43
9,2026-09-15,17,481,124,42777.77,287.03
9,2026-09-15,18,224,254,79175.24,367.22
9,2026-09-15,19,75,185,56288.17,214.93
9,2026-09-15,20,54,89,30193.18,93.82
9,2026-09-15,21,0,44,17120.74,38.07
9,2026-09-16,9,405,58,19163.59,183.55
9,2026-09-16,10,126,165,52321.67,270.92
9,2026-09-16,11,136,160,48013.34,165.8
9,2026-09-16,12,544,151,47880.55,325.83
9,2026-09-16,13,158,257,81154.82,383.3
9,2026-09-16,14,129,205,64109.08,199.38
9,2026-09-16,15,124,98,30360.4,140.53
9,2026-09-16,16,130,99,29985.08,145.28
9,2026-09-16,17,533,173,53556.43,334.4
9,2026-09-16,18,264,301,97937.03,411.05
9,2026-09-16,19,89,227,71473.72,227.15
9,2026-09-16,20,64,91,29056.62,104.57
9,2026-09-16,21,0,63,21804.05,47.13
9,2026-09-17,9,434,51,15427.4,190.97
9,2026-09-17,10,138,206,67859.45,308.2
9,2026-09-17,11,152,162,48730.57,181.58
9,2026-09-17,12,534,140,42923.37,341.72
9,2026-09-17,13,113,268,89394.9,365.78
9,2026-09-17,14,158,185,54631.75,182.85
9,2026-09-17,15,133,122,38529.66,156.45
9,2026-09-17,16,130,96,31685.63,154.23
9,2026-09-17,17,551,171,52653.6,322.2
9,2026-09-17,18,286,269,85240.87,460.88
9,2026-09-17,19,89,253,79235.34,253.08
9,2026-09-17,20,59,116,35150.39,106.22
9,2026-09-17,21,0,56,16882.55,42.97
9,2026-09-18,9,400,54,18829.9,176.9
9,2026-09-18,10,122,163,49807.2,295.67
9,2026-09-18,11,130,167,55533.01,167.87
9,2026-09-18,12,600,170,59561.93,337.43
9,2026-09-18,13,130,297,94352.34,382.43
9,2026-09-18,14,144,176,57865.91,179.42
9,2026-09-18,15,142,103,34576.57,147.17
9,2026-09-18,16,140,104,32279.04,154.08
9,2026-09-18,17,556,180,55595.01,339.37
9,2026-09-18,18,290,292,91852.35,434.72
9,2026-09-18,19,88,235,77026.05,257.2
9,2026-09-18,20,52,125,37502.03,98.62
9,2026-09-18,21,0,48,15740.85,34.02
9,2026-09-19,9,476,66,17525.59,225.5
9,2026-09-19,10,156,214,69679.46,327.03
9,2026-09-19,11,175,181,61233.28,204.18
9,2026-09-19,12,609,188,59449.05,382.62
9,2026-09-19,13,142,293,93738.01,432.05
9,2026-09-19,14,153,213,68256.48,214.07
9,2026-09-19,15,165,116,34673.03,173.28
9,2026-09-19,16,156,123,38365.88,167.7
9,2026-09-19,17,668,184,60602.1,388.77
9,2026-09-19,18,336,320,109059.58,542.67
9,2026-09-19,19,95,321,96905.18,288.42
9,2026-09-19,20,66,107,33208.94,107.75
9,2026-09-19,21,0,61,22313.87,48.12
9,2026-09-20,9,433,69,22641.06,203.58
9,2026-09-20,10,124,177,56422.03,289.13
9,2026-09-20,11,141,160,54584.76,174.43
9,2026-09-20,12,565,178,59488.35,338.27
9,2026-09-20,13,135,276,87588.78,372.53
9,2026-09-20,14,133,190,61615.12,185.47
9,2026-09-20,15,151,111,35757.37,158.33
9,2026-09-20,16,122,110,32900.3,148.32
9,2026-09-20,17,577,168,48455.08,347.75
9,2026-09-20,18,281,284,92259.89,465.57
9,2026-09-20,19,97,261,87371.13,251.25
9,2026-09-20,20,38,89,30350.37,93.12
9,2026-09-20,21,0,52,13505.17,36.4
10,2026-08-24,9,337,46,13543.29,156.15
10,2026-08-24,10,116,162,51348.92,249.57
10,2026-08-24,11,108,128,40035.43,142.47
10,2026-08-24,12,490,140,44038.91,286.0
10,2026-08-24,13,125,212,67446.1,338.2
10,2026-08-24,14,132,179,54880.95,176.43
10,2026-08-24,15,138,92,29640.57,154.25
10,2026-08-24,16,138,104,37695.52,151.73
10,2026-08-24,17,531,164,51896.95,315.95
10,2026-08-24,18,244,284,88007.88,410.87
10,2026-08-24,19,81,225,81170.53,223.35
10,2026-08-24,20,55,87,28516.39,89.75
10,2026-08-24,21,0,49,17869.46,39.03
10,2026-08-25,9,381,44,14138.68,166.77
10,2026-08-25,10,128,167,56049.47,266.18
10,2026-08-25,11,128,164,51149.58,156.55
10,2026-08-25,12,518,137,43281.36,306.25
10,2026-08-25,13,137,236,81212.37,376.22
10,2026-08-25,14,129,183,60049.65,189.82
10,2026-08-25,15,123,96,33433.22,150.58
10,2026-08-25,16,118,90,26283.79,142.12
10,2026-08-25,17,505,162,50414.99,310.55
10,2026-08-25,18,242,276,85818.97,397.38
10,2026-08-25,19,82,201,65249.22,214.07
10,2026-08-25,20,42,86,27541.17,83.77
10,2026-08-25,21,0,38,11556.42,27.3
10,2026-08-26,9,390,52,19162.09,177.93
10,2026-08-26,10,137,184,56748.6,269.93
10,2026-08-26,11,135,155,48078.39,168.0
10,2026-08-26,12,493,155,51550.0,315.3
10,2026-08-26,13,124,241,76870.45,333.67
10,2026-08-26,14,137,176,57392.09,185.32
10,2026-08-26,15,146,92,27064.38,161.48
10,2026-08-26,16,118,110,37034.22,147.2
10,2026-08-26,17,532,178,57568.02,311.68
10,2026-08-26,18,229,264,86343.05,402.62
10,2026-08-26,19,68,220,71192.18,209.28
10,2026-08-26,20,49,78,25635.62,94.45
10,2026-08-26,21,0,50,18803.59,37.57
10,2026-08-27,9,378,60,20136.21,165.83
10,2026-08-27,10,110,150,47909.2,256.97
10,2026-08-27,11,130,152,45962.89,150.65
10,2026-08-27,12,534,133,43268.03,323.48
10,2026-08-27,13,124,261,83765.06,362.02
10,2026-08-27,14,112,170,55302.56,170.93
10,2026-08-27,15,116,82,24792.36,135.18
10,2026-08-27,16,126,82,26157.63,130.37
10,2026-08-27,17,520,160,49448.68,321.0
10,2026-08-27,18,240,264,79882.36,415.95
10,2026-08-27,19,71,205,63971.27,221.48
10,2026-08-27,20,50,97,30377.01,84.98
10,2026-08-27,21,0,50,15746.42,35.02
10,2026-08-28,9,405,55,15783.7,178.67
10,2026-08-28,10,132,169,54919.65,279.28
10,2026-08-28,11,145,164,52135.51,186.52
10,2026-08-28,12,553,159,53064.84,359.62
10,2026-08-28,13,134,260,82839.69,380.02
10,2026-08-28,14,139,185,59000.72,187.88
10,2026-08-28,15,150,119,45163.98,149.58
10,2026-08-28,16,133,92,29028.28,154.5
10,2026-08-28,17,541,182,64548.93,331.37
10,2026-08-28,18,300,283,87596.64,442.85
10,2026-08-28,19,69,239,76751.07,256.67
10,2026-08-28,20,57,118,35997.95,86.37
10,2026-08-28,21,0,39,10212.27,37.58
10,2026-08-29,9,484,68,20800.81,228.28
10,2026-08-29,10,163,227,77008.09,338.5
10,2026-08-29,11,147,196,66416.2,197.68
10,2026-08-29,12,639,169,55665.4,381.45
10,2026-08-29,13,154,292,94158.33,432.95
10,2026-08-29,14,156,210,67074.78,210.88
10,2026-08-29,15,162,126,42297.21,178.62
10,2026-08-29,16,161,105,34621.22,177.83
10,2026-08-29,17,629,175,61462.18,385.33
10,2026-08-29,18,327,308,102041.56,507.23
10,2026-08-29,19,93,288,91078.62,286.48
10,2026-08-29,20,48,119,36058.22,99.67
10,2026-08-29,21,0,55,17161.15,38.83
10,2026-08-30,9,414,55,14901.51,188.65
10,2026-08-30,10,131,189,58004.77,273.85
10,2026-08-30,11,137,141,44694.08,161.43
10,2026-08-30,12,550,136,46080.82,323.03
10,2026-08-30,13,122,269,81962.31,385.65
10,2026-08-30,14,136,199,61915.7,174.9
10,2026-08-30,15,130,89,24547.78,141.82
10,2026-08-30,16,152,113,34428.22,157.1
10,2026-08-30,17,580,166,54525.52,352.15
10,2026-08-30,18,270,292,99446.69,472.87
10,2026-08-30,19,89,257,80153.13,232.73
10,2026-08-30,20,44,96,29977.54,82.28
10,2026-08-30,21,0,35,10525.77,29.28
10,2026-08-31,9,406,64,20319.03,187.08
10,2026-08-31,10,133,162,52605.14,279.1
10,2026-08-31,11,148,152,52651.96,174.65
10,2026-08-31,12,515,141,47846.59,344.02
10,2026-08-31,13,107,274,89025.83,361.53
10,2026-08-31,14,139,178,58514.16,154.13
10,2026-08-31,15,137,86,27729.19,148.82
10,2026-08-31,16,115,116,35100.99,143.55
10,2026-08-31,17,468,131,41755.29,299.98
10,2026-08-31,18,263,252,82205.2,398.88
10,2026-08-31,19,82,217,72184.96,218.63
10,2026-08-31,20,43,98,29885.4,82.0
10,2026-08-31,21,0,38,13793.31,26.6
10,2026-09-01,9,455,58,22264.16,202.15
10,2026-09-01,10,150,208,65450.91,327.47
10,2026-09-01,11,150,184,61646.12,200.43
10,2026-09-01,12,600,193,62881.91,364.12
10,2026-09-01,13,142,282,91134.3,408.92
10,2026-09-01,14,138,210,64551.5,192.72
10,2026-09-01,15,136,97,30226.74,165.35
10,2026-09-01,16,126,99,30462.87,137.12
10,2026-09-01,17,576,170,55665.18,348.73
10,2026-09-01,18,290,292,102805.26,461.25
10,2026-09-01,19,69,246,79991.49,240.93
10,2026-09-01,20,47,95,32952.66,90.3
10,2026-09-01,21,0,47,12145.34,33.57
10,2026-09-02,9,392,46,15109.13,183.12
10,2026-09-02,10,124,165,53319.37,291.32
10,2026-09-02,11,139,174,64321.75,175.3
10,2026-09-02,12,527,171,57678.42,332.12
10,2026-09-02,13,125,248,81283.53,350.08
10,2026-09-02,14,124,193,64666.3,177.83
10,2026-09-02,15,144,106,32487.86,144.7
10,2026-09-02,16,127,113,34235.27,136.92
10,2026-09-02,17,543,170,55789.46,322.07
10,2026-09-02,18,257,263,87486.23,424.53
10,2026-09-02,19,61,228,73633.54,224.75
10,2026-09-02,20,60,92,30109.01,83.3
10,2026-09-02,21,0,50,15241.62,37.12
10,2026-09-03,9,376,57,17072.67,163.45
10,2026-09-03,10,123,162,58067.13,267.2
10,2026-09-03,11,138,144,47085.98,164.18
10,2026-09-03,12,511,143,50916.53,309.05
10,2026-09-03,13,138,258,83421.43,381.92
10,2026-09-03,14,120,192,60443.56,181.93
10,2026-09-03,15,131,101,30321.58,128.53
10,2026-09-03,16,128,103,32450.99,130.98
10,2026-09-03,17,510,134,40313.81,306.18
10,2026-09-03,18,278,259,88618.13,433.42
10,2026-09-03,19,103,222,69798.11,257.42
10,2026-09-03,20,38,120,36106.82,101.1
10,2026-09-03,21,0,41,13038.32,28.73
10,2026-09-04,9,519,61,16659.47,239.0
10,2026-09-04,10,138,245,84306.95,358.17
10,2026-09-04,11,171,169,53371.37,203.53
10,2026-09-04,12,672,202,64230.18,404.07
10,2026-09-04,13,147,315,97796.77,451.98
10,2026-09-04,14,185,196,62959.07,232.82
10,2026-09-04,15,195,140,43984.09,219.02
10,2026-09-04,16,165,157,50615.25,200.77
10,2026-09-04,17,671,192,57789.78,398.75
10,2026-09-04,18,337,349,107499.39,544.47
10,2026-09-04,19,112,305,95424.99,303.62
10,2026-09-04,20,63,122,39647.57,125.13
10,2026-09-04,21,0,61,17912.92,45.43
10,2026-09-05,9,495,59,18137.76,226.47
10,2026-09-05,10,164,224,76131.39,362.27
10,2026-09-05,11,164,197,56386.37,209.03
10,2026-09-05,12,668,182,59388.03,407.85
10,2026-09-05,13,174,353,108766.41,462.27
10,2026-09-05,14,156,239,76904.68,228.63
10,2026-09-05,15,144,123,41670.93,176.22
10,2026-09-05,16,166,108,32293.95,166.9
10,2026-09-05,17,660,197,62413.61,397.77
10,2026-09-05,18,324,327,105186.68,524.63
10,2026-09-05,19,103,291,91299.42,285.92
10,2026-09-05,20,56,119,39512.8,108.4
10,2026-09-05,21,0,49,16158.1,39.65
10,2026-09-06,9,517,81,27398.91,242.62
10,2026-09-06,10,159,229,74661.16,350.18
10,2026-09-06,11,176,194,65747.78,222.78
10,2026-09-06,12,610,186,58413.12,375.88
10,2026-09-06,13,150,265,86572.8,437.95
10,2026-09-06,14,170,241,78921.28,234.85
10,2026-09-06,15,152,107,35806.3,182.85
10,2026-09-06,16,166,138,43701.24,181.38
10,2026-09-06,17,664,190,59176.47,402.62
10,2026-09-06,18,334,322,105490.4,533.38
10,2026-09-06,19,113,281,91451.0,306.48
10,2026-09-06,20,61,139,44564.31,126.63
10,2026-09-06,21,0,58,20668.17,41.68
10,2026-09-07,9,378,43,13244.59,173.42
10,2026-09-07,10,117,163,48790.11,265.88
10,2026-09-07,11,106,138,46292.08,145.27
10,2026-09-07,12,487,133,43983.11,288.08
10,2026-09-07,13,118,240,78191.29,330.27
10,2026-09-07,14,107,159,49127.54,161.2
10,2026-09-07,15,104,65,18872.33,120.97
10,2026-09-07,16,106,89,26687.18,108.32
10,2026-09-07,17,498,127,35690.95,292.43
10,2026-09-07,18,251,271,87564.93,394.73
10,2026-09-07,19,61,192,59247.62,208.47
10,2026-09-07,20,57,80,25086.58,83.12
10,2026-09-07,21,0,42,10768.33,38.07
10,2026-09-08,9,325,46,13491.94,150.12
10,2026-09-08,10,109,133,44068.88,230.62
10,2026-09-08,11,129,141,45952.65,150.33
10,2026-09-08,12,438,131,43173.91,272.58
10,2026-09-08,13,111,202,67912.13,308.43
10,2026-09-08,14,114,169,59568.1,160.37
10,2026-09-08,15,128,71,19309.35,138.2
10,2026-09-08,16,110,99,31520.03,136.92
10,2026-09-08,17,482,141,45417.19,293.32
10,2026-09-08,18,214,232,74531.83,370.95
10,2026-09-08,19,69,197,61566.67,197.45
10,2026-09-08,20,40,79,23877.31,77.53
10,2026-09-08,21,0,39,11878.99,28.92
10,2026-09-09,9,365,44,11827.97,162.78
10,2026-09-09,10,135,175,51678.0,263.48
10,2026-09-09,11,121,145,49039.26,164.72
10,2026-09-09,12,499,152,45923.63,300.03
10,2026-09-09,13,108,235,78488.29,346.8
10,2026-09-09,14,132,183,63442.19,165.98
10,2026-09-09,15,147,100,31040.99,141.92
10,2026-09-09,16,141,89,30501.2,175.92
10,2026-09-09,17,495,162,49973.12,328.72
10,2026-09-09,18,234,261,79966.97,395.53
10,2026-09-09,19,78,190,57201.02,213.98
10,2026-09-09,20,53,89,29520.39,99.88
10,2026-09-09,21,0,56,18276.26,34.62
10,2026-09-10,9,368,55,14866.15,170.23
10,2026-09-10,10,120,151,53049.09,265.63
10,2026-09-10,11,136,149,51842.51,154.48
10,2026-09-10,12,483,145,42692.99,303.55
10,2026-09-10,13,94,211,69296.43,320.27
10,2026-09-10,14,133,156,43861.96,164.48
10,2026-09-10,15,119,86,27957.85,125.68
10,2026-09-10,16,125,89,27940.98,128.88
10,2026-09-10,17,530,142,47398.08,323.72
10,2026-09-10,18,279,278,89217.33,439.18
10,2026-09-10,19,82,244,77328.52,238.4
10,2026-09-10,20,57,89,31090.41,100.4
10,2026-09-10,21,0,50,15716.81,43.18
10,2026-09-11,9,476,76,22541.22,214.6
10,2026-09-11,10,162,200,65719.04,338.72
10,2026-09-11,11,152,201,62290.99,210.4
10,2026-09-11,12,623,159,50660.17,380.08
10,2026-09-11,13,131,306,97941.14,420.42
10,2026-09-11,14,146,210,64595.36,212.48
10,2026-09-11,15,154,103,35463.83,153.27
10,2026-09-11,16,147,120,37414.44,165.38
10,2026-09-11,17,603,159,49936.34,357.9
10,2026-09-11,18,282,325,103558.9,494.93
10,2026-09-11,19,90,262,82439.21,262.55
10,2026-09-11,20,78,105,35682.64,108.12
10,2026-09-11,21,0,66,23652.16,53.75
10,2026-09-12,9,588,71,20160.73,278.65
10,2026-09-12,10,197,265,86463.25,428.6
10,2026-09-12,11,175,221,73024.75,236.35
10,2026-09-12,12,738,207,70840.73,450.07
10,2026-09-12,13,171,326,106777.96,510.17
10,2026-09-12,14,185,244,77105.71,258.02
10,2026-09-12,15,177,144,44507.06,201.38
10,2026-09-12,16,158,143,43807.4,179.5
10,2026-09-12,17,671,161,51091.14,401.62
10,2026-09-12,18,373,356,112068.57,548.93
10,2026-09-12,19,111,295,95469.87,324.67
10,2026-09-12,20,72,150,46799.18,122.98
10,2026-09-12,21,0,66,22955.42,44.25
10,2026-09-13,9,432,46,12358.11,185.87
10,2026-09-13,10,152,204,65284.36,328.85
10,2026-09-13,11,133,186,60066.12,188.07
10,2026-09-13,12,604,169,55060.33,366.78
10,2026-09-13,13,128,265,85143.09,403.97
10,2026-09-13,14,163,218,70366.36,198.77
10,2026-09-13,15,132,97,30201.45,168.83
10,2026-09-13,16,139,115,38523.4,144.9
10,2026-09-13,17,580,160,46157.59,355.28
10,2026-09-13,18,293,283,89579.81,479.93
10,2026-09-13,19,86,263,87917.77,273.78
10,2026-09-13,20,55,113,32772.38,103.78
10,2026-09-13,21,0,54,20255.25,38.92
10,2026-09-14,9,384,59,19329.3,174.47
10,2026-09-14,10,113,176,60683.86,253.68
10,2026-09-14,11,124,131,41933.27,148.52
10,2026-09-14,12,520,156,52323.61,317.92
10,2026-09-14,13,137,267,86041.45,368.93
10,2026-09-14,14,124,171,51483.53,182.5
10,2026-09-14,15,132,101,37163.71,136.05
10,2026-09-14,16,132,102,29221.53,150.37
10,2026-09-14,17,492,154,51965.6,304.27
10,2026-09-14,18,227,267,82655.58,371.65
10,2026-09-14,19,83,184,66009.22,204.62
10,2026-09-14,20,47,104,34588.69,93.63
10,2026-09-14,21,0,38,11708.4,28.13
10,2026-09-15,9,362,52,18049.01,172.1
10,2026-09-15,10,134,174,53032.98,260.18
10,2026-09-15,11,118,136,46028.99,157.55
10,2026-09-15,12,478,151,51711.02,295.17
10,2026-09-15,13,128,215,65572.25,320.78
10,2026-09-15,14,126,188,59615.89,171.52
10,2026-09-15,15,127,77,25010.02,142.12
10,2026-09-15,16,147,101,29283.15,147.7
10,2026-09-15,17,495,164,51567.64,317.75
10,2026-09-15,18,246,270,87579.48,400.58
10,2026-09-15,19,74,209,68336.94,211.47
10,2026-09-15,20,50,94,28308.69,89.85
10,2026-09-15,21,0,39,11994.76,30.12
10,2026-09-16,9,430,69,23671.98,190.77
10,2026-09-16,10,136,172,59989.29,291.28
10,2026-09-16,11,141,161,53905.68,190.85
10,2026-09-16,12,525,168,50301.87,329.02
10,2026-09-16,13,125,275,91954.62,351.4
10,2026-09-16,14,119,169,55023.17,168.95
10,2026-09-16,15,131,83,22829.84,130.6
10,2026-09-16,16,128,97,31297.67,139.98
10,2026-09-16,17,563,147,44859.53,332.48
10,2026-09-16,18,294,312,97904.35,471.55
10,2026-09-16,19,77,242,75453.31,238.43
10,2026-09-16,20,48,92,26689.76,85.0
10,2026-09-16,21,0,43,12998.56,31.53
10,2026-09-17,9,414,50,16367.61,189.48
10,2026-09-17,10,134,200,60141.25,295.03
10,2026-09-17,11,126,155,49930.94,173.22
10,2026-09-17,12,590,133,41983.61,359.12
10,2026-09-17,13,140,277,92060.72,426.57
10,2026-09-17,14,141,220,74916.52,201.43
10,2026-09-17,15,161,106,31069.8,155.03
10,2026-09-17,16,136,92,33454.7,158.83
10,2026-09-17,17,556,174,55959.67,362.2
10,2026-09-17,18,291,303,94460.52,436.42
10,2026-09-17,19,100,230,74770.93,244.35
10,2026-09-17,20,51,96,31142.86,110.05
10,2026-09-17,21,0,51,15590.7,31.2
10,2026-09-18,9,478,66,20530.52,218.65
10,2026-09-18,10,160,191,60103.63,336.83
10,2026-09-18,11,166,193,62536.36,205.88
10,2026-09-18,12,658,191,64812.78,411.77
10,2026-09-18,13,155,332,102977.08,446.6
10,2026-09-18,14,157,229,75294.74,205.92
10,2026-09-18,15,161,115,36725.02,164.37
10,2026-09-18,16,176,111,36670.5,183.13
10,2026-09-18,17,639,202,60832.86,411.95
10,2026-09-18,18,304,317,94199.54,505.22
10,2026-09-18,19,105,274,88435.92,272.67
10,2026-09-18,20,52,110,37118.58,105.22
10,2026-09-18,21,0,57,16848.71,38.2
10,2026-09-19,9,479,50,15708.66,220.22
10,2026-09-19,10,139,244,84171.43,333.1
10,2026-09-19,11,160,182,55355.76,197.43
10,2026-09-19,12,644,186,60113.17,399.95
10,2026-09-19,13,170,317,100293.44,441.1
10,2026-09-19,14,161,214,64864.44,232.93
10,2026-09-19,15,143,128,40013.55,161.05
10,2026-09-19,16,175,100,29981.45,173.33
10,2026-09-19,17,681,198,62157.15,413.03
10,2026-09-19,18,328,332,105140.49,542.03
10,2026-09-19,19,96,286,87024.01,289.18
10,2026-09-19,20,70,128,39416.79,125.22
10,2026-09-19,21,0,62,20321.55,47.55
10,2026-09-20,9,507,59,14875.84,241.68
10,2026-09-20,10,142,240,74131.41,349.0
10,2026-09-20,11,141,198,66395.02,182.08
10,2026-09-20,12,671,158,50011.21,385.72
10,2026-09-20,13,162,325,104445.44,480.45
10,2026-09-20,14,157,241,80226.6,227.22
10,2026-09-20,15,164,122,38736.09,172.55
10,2026-09-20,16,134,122,39852.15,167.2
10,2026-09-20,17,603,167,53339.68,368.8
10,2026-09-20,18,306,306,91273.49,483.05
10,2026-09-20,19,87,260,81780.33,276.68
10,2026-09-20,20,59,120,36775.06,107.68
10,2026-09-20,21,0,59,17847.76,39.82
11,2026-08-24,9,315,40,11027.53,143.42
11,2026-08-24,10,105,145,48451.4,230.18
11,2026-08-24,11,96,139,41506.57,132.27
11,2026-08-24,12,483,121,40741.88,297.92
11,2026-08-24,13,109,230,70593.97,323.33
11,2026-08-24,14,135,178,54052.55,166.25
11,2026-08-24,15,107,93,33693.15,126.93
11,2026-08-24,16,122,76,24055.8,136.12
11,2026-08-24,17,484,146,44499.38,305.22
11,2026-08-24,18,230,253,86585.03,397.73
11,2026-08-24,19,54,214,69871.23,205.35
11,2026-08-24,20,49,79,26731.83,72.53
11,2026-08-24,21,0,42,11621.25,28.92
11,2026-08-25,9,383,59,19550.17,176.88
11,2026-08-25,10,138,176,56522.64,264.17
11,2026-08-25,11,105,131,39689.56,152.15
11,2026-08-25,12,449,118,38173.48,276.17
11,2026-08-25,13,93,224,74286.76,310.85
11,2026-08-25,14,123,157,52580.08,154.73
11,2026-08-25,15,127,90,30457.33,136.05
11,2026-08-25,16,120,89,28867.25,142.47
11,2026-08-25,17,499,137,43191.55,315.33
11,2026-08-25,18,238,282,85626.04,395.93
11,2026-08-25,19,57,208,58324.62,189.18
11,2026-08-25,20,53,75,20703.85,75.02
11,2026-08-25,21,0,37,13517.75,32.0
11,2026-08-26,9,340,56,18977.54,157.92
11,2026-08-26,10,104,136,43423.52,227.53
11,2026-08-26,11,114,142,50384.29,148.77
11,2026-08-26,12,480,136,43866.44,278.33
11,2026-08-26,13,110,196,69238.86,320.18
11,2026-08-26,14,121,153,47988.03,169.17
11,2026-08-26,15,123,109,31607.15,142.05
11,2026-08-26,16,123,95,32178.84,131.13
11,2026-08-26,17,497,139,44562.44,302.85
11,2026-08-26,18,212,231,73113.15,397.73
11,2026-08-26,19,48,222,69882.18,189.0
11,2026-08-26,20,53,76,25301.05,71.33
11,2026-08-26,21,0,42,13793.6,35.8
11,2026-08-27,9,405,61,16976.59,182.75
11,2026-08-27,10,126,170,53761.15,282.38
11,2026-08-27,11,134,160,48010.35,174.53
11,2026-08-27,12,535,152,54651.65,324.02
11,2026-08-27,13,129,262,88593.03,377.58
11,2026-08-27,14,117,177,57508.57,176.82
11,2026-08-27,15,135,100,30041.21,129.52
11,2026-08-27,16,123,93,29292.37,147.43
11,2026-08-27,17,541,153,47969.46,323.3
11,2026-08-27,18,272,290,92061.47,438.67
11,2026-08-27,19,65,250,79658.94,230.23
11,2026-08-27,20,43,80,26837.47,83.78
11,2026-08-27,21,0,46,14177.9,31.17
11,2026-08-28,9,431,65,18453.89,197.05
11,2026-08-28,10,140,188,53605.4,290.9
11,2026-08-28,11,170,173,54072.61,210.27
11,2026-08-28,12,589,170,53733.26,375.77
11,2026-08-28,13,158,311,98725.42,428.38
11,2026-08-28,14,140,218,71947.85,212.33
11,2026-08-28,15,139,123,40226.26,155.33
11,2026-08-28,16,156,96,31626.31,168.22
11,2026-08-28,17,564,190,60638.12,358.07
11,2026-08-28,18,287,302,97296.14,450.45
11,2026-08-28,19,93,225,68715.02,256.92
11,2026-08-28,20,58,123,39697.96,116.53
11,2026-08-28,21,0,62,23205.4,38.1
11,2026-08-29,9,535,82,24401.08,232.77
11,2026-08-29,10,148,235,68765.01,352.3
11,2026-08-29,11,172,193,57845.45,211.57
11,2026-08-29,12,697,209,69381.85,419.92
11,2026-08-29,13,145,315,98443.07,481.3
11,2026-08-29,14,166,239,73547.21,213.87
11,2026-08-29,15,150,112,35049.89,174.03
11,2026-08-29,16,170,138,43041.96,178.75
11,2026-08-29,17,681,182,59331.84,411.68
11,2026-08-29,18,317,338,105336.85,531.45
11,2026-08-29,19,113,295,92305.32,294.98
11,2026-08-29,20,72,107,28808.72,124.82
11,2026-08-29,21,0,74,21926.87,61.5
11,2026-08-30,9,463,62,19463.35,208.48
11,2026-08-30,10,130,187,64327.84,311.97
11,2026-08-30,11,131,165,47755.51,173.78
11,2026-08-30,12,553,182,59570.8,314.63
11,2026-08-30,13,140,258,77926.79,380.72
11,2026-08-30,14,133,195,65975.86,202.08
11,2026-08-30,15,144,110,35685.89,156.5
11,2026-08-30,16,140,94,34049.24,148.42
11,2026-08-30,17,598,170,52300.65,372.97
11,2026-08-30,18,279,295,105762.47,464.43
11,2026-08-30,19,79,260,86478.91,245.27
11,2026-08-30,20,66,85,24911.72,103.77
11,2026-08-30,21,0,63,18672.03,42.62
11,2026-08-31,9,408,64,19620.53,183.2
11,2026-08-31,10,132,188,61012.46,271.02
11,2026-08-31,11,138,154,47965.91,172.55
11,2026-08-31,12,519,157,50752.66,335.62
11,2026-08-31,13,128,242,75659.05,360.6
11,2026-08-31,14,131,194,60698.92,181.65
11,2026-08-31,15,148,93,28519.0,139.27
11,2026-08-31,16,128,103,34971.78,146.68
11,2026-08-31,17,494,125,39430.59,316.93
11,2026-08-31,18,264,271,85364.56,405.42
11,2026-08-31,19,70,233,72529.31,227.4
11,2026-08-31,20,55,86,29662.8,79.55
11,2026-08-31,21,0,46,14571.82,39.48
11,2026-09-01,9,400,65,19609.75,185.67
11,2026-09-01,10,115,178,58925.83,280.83
11,2026-09-01,11,136,157,48342.65,159.25
11,2026-09-01,12,533,129,38887.88,323.23
11,2026-09-01,13,130,275,86421.2,370.68
11,2026-09-01,14,115,184,65967.93,176.37
11,2026-09-01,15,130,86,26963.66,136.05
11,2026-09-01,16,109,86,29848.56,135.75
11,2026-09-01,17,513,137,41586.2,315.78
11,2026-09-01,18,241,264,83021.78,412.93
11,2026-09-01,19,85,221,70376.4,219.32
11,2026-09-01,20,56,91,31549.36,92.93
11,2026-09-01,21,0,49,17421.23,39.42
11,2026-09-02,9,400,57,21250.83,183.63
11,2026-09-02,10,143,166,52063.34,291.52
11,2026-09-02,11,126,154,49705.07,180.25
11,2026-09-02,12,534,160,50711.28,336.68
11,2026-09-02,13,140,264,87704.98,384.2
11,2026-09-02,14,158,212,64637.98,195.2
11,2026-09-02,15,143,104,33105.08,153.87
11,2026-09-02,16,140,100,30190.38,162.63
11,2026-09-02,17,527,165,53438.91,338.63
11,2026-09-02,18,287,261,84826.34,444.82
11,2026-09-02,19,66,251,84452.86,235.75
11,2026-09-02,20,66,93,28911.94,94.9
11,2026-09-02,21,0,56,15045.25,44.98
11,2026-09-03,9,359,38,12016.3,173.22
11,2026-09-03,10,146,155,50321.7,275.0
11,2026-09-03,11,127,174,54760.22,172.72
11,2026-09-03,12,535,146,47449.18,340.85
11,2026-09-03,13,121,266,89528.91,358.78
11,2026-09-03,14,120,172,56242.42,169.93
11,2026-09-03,15,135,97,31911.89,141.8
11,2026-09-03,16,119,95,32069.29,143.6
11,2026-09-03,17,478,144,47108.79,285.8
11,2026-09-03,18,246,257,77736.49,393.6
11,2026-09-03,19,62,212,70014.17,203.6
11,2026-09-03,20,37,76,25530.35,66.0
11,2026-09-03,21,0,38,11962.22,28.03
11,2026-09-04,9,443,64,20169.02,213.55
11,2026-09-04,10,128,192,61995.52,293.97
11,2026-09-04,11,145,160,57818.71,166.7
11,2026-09-04,12,576,174,55476.98,346.65
11,2026-09-04,13,133,268,83082.26,391.23
11,2026-09-04,14,129,202,67378.48,190.68
11,2026-09-04,15,149,101,33896.97,147.33
11,2026-09-04,16,149,109,34934.7,166.25
11,2026-09-04,17,592,182,60850.96,363.57
11,2026-09-04,18,275,318,97541.11,463.43
11,2026-09-04,19,98,253,82352.24,246.48
11,2026-09-04,20,46,107,35617.97,97.78
11,2026-09-04,21,0,42,12808.62,31.58
11,2026-09-05,9,519,61,20848.17,238.05
11,2026-09-05,10,151,247,79861.62,368.8
11,2026-09-05,11,194,212,72775.03,236.47
11,2026-09-05,12,686,213,67613.78,427.6
11,2026-09-05,13,169,343,111238.21,461.07
11,2026-09-05,14,160,231,73836.03,221.13
11,2026-09-05,15,143,107,36682.31,162.18
11,2026-09-05,16,153,101,31480.83,168.62
11,2026-09-05,17,694,182,59344.01,418.3
11,2026-09-05,18,341,344,117043.42,558.35
11,2026-09-05,19,93,302,101359.31,294.2
11,2026-09-05,20,61,121,38398.52,121.22
11,2026-09-05,21,0,60,18906.26,45.05
11,2026-09-06,9,446,64,21442.31,195.07
11,2026-09-06,10,134,220,72689.54,301.72
11,2026-09-06,11,149,156,48794.08,189.78
11,2026-09-06,12,576,159,55885.59,356.95
11,2026-09-06,13,135,275,94233.8,387.07
11,2026-09-06,14,157,177,56873.44,193.0
11,2026-09-06,15,126,122,39358.55,165.02
11,2026-09-06,16,131,96,30644.0,142.65
11,2026-09-06,17,576,144,49173.68,357.65
11,2026-09-06,18,297,319,104791.49,467.45
11,2026-09-06,19,76,254,80185.1,251.52
11,2026-09-06,20,71,113,39007.56,100.45
11,2026-09-06,21,0,54,19441.22,39.67
11,2026-09-07,9,347,52,16312.54,157.45
11,2026-09-07,10,116,166,49423.8,237.45
11,2026-09-07,11,124,148,48917.53,151.52
11,2026-09-07,12,476,139,43763.14,289.13
11,2026-09-07,13,100,227,75162.93,310.43
11,2026-09-07,14,119,168,52153.3,156.15
11,2026-09-07,15,115,82,27464.17,129.82
11,2026-09-07,16,115,85,27839.34,129.0
11,2026-09-07,17,495,143,45581.6,310.33
11,2026-09-07,18,210,247,76190.04,373.02
11,2026-09-07,19,64,197,60519.78,181.12
11,2026-09-07,20,46,72,22806.84,74.6
11,2026-09-07,21,0,49,16292.87,33.25
11,2026-09-08,9,358,46,16709.85,163.35
11,2026-09-08,10,122,168,50371.46,246.35
11,2026-09-08,11,100,137,42232.55,146.82
11,2026-09-08,12,475,132,40453.9,280.83
11,2026-09-08,13,115,217,67738.96,328.73
11,2026-09-08,14,115,172,53968.84,152.22
11,2026-09-08,15,126,100,29893.83,128.0
11,2026-09-08,16,99,91,28323.36,121.72
11,2026-09-08,17,460,109,33302.77,284.17
11,2026-09-08,18,241,234,78383.02,375.27
11,2026-09-08,19,70,223,68979.86,216.87
11,2026-09-08,20,54,88,32417.0,89.32
11,2026-09-08,21,0,52,16487.17,32.88
11,2026-09-09,9,352,53,18130.67,159.83
11,2026-09-09,10,107,152,48803.35,238.0
11,2026-09-09,11,142,141,47059.0,152.23
11,2026-09-09,12,517,142,49223.25,318.23
11,2026-09-09,13,118,240,76630.81,356.87
11,2026-09-09,14,144,180,57572.52,176.67
11,2026-09-09,15,127,101,32454.31,153.28
11,2026-09-09,16,115,100,32880.2,138.58
11,2026-09-09,17,539,166,54563.95,326.37
11,2026-09-09,18,291,254,84302.76,425.37
11,2026-09-09,19,69,235,75888.39,233.7
11,2026-09-09,20,53,91,27440.55,80.68
11,2026-09-09,21,0,51,15723.48,32.45
11,2026-09-10,9,366,54,16352.86,169.73
11,2026-09-10,10,106,140,45332.49,257.9
11,2026-09-10,11,127,143,45718.68,150.55
11,2026-09-10,12,529,138,40553.17,338.62
11,2026-09-10,13,138,277,87040.19,366.67
11,2026-09-10,14,145,182,57386.53,175.73
11,2026-09-10,15,140,106,37427.26,161.1
11,2026-09-10,16,125,103,32347.08,149.38
11,2026-09-10,17,472,169,56689.46,291.03
11,2026-09-10,18,262,246,82180.71,377.8
11,2026-09-10,19,80,211,62144.13,226.12
11,2026-09-10,20,58,90,32830.83,92.55
11,2026-09-10,21,0,46,13181.56,33.85
11,2026-09-11,9,470,78,28065.17,209.45
11,2026-09-11,10,116,200,62749.46,301.93
11,2026-09-11,11,132,177,57108.43,167.08
11,2026-09-11,12,570,154,53059.91,343.63
11,2026-09-11,13,140,280,85928.02,403.33
11,2026-09-11,14,175,199,62957.21,214.12
11,2026-09-11,15,121,101,31305.06,159.3
11,2026-09-11,16,159,115,39897.54,166.18
11,2026-09-11,17,588,181,64806.82,359.45
11,2026-09-11,18,312,293,91362.41,474.65
11,2026-09-11,19,90,284,83988.98,271.07
11,2026-09-11,20,55,99,33286.49,98.88
11,2026-09-11,21,0,61,18787.09,40.28
11,2026-09-12,9,470,57,17535.76,211.75
11,2026-09-12,10,152,221,70974.52,343.68
11,2026-09-12,11,165,195,61958.66,205.17
11,2026-09-12,12,599,183,55348.65,381.95
11,2026-09-12,13,124,288,87829.29,402.4
11,2026-09-12,14,175,213,72819.83,200.77
11,2026-09-12,15,147,116,38933.36,175.93
11,2026-09-12,16,159,131,38611.1,159.1
11,2026-09-12,17,655,186,65785.38,398.37
11,2026-09-12,18,290,288,90189.64,511.5
11,2026-09-12,19,89,288,99045.55,269.13
11,2026-09-12,20,64,103,34560.09,100.75
11,2026-09-12,21,0,60,18549.06,45.08
11,2026-09-13,9,358,50,16000.6,158.73
11,2026-09-13,10,126,161,53477.07,251.35
11,2026-09-13,11,147,153,51190.48,166.48
11,2026-09-13,12,553,177,54606.87,348.15
11,2026-09-13,13,146,267,88306.49,395.18
11,2026-09-13,14,119,191,63498.62,200.18
11,2026-09-13,15,136,102,30069.01,144.48
11,2026-09-13,16,145,109,32881.82,139.8
11,2026-09-13,17,540,154,50209.61,326.48
11,2026-09-13,18,266,293,87371.15,425.53
11,2026-09-13,19,91,231,66359.51,230.78
11,2026-09-13,20,49,88,26905.02,97.37
11,2026-09-13,21,0,46,13448.95,34.28
11,2026-09-14,9,376,47,17372.73,168.17
11,2026-09-14,10,109,163,52060.59,268.58
11,2026-09-14,11,135,158,47909.5,162.87
11,2026-09-14,12,465,149,46904.08,286.2
11,2026-09-14,13,125,221,73693.06,325.35
11,2026-09-14,14,115,170,55116.39,166.67
11,2026-09-14,15,146,102,32008.51,134.0
11,2026-09-14,16,133,100,32000.08,155.6
11,2026-09-14,17,517,160,50663.99,321.08
11,2026-09-14,18,223,258,81139.5,417.48
11,2026-09-14,19,76,232,70044.17,218.52
11,2026-09-14,20,44,87,29963.29,81.48
11,2026-09-14,21,0,45,13943.59,29.73
11,2026-09-15,9,390,50,15977.27,166.9
11,2026-09-15,10,141,170,54779.12,285.6
11,2026-09-15,11,133,185,61188.96,176.48
11,2026-09-15,12,517,155,56261.97,305.3
11,2026-09-15,13,137,252,80366.04,365.28
11,2026-09-15,14,127,181,59840.41,182.32
11,2026-09-15,15,146,84,27319.18,139.25
11,2026-09-15,16,116,97,32230.76,143.95
11,2026-09-15,17,555,156,49965.77,315.82
11,2026-09-15,18,266,270,86329.1,428.8
11,2026-09-15,19,77,248,80381.4,227.92
11,2026-09-15,20,64,91,29270.69,99.5
11,2026-09-15,21,0,69,22949.06,45.27
11,2026-09-16,9,386,47,13373.64,170.18
11,2026-09-16,10,145,178,55265.27,283.92
11,2026-09-16,11,125,169,57288.28,174.83
11,2026-09-16,12,550,159,53549.12,327.38
11,2026-09-16,13,143,255,78609.8,373.4
11,2026-09-16,14,111,166,50944.41,181.42
11,2026-09-16,15,149,117,34050.99,139.5
11,2026-09-16,16,126,78,26189.0,149.35
11,2026-09-16,17,561,159,49093.6,351.18
11,2026-09-16,18,258,286,88906.21,443.22
11,2026-09-16,19,79,241,79367.1,238.47
11,2026-09-16,20,58,103,32811.69,90.1
11,2026-09-16,21,0,54,17963.03,34.4
11,2026-09-17,9,382,50,14931.07,175.52
11,2026-09-17,10,109,161,52653.39,261.93
11,2026-09-17,11,153,160,50805.91,161.07
11,2026-09-17,12,518,184,63313.84,329.43
11,2026-09-17,13,118,239,75746.15,320.05
11,2026-09-17,14,138,152,47577.12,166.93
11,2026-09-17,15,131,97,30616.22,142.68
11,2026-09-17,16,121,95,26737.07,138.42
11,2026-09-17,17,522,152,50317.72,301.85
11,2026-09-17,18,271,258,78153.06,419.98
11,2026-09-17,19,79,240,77316.88,245.17
11,2026-09-17,20,49,98,35102.47,87.97
11,2026-09-17,21,0,43,14065.54,31.48
11,2026-09-18,9,464,69,21460.73,210.28
11,2026-09-18,10,121,182,55469.13,309.85
11,2026-09-18,11,144,166,50796.78,172.72
11,2026-09-18,12,580,149,47752.56,347.32
11,2026-09-18,13,166,289,96502.03,414.12
11,2026-09-18,14,142,215,70090.45,206.68
11,2026-09-18,15,136,117,40863.82,153.73
11,2026-09-18,16,119,108,31672.07,144.83
11,2026-09-18,17,595,170,54007.78,340.15
11,2026-09-18,18,281,276,92442.52,446.37
11,2026-09-18,19,77,242,73919.42,246.57
11,2026-09-18,20,51,107,30143.72,86.62
11,2026-09-18,21,0,51,14411.3,32.63
11,2026-09-19,9,466,69,23387.24,214.47
11,2026-09-19,10,138,196,63163.96,318.3
11,2026-09-19,11,159,188,60593.93,188.2
11,2026-09-19,12,557,152,52012.49,365.03
11,2026-09-19,13,147,281,87324.84,393.72
11,2026-09-19,14,154,196,61619.19,197.65
11,2026-09-19,15,146,126,40903.27,166.12
11,2026-09-19,16,146,106,34698.57,157.15
11,2026-09-19,17,617,182,53375.35,368.33
11,2026-09-19,18,293,326,113134.88,485.58
11,2026-09-19,19,112,271,89975.48,279.48
11,2026-09-19,20,58,120,36085.03,107.82
11,2026-09-19,21,0,62,20393.5,41.55
11,2026-09-20,9,454,54,18232.06,215.1
11,2026-09-20,10,123,204,66963.7,299.8
11,2026-09-20,11,124,153,49484.31,165.28
11,2026-09-20,12,627,166,58265.86,369.57
11,2026-09-20,13,139,307,94710.49,414.37
11,2026-09-20,14,154,202,63362.56,186.47
11,2026-09-20,15,140,108,40020.15,165.68
11,2026-09-20,16,136,110,35489.73,156.8
11,2026-09-20,17,590,179,48793.55,359.72
11,2026-09-20,18,293,282,88524.37,459.17
11,2026-09-20,19,86,239,74471.19,260.32
11,2026-09-20,20,48,116,37958.45,99.75
11,2026-09-20,21,0,51,18851.19,38.65
12,2026-08-24,9,485,80,25438.83,224.87
12,2026-08-24,10,150,194,64058.49,326.7
12,2026-08-24,11,146,186,61443.26,204.4
12,2026-08-24,12,577,168,54701.22,363.2
12,2026-08-24,13,146,263,85787.96,392.95
12,2026-08-24,14,145,221,67745.9,198.3
12,2026-08-24,15,158,102,32000.35,164.63
12,2026-08-24,16,143,122,38185.75,158.98
12,2026-08-24,17,604,170,52819.24,358.98
12,2026-08-24,18,290,321,102300.83,461.03
12,2026-08-24,19,93,224,71871.88,249.38
12,2026-08-24,20,68,117,32403.06,109.5
12,2026-08-24,21,0,59,18370.24,43.7
12,2026-08-25,9,398,47,17061.58,192.45
12,2026-08-25,10,117,174,62168.01,284.07
12,2026-08-25,11,125,156,45989.78,165.2
12,2026-08-25,12,525,152,48288.45,327.43
12,2026-08-25,13,146,275,90115.91,347.62
12,2026-08-25,14,147,182,58704.28,185.72
12,2026-08-25,15,140,101,33794.45,166.55
12,2026-08-25,16,132,119,36438.4,152.15
12,2026-08-25,17,547,153,46613.66,330.95
12,2026-08-25,18,283,291,92347.24,460.37
12,2026-08-25,19,93,257,88092.57,256.62
12,2026-08-25,20,55,105,34051.15,105.62
12,2026-08-25,21,0,54,14658.15,34.15
12,2026-08-26,9,431,58,18276.75,194.15
12,2026-08-26,10,162,174,61123.63,319.82
12,2026-08-26,11,117,187,63102.64,188.92
12,2026-08-26,12,595,155,49019.5,347.65
12,2026-08-26,13,137,293,101659.49,412.72
12,2026-08-26,14,140,209,63446.27,189.35
12,2026-08-26,15,159,107,31142.21,168.8
12,2026-08-26,16,147,122,35217.14,174.92
12,2026-08-26,17,625,187,63874.39,375.88
12,2026-08-26,18,299,306,97523.19,500.7
12,2026-08-26,19,91,258,79263.7,279.83
12,2026-08-26,20,56,125,38092.55,116.18
12,2026-08-26,21,0,62,20676.46,44.87
12,2026-08-27,9,498,62,19010.08,219.62
12,2026-08-27,10,173,232,81550.02,355.47
12,2026-08-27,11,167,183,60064.68,223.5
12,2026-08-27,12,679,196,69046.04,435.5
12,2026-08-27,13,145,330,110755.94,472.33
12,2026-08-27,14,159,241,74915.49,230.43
12,2026-08-27,15,160,122,41651.77,180.32
12,2026-08-27,16,172,121,39356.25,167.27
12,2026-08-27,17,649,189,57655.38,391.72
12,2026-08-27,18,343,369,124479.68,533.27
12,2026-08-27,19,101,265,86745.96,303.17
12,2026-08-27,20,70,112,34293.8,124.65
12,2026-08-27,21,0,72,27389.75,53.97
12,2026-08-28,9,495,77,20232.69,231.33
12,2026-08-28,10,158,206,67336.85,331.68
12,2026-08-28,11,186,200,61088.84,217.07
12,2026-08-28,12,656,220,70387.48,407.72
12,2026-08-28,13,184,296,90618.0,458.7
12,2026-08-28,14,163,260,84356.97,235.03
12,2026-08-28,15,165,114,33432.9,168.73
12,2026-08-28,16,153,117,36616.93,168.1
12,2026-08-28,17,644,194,62319.49,401.65
12,2026-08-28,18,348,349,117101.34,517.15
12,2026-08-28,19,118,285,91427.95,296.02
12,2026-08-28,20,72,135,46320.23,130.08
12,2026-08-28,21,0,60,21483.46,46.05
12,2026-08-29,9,569,89,28654.67,252.83
12,2026-08-29,10,188,255,80814.99,389.47
12,2026-08-29,11,204,208,63829.44,251.13
12,2026-08-29,12,754,244,81993.97,466.28
12,2026-08-29,13,174,400,129405.73,496.4
12,2026-08-29,14,196,246,78601.7,259.0
12,2026-08-29,15,186,130,40597.26,209.53
12,2026-08-29,16,194,145,51776.78,214.37
12,2026-08-29,17,750,238,74979.5,460.5
12,2026-08-29,18,367,368,124619.18,599.95
12,2026-08-29,19,117,337,109536.28,340.35
12,2026-08-29,20,73,137,42457.83,142.97
12,2026-08-29,21,0,74,22833.1,52.98
12,2026-08-30,9,499,62,20285.18,237.35
12,2026-08-30,10,178,241,78688.62,349.72
12,2026-08-30,11,135,176,57495.97,202.45
12,2026-08-30,12,700,192,58218.46,413.13
12,2026-08-30,13,176,334,112407.61,457.1
12,2026-08-30,14,168,232,72079.6,230.28
12,2026-08-30,15,160,132,42162.77,185.6
12,2026-08-30,16,169,125,43186.87,180.92
12,2026-08-30,17,663,192,60862.41,413.45
12,2026-08-30,18,346,358,114297.38,530.97
12,2026-08-30,19,95,297,97367.33,290.45
12,2026-08-30,20,74,115,34269.92,117.12
12,2026-08-30,21,0,69,23490.72,51.0
12,2026-08-31,9,464,57,17324.86,210.45
12,2026-08-31,10,141,192,58630.65,328.7
12,2026-08-31,11,181,205,68655.49,216.03
12,2026-08-31,12,577,174,55748.68,387.77
12,2026-08-31,13,143,269,92444.97,400.23
12,2026-08-31,14,150,199,65625.07,203.05
12,2026-08-31,15,136,104,31936.54,159.23
12,2026-08-31,16,144,107,34990.17,156.58
12,2026-08-31,17,601,164,53091.22,366.73
12,2026-08-31,18,284,303,94687.28,484.97
12,2026-08-31,19,93,253,83620.69,265.73
12,2026-08-31,20,57,97,29503.88,113.17
12,2026-08-31,21,0,69,22997.09,44.65
12,2026-09-01,9,496,73,23892.03,231.82
12,2026-09-01,10,155,223,78682.72,335.9
12,2026-09-01,11,153,212,65349.75,201.77
12,2026-09-01,12,689,189,60488.98,402.78
12,2026-09-01,13,160,317,104428.06,466.52
12,2026-09-01,14,167,241,77788.03,228.23
12,2026-09-01,15,185,118,36917.87,193.27
12,2026-09-01,16,142,128,40910.8,168.43
12,2026-09-01,17,668,174,51118.58,391.53
12,2026-09-01,18,331,340,105370.25,547.25
12,2026-09-01,19,117,312,100885.4,295.45
12,2026-09-01,20,60,98,30046.03,121.0
12,2026-09-01,21,0,73,23809.62,52.97
12,2026-09-02,9,492,71,25373.38,229.9
12,2026-09-02,10,167,231,69571.02,341.87
12,2026-09-02,11,161,175,54933.51,205.28
12,2026-09-02,12,667,185,58147.38,408.3
12,2026-09-02,13,172,317,102129.95,471.57
12,2026-09-02,14,179,264,87324.48,238.1
12,2026-09-02,15,192,125,35450.92,190.12
12,2026-09-02,16,168,129,39762.86,210.68
12,2026-09-02,17,680,208,60924.58,412.03
12,2026-09-02,18,318,334,109179.48,545.25
12,2026-09-02,19,87,283,90311.13,301.07
12,2026-09-02,20,58,122,40547.97,109.65
12,2026-09-02,21,0,54,20800.14,43.47
12,2026-09-03,9,482,64,20263.05,220.63
12,2026-09-03,10,152,212,65628.95,322.05
12,2026-09-03,11,167,176,56450.58,209.17
12,2026-09-03,12,635,207,65810.77,386.98
12,2026-09-03,13,143,291,93850.88,445.88
12,2026-09-03,14,159,218,63964.42,215.17
12,2026-09-03,15,175,107,33816.0,174.2
12,2026-09-03,16,159,115,36366.44,178.3
12,2026-09-03,17,668,199,61606.16,417.37
12,2026-09-03,18,326,359,108875.32,528.1
12,2026-09-03,19,113,283,87178.15,290.22
12,2026-09-03,20,53,121,40408.44,113.57
12,2026-09-03,21,0,52,18238.48,34.98
12,2026-09-04,9,498,68,22002.58,234.02
12,2026-09-04,10,160,219,70868.72,350.48
12,2026-09-04,11,138,198,61568.48,192.08
12,2026-09-04,12,635,158,47008.67,384.43
12,2026-09-04,13,166,309,98422.88,452.28
12,2026-09-04,14,156,235,73362.5,219.95
12,2026-09-04,15,161,121,40516.61,176.8
12,2026-09-04,16,188,104,30146.57,186.02
12,2026-09-04,17,676,185,59872.6,429.43
12,2026-09-04,18,345,376,118397.07,544.17
12,2026-09-04,19,104,295,96396.08,301.8
12,2026-09-04,20,58,134,41288.53,114.2
12,2026-09-04,21,0,42,12459.25,36.55
12,2026-09-05,9,608,73,22917.85,272.37
12,2026-09-05,10,192,274,87635.89,436.22
12,2026-09-05,11,165,233,71781.99,234.43
12,2026-09-05,12,788,230,74955.32,470.47
12,2026-09-05,13,178,363,115908.38,542.57
12,2026-09-05,14,195,293,91027.72,254.37
12,2026-09-05,15,208,132,43172.82,211.98
12,2026-09-05,16,172,134,38851.69,202.92
12,2026-09-05,17,859,225,69373.21,489.58
12,2026-09-05,18,388,455,146465.92,675.65
12,2026-09-05,19,117,341,111795.31,355.32
12,2026-09-05,20,62,151,51502.91,131.58
12,2026-09-05,21,0,63,19012.82,46.53
12,2026-09-06,9,533,76,23585.24,233.07
12,2026-09-06,10,201,251,84833.88,393.88
12,2026-09-06,11,183,210,67361.73,232.92
12,2026-09-06,12,758,216,69420.6,468.83
12,2026-09-06,13,182,363,118055.16,512.88
12,2026-09-06,14,176,264,83290.28,260.47
12,2026-09-06,15,168,143,44774.96,190.53
12,2026-09-06,16,171,120,41689.07,182.97
12,2026-09-06,17,704,199,64119.07,448.17
12,2026-09-06,18,379,331,107539.63,595.62
12,2026-09-06,19,102,359,110847.8,332.15
12,2026-09-06,20,63,128,38381.79,116.42
12,2026-09-06,21,0,60,16262.84,43.15
12,2026-09-07,9,446,72,21776.7,200.12
12,2026-09-07,10,151,187,58091.27,300.88
12,2026-09-07,11,139,163,54088.57,183.37
12,2026-09-07,12,553,161,46528.0,340.25
12,2026-09-07,13,142,277,91943.28,377.93
12,2026-09-07,14,136,195,62520.48,199.72
12,2026-09-07,15,122,89,25371.12,151.3
12,2026-09-07,16,150,88,24513.71,151.07
12,2026-09-07,17,544,176,58211.11,344.63
12,2026-09-07,18,265,286,89455.94,438.83
12,2026-09-07,19,91,230,74251.4,239.5
12,2026-09-07,20,43,108,34371.82,89.47
12,2026-09-07,21,0,39,13473.34,32.05
12,2026-09-08,9,447,64,18220.26,203.33
12,2026-09-08,10,144,219,70744.39,312.38
12,2026-09-08,11,151,156,50784.03,188.93
12,2026-09-08,12,569,162,52857.48,348.4
12,2026-09-08,13,143,292,93560.62,399.05
12,2026-09-08,14,133,213,73676.73,197.0
12,2026-09-08,15,147,116,37030.88,151.57
12,2026-09-08,16,163,101,33240.16,166.72
12,2026-09-08,17,591,185,57449.74,366.27
12,2026-09-08,18,276,309,95604.48,442.7
12,2026-09-08,19,85,245,79400.98,234.57
12,2026-09-08,20,60,94,29331.76,95.98
12,2026-09-08,21,0,61,19245.68,45.43
12,2026-09-09,9,411,69,20422.5,175.73
12,2026-09-09,10,130,174,49808.36,295.33
12,2026-09-09,11,149,164,50814.97,185.75
12,2026-09-09,12,537,159,51814.1,329.45
12,2026-09-09,13,140,257,83727.08,379.43
12,2026-09-09,14,129,178,56466.07,195.07
12,2026-09-09,15,123,107,34540.96,135.0
12,2026-09-09,16,147,77,24634.36,139.5
12,2026-09-09,17,574,167,49421.2,352.67
12,2026-09-09,18,272,306,94410.35,462.35
12,2026-09-09,19,73,252,80885.11,234.28
12,2026-09-09,20,51,80,28565.59,88.2
12,2026-09-09,21,0,46,16107.25,38.05
12,2026-09-10,9,454,59,18340.41,214.47
12,2026-09-10,10,131,194,59035.95,303.3
12,2026-09-10,11,154,159,49750.56,190.2
12,2026-09-10,12,646,189,54093.54,399.08
12,2026-09-10,13,156,327,103559.72,416.85
12,2026-09-10,14,163,198,60178.98,210.97
12,2026-09-10,15,160,118,39418.76,177.95
12,2026-09-10,16,155,125,39780.33,176.9
12,2026-09-10,17,639,191,67823.11,393.38
12,2026-09-10,18,285,327,105458.89,503.35
12,2026-09-10,19,94,256,78016.15,257.87
12,2026-09-10,20,55,89,30604.01,104.15
12,2026-09-10,21,0,63,23377.63,42.78
12,2026-09-11,9,480,63,18890.32,216.85
12,2026-09-11,10,160,224,73739.01,361.4
12,2026-09-11,11,159,190,62566.95,208.55
12,2026-09-11,12,714,201,61414.19,434.6
12,2026-09-11,13,168,359,118803.34,479.88
12,2026-09-11,14,176,241,77922.82,237.3
12,2026-09-11,15,175,135,44687.77,198.93
12,2026-09-11,16,179,132,40545.71,180.5
12,2026-09-11,17,683,183,56977.83,425.32
12,2026-09-11,18,357,361,108749.27,568.85
12,2026-09-11,19,105,325,109182.82,301.78
12,2026-09-11,20,63,122,41430.1,116.55
12,2026-09-11,21,0,63,24942.21,37.33
12,2026-09-12,9,632,74,23668.71,300.28
12,2026-09-12,10,183,300,97258.23,440.82
12,2026-09-12,11,206,230,79138.97,260.67
12,2026-09-12,12,767,232,73289.1,472.55
12,2026-09-12,13,194,368,118376.96,517.95
12,2026-09-12,14,216,268,88576.02,275.4
12,2026-09-12,15,206,156,53371.02,237.13
12,2026-09-12,16,190,169,58493.93,209.67
12,2026-09-12,17,777,219,71166.42,468.12
12,2026-09-12,18,377,398,124489.74,600.68
12,2026-09-12,19,112,334,108412.36,339.15
12,2026-09-12,20,72,126,38858.15,128.35
12,2026-09-12,21,0,73,23749.78,57.95
12,2026-09-13,9,473,70,20756.67,212.45
12,2026-09-13,10,166,182,54714.65,349.27
12,2026-09-13,11,168,212,64842.49,205.93
12,2026-09-13,12,692,186,60574.67,413.43
12,2026-09-13,13,194,325,105363.32,489.8
12,2026-09-13,14,171,258,79172.47,261.48
12,2026-09-13,15,177,142,44985.25,192.83
12,2026-09-13,16,158,149,50043.94,191.72
12,2026-09-13,17,713,194,58063.8,407.23
12,2026-09-13,18,386,364,112900.87,587.32
12,2026-09-13,19,111,329,106068.74,327.0
12,2026-09-13,20,71,130,41120.78,113.77
12,2026-09-13,21,0,62,17240.34,52.55
12,2026-09-14,9,436,73,24284.44,192.38
12,2026-09-14,10,145,181,64278.81,299.28
12,2026-09-14,11,119,163,53473.23,174.48
12,2026-09-14,12,540,149,50637.81,324.73
12,2026-09-14,13,128,270,85850.76,360.68
12,2026-09-14,14,140,179,54059.72,175.97
12,2026-09-14,15,133,100,31094.91,153.55
12,2026-09-14,16,147,108,34524.78,163.63
12,2026-09-14,17,551,175,57800.06,326.15
12,2026-09-14,18,246,274,88144.77,420.27
12,2026-09-14,19,62,247,81037.51,226.77
12,2026-09-14,20,57,91,30679.21,77.17
12,2026-09-14,21,0,46,13892.59,36.77
12,2026-09-15,9,433,60,20538.03,204.13
12,2026-09-15,10,144,188,51953.31,289.45
12,2026-09-15,11,141,155,51095.97,196.2
12,2026-09-15,12,570,165,54689.09,351.35
12,2026-09-15,13,139,280,89510.96,388.42
12,2026-09-15,14,159,193,64968.94,206.07
12,2026-09-15,15,161,112,32942.73,184.18
12,2026-09-15,16,125,129,41189.24,160.78
12,2026-09-15,17,597,157,48251.22,355.0
12,2026-09-15,18,292,317,103283.91,473.03
12,2026-09-15,19,95,247,84436.46,262.58
12,2026-09-15,20,47,93,29984.25,105.78
12,2026-09-15,21,0,50,16939.62,40.05
12,2026-09-16,9,509,70,20424.67,231.28
12,2026-09-16,10,156,233,82862.32,347.18
12,2026-09-16,11,181,181,60038.23,208.9
12,2026-09-16,12,688,210,69760.22,424.0
12,2026-09-16,13,126,325,100881.71,446.37
12,2026-09-16,14,172,211,66171.57,211.4
12,2026-09-16,15,167,107,35720.56,181.93
12,2026-09-16,16,193,141,47566.32,190.5
12,2026-09-16,17,705,225,72510.79,420.85
12,2026-09-16,18,320,357,117421.88,551.33
12,2026-09-16,19,105,294,98380.99,293.88
12,2026-09-16,20,61,118,39908.37,115.67
12,2026-09-16,21,0,63,19609.73,46.88
12,2026-09-17,9,554,76,27414.53,238.88
12,2026-09-17,10,184,231,71999.79,388.42
12,2026-09-17,11,199,224,74288.93,263.52
12,2026-09-17,12,768,220,75524.96,474.63
12,2026-09-17,13,194,370,112348.5,502.28
12,2026-09-17,14,181,238,77982.47,238.9
12,2026-09-17,15,171,131,41346.29,208.08
12,2026-09-17,16,178,132,41993.96,194.3
12,2026-09-17,17,763,214,67886.15,468.17
12,2026-09-17,18,354,394,126514.06,594.47
12,2026-09-17,19,104,310,102458.27,328.03
12,2026-09-17,20,66,115,37033.23,130.15
12,2026-09-17,21,0,70,22934.53,50.88
12,2026-09-18,9,531,72,22236.35,251.62
12,2026-09-18,10,169,253,75109.08,362.07
12,2026-09-18,11,194,195,61604.55,238.07
12,2026-09-18,12,713,232,76042.33,457.2
12,2026-09-18,13,177,331,101029.14,481.77
12,2026-09-18,14,202,270,86956.37,263.65
12,2026-09-18,15,184,141,51494.98,218.03
12,2026-09-18,16,165,135,40679.17,195.95
12,2026-09-18,17,725,190,64216.7,455.07
12,2026-09-18,18,345,405,124383.37,586.17
12,2026-09-18,19,113,295,93754.71,306.98
12,2026-09-18,20,73,133,38308.61,125.03
12,2026-09-18,21,0,69,21454.88,45.9
12,2026-09-19,9,617,99,34224.16,277.85
12,2026-09-19,10,201,265,87400.9,434.57
12,2026-09-19,11,210,260,89523.98,256.83
12,2026-09-19,12,781,225,75034.42,475.85
12,2026-09-19,13,215,389,130672.11,551.38
12,2026-09-19,14,178,301,92955.27,287.73
12,2026-09-19,15,196,143,50511.2,205.47
12,2026-09-19,16,200,141,43790.97,226.33
12,2026-09-19,17,801,235,76975.86,493.22
12,2026-09-19,18,381,424,136976.5,629.65
12,2026-09-19,19,106,334,105246.89,335.53
12,2026-09-19,20,89,138,45102.46,134.23
12,2026-09-19,21,0,84,28369.0,59.82
12,2026-09-20,9,491,60,20467.97,214.28
12,2026-09-20,10,173,233,75852.55,345.67
12,2026-09-20,11,158,187,55240.53,212.33
12,2026-09-20,12,630,186,63125.2,383.93
12,2026-09-20,13,166,303,92688.32,441.67
12,2026-09-20,14,162,215,67754.49,239.02
12,2026-09-20,15,144,122,38332.8,192.67
12,2026-09-20,16,166,128,38576.09,167.33
12,2026-09-20,17,654,168,58408.02,399.48
12,2026-09-20,18,302,322,103398.32,532.5
12,2026-09-20,19,102,270,85782.25,284.42
12,2026-09-20,20,58,111,36056.44,115.72
12,2026-09-20,21,0,53,19367.25,37.08
13,2026-08-24,9,383,42,13327.65,167.65
13,2026-08-24,10,111,168,58137.89,269.33
13,2026-08-24,11,132,152,46348.96,157.15
13,2026-08-24,12,486,127,41822.64,299.25
13,2026-08-24,13,101,233,77071.52,337.15
13,2026-08-24,14,132,168,53606.51,165.78
13,2026-08-24,15,145,84,27506.47,149.5
13,2026-08-24,16,128,95,32329.11,151.93
13,2026-08-24,17,519,167,52133.28,331.2
13,2026-08-24,18,220,256,85948.22,404.02
13,2026-08-24,19,84,231,74842.4,200.03
13,2026-08-24,20,53,80,24164.83,90.93
13,2026-08-24,21,0,53,18399.25,34.77
13,2026-08-25,9,386,50,16955.0,174.2
13,2026-08-25,10,115,187,60767.01,266.82
13,2026-08-25,11,147,127,37329.36,160.37
13,2026-08-25,12,488,167,58318.58,309.78
13,2026-08-25,13,104,221,72626.49,322.4
13,2026-08-25,14,125,146,45213.58,167.18
13,2026-08-25,15,130,93,27518.49,140.02
13,2026-08-25,16,138,99,30494.99,145.18
13,2026-08-25,17,533,160,49643.86,335.57
13,2026-08-25,18,267,276,91993.76,427.42
13,2026-08-25,19,76,235,73296.1,240.88
13,2026-08-25,20,56,94,31061.44,94.1
13,2026-08-25,21,0,54,18419.04,41.25
13,2026-08-26,9,366,55,17763.86,172.45
13,2026-08-26,10,116,160,53285.07,253.4
13,2026-08-26,11,121,130,45243.23,150.97
13,2026-08-26,12,507,163,49527.58,302.12
13,2026-08-26,13,130,243,75864.94,345.78
13,2026-08-26,14,137,181,59788.46,177.2
13,2026-08-26,15,127,93,26901.89,145.7
13,2026-08-26,16,127,101,33565.45,146.48
13,2026-08-26,17,536,140,46779.81,315.25
13,2026-08-26,18,258,278,90915.16,435.88
13,2026-08-26,19,82,229,65512.8,240.25
13,2026-08-26,20,40,93,29110.32,87.48
13,2026-08-26,21,0,46,13119.4,36.67
13,2026-08-27,9,411,59,20897.03,184.8
13,2026-08-27,10,104,170,53830.64,263.07
13,2026-08-27,11,129,153,49222.28,161.32
13,2026-08-27,12,529,147,45909.67,313.05
13,2026-08-27,13,130,249,75557.28,359.27
13,2026-08-27,14,133,199,64010.93,186.95
13,2026-08-27,15,117,97,31547.31,142.58
13,2026-08-27,16,111,88,25534.77,131.52
13,2026-08-27,17,543,160,48899.75,320.35
13,2026-08-27,18,262,259,79608.53,422.02
13,2026-08-27,19,76,236,81051.75,237.18
13,2026-08-27,20,42,92,30753.07,85.45
13,2026-08-27,21,0,39,11495.31,29.45
13,2026-08-28,9,443,63,17443.1,194.13
13,2026-08-28,10,137,181,57596.35,326.28
13,2026-08-28,11,150,171,52359.46,203.23
13,2026-08-28,12,597,190,63487.07,368.55
13,2026-08-28,13,146,284,93161.42,399.98
13,2026-08-28,14,149,210,68551.25,199.2
13,2026-08-28,15,163,117,37327.28,157.73
13,2026-08-28,16,140,107,35602.87,160.1
13,2026-08-28,17,603,170,59046.81,367.67
13,2026-08-28,18,291,301,100309.65,490.55
13,2026-08-28,19,96,265,86652.07,256.42
13,2026-08-28,20,63,96,34257.05,108.0
13,2026-08-28,21,0,65,23656.09,43.45
13,2026-08-29,9,486,57,16511.65,223.92
13,2026-08-29,10,158,206,68053.41,345.78
13,2026-08-29,11,160,187,60281.18,208.25
13,2026-08-29,12,743,179,64525.08,436.23
13,2026-08-29,13,152,358,121024.3,523.0
13,2026-08-29,14,159,272,89979.36,232.27
13,2026-08-29,15,189,116,39137.23,191.65
13,2026-08-29,16,156,139,44436.76,206.22
13,2026-08-29,17,654,194,67016.66,398.43
13,2026-08-29,18,348,341,120275.37,517.17
13,2026-08-29,19,96,272,82839.09,311.37
13,2026-08-29,20,75,136,44713.76,121.93
13,2026-08-29,21,0,74,25775.58,45.38
13,2026-08-30,9,457,79,26930.81,210.83
13,2026-08-30,10,155,185,58667.07,314.2
13,2026-08-30,11,155,195,64498.22,198.37
13,2026-08-30,12,623,191,58043.95,370.87
13,2026-08-30,13,131,275,81821.77,414.63
13,2026-08-30,14,170,226,69778.16,217.1
13,2026-08-30,15,183,113,33047.25,182.15
13,2026-08-30,16,146,133,46438.88,196.85
13,2026-08-30,17,693,203,61183.18,424.63
13,2026-08-30,18,305,345,104642.57,531.67
13,2026-08-30,19,103,291,94238.3,279.4
13,2026-08-30,20,67,99,27160.83,102.02
13,2026-08-30,21,0,68,20220.49,45.87
13,2026-08-31,9,366,70,23171.75,163.98
13,2026-08-31,10,136,157,53250.72,250.23
13,2026-08-31,11,115,139,48889.04,158.25
13,2026-08-31,12,500,133,39584.23,308.4
13,2026-08-31,13,120,251,82625.98,332.65
13,2026-08-31,14,94,157,51115.02,162.4
13,2026-08-31,15,137,88,27123.29,134.7
13,2026-08-31,16,114,95,27870.01,131.38
13,2026-08-31,17,475,154,44522.18,285.03
13,2026-08-31,18,250,232,78374.07,379.52
13,2026-08-31,19,83,199,62153.43,211.85
13,2026-08-31,20,45,94,31697.61,87.33
13,2026-08-31,21,0,46,14276.7,35.92
13,2026-09-01,9,412,55,19811.8,184.95
13,2026-09-01,10,134,191,62978.4,279.92
13,2026-09-01,11,116,151,43608.55,159.63
13,2026-09-01,12,544,160,46783.79,323.08
13,2026-09-01,13,132,255,85182.7,365.17
13,2026-09-01,14,146,189,59833.38,180.53
13,2026-09-01,15,159,109,36556.68,156.25
13,2026-09-01,16,132,113,32001.84,161.53
13,2026-09-01,17,558,161,51128.54,340.05
13,2026-09-01,18,270,303,103627.06,438.28
13,2026-09-01,19,89,221,74516.83,232.3
13,2026-09-01,20,39,110,36397.88,96.73
13,2026-09-01,21,0,47,14242.67,27.13
13,2026-09-02,9,417,48,13827.55,185.62
13,2026-09-02,10,115,164,51159.41,287.23
13,2026-09-02,11,160,160,55030.04,177.7
13,2026-09-02,12,578,172,62055.77,362.12
13,2026-09-02,13,105,282,86770.99,377.75
13,2026-09-02,14,135,182,58437.29,178.17
13,2026-09-02,15,152,90,31670.85,146.0
13,2026-09-02,16,149,92,31296.71,177.0
13,2026-09-02,17,542,172,52661.34,349.65
13,2026-09-02,18,294,307,93941.82,452.63
13,2026-09-02,19,104,237,71265.52,262.02
13,2026-09-02,20,49,111,33327.69,115.32
13,2026-09-02,21,0,52,17423.61,37.22
13,2026-09-03,9,386,57,19661.3,176.9
13,2026-09-03,10,132,193,62462.21,270.1
13,2026-09-03,11,115,144,50075.41,151.27
13,2026-09-03,12,517,143,39403.89,293.57
13,2026-09-03,13,128,237,73930.03,359.62
13,2026-09-03,14,136,208,66999.81,180.52
13,2026-09-03,15,118,112,35012.37,134.83
13,2026-09-03,16,134,97,33534.7,126.83
13,2026-09-03,17,538,160,55995.45,329.13
13,2026-09-03,18,250,263,88500.79,407.62
13,2026-09-03,19,82,226,75798.72,241.72
13,2026-09-03,20,41,109,35738.64,95.78
13,2026-09-03,21,0,38,11074.56,27.17
13,2026-09-04,9,432,47,14574.28,199.87
13,2026-09-04,10,132,208,68359.21,306.82
13,2026-09-04,11,129,175,56548.07,172.98
13,2026-09-04,12,560,150,46851.0,332.8
13,2026-09-04,13,142,261,84172.64,399.17
13,2026-09-04,14,142,221,72808.4,205.57
13,2026-09-04,15,133,114,34912.33,152.67
13,2026-09-04,16,151,94,28932.27,154.97
13,2026-09-04,17,617,183,59181.88,380.03
13,2026-09-04,18,313,305,97592.61,489.88
13,2026-09-04,19,79,286,88425.43,265.05
13,2026-09-04,20,53,91,27404.59,89.3
13,2026-09-04,21,0,55,19046.63,37.67
13,2026-09-05,9,525,73,19646.19,232.2
13,2026-09-05,10,163,218,69515.82,363.1
13,2026-09-05,11,181,204,65131.67,223.35
13,2026-09-05,12,664,206,65797.54,415.2
13,2026-09-05,13,139,310,97272.3,442.53
13,2026-09-05,14,169,202,68975.86,210.05
13,2026-09-05,15,201,133,46436.52,205.0
13,2026-09-05,16,159,147,46479.86,189.55
13,2026-09-05,17,719,193,59314.61,441.28
13,2026-09-05,18,341,378,125460.03,566.5
13,2026-09-05,19,91,312,102646.69,289.33
13,2026-09-05,20,62,116,36345.42,117.32
13,2026-09-05,21,0,51,18133.62,37.73
13,2026-09-06,9,427,66,21122.55,192.87
13,2026-09-06,10,143,192,62886.13,290.02
13,2026-09-06,11,154,160,49699.82,183.55
13,2026-09-06,12,605,185,57326.39,381.47
13,2026-09-06,13,132,279,88871.37,407.73
13,2026-09-06,14,148,210,66450.98,196.9
13,2026-09-06,15,146,100,31955.29,155.08
13,2026-09-06,16,152,96,29867.6,162.65
13,2026-09-06,17,631,176,56065.53,405.78
13,2026-09-06,18,312,341,107542.24,507.97
13,2026-09-06,19,91,274,88416.39,275.27
13,2026-09-06,20,56,110,33334.22,103.43
13,2026-09-06,21,0,46,15126.75,37.27
13,2026-09-07,9,339,49,16482.63,146.62
13,2026-09-07,10,131,158,51138.35,226.25
13,2026-09-07,11,125,137,40903.78,156.92
13,2026-09-07,12,467,143,45512.9,294.02
13,2026-09-07,13,120,229,79036.74,317.62
13,2026-09-07,14,102,158,49946.36,153.35
13,2026-09-07,15,143,81,24844.1,142.57
13,2026-09-07,16,124,92,30095.91,143.8
13,2026-09-07,17,479,145,50175.4,305.95
13,2026-09-07,18,254,269,78253.84,404.35
13,2026-09-07,19,81,205,65844.16,218.85
13,2026-09-07,20,44,108,35971.56,92.65
13,2026-09-07,21,0,47,16479.54,32.58
13,2026-09-08,9,403,53,16390.97,179.37
13,2026-09-08,10,148,163,53391.97,288.38
13,2026-09-08,11,105,172,52705.19,162.23
13,2026-09-08,12,505,146,45901.11,300.67
13,2026-09-08,13,129,240,74117.74,342.6
13,2026-09-08,14,138,168,54202.43,185.6
13,2026-09-08,15,109,101,32950.23,139.22
13,2026-09-08,16,119,88,27429.03,121.35
13,2026-09-08,17,465,139,42623.37,288.32
13,2026-09-08,18,229,248,84498.98,380.93
13,2026-09-08,19,59,195,63051.9,187.72
13,2026-09-08,20,44,76,24092.43,71.05
13,2026-09-08,21,0,39,12181.69,26.58
13,2026-09-09,9,338,58,16453.56,148.82
13,2026-09-09,10,111,160,55014.24,217.95
13,2026-09-09,11,96,115,35622.76,126.15
13,2026-09-09,12,449,137,44171.51,270.85
13,2026-09-09,13,115,234,77271.55,312.88
13,2026-09-09,14,116,145,41968.49,157.32
13,2026-09-09,15,140,95,27029.85,135.87
13,2026-09-09,16,139,96,29575.75,153.57
13,2026-09-09,17,477,150,47221.07,296.05
13,2026-09-09,18,219,281,93010.68,363.28
13,2026-09-09,19,97,185,58473.01,187.67
13,2026-09-09,20,43,100,34605.39,92.7
13,2026-09-09,21,0,49,15681.92,24.8
13,2026-09-10,9,422,52,16887.18,192.87
13,2026-09-10,10,133,195,59480.25,294.08
13,2026-09-10,11,133,169,51933.78,170.0
13,2026-09-10,12,582,173,60525.99,342.58
13,2026-09-10,13,152,298,95792.16,397.78
13,2026-09-10,14,123,213,71448.83,201.37
13,2026-09-10,15,126,98,30195.12,134.43
13,2026-09-10,16,142,96,31491.38,142.32
13,2026-09-10,17,595,162,52250.65,357.68
13,2026-09-10,18,286,306,97170.46,483.07
13,2026-09-10,19,75,265,80035.35,256.38
13,2026-09-10,20,49,89,26191.71,98.37
13,2026-09-10,21,0,48,14088.46,36.15
13,2026-09-11,9,419,53,17327.42,182.17
13,2026-09-11,10,148,175,56141.03,304.63
13,2026-09-11,11,142,180,58403.48,195.52
13,2026-09-11,12,584,173,58016.52,352.63
13,2026-09-11,13,135,281,89398.59,390.1
13,2026-09-11,14,141,211,69132.69,192.57
13,2026-09-11,15,137,100,32332.97,153.18
13,2026-09-11,16,128,114,38403.92,141.82
13,2026-09-11,17,558,137,41849.45,336.13
13,2026-09-11,18,298,305,95721.46,460.78
13,2026-09-11,19,105,246,73980.37,268.72
13,2026-09-11,20,45,104,33215.57,110.85
13,2026-09-11,21,0,58,19896.94,38.13
13,2026-09-12,9,485,68,21021.25,225.05
13,2026-09-12,10,161,226,71276.91,321.23
13,2026-09-12,11,175,174,50995.03,200.93
13,2026-09-12,12,668,194,60863.22,413.35
13,2026-09-12,13,161,329,111876.55,465.5
13,2026-09-12,14,147,222,72543.37,222.42
13,2026-09-12,15,180,124,41716.82,175.48
13,2026-09-12,16,153,134,45141.04,181.98
13,2026-09-12,17,614,175,54633.76,364.75
13,2026-09-12,18,317,348,109798.78,485.77
13,2026-09-12,19,102,243,69871.72,268.38
13,2026-09-12,20,63,113,30825.72,124.7
13,2026-09-12,21,0,61,18672.12,43.08
13,2026-09-13,9,491,68,22040.24,218.92
13,2026-09-13,10,141,204,61285.02,340.63
13,2026-09-13,11,149,177,57570.19,200.12
13,2026-09-13,12,651,193,59883.94,386.18
13,2026-09-13,13,138,306,90480.19,432.13
13,2026-09-13,14,178,230,75296.94,220.08
13,2026-09-13,15,170,107,33151.95,198.38
13,2026-09-13,16,139,149,46312.06,180.25
13,2026-09-13,17,663,185,62223.76,385.95
13,2026-09-13,18,301,322,107133.34,513.17
13,2026-09-13,19,116,297,91652.95,288.77
13,2026-09-13,20,61,108,31423.12,129.15
13,2026-09-13,21,0,69,22657.83,47.03
13,2026-09-14,9,358,55,15890.1,164.83
13,2026-09-14,10,123,166,55243.08,250.07
13,2026-09-14,11,111,130,45122.55,149.02
13,2026-09-14,12,505,138,44645.04,304.27
13,2026-09-14,13,124,250,74765.05,350.1
13,2026-09-14,14,121,167,54284.78,174.65
13,2026-09-14,15,124,80,27306.9,127.97
13,2026-09-14,16,126,94,32033.65,134.8
13,2026-09-14,17,529,142,47268.26,321.98
13,2026-09-14,18,252,278,89848.34,428.48
13,2026-09-14,19,69,232,67110.96,215.6
13,2026-09-14,20,50,85,26359.92,81.27
13,2026-09-14,21,0,43,13315.68,36.38
13,2026-09-15,9,382,53,16348.98,171.12
13,2026-09-15,10,122,184,54499.14,258.23
13,2026-09-15,11,144,140,43554.45,174.15
13,2026-09-15,12,544,159,49057.27,326.77
13,2026-09-15,13,127,259,82867.04,375.3
13,2026-09-15,14,158,206,67505.83,202.1
13,2026-09-15,15,131,117,39986.06,160.12
13,2026-09-15,16,124,95,28542.19,141.53
13,2026-09-15,17,534,156,51156.82,317.9
13,2026-09-15,18,277,264,81105.37,424.62
13,2026-09-15,19,86,251,79567.06,245.62
13,2026-09-15,20,56,83,25987.52,103.38
13,2026-09-15,21,0,61,22636.17,43.17
13,2026-09-16,9,448,56,17108.37,204.83
13,2026-09-16,10,156,208,68940.26,321.1
13,2026-09-16,11,143,200,63654.48,201.03
13,2026-09-16,12,611,183,59270.93,367.08
13,2026-09-16,13,145,266,88198.62,416.0
13,2026-09-16,14,148,221,65658.33,225.75
13,2026-09-16,15,157,119,40378.61,163.35
13,2026-09-16,16,158,110,33875.73,174.2
13,2026-09-16,17,624,174,58008.71,389.03
13,2026-09-16,18,301,329,106428.18,524.13
13,2026-09-16,19,77,271,83637.78,265.55
13,2026-09-16,20,48,100,32234.18,92.3
13,2026-09-16,21,0,49,14676.98,33.77
13,2026-09-17,9,465,61,17793.5,213.77
13,2026-09-17,10,132,211,67216.07,322.93
13,2026-09-17,11,149,185,56898.17,181.88
13,2026-09-17,12,579,159,47539.81,353.88
13,2026-09-17,13,131,289,97198.91,411.75
13,2026-09-17,14,153,191,60399.03,195.43
13,2026-09-17,15,129,109,35503.22,154.95
13,2026-09-17,16,151,100,30177.28,141.57
13,2026-09-17,17,587,161,50400.68,360.82
13,2026-09-17,18,294,308,96058.52,466.23
13,2026-09-17,19,101,250,83593.83,257.63
13,2026-09-17,20,62,125,38423.99,104.5
13,2026-09-17,21,0,50,14947.16,40.43
13,2026-09-18,9,470,76,23791.6,215.82
13,2026-09-18,10,149,204,68866.71,327.67
13,2026-09-18,11,189,187,60086.65,210.48
13,2026-09-18,12,659,197,61908.86,392.55
13,2026-09-18,13,138,290,87646.72,451.45
13,2026-09-18,14,155,237,76234.3,223.48
13,2026-09-18,15,172,122,39837.65,164.93
13,2026-09-18,16,174,113,33816.26,187.92
13,2026-09-18,17,670,203,64416.64,418.75
13,2026-09-18,18,319,354,117544.32,546.27
13,2026-09-18,19,95,305,95687.78,297.85
13,2026-09-18,20,50,118,35902.46,111.85
13,2026-09-18,21,0,49,15277.42,34.63
13,2026-09-19,9,424,49,14710.59,190.1
13,2026-09-19,10,128,185,60132.66,306.08
13,2026-09-19,11,139,147,50269.21,171.18
13,2026-09-19,12,609,165,54813.22,374.88
13,2026-09-19,13,148,296,93019.52,417.88
13,2026-09-19,14,157,225,75747.85,207.37
13,2026-09-19,15,143,103,33052.57,163.77
13,2026-09-19,16,140,104,34430.78,153.08
13,2026-09-19,17,613,175,58074.86,375.38
13,2026-09-19,18,303,293,95427.25,485.28
13,2026-09-19,19,96,248,78156.03,274.57
13,2026-09-19,20,60,101,32064.22,121.05
13,2026-09-19,21,0,64,19774.32,45.5
13,2026-09-20,9,407,65,21552.32,190.9
13,2026-09-20,10,148,189,66571.33,279.45
13,2026-09-20,11,163,168,53743.42,188.25
13,2026-09-20,12,569,157,55560.03,362.88
13,2026-09-20,13,152,281,94852.27,413.47
13,2026-09-20,14,146,188,60979.88,206.78
13,2026-09-20,15,144,107,33859.9,155.43
13,2026-09-20,16,147,120,37012.13,164.97
13,2026-09-20,17,624,169,55661.85,373.43
13,2026-09-20,18,286,326,102512.62,494.7
13,2026-09-20,19,91,259,78528.74,262.13
13,2026-09-20,20,45,100,31047.76,100.0
13,2026-09-20,21,0,48,18539.91,34.37
14,2026-08-24,9,370,61,18675.49,173.97
14,2026-08-24,10,101,168,52980.55,232.77
14,2026-08-24,11,144,126,39764.42,140.47
14,2026-08-24,12,529,153,45793.64,332.2
14,2026-08-24,13,114,254,83751.3,366.48
14,2026-08-24,14,118,183,60333.18,170.27
14,2026-08-24,15,118,92,33532.07,130.4
14,2026-08-24,16,130,91,28335.53,145.93
14,2026-08-24,17,482,147,47557.92,307.9
14,2026-08-24,18,240,257,76723.17,393.4
14,2026-08-24,19,67,217,65882.59,214.28
14,2026-08-24,20,50,85,25048.86,74.38
14,2026-08-24,21,0,47,17067.01,35.4
14,2026-08-25,9,309,46,18506.6,139.2
14,2026-08-25,10,120,141,46057.66,224.9
14,2026-08-25,11,106,134,43924.4,145.95
14,2026-08-25,12,460,137,46277.24,270.63
14,2026-08-25,13,98,219,65948.25,312.47
14,2026-08-25,14,130,163,50131.81,168.08
14,2026-08-25,15,114,84,27330.67,138.72
14,2026-08-25,16,110,97,29262.26,123.55
14,2026-08-25,17,486,144,49335.56,293.18
14,2026-08-25,18,227,230,70368.71,371.25
14,2026-08-25,19,60,207,63819.07,204.25
14,2026-08-25,20,42,69,19823.41,68.85
14,2026-08-25,21,0,40,11416.04,26.27
14,2026-08-26,9,375,41,13703.2,169.18
14,2026-08-26,10,114,153,47241.16,275.85
14,2026-08-26,11,125,148,43978.73,155.95
14,2026-08-26,12,526,152,53912.84,317.48
14,2026-08-26,13,112,246,83160.0,338.43
14,2026-08-26,14,111,175,51490.75,156.38
14,2026-08-26,15,123,83,28432.48,120.02
14,2026-08-26,16,129,86,24613.56,129.77
14,2026-08-26,17,524,147,47710.97,325.77
14,2026-08-26,18,243,282,91564.07,401.25
14,2026-08-26,19,77,204,57579.67,219.05
14,2026-08-26,20,56,76,24742.17,83.78
14,2026-08-26,21,0,56,18008.74,39.65
14,2026-08-27,9,432,61,19307.5,194.82
14,2026-08-27,10,147,184,56285.27,296.25
14,2026-08-27,11,142,171,51250.64,192.95
14,2026-08-27,12,551,169,53210.45,351.6
14,2026-08-27,13,128,277,91815.12,370.2
14,2026-08-27,14,125,172,52555.58,183.7
14,2026-08-27,15,137,107,31739.23,146.7
14,2026-08-27,16,114,83,29147.08,143.43
14,2026-08-27,17,546,152,46374.17,325.58
14,2026-08-27,18,263,279,93342.05,425.52
14,2026-08-27,19,80,229,74262.02,231.67
14,2026-08-27,20,53,95,36251.6,93.88
14,2026-08-27,21,0,55,15077.11,38.4
14,2026-08-28,9,452,66,23246.05,202.18
14,2026-08-28,10,155,215,69417.14,332.05
14,2026-08-28,11,158,173,52800.64,200.4
14,2026-08-28,12,557,167,49692.23,352.38
14,2026-08-28,13,137,300,90108.68,391.07
14,2026-08-28,14,148,182,61798.6,191.98
14,2026-08-28,15,141,104,33551.76,148.55
14,2026-08-28,16,133,90,32199.76,144.43
14,2026-08-28,17,564,166,53657.48,346.35
14,2026-08-28,18,291,283,89195.19,449.58
14,2026-08-28,19,90,219,70738.34,239.8
14,2026-08-28,20,52,105,36650.47,103.53
14,2026-08-28,21,0,53,20455.75,35.87
14,2026-08-29,9,484,65,18270.86,213.23
14,2026-08-29,10,148,226,69725.54,341.47
14,2026-08-29,11,160,183,57543.12,198.12
14,2026-08-29,12,723,206,63937.97,426.08
14,2026-08-29,13,160,327,103155.82,453.23
14,2026-08-29,14,200,237,70871.95,245.22
14,2026-08-29,15,171,134,42369.31,197.4
14,2026-08-29,16,181,142,47327.07,195.47
14,2026-08-29,17,738,238,72384.68,459.97
14,2026-08-29,18,368,369,115437.81,589.78
14,2026-08-29,19,97,300,104441.51,310.08
14,2026-08-29,20,72,115,36090.76,114.78
14,2026-08-29,21,0,60,20089.9,46.93
14,2026-08-30,9,477,63,22747.72,210.73
14,2026-08-30,10,164,208,67852.86,340.05
14,2026-08-30,11,168,204,68296.4,217.33
14,2026-08-30,12,651,208,61592.13,400.18
14,2026-08-30,13,160,293,97771.76,447.32
14,2026-08-30,14,163,227,69902.48,228.27
14,2026-08-30,15,167,110,34755.42,190.42
14,2026-08-30,16,152,126,41793.88,182.7
14,2026-08-30,17,699,195,60644.18,414.83
14,2026-08-30,18,329,353,107761.91,560.88
14,2026-08-30,19,111,290,87018.71,291.07
14,2026-08-30,20,67,121,40743.02,115.08
14,2026-08-30,21,0,61,20158.57,53.57
14,2026-08-31,9,377,49,15027.65,174.28
14,2026-08-31,10,119,154,44287.94,289.02
14,2026-08-31,11,135,162,51528.44,161.7
14,2026-08-31,12,545,144,47050.74,341.18
14,2026-08-31,13,112,266,83286.4,366.2
14,2026-08-31,14,148,174,60781.26,175.75
14,2026-08-31,15,134,97,30228.35,149.45
14,2026-08-31,16,130,101,36042.08,135.87
14,2026-08-31,17,534,139,38400.99,328.65
14,2026-08-31,18,245,269,88717.15,425.52
14,2026-08-31,19,81,218,68695.12,211.73
14,2026-08-31,20,49,93,31016.42,94.78
14,2026-08-31,21,0,46,16104.08,33.17
14,2026-09-01,9,470,80,22146.86,211.63
14,2026-09-01,10,153,195,59020.55,315.73
14,2026-09-01,11,159,187,58919.02,203.07
14,2026-09-01,12,564,178,59313.0,375.1
14,2026-09-01,13,134,292,92848.34,390.58
14,2026-09-01,14,129,189,56671.04,187.52
14,2026-09-01,15,139,96,33182.73,145.57
14,2026-09-01,16,140,106,31704.38,144.23
14,2026-09-01,17,622,167,56727.61,377.35
14,2026-09-01,18,282,332,110034.15,493.38
14,2026-09-01,19,84,237,76649.13,248.4
14,2026-09-01,20,54,87,27094.34,101.93
14,2026-09-01,21,0,61,21168.58,39.95
14,2026-09-02,9,449,61,20749.02,192.5
14,2026-09-02,10,139,198,61185.53,312.2
14,2026-09-02,11,149,185,54997.86,185.55
14,2026-09-02,12,570,158,54425.74,358.95
14,2026-09-02,13,121,282,95110.51,387.08
14,2026-09-02,14,123,182,62659.78,174.13
14,2026-09-02,15,143,96,31270.38,144.28
14,2026-09-02,16,140,120,39975.44,153.3
14,2026-09-02,17,629,170,55308.06,375.7
14,2026-09-02,18,276,329,109639.66,484.85
14,2026-09-02,19,96,256,81278.66,243.33
14,2026-09-02,20,53,98,28403.13,98.02
14,2026-09-02,21,0,58,17552.31,36.85
14,2026-09-03,9,381,67,21124.44,170.07
14,2026-09-03,10,110,166,49274.6,257.73
14,2026-09-03,11,143,136,45005.5,157.88
14,2026-09-03,12,523,153,48520.52,326.9
14,2026-09-03,13,129,240,75585.46,360.45
14,2026-09-03,14,128,178,58148.47,188.3
14,2026-09-03,15,126,109,33618.73,140.28
14,2026-09-03,16,125,88,30585.54,129.67
14,2026-09-03,17,508,138,45924.18,317.63
14,2026-09-03,18,261,288,88890.4,418.18
14,2026-09-03,19,86,231,75520.76,238.7
14,2026-09-03,20,43,97,30914.29,105.32
14,2026-09-03,21,0,44,16246.55,31.93
14,2026-09-04,9,420,53,16119.77,189.13
14,2026-09-04,10,117,192,54249.61,276.62
14,2026-09-04,11,140,148,45928.55,170.32
14,2026-09-04,12,576,177,59587.3,346.83
14,2026-09-04,13,133,271,87109.33,401.4
14,2026-09-04,14,171,221,64576.31,202.55
14,2026-09-04,15,151,107,33975.03,178.15
14,2026-09-04,16,130,112,38914.37,152.95
14,2026-09-04,17,517,167,50934.03,333.67
14,2026-09-04,18,261,271,84493.1,410.08
14,2026-09-04,19,87,219,74868.82,250.38
14,2026-09-04,20,50,102,32160.78,87.95
14,2026-09-04,21,0,47,14109.42,37.17
14,2026-09-05,9,542,66,21714.22,244.87
14,2026-09-05,10,164,237,74278.38,379.7
14,2026-09-05,11,162,214,67255.34,217.58
14,2026-09-05,12,692,203,68518.57,411.65
14,2026-09-05,13,155,331,104483.76,472.12
14,2026-09-05,14,179,233,76658.68,221.28
14,2026-09-05,15,187,136,40857.83,201.13
14,2026-09-05,16,160,135,41916.89,201.08
14,2026-09-05,17,674,205,62570.08,404.8
14,2026-09-05,18,330,346,114935.8,544.35
14,2026-09-05,19,106,289,96323.2,295.02
14,2026-09-05,20,68,129,42388.74,118.43
14,2026-09-05,21,0,60,19008.83,45.8
14,2026-09-06,9,497,72,23793.15,222.05
14,2026-09-06,10,152,192,59769.93,336.87
14,2026-09-06,11,178,213,68579.47,235.15
14,2026-09-06,12,695,205,63037.94,418.2
14,2026-09-06,13,173,345,110354.44,489.05
14,2026-09-06,14,148,241,76242.52,231.02
14,2026-09-06,15,176,122,38978.68,172.58
14,2026-09-06,16,162,118,36067.35,177.7
14,2026-09-06,17,693,194,65170.01,417.9
14,2026-09-06,18,358,353,116101.99,564.02
14,2026-09-06,19,96,297,91326.3,307.27
14,2026-09-06,20,68,117,38148.73,111.57
14,2026-09-06,21,0,66,23176.91,51.8
14,2026-09-07,9,367,48,14670.71,170.12
14,2026-09-07,10,120,164,51077.55,252.6
14,2026-09-07,11,123,139,46432.68,142.87
14,2026-09-07,12,466,139,43051.72,289.55
14,2026-09-07,13,124,242,77886.61,312.8
14,2026-09-07,14,146,166,51169.47,171.18
14,2026-09-07,15,123,103,31816.75,149.0
14,2026-09-07,16,100,101,34877.78,130.85
14,2026-09-07,17,491,142,45912.72,292.48
14,2026-09-07,18,251,255,77468.72,381.97
14,2026-09-07,19,60,200,65320.25,199.07
14,2026-09-07,20,41,89,32061.42,72.07
14,2026-09-07,21,0,34,10434.97,26.17
14,2026-09-08,9,349,48,14159.11,157.2
14,2026-09-08,10,126,151,49769.18,252.25
14,2026-09-08,11,103,140,43112.14,147.27
14,2026-09-08,12,451,119,37974.89,275.37
14,2026-09-08,13,114,218,66606.71,311.67
14,2026-09-08,14,109,156,49211.13,149.72
14,2026-09-08,15,116,87,31172.57,118.25
14,2026-09-08,16,115,83,30304.64,121.58
14,2026-09-08,17,467,139,45434.35,293.18
14,2026-09-08,18,217,224,65403.53,360.28
14,2026-09-08,19,61,193,64694.21,206.92
14,2026-09-08,20,36,76,29417.51,63.6
14,2026-09-08,21,0,30,8317.74,23.83
14,2026-09-09,9,413,62,18388.97,178.53
14,2026-09-09,10,126,175,54880.48,279.77
14,2026-09-09,11,117,151,47133.79,172.47
14,2026-09-09,12,510,161,51537.45,299.33
14,2026-09-09,13,109,218,68092.69,318.08
14,2026-09-09,14,111,172,56698.55,167.52
14,2026-09-09,15,98,88,27623.98,108.95
14,2026-09-09,16,129,84,26415.32,120.0
14,2026-09-09,17,492,126,43945.23,307.47
14,2026-09-09,18,250,223,69470.9,405.93
14,2026-09-09,19,80,251,84274.85,220.05
14,2026-09-09,20,48,93,28029.39,86.32
14,2026-09-09,21,0,45,11861.66,29.7
14,2026-09-10,9,340,42,14547.17,156.22
14,2026-09-10,10,99,138,40215.24,238.97
14,2026-09-10,11,137,155,51704.31,157.58
14,2026-09-10,12,476,143,49431.17,280.72
14,2026-09-10,13,136,227,75515.02,342.15
14,2026-09-10,14,119,191,59926.52,169.18
14,2026-09-10,15,119,85,29050.89,136.33
14,2026-09-10,16,137,97,32598.93,150.32
14,2026-09-10,17,527,164,51747.1,331.37
14,2026-09-10,18,254,287,87649.65,417.58
14,2026-09-10,19,77,216,67089.22,226.82
14,2026-09-10,20,51,86,24076.25,98.28
14,2026-09-10,21,0,46,14027.02,40.08
14,2026-09-11,9,407,66,20163.27,177.95
14,2026-09-11,10,119,193,64309.43,273.83
14,2026-09-11,11,134,144,44800.77,158.47
14,2026-09-11,12,485,137,45164.18,301.07
14,2026-09-11,13,131,240,67397.6,359.92
14,2026-09-11,14,132,176,50678.33,176.33
14,2026-09-11,15,121,91,34208.61,142.68
14,2026-09-11,16,117,99,30438.04,126.42
14,2026-09-11,17,573,167,52981.08,345.48
14,2026-09-11,18,254,296,95818.97,431.68
14,2026-09-11,19,74,240,77492.79,217.35
14,2026-09-11,20,48,78,25867.54,89.08
14,2026-09-11,21,0,45,16267.7,34.65
14,2026-09-12,9,551,61,17255.92,251.83
14,2026-09-12,10,160,255,76995.28,382.65
14,2026-09-12,11,156,215,70604.02,209.83
14,2026-09-12,12,678,201,70800.86,406.2
14,2026-09-12,13,138,315,96888.17,443.33
14,2026-09-12,14,179,226,72681.23,227.63
14,2026-09-12,15,175,127,41200.14,186.9
14,2026-09-12,16,148,142,47447.24,176.18
14,2026-09-12,17,685,177,61154.28,415.43
14,2026-09-12,18,361,366,123069.67,541.75
14,2026-09-12,19,95,297,98629.05,309.32
14,2026-09-12,20,59,128,40423.58,109.92
14,2026-09-12,21,0,53,14286.98,45.03
14,2026-09-13,9,493,56,19277.59,222.32
14,2026-09-13,10,167,220,73713.49,347.95
14,2026-09-13,11,162,187,59661.9,206.87
14,2026-09-13,12,670,191,62328.39,400.38
14,2026-09-13,13,146,311,97761.78,452.3
14,2026-09-13,14,166,231,75199.98,228.72
14,2026-09-13,15,164,121,38309.04,177.92
14,2026-09-13,16,163,125,38949.0,167.3
14,2026-09-13,17,632,185,63751.86,386.0
14,2026-09-13,18,342,326,106441.27,527.15
14,2026-09-13,19,106,292,93602.42,284.05
14,2026-09-13,20,69,116,36446.03,115.82
14,2026-09-13,21,0,72,22862.97,54.33
14,2026-09-14,9,367,54,19278.66,170.77
14,2026-09-14,10,106,148,47476.54,242.85
14,2026-09-14,11,129,143,46824.27,150.65
14,2026-09-14,12,477,131,47277.9,293.1
14,2026-09-14,13,113,240,78719.29,339.23
14,2026-09-14,14,112,158,51302.58,163.55
14,2026-09-14,15,114,83,23225.0,131.55
14,2026-09-14,16,113,93,31777.84,117.93
14,2026-09-14,17,499,145,46122.1,313.37
14,2026-09-14,18,264,263,87407.95,396.22
14,2026-09-14,19,68,225,68089.89,223.08
14,2026-09-14,20,48,90,27647.57,78.38
14,2026-09-14,21,0,48,15396.78,32.82
14,2026-09-15,9,410,54,16425.32,190.1
14,2026-09-15,10,119,176,56158.35,267.17
14,2026-09-15,11,137,148,46616.7,162.78
14,2026-09-15,12,522,158,52252.95,324.07
14,2026-09-15,13,126,241,71781.76,353.38
14,2026-09-15,14,140,183,62253.75,175.12
14,2026-09-15,15,124,105,31635.95,147.48
14,2026-09-15,16,114,83,27767.94,133.58
14,2026-09-15,17,510,139,43872.27,312.33
14,2026-09-15,18,271,259,84604.59,409.28
14,2026-09-15,19,71,235,77360.96,235.47
14,2026-09-15,20,45,93,28722.12,94.7
14,2026-09-15,21,0,47,13592.56,33.42
14,2026-09-16,9,386,51,17904.92,177.8
14,2026-09-16,10,127,161,53700.27,267.97
14,2026-09-16,11,143,146,45761.01,172.1
14,2026-09-16,12,538,166,54495.9,333.23
14,2026-09-16,13,143,272,88656.19,362.0
14,2026-09-16,14,133,183,59872.23,193.48
14,2026-09-16,15,149,107,33275.92,156.72
14,2026-09-16,16,125,114,35248.82,143.1
14,2026-09-16,17,605,138,43913.61,356.5
14,2026-09-16,18,256,297,96392.2,475.42
14,2026-09-16,19,72,250,74867.11,243.23
14,2026-09-16,20,53,84,29457.52,88.95
14,2026-09-16,21,0,50,14529.85,32.38
14,2026-09-17,9,425,51,13719.4,193.47
14,2026-09-17,10,147,210,67238.51,303.43
14,2026-09-17,11,134,171,51889.94,181.08
14,2026-09-17,12,567,153,47639.88,335.83
14,2026-09-17,13,127,290,95266.72,374.98
14,2026-09-17,14,144,174,56821.15,187.5
14,2026-09-17,15,136,109,39074.43,147.9
14,2026-09-17,16,147,98,33179.11,153.5
14,2026-09-17,17,568,156,48479.86,358.57
14,2026-09-17,18,269,287,91587.21,465.95
14,2026-09-17,19,96,266,81058.5,246.55
14,2026-09-17,20,59,110,33765.1,111.8
14,2026-09-17,21,0,59,17831.04,43.48
14,2026-09-18,9,453,58,18288.06,206.73
14,2026-09-18,10,126,209,64853.07,306.45
14,2026-09-18,11,165,169,56834.99,182.57
14,2026-09-18,12,597,165,52304.39,385.32
14,2026-09-18,13,143,295,96319.36,412.72
14,2026-09-18,14,143,219,74806.53,204.32
14,2026-09-18,15,149,112,36945.42,148.28
14,2026-09-18,16,153,101,31223.26,156.8
14,2026-09-18,17,575,169,55800.42,363.98
14,2026-09-18,18,297,307,91260.19,477.55
14,2026-09-18,19,89,265,86577.32,262.73
14,2026-09-18,20,56,100,31819.43,97.2
14,2026-09-18,21,0,59,18230.59,41.47
14,2026-09-19,9,507,61,18289.47,229.23
14,2026-09-19,10,168,219,66796.27,357.8
14,2026-09-19,11,182,205,67255.49,222.47
14,2026-09-19,12,663,198,62791.89,415.1
14,2026-09-19,13,174,323,108336.54,473.5
14,2026-09-19,14,174,250,81484.1,244.92
14,2026-09-19,15,177,137,44671.39,186.4
14,2026-09-19,16,148,123,40414.07,175.75
14,2026-09-19,17,666,186,61085.78,410.33
14,2026-09-19,18,337,349,111944.36,542.3
14,2026-09-19,19,86,274,87620.39,286.58
14,2026-09-19,20,57,124,36443.28,107.2
14,2026-09-19,21,0,45,14934.63,37.18
14,2026-09-20,9,517,72,26239.28,230.92
14,2026-09-20,10,159,223,66153.5,368.88
14,2026-09-20,11,189,198,65899.16,213.88
14,2026-09-20,12,679,213,70759.2,418.98
14,2026-09-20,13,175,331,100469.45,463.15
14,2026-09-20,14,159,242,78092.36,231.27
14,2026-09-20,15,172,122,37274.41,185.72
14,2026-09-20,16,161,141,47612.23,189.18
14,2026-09-20,17,689,201,61299.04,410.7
14,2026-09-20,18,343,363,111951.21,548.33
14,2026-09-20,19,97,282,90843.12,312.75
14,2026-09-20,20,78,134,42013.99,133.8
14,2026-09-20,21,0,68,20820.89,54.53
15,2026-08-24,9,304,35,10969.77,147.42
15,2026-08-24,10,109,159,50914.96,207.35
15,2026-08-24,11,128,114,37748.85,147.67
15,2026-08-24,12,431,142,42230.27,280.05
15,2026-08-24,13,91,203,68237.43,290.17
15,2026-08-24,14,105,167,56855.39,132.8
15,2026-08-24,15,90,66,21024.12,106.87
15,2026-08-24,16,114,81,24552.34,108.58
15,2026-08-24,17,462,135,42685.3,283.73
15,2026-08-24,18,201,229,77547.95,367.77
15,2026-08-24,19,53,185,58292.33,180.25
15,2026-08-24,20,41,72,21266.75,73.82
15,2026-08-24,21,0,39,10689.24,25.6
15,2026-08-25,9,307,40,11000.66,135.4
15,2026-08-25,10,79,137,42783.06,207.95
15,2026-08-25,11,119,113,38992.07,140.77
15,2026-08-25,12,428,125,41787.23,267.12
15,2026-08-25,13,125,207,70092.13,306.33
15,2026-08-25,14,97,166,54874.58,151.1
15,2026-08-25,15,119,81,23999.11,122.8
15,2026-08-25,16,114,86,26129.46,128.73
15,2026-08-25,17,405,119,36429.51,258.37
15,2026-08-25,18,200,205,63091.82,328.82
15,2026-08-25,19,46,175,56527.57,167.82
15,2026-08-25,20,54,74,27517.11,67.15
15,2026-08-25,21,0,38,11116.91,34.03
15,2026-08-26,9,389,61,18993.43,182.88
15,2026-08-26,10,120,183,65430.65,259.72
15,2026-08-26,11,122,150,48822.11,160.0
15,2026-08-26,12,517,143,44123.01,311.47
15,2026-08-26,13,130,246,76516.48,369.28
15,2026-08-26,14,129,192,57978.02,182.55
15,2026-08-26,15,129,114,35326.69,137.0
15,2026-08-26,16,101,76,26740.06,122.4
15,2026-08-26,17,523,160,48373.07,311.57
15,2026-08-26,18,282,262,83303.05,428.78
15,2026-08-26,19,75,227,68648.35,241.92
15,2026-08-26,20,50,93,30752.42,98.12
15,2026-08-26,21,0,52,17123.01,34.03
15,2026-08-27,9,390,47,17999.11,179.1
15,2026-08-27,10,117,195,66908.74,263.5
15,2026-08-27,11,120,128,41877.12,152.92
15,2026-08-27,12,491,151,44563.07,300.32
15,2026-08-27,13,135,227,72287.82,343.27
15,2026-08-27,14,133,178,56386.26,189.22
15,2026-08-27,15,122,97,30767.9,138.97
15,2026-08-27,16,131,97,32387.5,143.93
15,2026-08-27,17,498,155,54880.33,309.43
15,2026-08-27,18,266,246,86061.96,410.8
15,2026-08-27,19,64,199,65448.18,226.28
15,2026-08-27,20,40,95,32160.37,85.92
15,2026-08-27,21,0,40,11103.19,29.78
15,2026-08-28,9,464,61,18505.78,209.67
15,2026-08-28,10,140,209,63260.92,320.63
15,2026-08-28,11,153,179,57655.18,200.6
15,2026-08-28,12,568,159,48941.42,354.27
15,2026-08-28,13,141,288,95319.03,377.6
15,2026-08-28,14,138,194,62816.11,191.53
15,2026-08-28,15,131,108,32551.21,149.37
15,2026-08-28,16,149,84,29725.52,155.88
15,2026-08-28,17,578,156,56074.63,361.78
15,2026-08-28,18,309,297,92745.04,501.32
15,2026-08-28,19,102,286,90092.3,280.98
15,2026-08-28,20,51,115,37994.33,103.88
15,2026-08-28,21,0,51,17859.18,34.15
15,2026-08-29,9,453,62,19444.28,205.43
15,2026-08-29,10,135,188,58989.54,317.77
15,2026-08-29,11,167,185,54727.97,196.05
15,2026-08-29,12,625,179,57382.22,376.38
15,2026-08-29,13,133,289,89718.62,425.27
15,2026-08-29,14,162,220,74827.43,208.9
15,2026-08-29,15,144,103,31457.88,163.28
15,2026-08-29,16,156,127,42975.94,165.72
15,2026-08-29,17,621,190,61398.61,391.02
15,2026-08-29,18,295,307,99072.14,482.2
15,2026-08-29,19,108,272,89217.93,274.05
15,2026-08-29,20,64,122,45101.5,117.3
15,2026-08-29,21,0,68,23867.23,53.35
15,2026-08-30,9,404,60,21984.11,184.62
15,2026-08-30,10,144,188,59013.38,288.4
15,2026-08-30,11,146,171,53658.13,190.67
15,2026-08-30,12,595,165,50119.55,377.17
15,2026-08-30,13,145,301,94317.1,409.45
15,2026-08-30,14,155,223,72182.7,202.13
15,2026-08-30,15,140,115,33767.5,160.23
15,2026-08-30,16,159,105,35964.78,149.13
15,2026-08-30,17,583,168,51617.32,362.58
15,2026-08-30,18,286,272,84929.08,480.48
15,2026-08-30,19,91,268,83073.98,270.48
15,2026-08-30,20,44,103,32467.63,94.23
15,2026-08-30,21,0,46,13600.78,32.5
15,2026-08-31,9,317,48,14532.95,135.8
15,2026-08-31,10,121,146,48673.37,216.4
15,2026-08-31,11,123,123,41373.38,156.03
15,2026-08-31,12,460,138,42892.93,275.23
15,2026-08-31,13,117,211,67592.15,306.07
15,2026-08-31,14,137,170,53633.16,181.73
15,2026-08-31,15,113,98,29358.7,143.15
15,2026-08-31,16,120,92,33055.79,131.48
15,2026-08-31,17,433,134,43462.42,264.17
15,2026-08-31,18,203,216,73112.59,340.97
15,2026-08-31,19,73,192,62262.11,208.33
15,2026-08-31,20,42,99,33897.09,74.82
15,2026-08-31,21,0,43,12902.43,28.03
15,2026-09-01,9,313,47,17454.87,155.63
15,2026-09-01,10,111,167,56932.77,209.25
15,2026-09-01,11,100,106,32490.48,139.1
15,2026-09-01,12,450,130,40954.4,265.55
15,2026-09-01,13,113,204,63432.78,302.55
15,2026-09-01,14,112,169,57054.52,157.4
15,2026-09-01,15,109,77,24806.29,128.88
15,2026-09-01,16,111,84,26051.33,122.18
15,2026-09-01,17,466,128,38593.82,285.45
15,2026-09-01,18,181,250,80211.88,357.28
15,2026-09-01,19,79,183,60205.93,185.05
15,2026-09-01,20,36,90,29744.75,75.37
15,2026-09-01,21,0,30,9906.87,27.73
15,2026-09-02,9,379,62,19363.93,176.35
15,2026-09-02,10,133,156,51912.01,269.73
15,2026-09-02,11,111,165,53403.66,161.78
15,2026-09-02,12,532,124,39692.04,324.97
15,2026-09-02,13,147,269,89784.22,371.53
15,2026-09-02,14,135,191,61147.87,187.75
15,2026-09-02,15,136,101,31763.43,149.95
15,2026-09-02,16,113,105,36185.69,139.12
15,2026-09-02,17,524,145,45608.16,311.22
15,2026-09-02,18,285,269,87166.9,436.38
15,2026-09-02,19,58,242,82291.42,226.65
15,2026-09-02,20,54,93,29023.64,80.15
15,2026-09-02,21,0,39,13944.73,29.87
15,2026-09-03,9,356,56,16331.61,169.37
15,2026-09-03,10,110,149,45578.98,234.53
15,2026-09-03,11,104,118,38971.61,136.02
15,2026-09-03,12,519,121,42626.82,314.03
15,2026-09-03,13,119,231,75336.78,367.82
15,2026-09-03,14,130,189,57195.2,182.58
15,2026-09-03,15,113,95,30222.27,136.35
15,2026-09-03,16,90,82,24856.35,115.65
15,2026-09-03,17,459,128,42225.47,266.63
15,2026-09-03,18,219,225,67705.39,358.18
15,2026-09-03,19,67,187,64276.11,189.77
15,2026-09-03,20,50,97,30710.15,80.68
15,2026-09-03,21,0,44,13000.56,33.32
15,2026-09-04,9,393,56,18174.3,163.9
15,2026-09-04,10,145,172,55166.46,292.87
15,2026-09-04,11,151,189,62603.25,183.78
15,2026-09-04,12,508,149,46002.12,313.95
15,2026-09-04,13,113,256,85922.92,344.95
15,2026-09-04,14,140,171,55336.26,162.65
15,2026-09-04,15,127,96,27126.4,140.42
15,2026-09-04,16,131,104,33092.15,135.3
15,2026-09-04,17,570,153,44977.97,343.43
15,2026-09-04,18,259,295,106214.48,447.0
15,2026-09-04,19,90,229,73932.39,231.4
15,2026-09-04,20,46,94,28591.33,92.37
15,2026-09-04,21,0,49,15053.42,34.57
15,2026-09-05,9,393,54,15789.34,183.18
15,2026-09-05,10,167,201,65363.47,294.07
15,2026-09-05,11,147,171,56309.27,182.88
15,2026-09-05,12,557,184,60187.46,327.63
15,2026-09-05,13,145,261,83764.37,375.1
15,2026-09-05,14,143,184,60064.26,194.88
15,2026-09-05,15,149,103,31948.7,164.53
15,2026-09-05,16,163,110,36174.34,165.15
15,2026-09-05,17,676,171,55881.52,421.18
15,2026-09-05,18,280,363,127589.58,526.22
15,2026-09-05,19,77,273,83071.6,251.73
15,2026-09-05,20,73,88,26845.25,97.95
15,2026-09-05,21,0,62,19872.3,50.63
15,2026-09-06,9,442,57,18307.04,198.52
15,2026-09-06,10,144,197,60998.41,313.48
15,2026-09-06,11,156,184,59465.12,188.08
15,2026-09-06,12,603,171,55375.24,386.07
15,2026-09-06,13,137,316,106636.28,397.7
15,2026-09-06,14,155,197,63994.1,186.25
15,2026-09-06,15,133,100,33203.19,162.3
15,2026-09-06,16,146,113,32731.41,161.7
15,2026-09-06,17,627,158,47105.48,375.2
15,2026-09-06,18,288,308,93211.45,503.75
15,2026-09-06,19,97,273,88118.45,268.1
15,2026-09-06,20,68,112,35197.24,111.62
15,2026-09-06,21,0,70,23120.57,46.72
15,2026-09-07,9,319,41,13313.34,137.85
15,2026-09-07,10,106,145,43630.16,228.75
15,2026-09-07,11,95,135,45323.61,129.32
15,2026-09-07,12,451,133,43353.84,266.32
15,2026-09-07,13,106,212,65476.59,305.25
15,2026-09-07,14,119,152,51370.01,161.08
15,2026-09-07,15,92,78,23279.83,120.07
15,2026-09-07,16,127,75,20168.92,120.55
15,2026-09-07,17,472,125,40668.98,298.03
15,2026-09-07,18,213,253,77396.14,375.35
15,2026-09-07,19,58,189,61498.79,194.77
15,2026-09-07,20,44,72,19623.62,79.1
15,2026-09-07,21,0,44,13411.68,30.42
15,2026-09-08,9,311,34,10604.45,143.9
15,2026-09-08,10,100,126,39289.65,230.1
15,2026-09-08,11,122,152,54394.23,148.55
15,2026-09-08,12,400,138,44433.45,254.8
15,2026-09-08,13,94,199,59628.13,265.43
15,2026-09-08,14,97,133,46821.9,134.72
15,2026-09-08,15,95,66,19442.14,109.15
15,2026-09-08,16,99,74,22153.89,116.75
15,2026-09-08,17,412,118,35861.48,256.35
15,2026-09-08,18,211,205,65175.51,334.95
15,2026-09-08,19,49,179,52764.67,179.17
15,2026-09-08,20,42,62,21598.95,66.18
15,2026-09-08,21,0,40,11664.18,31.77
15,2026-09-09,9,366,48,19546.49,169.43
15,2026-09-09,10,116,168,55672.98,256.5
15,2026-09-09,11,113,135,43676.22,148.22
15,2026-09-09,12,450,118,37204.4,290.63
15,2026-09-09,13,93,230,66536.5,300.97
15,2026-09-09,14,126,150,49661.48,144.7
15,2026-09-09,15,117,81,27600.02,139.33
15,2026-09-09,16,114,80,27595.91,130.47
15,2026-09-09,17,456,147,51704.03,290.68
15,2026-09-09,18,242,234,73137.18,369.25
15,2026-09-09,19,75,203,60486.84,213.38
15,2026-09-09,20,57,89,28644.17,86.2
15,2026-09-09,21,0,41,13155.87,34.72
15,2026-09-10,9,349,47,16956.88,165.28
15,2026-09-10,10,79,146,45376.21,233.7
15,2026-09-10,11,96,110,33302.67,120.25
15,2026-09-10,12,419,118,41744.79,251.28
15,2026-09-10,13,100,195,56928.63,282.17
15,2026-09-10,14,125,135,45141.9,155.32
15,2026-09-10,15,101,83,24300.46,130.53
15,2026-09-10,16,112,93,29093.07,118.27
15,2026-09-10,17,434,112,38427.75,277.38
15,2026-09-10,18,233,228,71647.71,350.95
15,2026-09-10,19,59,190,60835.86,203.83
15,2026-09-10,20,43,103,35729.3,70.42
15,2026-09-10,21,0,32,9028.49,22.07
15,2026-09-11,9,363,48,15825.19,162.98
15,2026-09-11,10,130,171,54906.04,247.8
15,2026-09-11,11,134,152,46647.01,160.87
15,2026-09-11,12,531,154,47747.39,328.92
15,2026-09-11,13,135,261,81666.9,375.43
15,2026-09-11,14,146,201,66479.9,187.88
15,2026-09-11,15,117,103,33262.39,137.27
15,2026-09-11,16,121,92,30399.13,123.07
15,2026-09-11,17,560,138,40968.88,327.67
15,2026-09-11,18,275,264,81196.3,456.63
15,2026-09-11,19,73,267,86028.72,245.83
15,2026-09-11,20,55,98,32908.69,84.85
15,2026-09-11,21,0,37,11275.41,31.23
15,2026-09-12,9,425,48,13640.79,197.82
15,2026-09-12,10,144,185,61237.12,306.52
15,2026-09-12,11,163,175,55649.53,196.0
15,2026-09-12,12,657,171,55430.21,392.18
15,2026-09-12,13,146,303,102540.66,453.83
15,2026-09-12,14,162,255,84394.14,222.75
15,2026-09-12,15,179,114,35792.93,194.08
15,2026-09-12,16,154,128,39055.98,181.65
15,2026-09-12,17,634,166,58338.58,387.93
15,2026-09-12,18,313,334,110512.11,519.93
15,2026-09-12,19,103,287,87720.49,273.52
15,2026-09-12,20,64,121,33723.65,113.38
15,2026-09-12,21,0,56,18853.18,43.68
15,2026-09-13,9,424,52,15798.88,195.83
15,2026-09-13,10,124,193,62078.99,302.45
15,2026-09-13,11,137,147,43834.69,168.22
15,2026-09-13,12,556,169,55927.12,342.73
15,2026-09-13,13,138,248,81276.71,390.6
15,2026-09-13,14,157,211,67667.42,193.45
15,2026-09-13,15,149,123,35322.43,158.38
15,2026-09-13,16,135,96,28947.67,151.28
15,2026-09-13,17,589,170,52190.09,356.47
15,2026-09-13,18,302,290,99245.56,475.18
15,2026-09-13,19,81,260,91897.95,261.82
15,2026-09-13,20,52,101,37355.21,94.1
15,2026-09-13,21,0,57,17059.8,46.55
15,2026-09-14,9,299,32,10350.27,137.37
15,2026-09-14,10,108,143,46531.77,225.98
15,2026-09-14,11,104,121,40411.29,123.67
15,2026-09-14,12,406,109,33147.07,249.73
15,2026-09-14,13,83,212,67031.98,273.95
15,2026-09-14,14,96,121,36945.39,126.33
15,2026-09-14,15,98,67,22610.75,108.32
15,2026-09-14,16,107,80,26177.39,117.62
15,2026-09-14,17,481,136,43051.63,296.88
15,2026-09-14,18,222,236,77556.06,382.9
15,2026-09-14,19,74,198,61609.16,197.55
15,2026-09-14,20,54,72,22950.37,89.15
15,2026-09-14,21,0,57,17252.44,40.93
15,2026-09-15,9,407,54,16847.04,188.2
15,2026-09-15,10,139,183,55537.05,295.25
15,2026-09-15,11,135,186,62617.18,176.28
15,2026-09-15,12,540,174,58014.45,327.03
15,2026-09-15,13,122,250,76969.14,350.63
15,2026-09-15,14,136,161,52954.51,176.55
15,2026-09-15,15,134,93,27534.61,153.87
15,2026-09-15,16,112,96,30221.98,138.42
15,2026-09-15,17,543,137,42214.58,314.42
15,2026-09-15,18,268,284,104662.19,442.63
15,2026-09-15,19,71,251,78513.18,234.2
15,2026-09-15,20,41,88,29828.72,86.67
15,2026-09-15,21,0,45,16954.36,34.13
15,2026-09-16,9,389,61,20059.93,173.32
15,2026-09-16,10,122,162,52282.82,265.53
15,2026-09-16,11,128,149,45538.67,161.7
15,2026-09-16,12,553,138,42639.87,322.12
15,2026-09-16,13,135,278,85439.94,386.4
15,2026-09-16,14,136,203,60501.38,184.45
15,2026-09-16,15,125,99,31511.3,139.48
15,2026-09-16,16,151,83,27692.32,143.77
15,2026-09-16,17,569,181,59119.25,356.88
15,2026-09-16,18,283,320,107695.13,449.08
15,2026-09-16,19,80,238,76877.93,230.05
15,2026-09-16,20,51,86,26899.52,94.55
15,2026-09-16,21,0,52,19004.22,32.73
15,2026-09-17,9,359,53,14746.89,159.47
15,2026-09-17,10,124,165,58120.09,248.35
15,2026-09-17,11,128,134,41310.35,172.03
15,2026-09-17,12,468,146,47972.89,307.28
15,2026-09-17,13,119,233,77653.17,317.87
15,2026-09-17,14,125,164,54923.46,159.25
15,2026-09-17,15,131,92,26567.09,140.15
15,2026-09-17,16,90,88,26568.2,134.58
15,2026-09-17,17,519,151,50184.27,303.0
15,2026-09-17,18,253,261,84998.02,391.03
15,2026-09-17,19,84,215,63549.18,212.9
15,2026-09-17,20,54,89,29055.84,90.03
15,2026-09-17,21,0,48,16807.97,31.27
15,2026-09-18,9,357,58,18983.51,160.27
15,2026-09-18,10,126,148,51108.31,245.38
15,2026-09-18,11,106,150,48012.4,159.35
15,2026-09-18,12,509,123,42897.2,302.6
15,2026-09-18,13,116,243,80209.35,330.73
15,2026-09-18,14,113,159,54037.81,161.68
15,2026-09-18,15,126,89,27533.97,134.35
15,2026-09-18,16,131,94,30100.82,129.65
15,2026-09-18,17,497,126,40572.04,312.27
15,2026-09-18,18,280,297,97969.9,408.65
15,2026-09-18,19,87,216,72629.14,253.18
15,2026-09-18,20,44,111,38204.43,84.53
15,2026-09-18,21,0,39,13555.55,26.65
15,2026-09-19,9,413,67,20286.4,187.38
15,2026-09-19,10,151,193,65901.11,289.72
15,2026-09-19,11,147,166,49906.33,195.35
15,2026-09-19,12,595,179,61428.63,376.32
15,2026-09-19,13,159,294,92069.63,409.25
15,2026-09-19,14,142,216,66792.32,203.23
15,2026-09-19,15,154,124,38641.37,159.77
15,2026-09-19,16,147,112,34134.85,161.17
15,2026-09-19,17,632,178,59181.2,385.07
15,2026-09-19,18,334,318,100531.91,519.85
15,2026-09-19,19,87,292,93107.58,290.6
15,2026-09-19,20,61,110,36045.91,104.93
15,2026-09-19,21,0,64,20284.84,44.87
15,2026-09-20,9,385,58,16821.71,170.15
15,2026-09-20,10,134,162,53988.77,289.08
15,2026-09-20,11,145,187,61262.9,175.0
15,2026-09-20,12,554,151,51681.07,333.92
15,2026-09-20,13,106,256,79268.67,374.58
15,2026-09-20,14,137,189,62595.01,174.65
15,2026-09-20,15,145,87,28269.94,149.18
15,2026-09-20,16,154,115,37041.11,159.73
15,2026-09-20,17,560,179,57078.28,352.48
15,2026-09-20,18,248,278,90818.85,427.82
15,2026-09-20,19,78,230,73130.85,215.32
15,2026-09-20,20,42,94,28748.77,84.72
15,2026-09-20,21,0,37,11671.89,28.02
16,2026-08-24,9,394,58,18288.05,179.23
16,2026-08-24,10,124,174,58617.2,269.43
16,2026-08-24,11,124,155,49451.26,152.78
16,2026-08-24,12,508,133,44445.93,296.5
16,2026-08-24,13,120,243,71636.9,353.7
16,2026-08-24,14,135,169,55459.25,172.53
16,2026-08-24,15,126,92,27826.32,148.38
16,2026-08-24,16,141,99,31324.84,144.28
16,2026-08-24,17,562,176,58069.41,325.22
16,2026-08-24,18,261,261,79166.7,442.1
16,2026-08-24,19,74,261,81724.4,240.75
16,2026-08-24,20,55,86,28673.19,95.73
16,2026-08-24,21,0,43,13852.25,40.72
16,2026-08-25,9,419,48,13377.63,192.33
16,2026-08-25,10,124,189,60767.96,299.73
16,2026-08-25,11,129,153,45785.36,170.65
16,2026-08-25,12,576,172,52690.23,357.95
16,2026-08-25,13,128,289,99438.11,365.5
16,2026-08-25,14,162,188,62795.96,187.17
16,2026-08-25,15,139,118,37011.69,159.78
16,2026-08-25,16,132,108,37142.95,151.42
16,2026-08-25,17,535,157,49833.33,326.72
16,2026-08-25,18,251,294,96694.6,419.08
16,2026-08-25,19,87,213,69079.73,218.92
16,2026-08-25,20,60,97,31299.01,102.47
16,2026-08-25,21,0,65,17811.65,45.07
16,2026-08-26,9,391,53,15187.62,170.6
16,2026-08-26,10,128,171,54628.17,269.92
16,2026-08-26,11,141,146,49314.24,177.23
16,2026-08-26,12,575,156,55734.36,352.85
16,2026-08-26,13,129,282,88339.74,397.43
16,2026-08-26,14,147,207,66606.5,182.95
16,2026-08-26,15,126,88,32576.67,149.32
16,2026-08-26,16,120,97,31767.74,147.18
16,2026-08-26,17,587,155,52715.3,349.68
16,2026-08-26,18,314,315,96188.01,477.4
16,2026-08-26,19,84,254,83098.98,261.13
16,2026-08-26,20,64,109,32555.98,112.35
16,2026-08-26,21,0,50,16602.99,44.02
16,2026-08-27,9,478,58,16082.51,214.4
16,2026-08-27,10,140,204,69827.07,347.52
16,2026-08-27,11,154,213,74111.5,194.08
16,2026-08-27,12,626,161,48165.53,369.28
16,2026-08-27,13,138,298,98180.29,433.03
16,2026-08-27,14,155,222,68453.15,200.43
16,2026-08-27,15,153,108,36251.4,156.52
16,2026-08-27,16,156,118,33228.78,160.65
16,2026-08-27,17,639,186,60888.88,394.5
16,2026-08-27,18,297,332,98326.96,503.1
16,2026-08-27,19,112,271,87865.75,272.68
16,2026-08-27,20,69,114,40773.38,112.07
16,2026-08-27,21,0,60,18506.03,48.23
16,2026-08-28,9,531,90,26344.08,237.42
16,2026-08-28,10,154,228,68220.92,351.77
16,2026-08-28,11,147,166,51716.72,184.28
16,2026-08-28,12,666,194,58258.55,409.7
16,2026-08-28,13,153,342,112055.84,437.8
16,2026-08-28,14,155,223,72969.07,212.8
16,2026-08-28,15,138,102,34979.66,160.73
16,2026-08-28,16,177,106,34063.13,180.0
16,2026-08-28,17,711,231,74232.66,440.2
16,2026-08-28,18,311,340,110026.34,537.02
16,2026-08-28,19,82,295,96756.65,288.33
16,2026-08-28,20,63,107,30048.32,98.3
16,2026-08-28,21,0,60,17998.55,48.88
16,2026-08-29,9,599,76,22763.18,273.65
16,2026-08-29,10,194,266,86571.41,426.08
16,2026-08-29,11,193,224,76082.52,259.73
16,2026-08-29,12,780,244,78695.72,481.68
16,2026-08-29,13,190,369,122272.5,514.25
16,2026-08-29,14,183,250,78658.7,258.13
16,2026-08-29,15,186,146,48916.71,206.47
16,2026-08-29,16,191,135,42334.56,203.18
16,2026-08-29,17,768,214,68295.27,475.75
16,2026-08-29,18,348,390,126148.89,594.68
16,2026-08-29,19,114,306,94234.51,336.93
16,2026-08-29,20,71,157,54411.96,138.97
16,2026-08-29,21,0,67,22433.97,46.13
16,2026-08-30,9,568,70,19354.97,242.57
16,2026-08-30,10,156,223,72179.33,412.08
16,2026-08-30,11,170,230,75844.68,225.05
16,2026-08-30,12,631,178,62961.32,399.35
16,2026-08-30,13,166,331,107438.78,454.08
16,2026-08-30,14,177,225,74057.86,230.78
16,2026-08-30,15,174,126,44670.38,188.23
16,2026-08-30,16,163,130,44715.95,193.78
16,2026-08-30,17,646,192,65140.67,394.2
16,2026-08-30,18,350,353,118875.13,518.1
16,2026-08-30,19,103,310,93779.19,291.17
16,2026-08-30,20,74,122,39135.62,124.5
16,2026-08-30,21,0,76,24870.8,49.27
16,2026-08-31,9,446,70,24885.01,202.1
16,2026-08-31,10,142,188,61282.23,296.15
16,2026-08-31,11,137,163,50887.29,177.9
16,2026-08-31,12,578,181,58002.15,349.82
16,2026-08-31,13,152,270,86822.61,393.02
16,2026-08-31,14,138,204,61537.03,208.28
16,2026-08-31,15,172,115,38045.43,158.88
16,2026-08-31,16,144,112,37962.41,167.2
16,2026-08-31,17,591,199,58586.93,369.37
16,2026-08-31,18,284,297,97280.43,460.33
16,2026-08-31,19,103,249,78090.94,249.85
16,2026-08-31,20,64,108,32790.44,105.37
16,2026-08-31,21,0,51,12866.11,38.48
16,2026-09-01,9,417,56,14437.03,188.15
16,2026-09-01,10,148,187,56250.56,303.33
16,2026-09-01,11,120,180,56320.4,175.62
16,2026-09-01,12,605,150,53322.95,340.3
16,2026-09-01,13,134,308,97943.81,402.32
16,2026-09-01,14,133,195,61055.27,194.6
16,2026-09-01,15,130,96,27220.65,140.38
16,2026-09-01,16,128,107,32869.56,140.98
16,2026-09-01,17,586,152,52699.4,359.28
16,2026-09-01,18,326,319,104993.93,498.92
16,2026-09-01,19,92,259,77815.11,276.75
16,2026-09-01,20,46,114,37566.31,100.0
16,2026-09-01,21,0,48,15436.69,38.45
16,2026-09-02,9,419,50,14189.39,192.47
16,2026-09-02,10,151,201,63654.1,308.65
16,2026-09-02,11,168,172,51541.51,188.05
16,2026-09-02,12,552,175,56187.19,353.1
16,2026-09-02,13,137,279,86449.02,378.4
16,2026-09-02,14,145,208,69832.76,189.32
16,2026-09-02,15,138,99,32721.3,147.95
16,2026-09-02,16,135,105,37092.81,152.08
16,2026-09-02,17,621,161,54152.28,368.65
16,2026-09-02,18,258,304,97847.37,482.57
16,2026-09-02,19,94,234,74058.26,259.55
16,2026-09-02,20,61,101,32798.33,106.12
16,2026-09-02,21,0,58,20342.38,43.28
16,2026-09-03,9,444,73,23733.85,202.67
16,2026-09-03,10,136,190,65984.32,309.45
16,2026-09-03,11,134,161,53379.4,173.57
16,2026-09-03,12,599,169,54153.99,359.73
16,2026-09-03,13,135,286,92129.43,392.1
16,2026-09-03,14,171,210,67615.28,208.65
16,2026-09-03,15,153,129,40374.46,166.1
16,2026-09-03,16,165,120,39424.54,180.23
16,2026-09-03,17,633,170,52423.58,375.6
16,2026-09-03,18,318,321,106772.82,514.2
16,2026-09-03,19,95,263,89167.94,274.67
16,2026-09-03,20,62,112,34103.29,105.43
16,2026-09-03,21,0,66,19941.19,43.37
16,2026-09-04,9,535,83,28690.37,235.15
16,2026-09-04,10,160,239,74491.65,356.4
16,2026-09-04,11,177,206,63621.71,204.57
16,2026-09-04,12,663,186,59267.96,426.98
16,2026-09-04,13,160,341,104832.19,449.57
16,2026-09-04,14,188,247,76716.97,246.02
16,2026-09-04,15,194,135,44245.34,209.43
16,2026-09-04,16,180,155,51819.62,209.43
16,2026-09-04,17,721,199,64241.08,445.23
16,2026-09-04,18,345,366,124906.95,586.9
16,2026-09-04,19,93,307,98253.9,302.0
16,2026-09-04,20,76,113,36187.45,125.28
16,2026-09-04,21,0,72,22815.77,51.0
16,2026-09-05,9,625,92,32229.5,276.97
16,2026-09-05,10,171,281,89220.36,427.93
16,2026-09-05,11,191,217,69393.53,240.18
16,2026-09-05,12,739,198,60464.86,452.55
16,2026-09-05,13,204,370,124055.41,530.2
16,2026-09-05,14,216,284,90764.38,284.58
16,2026-09-05,15,177,176,58536.16,226.17
16,2026-09-05,16,162,146,47415.67,204.48
16,2026-09-05,17,760,213,63435.96,446.45
16,2026-09-05,18,396,413,130858.76,628.37
16,2026-09-05,19,124,322,100379.02,343.25
16,2026-09-05,20,80,151,50850.14,143.1
16,2026-09-05,21,0,80,24613.16,53.78
16,2026-09-06,9,527,74,23942.36,239.8
16,2026-09-06,10,175,226,73318.71,366.75
16,2026-09-06,11,178,200,63273.91,241.3
16,2026-09-06,12,696,181,55522.06,421.9
16,2026-09-06,13,152,343,110164.87,476.47
16,2026-09-06,14,193,227,75438.03,243.05
16,2026-09-06,15,177,133,43637.74,201.67
16,2026-09-06,16,182,134,47580.82,199.93
16,2026-09-06,17,765,229,73087.21,452.83
16,2026-09-06,18,365,366,115301.79,582.52
16,2026-09-06,19,111,307,98445.82,339.28
16,2026-09-06,20,78,138,38141.37,136.98
16,2026-09-06,21,0,77,24969.47,50.07
16,2026-09-07,9,442,61,17878.59,198.13
16,2026-09-07,10,119,194,61419.6,300.85
16,2026-09-07,11,139,164,54423.39,168.18
16,2026-09-07,12,575,153,43591.55,348.78
16,2026-09-07,13,141,282,86173.26,396.35
16,2026-09-07,14,140,199,65063.14,196.83
16,2026-09-07,15,144,101,32302.36,157.27
16,2026-09-07,16,144,104,30602.82,158.27
16,2026-09-07,17,568,162,53941.87,339.97
16,2026-09-07,18,283,285,87829.99,457.38
16,2026-09-07,19,90,254,79558.2,254.62
16,2026-09-07,20,60,109,33337.39,100.0
16,2026-09-07,21,0,56,18020.71,38.58
16,2026-09-08,9,406,65,20064.72,191.78
16,2026-09-08,10,123,169,53887.72,269.63
16,2026-09-08,11,128,149,48353.3,165.33
16,2026-09-08,12,532,158,44990.34,318.45
16,2026-09-08,13,124,259,82168.98,357.65
16,2026-09-08,14,168,181,57114.19,198.25
16,2026-09-08,15,130,118,37796.11,176.97
16,2026-09-08,16,137,118,37204.56,157.23
16,2026-09-08,17,585,179,55614.41,352.8
16,2026-09-08,18,286,297,92630.88,462.98
16,2026-09-08,19,73,250,84816.19,243.8
16,2026-09-08,20,50,101,35515.73,88.9
16,2026-09-08,21,0,48,16252.32,36.43
16,2026-09-09,9,452,60,20074.88,200.28
16,2026-09-09,10,150,193,60243.19,328.12
16,2026-09-09,11,174,187,57600.67,213.03
16,2026-09-09,12,633,186,57780.08,394.63
16,2026-09-09,13,163,317,102288.71,440.32
16,2026-09-09,14,148,227,76531.2,221.23
16,2026-09-09,15,166,106,33409.5,174.58
16,2026-09-09,16,148,124,38726.71,182.3
16,2026-09-09,17,619,196,59372.88,374.72
16,2026-09-09,18,299,301,94574.14,473.02
16,2026-09-09,19,98,252,79501.95,274.25
16,2026-09-09,20,41,115,40775.92,100.45
16,2026-09-09,21,0,51,13843.08,32.73
16,2026-09-10,9,422,59,20270.84,193.22
16,2026-09-10,10,170,187,60488.9,320.17
16,2026-09-10,11,142,169,50143.65,207.97
16,2026-09-10,12,619,201,62004.57,374.45
16,2026-09-10,13,143,289,92924.72,414.55
16,2026-09-10,14,162,213,74836.63,206.43
16,2026-09-10,15,147,100,30600.17,178.55
16,2026-09-10,16,170,132,42481.59,190.0
16,2026-09-10,17,652,176,60705.43,428.53
16,2026-09-10,18,302,354,113336.72,515.52
16,2026-09-10,19,93,269,82086.03,256.73
16,2026-09-10,20,56,102,32797.61,107.08
16,2026-09-10,21,0,58,18352.4,48.68
16,2026-09-11,9,491,67,19824.11,221.5
16,2026-09-11,10,162,228,74629.87,329.03
16,2026-09-11,11,159,179,56560.32,206.2
16,2026-09-11,12,630,182,59077.72,386.88
16,2026-09-11,13,155,286,93143.83,443.27
16,2026-09-11,14,175,226,68811.57,221.73
16,2026-09-11,15,174,126,39018.99,188.32
16,2026-09-11,16,177,130,38368.23,184.47
16,2026-09-11,17,635,185,60530.91,407.75
16,2026-09-11,18,336,346,110613.09,505.02
16,2026-09-11,19,80,273,89749.47,272.43
16,2026-09-11,20,53,113,34336.19,101.57
16,2026-09-11,21,0,54,17659.52,33.92
16,2026-09-12,9,561,74,23901.11,254.95
16,2026-09-12,10,191,259,82767.36,401.48
16,2026-09-12,11,192,226,76297.27,236.73
16,2026-09-12,12,775,247,78617.64,486.98
16,2026-09-12,13,184,383,125646.45,528.55
16,2026-09-12,14,189,266,81294.82,256.53
16,2026-09-12,15,208,145,51589.16,207.48
16,2026-09-12,16,184,150,52017.68,216.38
16,2026-09-12,17,767,213,69364.32,466.58
16,2026-09-12,18,367,395,122826.84,602.95
16,2026-09-12,19,121,356,117867.67,318.95
16,2026-09-12,20,66,129,36192.59,119.18
16,2026-09-12,21,0,73,24861.71,49.33
16,2026-09-13,9,517,86,28742.75,239.5
16,2026-09-13,10,156,226,74352.45,346.35
16,2026-09-13,11,171,179,59723.22,203.6
16,2026-09-13,12,709,212,68425.83,441.3
16,2026-09-13,13,173,343,108361.48,484.23
16,2026-09-13,14,195,251,83026.09,243.22
16,2026-09-13,15,190,133,41491.96,209.08
16,2026-09-13,16,171,145,46378.04,202.77
16,2026-09-13,17,723,222,71364.88,444.12
16,2026-09-13,18,328,358,113541.63,559.42
16,2026-09-13,19,114,300,90935.92,301.03
16,2026-09-13,20,72,123,37364.47,121.73
16,2026-09-13,21,0,64,20694.94,52.1
16,2026-09-14,9,438,59,20738.21,196.12
16,2026-09-14,10,133,198,59678.55,302.38
16,2026-09-14,11,132,167,49846.64,161.57
16,2026-09-14,12,556,162,56758.02,344.3
16,2026-09-14,13,153,284,88308.13,382.9
16,2026-09-14,14,138,208,63697.66,198.63
16,2026-09-14,15,115,116,36849.38,133.02
16,2026-09-14,16,144,86,25911.95,134.72
16,2026-09-14,17,580,163,50855.42,363.65
16,2026-09-14,18,304,308,100727.65,460.57
16,2026-09-14,19,93,247,76109.47,259.05
16,2026-09-14,20,61,107,35298.78,102.35
16,2026-09-14,21,0,59,18333.9,45.47
16,2026-09-15,9,440,68,21805.13,196.38
16,2026-09-15,10,115,173,56918.19,294.67
16,2026-09-15,11,139,175,56389.32,160.78
16,2026-09-15,12,610,152,48765.77,367.33
16,2026-09-15,13,141,304,100126.75,413.6
16,2026-09-15,14,154,186,61870.64,207.03
16,2026-09-15,15,142,114,37461.47,161.23
16,2026-09-15,16,163,104,30073.28,158.88
16,2026-09-15,17,631,170,50193.06,393.47
16,2026-09-15,18,335,346,112702.44,523.7
16,2026-09-15,19,109,287,91437.19,289.83
16,2026-09-15,20,48,124,41117.36,109.72
16,2026-09-15,21,0,42,12090.59,30.92
16,2026-09-16,9,457,61,20666.78,203.78
16,2026-09-16,10,162,211,69458.1,322.08
16,2026-09-16,11,155,180,57591.96,203.05
16,2026-09-16,12,597,189,60249.63,379.63
16,2026-09-16,13,161,294,97100.97,402.07
16,2026-09-16,14,170,217,72134.42,235.45
16,2026-09-16,15,171,139,44813.05,184.85
16,2026-09-16,16,148,114,33777.25,178.22
16,2026-09-16,17,615,204,66551.43,389.95
16,2026-09-16,18,332,309,109027.58,477.63
16,2026-09-16,19,100,258,93072.25,269.8
16,2026-09-16,20,47,118,39140.24,106.27
16,2026-09-16,21,0,51,13154.66,36.27
16,2026-09-17,9,540,80,24923.94,258.23
16,2026-09-17,10,183,269,84869.57,361.95
16,2026-09-17,11,179,195,63326.29,215.45
16,2026-09-17,12,717,193,62737.59,443.57
16,2026-09-17,13,173,372,117664.15,493.12
16,2026-09-17,14,156,229,80810.6,243.93
16,2026-09-17,15,168,133,43515.61,178.88
16,2026-09-17,16,173,122,38938.36,174.8
16,2026-09-17,17,669,205,62240.4,420.48
16,2026-09-17,18,366,372,119773.43,559.92
16,2026-09-17,19,96,304,93832.67,320.12
16,2026-09-17,20,57,133,42209.07,118.4
16,2026-09-17,21,0,55,18126.89,37.67
16,2026-09-18,9,482,71,22917.99,209.07
16,2026-09-18,10,147,221,68359.03,340.05
16,2026-09-18,11,143,184,59594.77,191.58
16,2026-09-18,12,633,162,52141.55,384.2
16,2026-09-18,13,151,287,94581.7,439.18
16,2026-09-18,14,170,208,64002.77,224.77
16,2026-09-18,15,161,121,36145.27,184.78
16,2026-09-18,16,156,143,49456.36,184.8
16,2026-09-18,17,638,191,63737.17,382.27
16,2026-09-18,18,298,325,101361.83,489.2
16,2026-09-18,19,93,273,84131.38,254.75
16,2026-09-18,20,67,107,33385.63,120.72
16,2026-09-18,21,0,66,22728.12,45.22
16,2026-09-19,9,531,75,21060.46,236.62
16,2026-09-19,10,175,238,79797.07,368.8
16,2026-09-19,11,190,210,63493.53,224.43
16,2026-09-19,12,744,216,75209.98,453.6
16,2026-09-19,13,190,390,120494.53,512.27
16,2026-09-19,14,197,251,85702.38,244.7
16,2026-09-19,15,195,127,43465.97,212.1
16,2026-09-19,16,193,153,47508.8,216.12
16,2026-09-19,17,759,227,75114.12,482.13
16,2026-09-19,18,382,409,132552.79,595.13
16,2026-09-19,19,86,312,97598.4,311.08
16,2026-09-19,20,75,140,53265.69,121.55
16,2026-09-19,21,0,63,20896.92,46.42
16,2026-09-20,9,493,73,21472.03,218.13
16,2026-09-20,10,173,217,73244.91,352.35
16,2026-09-20,11,156,190,61036.95,205.28
16,2026-09-20,12,653,187,60405.86,403.3
16,2026-09-20,13,150,316,105321.9,452.17
16,2026-09-20,14,181,238,66642.42,219.92
16,2026-09-20,15,184,131,40309.12,184.15
16,2026-09-20,16,145,119,40502.69,185.28
16,2026-09-20,17,623,169,55008.32,384.67
16,2026-09-20,18,312,342,110516.32,506.27
16,2026-09-20,19,90,252,83067.85,288.5
16,2026-09-20,20,70,129,40896.09,118.42
16,2026-09-20,21,0,54,17624.88,48.52
17,2026-08-24,9,332,46,14154.87,153.22
17,2026-08-24,10,122,158,48440.7,234.42
17,2026-08-24,11,120,125,36915.24,155.57
17,2026-08-24,12,456,147,53005.44,287.93
17,2026-08-24,13,113,215,74649.19,307.42
17,2026-08-24,14,103,165,54895.31,154.85
17,2026-08-24,15,132,73,23149.75,127.93
17,2026-08-24,16,107,109,36241.8,133.05
17,2026-08-24,17,463,132,45640.9,279.68
17,2026-08-24,18,235,225,70067.88,372.7
17,2026-08-24,19,73,204,66115.26,206.6
17,2026-08-24,20,42,75,21972.7,70.53
17,2026-08-24,21,0,40,13453.95,29.42
17,2026-08-25,9,335,43,14371.45,156.33
17,2026-08-25,10,103,147,53402.35,240.85
17,2026-08-25,11,121,146,47718.77,139.8
17,2026-08-25,12,459,128,44270.37,287.23
17,2026-08-25,13,113,225,74043.02,320.4
17,2026-08-25,14,130,158,56727.71,156.72
17,2026-08-25,15,117,81,29194.13,137.18
17,2026-08-25,16,115,101,30373.15,137.42
17,2026-08-25,17,524,144,50456.5,303.42
17,2026-08-25,18,265,263,80041.9,421.73
17,2026-08-25,19,67,248,84525.17,226.08
17,2026-08-25,20,42,86,25719.5,82.77
17,2026-08-25,21,0,33,9754.7,26.45
17,2026-08-26,9,347,42,13870.15,155.02
17,2026-08-26,10,130,164,54057.64,256.15
17,2026-08-26,11,103,138,43012.43,146.3
17,2026-08-26,12,498,147,43207.84,297.8
17,2026-08-26,13,117,222,72358.95,326.05
17,2026-08-26,14,137,191,58740.66,169.47
17,2026-08-26,15,122,94,28830.28,135.42
17,2026-08-26,16,98,87,26443.1,117.38
17,2026-08-26,17,482,146,43971.0,281.27
17,2026-08-26,18,261,257,82299.22,383.0
17,2026-08-26,19,71,208,64507.59,218.53
17,2026-08-26,20,44,82,26393.12,90.47
17,2026-08-26,21,0,48,13959.85,33.23
17,2026-08-27,9,408,60,17247.99,186.48
17,2026-08-27,10,101,189,55533.42,265.23
17,2026-08-27,11,130,135,43192.94,148.1
17,2026-08-27,12,519,148,50608.43,316.73
17,2026-08-27,13,139,246,83248.62,362.3
17,2026-08-27,14,127,184,53836.39,187.5
17,2026-08-27,15,125,103,31011.99,134.27
17,2026-08-27,16,136,95,30668.49,140.55
17,2026-08-27,17,548,149,48502.02,327.55
17,2026-08-27,18,282,289,96901.07,440.02
17,2026-08-27,19,73,218,69871.23,245.0
17,2026-08-27,20,41,98,29286.61,87.72
17,2026-08-27,21,0,41,14344.08,30.37
17,2026-08-28,9,451,42,13791.32,212.22
17,2026-08-28,10,120,212,71207.98,319.65
17,2026-08-28,11,138,165,52512.55,172.87
17,2026-08-28,12,518,167,49893.49,317.92
17,2026-08-28,13,128,240,76014.14,354.83
17,2026-08-28,14,143,186,59764.7,173.5
17,2026-08-28,15,155,92,29925.33,166.68
17,2026-08-28,16,128,125,42913.56,157.85
17,2026-08-28,17,625,145,45865.0,375.75
17,2026-08-28,18,302,332,113588.41,494.8
17,2026-08-28,19,95,264,80918.58,273.28
17,2026-08-28,20,59,117,38469.14,103.13
17,2026-08-28,21,0,59,18325.55,44.72
17,2026-08-29,9,480,75,21353.21,234.45
17,2026-08-29,10,169,207,61970.89,341.77
17,2026-08-29,11,176,178,61333.65,220.87
17,2026-08-29,12,636,186,60110.55,395.53
17,2026-08-29,13,141,309,101885.8,432.97
17,2026-08-29,14,150,211,68775.17,208.72
17,2026-08-29,15,167,124,39818.21,170.63
17,2026-08-29,16,168,101,34540.33,178.82
17,2026-08-29,17,612,186,62680.38,405.88
17,2026-08-29,18,351,344,107528.69,531.07
17,2026-08-29,19,107,276,85909.28,296.63
17,2026-08-29,20,59,135,40240.11,130.17
17,2026-08-29,21,0,57,18509.68,39.93
17,2026-08-30,9,404,68,23050.04,186.87
17,2026-08-30,10,177,179,56110.99,303.32
17,2026-08-30,11,147,197,61403.21,191.15
17,2026-08-30,12,619,159,50604.63,369.4
17,2026-08-30,13,142,307,98621.66,422.43
17,2026-08-30,14,142,224,71122.82,190.68
17,2026-08-30,15,141,97,31415.56,148.08
17,2026-08-30,16,131,98,33489.84,161.62
17,2026-08-30,17,566,168,49000.31,336.88
17,2026-08-30,18,279,299,92489.08,445.08
17,2026-08-30,19,76,248,81927.75,237.33
17,2026-08-30,20,54,96,27957.95,85.4
17,2026-08-30,21,0,43,13369.98,31.13
17,2026-08-31,9,389,60,17135.48,174.6
17,2026-08-31,10,140,173,52167.97,266.45
17,2026-08-31,11,134,146,48193.1,169.38
17,2026-08-31,12,548,180,57267.45,338.88
17,2026-08-31,13,110,236,73689.86,369.77
17,2026-08-31,14,121,183,54287.14,177.72
17,2026-08-31,15,145,107,34783.03,134.72
17,2026-08-31,16,129,92,31076.09,151.93
17,2026-08-31,17,558,174,58529.73,350.72
17,2026-08-31,18,252,300,90934.32,430.25
17,2026-08-31,19,85,231,76484.53,217.52
17,2026-08-31,20,47,91,32664.81,95.48
17,2026-08-31,21,0,45,16464.2,35.55
17,2026-09-01,9,450,78,23307.98,207.95
17,2026-09-01,10,125,187,61436.3,290.42
17,2026-09-01,11,139,157,50475.3,168.38
17,2026-09-01,12,590,166,53544.21,350.13
17,2026-09-01,13,143,310,102682.24,394.53
17,2026-09-01,14,157,190,60552.45,199.65
17,2026-09-01,15,147,123,42433.6,172.53
17,2026-09-01,16,133,104,35796.54,151.5
17,2026-09-01,17,580,180,55064.8,362.83
17,2026-09-01,18,257,285,93998.14,442.17
17,2026-09-01,19,91,226,74182.41,245.55
17,2026-09-01,20,72,125,39800.06,111.93
17,2026-09-01,21,0,60,17792.41,45.72
17,2026-09-02,9,424,51,17188.99,193.58
17,2026-09-02,10,132,199,64901.81,306.1
17,2026-09-02,11,139,155,45677.83,173.38
17,2026-09-02,12,520,155,50780.28,322.9
17,2026-09-02,13,134,244,73302.32,369.23
17,2026-09-02,14,120,193,63738.92,189.53
17,2026-09-02,15,132,95,28773.18,142.55
17,2026-09-02,16,128,105,30901.27,145.62
17,2026-09-02,17,481,144,45736.7,287.63
17,2026-09-02,18,239,241,75847.96,398.73
17,2026-09-02,19,89,214,65307.22,236.48
17,2026-09-02,20,46,101,32356.99,90.32
17,2026-09-02,21,0,42,10830.95,32.07
17,2026-09-03,9,345,47,14050.16,153.73
17,2026-09-03,10,113,154,48737.46,246.82
17,2026-09-03,11,111,141,45386.0,150.38
17,2026-09-03,12,507,134,40502.36,307.5
17,2026-09-03,13,131,242,76263.46,347.95
17,2026-09-03,14,123,174,54229.15,170.68
17,2026-09-03,15,122,87,27727.04,141.25
17,2026-09-03,16,133,82,28006.91,135.6
17,2026-09-03,17,518,134,39777.32,316.43
17,2026-09-03,18,245,279,93354.29,414.87
17,2026-09-03,19,70,206,64467.89,214.03
17,2026-09-03,20,45,78,24682.84,75.52
17,2026-09-03,21,0,45,14808.22,29.75
17,2026-09-04,9,405,62,21894.02,175.4
17,2026-09-04,10,121,167,51999.04,293.62
17,2026-09-04,11,142,157,47838.93,165.73
17,2026-09-04,12,563,163,49394.49,354.53
17,2026-09-04,13,116,256,80742.21,373.02
17,2026-09-04,14,138,182,56086.42,175.63
17,2026-09-04,15,125,106,35984.2,141.42
17,2026-09-04,16,137,94,27156.03,145.95
17,2026-09-04,17,569,147,43627.5,342.52
17,2026-09-04,18,278,284,93981.71,448.67
17,2026-09-04,19,96,253,87126.58,258.97
17,2026-09-04,20,54,100,32731.25,109.23
17,2026-09-04,21,0,61,19503.77,34.95
17,2026-09-05,9,481,57,21954.99,228.32
17,2026-09-05,10,142,216,64422.82,322.87
17,2026-09-05,11,147,169,56484.06,188.78
17,2026-09-05,12,660,184,60218.29,391.5
17,2026-09-05,13,159,301,90189.72,438.4
17,2026-09-05,14,146,234,77635.54,224.27
17,2026-09-05,15,183,119,36350.89,172.3
17,2026-09-05,16,142,132,41705.25,170.47
17,2026-09-05,17,705,189,60641.05,413.32
17,2026-09-05,18,325,333,104630.89,550.42
17,2026-09-05,19,122,310,97484.78,305.57
17,2026-09-05,20,68,113,36336.12,123.5
17,2026-09-05,21,0,73,23872.88,53.97
17,2026-09-06,9,442,66,23823.35,204.98
17,2026-09-06,10,139,193,63557.04,312.62
17,2026-09-06,11,142,170,52192.78,189.18
17,2026-09-06,12,585,180,57366.96,358.02
17,2026-09-06,13,164,269,87328.46,406.98
17,2026-09-06,14,149,211,73712.68,229.1
17,2026-09-06,15,143,117,37411.5,167.95
17,2026-09-06,16,156,99,32489.52,169.62
17,2026-09-06,17,597,169,53681.44,382.93
17,2026-09-06,18,324,317,107524.1,503.58
17,2026-09-06,19,76,279,95521.87,262.82
17,2026-09-06,20,61,99,29844.45,93.57
17,2026-09-06,21,0,57,14888.86,37.32
17,2026-09-07,9,380,58,17253.63,173.3
17,2026-09-07,10,111,145,45063.35,260.17
17,2026-09-07,11,119,154,49215.84,157.22
17,2026-09-07,12,555,158,47747.75,342.7
17,2026-09-07,13,149,280,89002.62,376.28
17,2026-09-07,14,145,182,58576.56,198.68
17,2026-09-07,15,114,119,37777.31,148.9
17,2026-09-07,16,101,79,24014.48,120.57
17,2026-09-07,17,490,130,41090.3,270.93
17,2026-09-07,18,265,235,75344.79,405.93
17,2026-09-07,19,79,236,83076.99,230.57
17,2026-09-07,20,46,93,29252.19,88.28
17,2026-09-07,21,0,39,12386.81,33.5
17,2026-09-08,9,361,53,15961.45,168.47
17,2026-09-08,10,114,161,50200.17,239.72
17,2026-09-08,11,117,138,41074.9,149.95
17,2026-09-08,12,445,136,45066.42,284.9
17,2026-09-08,13,127,229,71883.62,315.17
17,2026-09-08,14,124,160,52191.72,158.1
17,2026-09-08,15,114,101,31073.86,133.77
17,2026-09-08,16,115,93,27392.12,131.23
17,2026-09-08,17,480,138,47287.55,291.78
17,2026-09-08,18,224,251,85452.61,369.47
17,2026-09-08,19,51,194,64711.58,186.67
17,2026-09-08,20,50,67,20202.92,67.72
17,2026-09-08,21,0,40,13508.69,35.37
17,2026-09-09,9,384,58,17259.78,173.22
17,2026-09-09,10,108,157,53801.54,256.92
17,2026-09-09,11,103,150,45936.81,143.8
17,2026-09-09,12,520,133,43794.43,300.88
17,2026-09-09,13,129,255,79089.91,363.48
17,2026-09-09,14,126,197,60662.26,179.75
17,2026-09-09,15,138,92,30287.04,136.7
17,2026-09-09,16,123,95,27697.91,146.52
17,2026-09-09,17,485,158,51351.11,309.9
17,2026-09-09,18,254,248,79819.29,394.42
17,2026-09-09,19,81,229,75399.6,214.1
17,2026-09-09,20,61,90,26057.32,103.08
17,2026-09-09,21,0,49,20186.0,46.05
17,2026-09-10,9,371,52,14976.69,167.75
17,2026-09-10,10,120,146,46029.15,266.85
17,2026-09-10,11,114,149,48175.46,159.07
17,2026-09-10,12,472,146,46577.1,290.8
17,2026-09-10,13,112,202,67707.38,321.83
17,2026-09-10,14,128,159,52680.33,176.6
17,2026-09-10,15,113,103,32174.61,127.98
17,2026-09-10,16,128,73,25093.39,128.83
17,2026-09-10,17,534,153,50981.2,331.43
17,2026-09-10,18,244,285,88201.14,415.22
17,2026-09-10,19,73,213,67390.96,220.6
17,2026-09-10,20,38,95,30567.55,79.83
17,2026-09-10,21,0,34,12288.8,22.38
17,2026-09-11,9,432,62,19725.39,195.62
17,2026-09-11,10,141,190,59394.0,307.97
17,2026-09-11,11,152,167,57255.84,184.13
17,2026-09-11,12,550,161,47490.13,341.2
17,2026-09-11,13,119,283,89513.4,361.42
17,2026-09-11,14,127,178,59668.95,177.5
17,2026-09-11,15,133,92,29357.3,144.08
17,2026-09-11,16,147,98,31565.3,156.48
17,2026-09-11,17,597,183,57702.26,378.92
17,2026-09-11,18,315,281,89100.52,476.48
17,2026-09-11,19,74,262,81003.79,277.23
17,2026-09-11,20,57,123,40180.04,103.72
17,2026-09-11,21,0,48,15416.94,33.3
17,2026-09-12,9,472,67,20980.28,217.42
17,2026-09-12,10,180,226,69569.8,343.42
17,2026-09-12,11,147,179,59819.25,204.42
17,2026-09-12,12,638,198,62372.13,386.53
17,2026-09-12,13,147,302,95518.24,424.7
17,2026-09-12,14,138,217,69384.05,200.75
17,2026-09-12,15,153,94,31734.45,169.1
17,2026-09-12,16,159,108,32422.34,171.87
17,2026-09-12,17,627,208,66659.89,378.12
17,2026-09-12,18,318,335,106308.11,493.38
17,2026-09-12,19,85,265,89817.8,276.27
17,2026-09-12,20,58,118,39336.41,93.23
17,2026-09-12,21,0,50,18361.59,40.72
17,2026-09-13,9,491,51,14548.19,222.35
17,2026-09-13,10,160,228,69325.34,364.95
17,2026-09-13,11,145,199,71919.87,202.87
17,2026-09-13,12,598,174,50883.82,368.78
17,2026-09-13,13,150,291,88589.72,410.88
17,2026-09-13,14,150,195,64032.48,200.83
17,2026-09-13,15,168,110,33943.41,176.72
17,2026-09-13,16,151,117,38314.21,180.75
17,2026-09-13,17,615,206,65870.96,379.73
17,2026-09-13,18,339,318,102778.57,508.9
17,2026-09-13,19,90,274,83430.22,281.33
17,2026-09-13,20,63,118,39420.84,109.72
17,2026-09-13,21,0,64,18209.6,47.77
17,2026-09-14,9,309,44,14371.31,128.52
17,2026-09-14,10,101,121,44852.59,228.12
17,2026-09-14,11,105,138,41956.94,141.77
17,2026-09-14,12,469,132,42764.82,282.07
17,2026-09-14,13,114,209,62373.65,320.8
17,2026-09-14,14,100,169,56656.03,165.12
17,2026-09-14,15,120,85,26673.71,119.5
17,2026-09-14,16,114,80,24944.21,117.85
17,2026-09-14,17,478,152,47446.83,290.27
17,2026-09-14,18,250,256,78621.39,376.22
17,2026-09-14,19,65,202,63084.43,223.43
17,2026-09-14,20,56,91,31569.23,85.75
17,2026-09-14,21,0,47,15022.09,34.52
17,2026-09-15,9,361,45,15032.25,169.1
17,2026-09-15,10,131,147,47058.65,266.23
17,2026-09-15,11,120,167,50885.03,164.08
17,2026-09-15,12,479,138,44790.21,288.1
17,2026-09-15,13,105,210,70642.66,326.83
17,2026-09-15,14,134,172,54699.01,170.37
17,2026-09-15,15,122,98,33558.45,133.95
17,2026-09-15,16,107,80,26152.31,128.4
17,2026-09-15,17,491,126,41573.27,302.32
17,2026-09-15,18,250,267,83317.59,397.73
17,2026-09-15,19,74,202,66132.53,222.6
17,2026-09-15,20,61,98,34535.07,90.22
17,2026-09-15,21,0,55,18645.6,37.82
17,2026-09-16,9,414,49,16568.39,193.0
17,2026-09-16,10,124,186,60416.61,278.92
17,2026-09-16,11,134,145,46284.59,171.7
17,2026-09-16,12,527,151,45434.1,312.88
17,2026-09-16,13,130,238,72660.31,363.8
17,2026-09-16,14,144,209,65779.08,193.37
17,2026-09-16,15,136,97,29681.22,165.03
17,2026-09-16,16,129,114,36967.57,152.87
17,2026-09-16,17,567,155,51907.65,337.5
17,2026-09-16,18,296,294,100047.55,471.45
17,2026-09-16,19,84,273,84916.2,256.58
17,2026-09-16,20,65,100,31145.24,102.53
17,2026-09-16,21,0,62,20275.64,47.4
17,2026-09-17,9,413,54,16024.74,183.93
17,2026-09-17,10,140,194,61984.0,304.2
17,2026-09-17,11,145,159,48144.39,185.35
17,2026-09-17,12,537,181,60353.87,330.72
17,2026-09-17,13,140,257,82512.06,362.85
17,2026-09-17,14,142,174,57726.35,188.9
17,2026-09-17,15,139,106,34156.14,144.75
17,2026-09-17,16,126,104,31259.24,140.7
17,2026-09-17,17,616,148,50013.84,361.18
17,2026-09-17,18,271,316,97603.02,483.88
17,2026-09-17,19,86,250,81340.59,258.05
17,2026-09-17,20,61,96,27838.23,100.7
17,2026-09-17,21,0,64,20781.4,40.63
17,2026-09-18,9,406,50,16897.42,182.1
17,2026-09-18,10,143,188,57870.72,297.13
17,2026-09-18,11,142,168,55689.49,187.63
17,2026-09-18,12,608,188,60804.14,357.98
17,2026-09-18,13,123,268,82341.15,401.55
17,2026-09-18,14,151,208,66462.3,199.75
17,2026-09-18,15,147,120,38194.74,167.88
17,2026-09-18,16,152,113,38065.46,159.02
17,2026-09-18,17,577,161,51613.7,367.08
17,2026-09-18,18,269,297,95652.57,462.12
17,2026-09-18,19,83,243,75522.41,238.68
17,2026-09-18,20,46,93,30819.39,83.58
17,2026-09-18,21,0,35,11851.79,37.85
17,2026-09-19,9,477,60,20880.53,222.18
17,2026-09-19,10,154,239,75881.04,330.65
17,2026-09-19,11,162,173,56029.18,194.9
17,2026-09-19,12,645,189,57365.59,398.97
17,2026-09-19,13,150,288,92519.92,447.75
17,2026-09-19,14,155,229,77700.64,222.63
17,2026-09-19,15,176,106,32526.8,181.52
17,2026-09-19,16,155,129,43996.32,193.13
17,2026-09-19,17,675,195,63715.27,401.07
17,2026-09-19,18,325,360,115516.8,534.3
17,2026-09-19,19,102,279,90619.85,280.73
17,2026-09-19,20,58,113,32181.73,115.17
17,2026-09-19,21,0,59,19643.39,44.82
17,2026-09-20,9,451,52,18289.59,208.08
17,2026-09-20,10,142,211,65131.38,308.83
17,2026-09-20,11,151,152,47632.18,175.35
17,2026-09-20,12,548,179,58965.73,342.92
17,2026-09-20,13,144,259,83022.45,373.77
17,2026-09-20,14,152,196,56640.47,197.5
17,2026-09-20,15,140,99,32762.25,167.27
17,2026-09-20,16,132,94,32799.35,150.27
17,2026-09-20,17,644,198,64122.56,384.57
17,2026-09-20,18,318,319,102265.8,492.27
17,2026-09-20,19,73,257,80303.68,269.32
17,2026-09-20,20,60,118,39772.15,99.7
17,2026-09-20,21,0,46,15074.22,37.63
18,2026-08-24,9,320,56,16482.93,139.95
18,2026-08-24,10,109,151,52846.21,225.25
18,2026-08-24,11,115,124,39670.97,141.07
18,2026-08-24,12,443,135,42873.03,270.92
18,2026-08-24,13,94,216,71492.34,297.65
18,2026-08-24,14,117,144,44516.42,145.97
18,2026-08-24,15,119,86,28010.24,123.62
18,2026-08-24,16,112,76,24654.3,125.38
18,2026-08-24,17,438,130,38934.5,278.05
18,2026-08-24,18,235,237,78781.57,343.07
18,2026-08-24,19,72,184,56239.74,189.45
18,2026-08-24,20,41,72,24039.94,81.02
18,2026-08-24,21,0,44,12893.53,34.62
18,2026-08-25,9,337,45,14360.37,150.02
18,2026-08-25,10,106,156,45859.36,235.02
18,2026-08-25,11,110,119,39084.3,131.63
18,2026-08-25,12,460,139,47022.86,277.77
18,2026-08-25,13,132,189,61635.12,321.47
18,2026-08-25,14,103,184,62402.56,166.78
18,2026-08-25,15,102,87,26743.7,119.17
18,2026-08-25,16,110,74,24879.0,114.98
18,2026-08-25,17,432,126,40212.02,260.17
18,2026-08-25,18,219,228,69655.93,331.6
18,2026-08-25,19,56,171,57198.99,194.25
18,2026-08-25,20,43,79,24021.86,71.28
18,2026-08-25,21,0,45,10819.82,31.4
18,2026-08-26,9,345,40,16281.58,157.15
18,2026-08-26,10,127,150,47252.3,246.0
18,2026-08-26,11,117,143,51873.69,168.9
18,2026-08-26,12,490,151,47220.01,290.75
18,2026-08-26,13,120,223,70536.58,349.77
18,2026-08-26,14,106,172,57625.27,167.12
18,2026-08-26,15,138,82,26560.42,128.03
18,2026-08-26,16,121,92,25355.53,135.28
18,2026-08-26,17,489,146,46458.12,298.92
18,2026-08-26,18,259,263,85845.68,388.53
18,2026-08-26,19,65,199,62780.58,215.88
18,2026-08-26,20,36,80,25022.36,76.97
18,2026-08-26,21,0,38,12224.34,23.57
18,2026-08-27,9,357,51,16216.07,156.03
18,2026-08-27,10,132,163,57067.3,245.65
18,2026-08-27,11,109,137,43859.45,156.38
18,2026-08-27,12,478,130,39669.74,301.82
18,2026-08-27,13,115,239,75794.53,342.77
18,2026-08-27,14,118,173,55077.86,164.77
18,2026-08-27,15,123,90,33932.16,133.78
18,2026-08-27,16,124,99,30938.24,135.1
18,2026-08-27,17,470,130,42870.0,285.67
18,2026-08-27,18,234,244,79912.28,374.48
18,2026-08-27,19,64,195,60938.5,201.72
18,2026-08-27,20,47,90,25070.02,81.05
18,2026-08-27,21,0,36,10877.04,30.5
18,2026-08-28,9,394,53,18466.78,184.77
18,2026-08-28,10,139,175,57797.68,278.47
18,2026-08-28,11,144,162,48043.0,172.67
18,2026-08-28,12,558,183,56718.74,350.03
18,2026-08-28,13,137,267,85915.39,350.6
18,2026-08-28,14,130,198,65559.26,185.73
18,2026-08-28,15,162,104,30919.65,152.7
18,2026-08-28,16,139,103,34436.04,160.97
18,2026-08-28,17,553,170,57187.79,346.9
18,2026-08-28,18,279,281,87498.59,440.72
18,2026-08-28,19,70,258,87042.24,247.47
18,2026-08-28,20,54,106,32206.59,85.75
18,2026-08-28,21,0,41,12290.77,28.05
18,2026-08-29,9,449,60,20440.48,202.57
18,2026-08-29,10,129,211,66595.94,307.02
18,2026-08-29,11,144,169,55216.02,174.42
18,2026-08-29,12,653,193,55386.35,382.78
18,2026-08-29,13,130,325,103137.02,438.83
18,2026-08-29,14,170,211,64652.92,206.23
18,2026-08-29,15,146,113,37950.27,169.5
18,2026-08-29,16,164,116,35595.92,170.97
18,2026-08-29,17,565,203,70644.86,356.0
18,2026-08-29,18,325,290,92156.62,455.32
18,2026-08-29,19,98,239,79607.45,279.68
18,2026-08-29,20,53,127,36485.03,114.95
18,2026-08-29,21,0,55,19439.57,42.7
18,2026-08-30,9,446,70,21020.31,204.12
18,2026-08-30,10,131,194,57250.97,299.65
18,2026-08-30,11,156,175,59473.58,183.52
18,2026-08-30,12,635,178,54914.35,391.18
18,2026-08-30,13,147,323,92331.59,418.38
18,2026-08-30,14,169,207,63824.63,201.23
18,2026-08-30,15,139,110,32087.89,168.13
18,2026-08-30,16,129,115,37935.34,154.78
18,2026-08-30,17,589,172,47168.88,351.13
18,2026-08-30,18,302,300,92733.99,472.05
18,2026-08-30,19,89,263,78153.27,252.98
18,2026-08-30,20,76,91,29634.92,108.47
18,2026-08-30,21,0,71,22075.47,50.27
18,2026-08-31,9,382,58,19038.18,183.82
18,2026-08-31,10,105,174,53894.91,249.15
18,2026-08-31,11,116,133,45128.79,147.32
18,2026-08-31,12,556,131,38317.11,308.45
18,2026-08-31,13,124,281,96331.45,389.37
18,2026-08-31,14,119,189,59850.96,182.1
18,2026-08-31,15,129,101,33745.17,128.58
18,2026-08-31,16,115,94,32063.95,127.37
18,2026-08-31,17,511,131,46317.45,312.62
18,2026-08-31,18,241,264,84945.95,413.55
18,2026-08-31,19,82,225,72345.04,223.02
18,2026-08-31,20,47,85,28712.54,96.0
18,2026-08-31,21,0,49,16991.79,40.25
18,2026-09-01,9,347,62,18400.3,161.43
18,2026-09-01,10,113,128,45129.0,231.98
18,2026-09-01,11,123,135,40938.88,161.4
18,2026-09-01,12,482,142,46157.18,303.72
18,2026-09-01,13,99,220,73421.36,330.65
18,2026-09-01,14,108,159,47699.37,152.8
18,2026-09-01,15,110,83,26926.29,122.5
18,2026-09-01,16,114,101,34868.96,124.53
18,2026-09-01,17,492,138,41831.45,284.65
18,2026-09-01,18,236,242,82122.8,397.07
18,2026-09-01,19,75,209,66171.76,220.58
18,2026-09-01,20,45,85,27585.53,92.78
18,2026-09-01,21,0,48,17374.5,32.8
18,2026-09-02,9,397,63,22063.53,178.02
18,2026-09-02,10,134,174,55050.68,270.95
18,2026-09-02,11,128,146,51373.55,174.92
18,2026-09-02,12,545,165,53086.21,332.67
18,2026-09-02,13,136,284,91979.99,366.57
18,2026-09-02,14,142,175,60139.95,179.67
18,2026-09-02,15,146,100,31808.29,163.1
18,2026-09-02,16,140,100,34923.82,159.5
18,2026-09-02,17,531,160,45414.05,340.33
18,2026-09-02,18,305,281,83257.71,436.75
18,2026-09-02,19,89,226,72047.88,261.48
18,2026-09-02,20,42,121,38277.64,101.78
18,2026-09-02,21,0,39,11207.18,37.57
18,2026-09-03,9,378,42,13943.4,171.48
18,2026-09-03,10,108,182,59439.05,269.12
18,2026-09-03,11,90,124,38600.53,127.85
18,2026-09-03,12,485,130,38139.2,274.93
18,2026-09-03,13,120,219,71195.64,338.72
18,2026-09-03,14,128,184,58611.77,180.22
18,2026-09-03,15,116,95,30331.95,144.35
18,2026-09-03,16,110,80,26270.24,128.33
18,2026-09-03,17,497,154,46838.87,294.73
18,2026-09-03,18,271,233,72867.35,406.75
18,2026-09-03,19,64,232,75295.88,231.47
18,2026-09-03,20,51,96,27458.61,79.92
18,2026-09-03,21,0,33,9698.99,28.25
18,2026-09-04,9,425,61,17666.0,199.98
18,2026-09-04,10,121,183,54372.59,295.0
18,2026-09-04,11,137,161,52353.01,175.83
18,2026-09-04,12,579,164,51991.11,348.17
18,2026-09-04,13,127,281,93189.92,377.08
18,2026-09-04,14,124,199,62911.87,188.27
18,2026-09-04,15,116,88,30000.1,130.1
18,2026-09-04,16,107,85,24049.41,130.15
18,2026-09-04,17,520,152,54463.89,307.67
18,2026-09-04,18,265,261,84490.13,418.47
18,2026-09-04,19,88,241,78780.81,252.25
18,2026-09-04,20,46,97,33135.61,92.67
18,2026-09-04,21,0,47,14214.17,36.4
18,2026-09-05,9,519,62,19841.93,245.88
18,2026-09-05,10,159,252,77768.5,358.5
18,2026-09-05,11,180,184,61937.22,218.82
18,2026-09-05,12,712,223,70721.4,435.58
18,2026-09-05,13,163,341,106442.48,479.3
18,2026-09-05,14,200,225,70359.73,251.35
18,2026-09-05,15,185,127,37509.84,205.05
18,2026-09-05,16,185,139,47089.65,212.58
18,2026-09-05,17,699,220,69308.02,447.6
18,2026-09-05,18,344,371,123202.01,567.75
18,2026-09-05,19,131,320,106979.38,307.07
18,2026-09-05,20,70,119,36798.32,131.82
18,2026-09-05,21,0,64,20721.55,44.53
18,2026-09-06,9,416,57,20471.65,181.5
18,2026-09-06,10,144,193,57400.87,298.98
18,2026-09-06,11,148,179,58849.9,187.13
18,2026-09-06,12,538,142,48034.04,338.72
18,2026-09-06,13,143,275,88846.73,386.97
18,2026-09-06,14,157,194,65284.04,195.83
18,2026-09-06,15,124,106,32057.82,149.15
18,2026-09-06,16,113,100,33146.18,131.78
18,2026-09-06,17,566,156,46584.08,333.22
18,2026-09-06,18,257,290,89500.03,413.43
18,2026-09-06,19,93,224,67179.47,224.45
18,2026-09-06,20,63,96,31412.49,117.63
18,2026-09-06,21,0,62,17551.51,45.87
18,2026-09-07,9,354,43,13452.21,161.95
18,2026-09-07,10,123,182,59124.51,251.3
18,2026-09-07,11,125,126,42215.63,159.58
18,2026-09-07,12,427,137,46806.68,264.47
18,2026-09-07,13,110,200,61608.83,296.57
18,2026-09-07,14,97,158,48070.14,139.75
18,2026-09-07,15,128,74,24432.67,114.42
18,2026-09-07,16,113,88,28782.39,122.3
18,2026-09-07,17,481,123,42712.93,287.97
18,2026-09-07,18,249,251,83483.46,406.98
18,2026-09-07,19,61,216,69038.11,208.68
18,2026-09-07,20,42,84,24804.32,84.97
18,2026-09-07,21,0,42,11342.9,30.6
18,2026-09-08,9,334,46,14897.37,151.02
18,2026-09-08,10,108,151,46171.23,241.73
18,2026-09-08,11,106,124,47368.36,141.47
18,2026-09-08,12,418,114,38936.71,255.3
18,2026-09-08,13,105,202,63431.83,300.22
18,2026-09-08,14,99,154,45553.7,138.0
18,2026-09-08,15,104,71,24096.39,112.97
18,2026-09-08,16,112,90,29543.55,106.3
18,2026-09-08,17,422,111,32641.96,271.72
18,2026-09-08,18,207,243,75131.54,329.42
18,2026-09-08,19,59,167,54974.68,181.38
18,2026-09-08,20,38,74,22362.13,72.87
18,2026-09-08,21,0,39,13353.9,31.13
18,2026-09-09,9,356,49,14903.19,162.92
18,2026-09-09,10,98,155,50080.37,240.27
18,2026-09-09,11,118,127,38275.86,141.32
18,2026-09-09,12,450,154,51207.47,268.93
18,2026-09-09,13,117,196,63942.38,290.33
18,2026-09-09,14,96,155,55455.17,143.33
18,2026-09-09,15,124,77,25149.12,115.38
18,2026-09-09,16,124,80,28795.81,132.25
18,2026-09-09,17,445,138,47565.96,284.03
18,2026-09-09,18,241,241,74584.35,367.45
18,2026-09-09,19,60,209,71233.62,196.08
18,2026-09-09,20,46,86,27187.88,70.35
18,2026-09-09,21,0,36,10620.33,28.33
18,2026-09-10,9,353,42,12422.25,154.33
18,2026-09-10,10,120,156,54430.63,255.42
18,2026-09-10,11,107,145,44953.24,156.42
18,2026-09-10,12,504,120,36296.04,302.62
18,2026-09-10,13,129,247,80364.61,350.12
18,2026-09-10,14,115,173,55733.98,169.42
18,2026-09-10,15,117,79,25573.04,127.3
18,2026-09-10,16,123,95,28032.95,128.08
18,2026-09-10,17,478,132,38834.84,289.72
18,2026-09-10,18,238,244,73604.13,377.02
18,2026-09-10,19,85,197,63807.55,221.53
18,2026-09-10,20,52,100,37705.3,89.83
18,2026-09-10,21,0,52,16453.32,37.0
18,2026-09-11,9,444,59,19122.26,197.9
18,2026-09-11,10,132,189,56054.85,311.05
18,2026-09-11,11,155,175,58021.99,196.53
18,2026-09-11,12,571,187,62637.78,364.62
18,2026-09-11,13,135,298,93154.42,371.27
18,2026-09-11,14,138,188,64388.8,181.55
18,2026-09-11,15,140,106,33311.25,150.52
18,2026-09-11,16,139,107,34132.81,145.27
18,2026-09-11,17,623,157,48125.83,370.88
18,2026-09-11,18,282,333,102921.01,485.0
18,2026-09-11,19,90,251,82953.28,248.8
18,2026-09-11,20,57,98,30666.07,103.55
18,2026-09-11,21,0,52,16733.22,40.75
18,2026-09-12,9,477,56,18646.04,223.9
18,2026-09-12,10,131,214,72661.07,320.9
18,2026-09-12,11,166,184,59296.44,189.87
18,2026-09-12,12,559,154,52625.14,357.85
18,2026-09-12,13,144,296,99649.89,382.33
18,2026-09-12,14,151,190,60394.63,184.72
18,2026-09-12,15,140,103,32594.92,156.4
18,2026-09-12,16,146,89,31308.84,165.58
18,2026-09-12,17,620,180,58044.44,367.72
18,2026-09-12,18,290,328,109989.55,472.72
18,2026-09-12,19,75,272,93445.31,251.73
18,2026-09-12,20,61,109,31571.34,93.47
18,2026-09-12,21,0,45,16457.91,43.35
18,2026-09-13,9,423,57,17379.42,191.98
18,2026-09-13,10,135,203,63040.19,280.62
18,2026-09-13,11,127,140,45380.25,158.8
18,2026-09-13,12,545,152,50390.7,333.1
18,2026-09-13,13,123,268,78341.21,357.15
18,2026-09-13,14,146,163,52666.38,183.93
18,2026-09-13,15,139,125,43701.74,157.78
18,2026-09-13,16,137,96,28560.08,150.32
18,2026-09-13,17,536,137,42732.17,343.72
18,2026-09-13,18,259,290,94656.79,433.65
18,2026-09-13,19,78,231,76870.01,231.55
18,2026-09-13,20,51,91,30312.02,89.63
18,2026-09-13,21,0,51,16650.63,38.97
18,2026-09-14,9,355,59,19531.62,164.53
18,2026-09-14,10,110,154,48851.43,232.57
18,2026-09-14,11,113,125,41686.37,140.32
18,2026-09-14,12,477,127,35794.71,285.27
18,2026-09-14,13,113,232,78874.07,310.07
18,2026-09-14,14,108,152,49454.04,152.38
18,2026-09-14,15,140,79,29144.62,127.83
18,2026-09-14,16,126,101,34386.54,149.27
18,2026-09-14,17,493,171,55274.7,295.57
18,2026-09-14,18,231,224,76714.84,378.73
18,2026-09-14,19,59,197,65275.79,202.0
18,2026-09-14,20,39,79,26819.25,76.13
18,2026-09-14,21,0,37,12937.02,29.32
18,2026-09-15,9,369,53,18645.97,164.1
18,2026-09-15,10,92,158,50868.46,249.23
18,2026-09-15,11,105,133,37732.71,144.92
18,2026-09-15,12,435,128,40522.87,256.37
18,2026-09-15,13,101,207,66985.3,295.52
18,2026-09-15,14,129,153,50207.03,146.05
18,2026-09-15,15,116,83,29759.31,134.48
18,2026-09-15,16,114,88,25930.35,127.67
18,2026-09-15,17,469,133,39344.92,293.93
18,2026-09-15,18,244,272,85237.5,377.55
18,2026-09-15,19,75,183,57167.61,212.62
18,2026-09-15,20,48,104,34995.64,87.3
18,2026-09-15,21,0,39,14212.73,27.25
18,2026-09-16,9,411,56,16136.32,185.07
18,2026-09-16,10,129,177,53577.31,298.18
18,2026-09-16,11,148,166,57354.68,185.07
18,2026-09-16,12,570,172,55212.86,364.15
18,2026-09-16,13,134,285,92155.58,402.5
18,2026-09-16,14,116,202,64329.8,183.55
18,2026-09-16,15,145,100,29820.58,141.95
18,2026-09-16,16,119,97,32207.94,143.52
18,2026-09-16,17,536,179,54217.05,318.18
18,2026-09-16,18,260,244,78750.71,417.6
18,2026-09-16,19,80,234,73662.44,227.62
18,2026-09-16,20,52,100,32489.94,98.07
18,2026-09-16,21,0,52,19687.94,37.33
18,2026-09-17,9,427,57,18861.89,196.8
18,2026-09-17,10,123,183,59281.34,288.83
18,2026-09-17,11,147,152,47542.25,170.23
18,2026-09-17,12,535,161,51464.0,339.77
18,2026-09-17,13,136,271,84151.36,376.17
18,2026-09-17,14,117,183,57766.7,170.45
18,2026-09-17,15,130,91,29927.91,136.93
18,2026-09-17,16,129,99,33085.37,140.95
18,2026-09-17,17,593,142,44165.76,353.68
18,2026-09-17,18,261,300,92478.64,458.87
18,2026-09-17,19,80,251,80367.62,236.48
18,2026-09-17,20,47,90,31353.19,89.42
18,2026-09-17,21,0,43,11239.28,35.63
18,2026-09-18,9,391,62,18716.54,174.18
18,2026-09-18,10,136,152,50501.94,264.72
18,2026-09-18,11,130,149,48344.61,170.63
18,2026-09-18,12,579,161,50765.03,350.1
18,2026-09-18,13,146,276,86949.92,402.88
18,2026-09-18,14,121,202,65926.87,185.27
18,2026-09-18,15,127,91,25302.05,139.95
18,2026-09-18,16,138,97,30087.02,150.82
18,2026-09-18,17,556,157,52778.19,337.92
18,2026-09-18,18,273,280,96781.87,448.22
18,2026-09-18,19,81,259,84438.14,246.95
18,2026-09-18,20,55,105,32846.26,95.67
18,2026-09-18,21,0,53,16875.72,36.85
18,2026-09-19,9,452,59,19769.97,207.68
18,2026-09-19,10,139,193,68215.24,313.92
18,2026-09-19,11,141,183,56710.21,184.35
18,2026-09-19,12,631,183,59541.1,363.43
18,2026-09-19,13,150,290,88994.65,411.53
18,2026-09-19,14,142,224,77297.2,204.97
18,2026-09-19,15,172,105,35050.32,164.53
18,2026-09-19,16,141,94,29115.17,174.47
18,2026-09-19,17,572,178,57240.85,376.28
18,2026-09-19,18,300,318,103232.06,473.52
18,2026-09-19,19,99,241,79778.17,266.73
18,2026-09-19,20,51,120,37598.62,105.88
18,2026-09-19,21,0,50,15600.45,32.08
18,2026-09-20,9,401,55,17399.96,178.07
18,2026-09-20,10,137,192,65047.86,283.48
18,2026-09-20,11,123,153,48609.68,162.27
18,2026-09-20,12,496,142,42504.04,302.62
18,2026-09-20,13,115,244,72932.95,336.72
18,2026-09-20,14,123,167,57012.6,160.4
18,2026-09-20,15,138,81,27240.62,135.08
18,2026-09-20,16,131,95,29453.89,151.72
18,2026-09-20,17,545,170,53637.65,345.82
18,2026-09-20,18,247,277,85199.33,438.58
18,2026-09-20,19,76,239,77154.5,223.12
18,2026-09-20,20,53,84,27673.03,91.77
18,2026-09-20,21,0,52,16436.55,37.25
19,2026-08-24,9,322,42,14194.98,147.1
19,2026-08-24,10,119,151,50610.06,233.63
19,2026-08-24,11,102,133,43818.39,144.08
19,2026-08-24,12,423,134,45173.04,255.73
19,2026-08-24,13,122,217,69781.87,295.38
19,2026-08-24,14,108,162,48768.77,158.47
19,2026-08-24,15,98,89,32123.22,112.92
19,2026-08-24,16,83,77,27242.77,90.95
19,2026-08-24,17,427,117,37921.52,239.42
19,2026-08-24,18,204,202,62028.72,335.52
19,2026-08-24,19,62,182,59603.75,188.37
19,2026-08-24,20,42,70,21895.14,70.23
19,2026-08-24,21,0,40,13857.03,30.1
19,2026-08-25,9,336,47,13666.52,152.73
19,2026-08-25,10,119,135,47537.81,241.63
19,2026-08-25,11,115,143,47479.47,157.62
19,2026-08-25,12,445,137,43705.86,279.43
19,2026-08-25,13,125,202,61339.68,306.87
19,2026-08-25,14,120,158,57654.68,167.77
19,2026-08-25,15,101,90,28888.05,127.18
19,2026-08-25,16,90,86,27048.66,104.83
19,2026-08-25,17,425,102,35910.93,252.02
19,2026-08-25,18,236,225,80204.27,358.98
19,2026-08-25,19,61,219,72474.62,200.95
19,2026-08-25,20,53,76,26225.41,80.18
19,2026-08-25,21,0,47,14544.29,36.05
19,2026-08-26,9,318,38,10446.96,149.37
19,2026-08-26,10,111,142,46140.23,243.3
19,2026-08-26,11,98,149,45688.13,139.67
19,2026-08-26,12,415,131,41087.1,251.68
19,2026-08-26,13,104,211,68152.64,272.77
19,2026-08-26,14,103,137,43518.88,140.45
19,2026-08-26,15,106,83,25518.61,116.37
19,2026-08-26,16,115,69,21818.09,129.42
19,2026-08-26,17,425,139,37427.32,261.38
19,2026-08-26,18,210,213,73665.88,332.67
19,2026-08-26,19,82,185,59970.43,202.02
19,2026-08-26,20,43,84,24649.81,84.17
19,2026-08-26,21,0,40,12165.4,32.5
19,2026-08-27,9,372,53,17999.42,174.15
19,2026-08-27,10,101,184,61968.57,235.05
19,2026-08-27,11,119,127,42672.7,147.23
19,2026-08-27,12,472,137,43852.44,286.43
19,2026-08-27,13,125,242,77147.78,314.95
19,2026-08-27,14,122,180,59711.58,163.33
19,2026-08-27,15,133,80,25520.58,135.08
19,2026-08-27,16,125,117,37057.23,137.75
19,2026-08-27,17,551,138,43726.03,325.75
19,2026-08-27,18,272,271,83290.56,448.57
19,2026-08-27,19,84,241,81268.11,255.85
19,2026-08-27,20,49,115,36251.19,98.23
19,2026-08-27,21,0,48,11145.26,32.25
19,2026-08-28,9,420,64,19524.5,174.9
19,2026-08-28,10,153,171,53834.78,306.98
19,2026-08-28,11,144,181,55572.1,200.78
19,2026-08-28,12,559,159,48417.46,353.33
19,2026-08-28,13,132,280,99307.1,384.15
19,2026-08-28,14,144,173,54312.17,187.8
19,2026-08-28,15,122,110,34697.8,151.18
19,2026-08-28,16,119,97,33241.68,133.25
19,2026-08-28,17,542,142,42454.15,329.32
19,2026-08-28,18,268,304,99474.51,431.95
19,2026-08-28,19,94,218,70774.36,234.5
19,2026-08-28,20,65,105,33068.96,96.68
19,2026-08-28,21,0,49,18040.85,42.55
19,2026-08-29,9,385,62,20484.84,187.63
19,2026-08-29,10,157,184,58463.1,269.95
19,2026-08-29,11,179,157,54533.61,203.95
19,2026-08-29,12,610,182,54021.58,384.42
19,2026-08-29,13,152,296,95326.96,403.58
19,2026-08-29,14,152,228,73822.17,211.52
19,2026-08-29,15,140,99,29611.93,159.97
19,2026-08-29,16,171,128,39089.53,170.78
19,2026-08-29,17,586,178,52924.89,362.12
19,2026-08-29,18,292,288,94985.71,465.92
19,2026-08-29,19,91,269,98068.81,262.22
19,2026-08-29,20,56,109,35772.85,107.05
19,2026-08-29,21,0,55,19568.16,38.85
19,2026-08-30,9,406,63,17415.69,197.28
19,2026-08-30,10,124,170,52057.06,281.38
19,2026-08-30,11,156,161,50152.76,175.33
19,2026-08-30,12,566,153,45993.37,350.68
19,2026-08-30,13,123,277,89722.02,391.2
19,2026-08-30,14,150,200,65396.16,192.92
19,2026-08-30,15,152,100,33941.78,173.35
19,2026-08-30,16,119,113,35972.3,139.97
19,2026-08-30,17,585,155,46788.07,340.62
19,2026-08-30,18,304,318,100967.31,483.97
19,2026-08-30,19,98,280,89717.73,264.6
19,2026-08-30,20,59,110,34738.0,102.85
19,2026-08-30,21,0,63,19658.79,40.42
19,2026-08-31,9,333,36,10296.75,153.1
19,2026-08-31,10,103,157,52628.94,233.23
19,2026-08-31,11,109,124,39704.6,137.15
19,2026-08-31,12,465,131,42178.64,285.37
19,2026-08-31,13,106,245,74867.11,310.37
19,2026-08-31,14,115,170,53451.83,152.72
19,2026-08-31,15,107,85,24197.17,115.35
19,2026-08-31,16,110,69,23809.97,116.43
19,2026-08-31,17,489,145,50423.91,294.27
19,2026-08-31,18,241,224,66815.15,380.82
19,2026-08-31,19,67,200,66459.75,227.55
19,2026-08-31,20,35,96,28691.56,75.77
19,2026-08-31,21,0,41,12966.12,24.65
19,2026-09-01,9,299,51,15116.13,141.3
19,2026-09-01,10,100,119,36623.37,208.32
19,2026-09-01,11,104,116,34936.69,135.63
19,2026-09-01,12,434,135,45107.52,267.1
19,2026-09-01,13,115,206,66692.18,291.93
19,2026-09-01,14,105,157,51590.71,145.1
19,2026-09-01,15,105,75,23402.37,110.55
19,2026-09-01,16,109,69,22172.53,125.13
19,2026-09-01,17,447,134,45290.51,274.18
19,2026-09-01,18,199,219,71419.8,349.87
19,2026-09-01,19,61,197,58778.54,187.72
19,2026-09-01,20,43,80,24695.82,65.97
19,2026-09-01,21,0,34,11978.49,25.78
19,2026-09-02,9,404,49,14516.47,185.83
19,2026-09-02,10,125,201,62705.73,268.37
19,2026-09-02,11,130,157,54758.33,162.38
19,2026-09-02,12,548,134,44717.31,340.67
19,2026-09-02,13,133,275,93068.86,388.87
19,2026-09-02,14,116,187,65339.87,170.42
19,2026-09-02,15,153,88,29720.6,133.48
19,2026-09-02,16,132,112,32588.81,157.05
19,2026-09-02,17,552,153,42530.87,335.72
19,2026-09-02,18,250,311,96097.84,428.25
19,2026-09-02,19,79,213,60252.78,217.5
19,2026-09-02,20,55,95,32251.16,93.47
19,2026-09-02,21,0,53,21024.81,31.27
19,2026-09-03,9,376,53,15448.29,175.98
19,2026-09-03,10,105,163,57460.09,264.3
19,2026-09-03,11,119,139,50363.38,155.45
19,2026-09-03,12,467,124,38377.97,306.43
19,2026-09-03,13,120,225,71560.87,330.85
19,2026-09-03,14,142,179,58948.61,182.05
19,2026-09-03,15,123,93,31327.55,141.33
19,2026-09-03,16,106,77,22395.68,128.28
19,2026-09-03,17,485,146,49229.0,283.48
19,2026-09-03,18,255,241,76905.66,385.98
19,2026-09-03,19,87,226,71305.89,220.7
19,2026-09-03,20,44,88,28189.15,88.62
19,2026-09-03,21,0,43,16065.12,33.27
19,2026-09-04,9,358,35,11670.49,172.9
19,2026-09-04,10,117,174,52775.94,247.8
19,2026-09-04,11,123,123,44256.68,153.6
19,2026-09-04,12,543,162,49713.17,336.75
19,2026-09-04,13,123,264,86266.73,362.27
19,2026-09-04,14,112,174,55749.69,163.43
19,2026-09-04,15,133,78,25448.19,143.55
19,2026-09-04,16,133,102,32595.44,136.88
19,2026-09-04,17,481,149,54232.31,308.6
19,2026-09-04,18,228,246,80294.14,367.8
19,2026-09-04,19,66,213,69025.34,191.07
19,2026-09-04,20,49,77,23314.36,70.48
19,2026-09-04,21,0,40,11335.07,28.58
19,2026-09-05,9,431,61,17549.32,195.95
19,2026-09-05,10,146,209,62117.68,303.75
19,2026-09-05,11,139,181,58823.04,190.17
19,2026-09-05,12,622,163,52073.42,372.52
19,2026-09-05,13,163,286,89024.77,437.45
19,2026-09-05,14,148,241,81625.02,215.9
19,2026-09-05,15,160,100,31980.43,174.82
19,2026-09-05,16,138,121,37523.73,179.38
19,2026-09-05,17,643,170,51580.22,389.17
19,2026-09-05,18,277,326,104929.44,492.45
19,2026-09-05,19,80,255,79315.32,249.33
19,2026-09-05,20,65,93,28335.46,99.83
19,2026-09-05,21,0,55,16968.99,39.67
19,2026-09-06,9,392,77,25574.11,181.32
19,2026-09-06,10,128,174,55875.71,260.22
19,2026-09-06,11,136,126,43810.45,173.62
19,2026-09-06,12,510,164,55678.21,317.9
19,2026-09-06,13,129,229,69647.36,369.53
19,2026-09-06,14,132,182,62115.32,193.28
19,2026-09-06,15,141,116,39551.73,145.35
19,2026-09-06,16,133,94,28573.67,154.35
19,2026-09-06,17,547,170,56328.68,337.82
19,2026-09-06,18,257,270,83755.52,425.27
19,2026-09-06,19,82,240,81020.34,252.85
19,2026-09-06,20,53,94,29273.39,98.23
19,2026-09-06,21,0,53,14657.02,36.1
19,2026-09-07,9,330,44,14526.87,154.75
19,2026-09-07,10,118,152,44848.46,239.07
19,2026-09-07,11,95,125,38831.06,133.28
19,2026-09-07,12,433,119,36552.47,265.48
19,2026-09-07,13,96,215,68520.06,317.98
19,2026-09-07,14,104,142,45781.25,144.88
19,2026-09-07,15,113,72,23200.14,120.17
19,2026-09-07,16,109,77,21835.0,130.47
19,2026-09-07,17,501,154,51747.69,305.13
19,2026-09-07,18,222,240,77410.39,388.32
19,2026-09-07,19,76,208,66524.02,212.2
19,2026-09-07,20,44,82,25181.45,81.48
19,2026-09-07,21,0,48,14593.22,31.13
19,2026-09-08,9,303,55,18799.91,137.32
19,2026-09-08,10,104,126,36659.17,202.9
19,2026-09-08,11,99,104,36463.07,124.03
19,2026-09-08,12,442,114,39334.85,273.18
19,2026-09-08,13,100,223,71949.21,309.47
19,2026-09-08,14,114,153,48985.46,158.75
19,2026-09-08,15,117,93,30339.98,127.32
19,2026-09-08,16,111,92,25569.41,117.78
19,2026-09-08,17,430,117,39226.87,267.5
19,2026-09-08,18,232,232,75082.86,357.38
19,2026-09-08,19,75,196,62604.31,201.45
19,2026-09-08,20,48,85,27610.54,91.65
19,2026-09-08,21,0,49,16500.77,33.93
19,2026-09-09,9,334,49,15150.2,150.97
19,2026-09-09,10,98,149,46544.44,216.15
19,2026-09-09,11,120,115,34059.94,139.12
19,2026-09-09,12,428,129,42670.51,265.13
19,2026-09-09,13,109,178,57878.68,307.13
19,2026-09-09,14,98,167,51547.87,154.7
19,2026-09-09,15,118,72,25466.31,117.78
19,2026-09-09,16,96,83,27662.37,122.18
19,2026-09-09,17,516,135,41476.74,295.28
19,2026-09-09,18,244,263,91051.36,400.1
19,2026-09-09,19,84,227,71339.33,228.35
19,2026-09-09,20,26,86,27247.04,81.92
19,2026-09-09,21,0,27,7644.15,18.93
19,2026-09-10,9,360,52,19581.49,160.6
19,2026-09-10,10,124,169,56025.11,250.97
19,2026-09-10,11,123,142,44818.1,151.9
19,2026-09-10,12,490,130,44604.11,302.12
19,2026-09-10,13,132,243,71937.43,344.45
19,2026-09-10,14,114,167,52610.14,167.93
19,2026-09-10,15,132,99,32149.19,132.13
19,2026-09-10,16,124,87,28228.63,133.87
19,2026-09-10,17,521,158,47289.02,319.9
19,2026-09-10,18,249,263,82910.56,407.43
19,2026-09-10,19,88,230,73856.37,228.7
19,2026-09-10,20,44,98,33181.08,89.3
19,2026-09-10,21,0,37,10945.6,28.82
19,2026-09-11,9,416,65,21616.17,173.85
19,2026-09-11,10,110,181,57226.2,274.63
19,2026-09-11,11,113,144,46516.04,153.72
19,2026-09-11,12,571,145,43736.0,342.3
19,2026-09-11,13,162,268,91693.77,421.9
19,2026-09-11,14,130,220,68737.43,211.28
19,2026-09-11,15,160,97,32399.58,162.58
19,2026-09-11,16,148,114,36138.23,170.53
19,2026-09-11,17,599,181,60752.99,361.9
19,2026-09-11,18,279,291,90623.72,463.82
19,2026-09-11,19,93,254,87558.49,251.32
19,2026-09-11,20,56,116,38106.9,107.57
19,2026-09-11,21,0,49,15650.47,36.33
19,2026-09-12,9,479,83,24361.42,213.8
19,2026-09-12,10,162,207,64832.26,318.8
19,2026-09-12,11,170,186,57484.44,212.38
19,2026-09-12,12,678,218,68189.49,396.4
19,2026-09-12,13,172,325,105653.71,449.62
19,2026-09-12,14,141,220,73271.76,220.0
19,2026-09-12,15,168,115,38149.29,170.13
19,2026-09-12,16,183,113,37256.22,186.92
19,2026-09-12,17,567,192,65781.3,380.68
19,2026-09-12,18,335,310,96770.46,481.3
19,2026-09-12,19,96,259,81422.22,279.08
19,2026-09-12,20,52,112,34800.98,122.1
19,2026-09-12,21,0,56,20234.55,39.85
19,2026-09-13,9,419,56,17927.5,191.45
19,2026-09-13,10,143,181,56640.66,289.27
19,2026-09-13,11,109,149,50432.44,171.85
19,2026-09-13,12,526,144,46810.77,320.38
19,2026-09-13,13,147,271,84676.1,362.87
19,2026-09-13,14,153,193,61963.26,198.33
19,2026-09-13,15,121,104,37489.38,151.77
19,2026-09-13,16,135,101,33515.49,141.33
19,2026-09-13,17,558,159,50659.0,337.22
19,2026-09-13,18,294,266,81082.04,455.1
19,2026-09-13,19,78,254,81466.03,250.17
19,2026-09-13,20,49,101,33206.0,93.08
19,2026-09-13,21,0,48,13424.36,30.2
19,2026-09-14,9,358,46,16251.38,174.1
19,2026-09-14,10,128,162,50610.17,261.57
19,2026-09-14,11,107,137,41753.12,159.47
19,2026-09-14,12,459,138,43267.44,271.63
19,2026-09-14,13,103,215,69839.87,294.27
19,2026-09-14,14,99,142,39983.37,148.45
19,2026-09-14,15,103,85,25843.34,113.77
19,2026-09-14,16,130,84,27211.87,128.27
19,2026-09-14,17,448,130,39907.37,283.88
19,2026-09-14,18,225,243,76622.73,383.0
19,2026-09-14,19,71,215,68061.45,198.93
19,2026-09-14,20,51,67,21598.43,78.0
19,2026-09-14,21,0,40,11526.59,32.92
19,2026-09-15,9,367,47,13720.11,163.83
19,2026-09-15,10,140,165,48142.19,286.03
19,2026-09-15,11,120,151,49104.0,177.8
19,2026-09-15,12,475,138,42738.04,284.65
19,2026-09-15,13,131,229,67587.11,347.35
19,2026-09-15,14,120,189,60412.73,172.53
19,2026-09-15,15,130,91,27352.12,134.98
19,2026-09-15,16,121,96,29895.11,134.12
19,2026-09-15,17,555,146,47061.35,325.8
19,2026-09-15,18,245,289,91224.51,430.37
19,2026-09-15,19,75,217,69929.08,218.68
19,2026-09-15,20,53,90,28140.78,75.18
19,2026-09-15,21,0,47,17053.29,35.1
19,2026-09-16,9,384,60,22911.17,169.52
19,2026-09-16,10,131,169,55833.78,270.27
19,2026-09-16,11,130,163,50894.48,164.32
19,2026-09-16,12,552,153,50655.0,343.85
19,2026-09-16,13,145,269,81534.64,382.28
19,2026-09-16,14,142,200,61507.68,201.3
19,2026-09-16,15,143,115,33679.17,143.63
19,2026-09-16,16,101,106,34437.41,134.68
19,2026-09-16,17,535,139,45612.72,306.63
19,2026-09-16,18,247,254,82123.91,430.27
19,2026-09-16,19,85,252,81966.59,241.82
19,2026-09-16,20,56,98,30770.47,96.33
19,2026-09-16,21,0,49,14403.48,38.58
19,2026-09-17,9,360,46,14168.65,162.02
19,2026-09-17,10,112,179,55770.64,252.62
19,2026-09-17,11,110,127,37154.32,138.17
19,2026-09-17,12,489,128,39895.56,298.6
19,2026-09-17,13,121,252,79396.59,349.47
19,2026-09-17,14,107,168,58557.55,171.52
19,2026-09-17,15,133,94,28797.34,136.45
19,2026-09-17,16,134,90,28484.56,151.75
19,2026-09-17,17,546,158,50627.66,329.57
19,2026-09-17,18,266,288,91444.21,451.03
19,2026-09-17,19,89,245,75751.02,236.27
19,2026-09-17,20,52,90,26223.46,103.88
19,2026-09-17,21,0,51,17912.63,34.03
19,2026-09-18,9,407,36,10718.74,194.62
19,2026-09-18,10,123,183,59126.08,297.77
19,2026-09-18,11,121,141,48287.47,166.3
19,2026-09-18,12,505,163,56234.81,314.0
19,2026-09-18,13,112,235,75000.83,343.38
19,2026-09-18,14,150,186,59927.84,171.05
19,2026-09-18,15,138,90,27607.72,169.53
19,2026-09-18,16,132,113,42914.42,146.17
19,2026-09-18,17,560,158,50174.8,348.82
19,2026-09-18,18,261,279,88976.01,433.58
19,2026-09-18,19,84,221,66909.22,233.95
19,2026-09-18,20,59,95,31453.24,103.67
19,2026-09-18,21,0,53,17051.77,37.23
19,2026-09-19,9,446,73,20159.56,204.22
19,2026-09-19,10,140,185,57948.95,316.97
19,2026-09-19,11,155,176,58275.17,194.15
19,2026-09-19,12,558,168,55235.48,352.9
19,2026-09-19,13,162,284,93481.43,383.88
19,2026-09-19,14,145,184,62568.64,208.63
19,2026-09-19,15,139,101,28395.55,168.85
19,2026-09-19,16,173,121,37876.22,177.1
19,2026-09-19,17,608,176,55761.71,386.87
19,2026-09-19,18,314,329,97530.71,507.78
19,2026-09-19,19,81,279,93847.52,259.17
19,2026-09-19,20,53,97,31000.13,84.18
19,2026-09-19,21,0,42,12554.41,34.93
19,2026-09-20,9,514,61,19712.94,234.8
19,2026-09-20,10,166,227,76134.58,360.25
19,2026-09-20,11,169,199,64478.37,214.5
19,2026-09-20,12,634,191,57336.11,379.05
19,2026-09-20,13,131,303,96728.5,423.18
19,2026-09-20,14,177,212,72719.92,214.98
19,2026-09-20,15,190,149,50674.74,195.45
19,2026-09-20,16,170,137,45809.63,196.55
19,2026-09-20,17,603,198,64635.39,375.3
19,2026-09-20,18,340,335,113718.69,495.5
19,2026-09-20,19,87,252,77481.35,273.65
19,2026-09-20,20,72,121,42979.44,124.75
19,2026-09-20,21,0,62,17594.16,52.42
20,2026-08-24,9,330,40,13036.15,144.58
20,2026-08-24,10,97,132,43247.12,233.33
20,2026-08-24,11,126,132,45069.58,145.37
20,2026-08-24,12,444,149,47383.94,273.23
20,2026-08-24,13,103,203,64612.58,282.08
20,2026-08-24,14,109,143,45658.18,150.75
20,2026-08-24,15,125,90,26481.85,130.5
20,2026-08-24,16,92,83,25365.89,121.57
20,2026-08-24,17,419,124,41561.23,246.22
20,2026-08-24,18,224,230,76404.19,338.95
20,2026-08-24,19,66,164,50800.92,190.92
20,2026-08-24,20,40,89,26701.22,71.48
20,2026-08-24,21,0,34,9508.1,22.75
20,2026-08-25,9,359,54,17518.13,155.98
20,2026-08-25,10,125,142,43213.17,264.67
20,2026-08-25,11,113,163,48947.95,168.6
20,2026-08-25,12,443,136,40580.35,268.3
20,2026-08-25,13,132,204,68083.87,308.83
20,2026-08-25,14,137,166,50309.57,179.38
20,2026-08-25,15,125,97,27904.51,153.47
20,2026-08-25,16,119,92,33791.18,127.52
20,2026-08-25,17,523,138,44378.07,325.28
20,2026-08-25,18,236,282,92222.03,414.95
20,2026-08-25,19,60,220,77051.22,204.8
20,2026-08-25,20,47,80,28489.87,81.37
20,2026-08-25,21,0,39,14756.57,32.43
20,2026-08-26,9,388,59,20801.28,180.88
20,2026-08-26,10,116,170,54384.88,252.45
20,2026-08-26,11,146,140,47635.52,168.17
20,2026-08-26,12,496,140,40316.73,306.92
20,2026-08-26,13,113,247,79437.53,330.77
20,2026-08-26,14,124,162,55837.58,170.72
20,2026-08-26,15,134,97,32682.45,140.37
20,2026-08-26,16,108,110,32802.39,126.18
20,2026-08-26,17,507,136,42530.93,298.67
20,2026-08-26,18,248,239,74063.01,407.18
20,2026-08-26,19,98,227,73610.41,233.37
20,2026-08-26,20,51,101,33125.41,105.38
20,2026-08-26,21,0,46,13720.53,35.5
20,2026-08-27,9,415,63,19868.69,186.13
20,2026-08-27,10,132,180,56128.72,292.78
20,2026-08-27,11,118,163,50601.28,170.32
20,2026-08-27,12,499,143,49336.86,291.25
20,2026-08-27,13,123,240,70379.31,343.82
20,2026-08-27,14,130,175,57718.09,168.23
20,2026-08-27,15,130,100,31776.1,143.38
20,2026-08-27,16,120,95,30627.46,130.75
20,2026-08-27,17,474,131,41814.19,297.7
20,2026-08-27,18,248,261,85514.06,379.55
20,2026-08-27,19,89,221,65046.52,219.25
20,2026-08-27,20,43,103,30684.32,92.42
20,2026-08-27,21,0,51,18322.05,31.93
20,2026-08-28,9,467,61,20757.73,214.78
20,2026-08-28,10,148,198,61927.51,331.45
20,2026-08-28,11,153,178,57710.73,206.62
20,2026-08-28,12,612,182,57422.08,382.52
20,2026-08-28,13,134,290,93467.99,408.25
20,2026-08-28,14,165,190,61821.31,205.42
20,2026-08-28,15,155,118,37014.51,176.87
20,2026-08-28,16,142,104,32208.46,165.5
20,2026-08-28,17,610,188,57063.23,373.17
20,2026-08-28,18,291,334,105637.88,463.4
20,2026-08-28,19,95,237,75357.78,254.07
20,2026-08-28,20,66,114,37536.55,114.93
20,2026-08-28,21,0,63,18149.73,51.5
20,2026-08-29,9,537,79,24544.53,251.73
20,2026-08-29,10,164,224,69863.46,369.33
20,2026-08-29,11,189,222,74240.61,228.05
20,2026-08-29,12,644,179,54156.97,399.92
20,2026-08-29,13,159,318,108136.1,467.02
20,2026-08-29,14,164,247,81799.25,235.1
20,2026-08-29,15,146,116,39060.78,174.0
20,2026-08-29,16,168,113,34548.32,167.33
20,2026-08-29,17,666,195,59529.99,412.28
20,2026-08-29,18,323,336,112398.55,532.43
20,2026-08-29,19,87,279,80283.98,275.07
20,2026-08-29,20,62,114,36349.65,102.2
20,2026-08-29,21,0,56,17595.5,39.92
20,2026-08-30,9,443,59,22584.15,199.63
20,2026-08-30,10,151,196,61362.87,319.07
20,2026-08-30,11,155,182,61554.19,181.28
20,2026-08-30,12,593,165,54348.64,370.63
20,2026-08-30,13,146,304,98809.05,414.78
20,2026-08-30,14,159,190,57517.38,204.2
20,2026-08-30,15,151,118,31566.12,165.95
20,2026-08-30,16,170,106,37215.42,171.48
20,2026-08-30,17,646,179,54141.41,392.45
20,2026-08-30,18,310,345,110901.12,533.65
20,2026-08-30,19,92,291,92696.97,277.17
20,2026-08-30,20,64,98,31624.9,109.23
20,2026-08-30,21,0,66,19766.16,46.2
20,2026-08-31,9,364,55,18148.0,159.28
20,2026-08-31,10,110,148,43873.41,239.62
20,2026-08-31,11,128,137,40564.08,166.2
20,2026-08-31,12,521,167,58208.27,309.57
20,2026-08-31,13,122,251,89742.15,353.55
20,2026-08-31,14,139,183,60762.46,182.32
20,2026-08-31,15,128,94,36176.63,139.65
20,2026-08-31,16,137,89,31847.93,148.25
20,2026-08-31,17,579,181,59004.04,352.03
20,2026-08-31,18,277,299,96054.34,447.47
20,2026-08-31,19,60,235,77944.38,227.28
20,2026-08-31,20,51,96,32517.69,83.15
20,2026-08-31,21,0,40,14846.67,32.08
20,2026-09-01,9,377,51,15222.24,167.02
20,2026-09-01,10,122,180,60853.81,252.58
20,2026-09-01,11,113,132,37493.63,153.82
20,2026-09-01,12,501,136,41082.12,295.15
20,2026-09-01,13,108,249,81683.93,331.47
20,2026-09-01,14,133,159,48927.97,157.5
20,2026-09-01,15,136,103,32672.41,146.95
20,2026-09-01,16,131,87,22664.76,147.85
20,2026-09-01,17,523,170,57154.54,332.57
20,2026-09-01,18,248,256,83954.31,426.37
20,2026-09-01,19,82,246,75059.24,238.47
20,2026-09-01,20,52,98,35793.76,89.33
20,2026-09-01,21,0,44,14953.35,35.48
20,2026-09-02,9,433,60,17929.87,192.4
20,2026-09-02,10,116,174,53655.58,291.57
20,2026-09-02,11,138,175,52217.86,178.58
20,2026-09-02,12,545,157,49089.18,332.93
20,2026-09-02,13,103,259,84874.06,370.9
20,2026-09-02,14,144,204,63428.19,166.98
20,2026-09-02,15,154,94,32961.29,157.38
20,2026-09-02,16,126,103,33984.38,157.17
20,2026-09-02,17,532,138,42139.17,325.25
20,2026-09-02,18,278,276,85955.64,437.7
20,2026-09-02,19,98,249,77001.51,242.18
20,2026-09-02,20,50,96,35794.72,112.03
20,2026-09-02,21,0,49,14212.41,33.02
20,2026-09-03,9,414,47,13443.38,194.15
20,2026-09-03,10,139,191,58542.59,307.8
20,2026-09-03,11,132,169,57379.78,187.08
20,2026-09-03,12,524,160,52614.22,329.33
20,2026-09-03,13,121,253,79399.94,369.95
20,2026-09-03,14,133,190,61859.0,180.43
20,2026-09-03,15,127,92,35526.2,150.17
20,2026-09-03,16,120,97,31983.61,139.28
20,2026-09-03,17,543,146,45257.63,329.37
20,2026-09-03,18,253,279,89170.15,422.13
20,2026-09-03,19,74,234,73918.21,226.27
20,2026-09-03,20,53,92,30431.63,81.87
20,2026-09-03,21,0,36,11290.62,26.5
20,2026-09-04,9,425,59,20415.03,196.92
20,2026-09-04,10,139,172,54865.55,302.92
20,2026-09-04,11,147,173,60013.54,187.68
20,2026-09-04,12,555,151,49363.94,337.35
20,2026-09-04,13,154,272,90127.31,400.7
20,2026-09-04,14,153,222,65041.3,215.57
20,2026-09-04,15,168,108,38311.38,182.67
20,2026-09-04,16,130,142,43792.59,175.05
20,2026-09-04,17,579,186,59925.78,365.5
20,2026-09-04,18,287,290,97626.86,441.97
20,2026-09-04,19,90,252,88269.9,246.63
20,2026-09-04,20,61,106,34466.61,110.32
20,2026-09-04,21,0,49,13393.84,45.63
20,2026-09-05,9,451,65,22044.64,201.52
20,2026-09-05,10,144,190,59848.56,325.0
20,2026-09-05,11,159,189,54729.0,202.7
20,2026-09-05,12,607,179,56490.77,375.55
20,2026-09-05,13,140,278,87290.66,396.35
20,2026-09-05,14,168,190,60190.04,212.43
20,2026-09-05,15,150,116,36331.29,175.32
20,2026-09-05,16,130,112,36866.26,160.52
20,2026-09-05,17,652,184,57697.52,390.43
20,2026-09-05,18,323,342,107214.18,496.38
20,2026-09-05,19,93,273,88844.21,277.27
20,2026-09-05,20,58,116,35004.78,114.9
20,2026-09-05,21,0,56,16758.42,44.75
20,2026-09-06,9,428,57,16760.87,186.58
20,2026-09-06,10,128,191,68272.89,297.13
20,2026-09-06,11,177,173,57925.09,188.17
20,2026-09-06,12,591,188,59843.14,368.87
20,2026-09-06,13,143,270,86024.77,400.0
20,2026-09-06,14,147,201,66031.94,195.87
20,2026-09-06,15,139,109,33133.48,164.08
20,2026-09-06,16,136,108,28638.31,146.73
20,2026-09-06,17,586,170,51871.52,346.88
20,2026-09-06,18,289,285,87210.88,471.27
20,2026-09-06,19,98,268,90702.47,247.7
20,2026-09-06,20,72,106,33989.09,108.38
20,2026-09-06,21,0,64,21396.87,50.18
20,2026-09-07,9,345,73,20303.6,153.35
20,2026-09-07,10,116,149,44943.78,215.25
20,2026-09-07,11,104,104,35477.82,140.3
20,2026-09-07,12,492,142,42481.79,297.68
20,2026-09-07,13,127,231,75446.02,353.5
20,2026-09-07,14,102,171,52346.02,167.37
20,2026-09-07,15,128,95,31114.74,132.22
20,2026-09-07,16,113,87,26673.72,133.37
20,2026-09-07,17,453,133,43545.11,270.27
20,2026-09-07,18,226,243,81647.61,360.42
20,2026-09-07,19,62,175,52381.18,190.55
20,2026-09-07,20,46,94,32055.99,75.35
20,2026-09-07,21,0,37,9808.5,28.97
20,2026-09-08,9,391,54,18941.91,168.87
20,2026-09-08,10,138,156,49105.75,282.07
20,2026-09-08,11,139,171,53281.29,168.82
20,2026-09-08,12,540,164,54502.22,315.0
20,2026-09-08,13,124,280,88955.73,340.97
20,2026-09-08,14,163,174,53902.84,180.87
20,2026-09-08,15,119,120,39840.08,150.95
20,2026-09-08,16,145,102,30201.18,143.8
20,2026-09-08,17,546,161,52986.17,349.47
20,2026-09-08,18,275,296,88286.41,436.28
20,2026-09-08,19,80,233,79530.64,222.17
20,2026-09-08,20,43,81,26546.5,86.93
20,2026-09-08,21,0,46,17375.92,37.12
20,2026-09-09,9,379,52,14924.21,164.82
20,2026-09-09,10,125,161,49035.09,253.68
20,2026-09-09,11,115,148,51195.69,157.88
20,2026-09-09,12,567,161,46783.11,342.07
20,2026-09-09,13,118,279,90908.07,377.88
20,2026-09-09,14,127,166,49990.62,175.23
20,2026-09-09,15,124,109,35928.48,142.2
20,2026-09-09,16,145,90,30731.97,146.58
20,2026-09-09,17,550,170,50416.81,339.22
20,2026-09-09,18,289,297,90156.81,448.0
20,2026-09-09,19,85,243,79853.08,243.18
20,2026-09-09,20,41,98,31680.51,91.78
20,2026-09-09,21,0,44,14387.99,28.85
20,2026-09-10,9,371,52,20329.93,162.6
20,2026-09-10,10,110,156,49711.13,261.5
20,2026-09-10,11,130,143,46825.79,163.2
20,2026-09-10,12,494,157,49459.37,298.8
20,2026-09-10,13,122,209,66263.02,337.43
20,2026-09-10,14,124,177,57562.58,170.18
20,2026-09-10,15,126,88,30625.17,135.77
20,2026-09-10,16,110,102,31782.57,137.72
20,2026-09-10,17,496,150,48653.4,310.82
20,2026-09-10,18,259,257,80844.11,396.88
20,2026-09-10,19,80,221,70019.37,218.42
20,2026-09-10,20,42,76,23865.65,89.42
20,2026-09-10,21,0,43,15114.07,26.05
20,2026-09-11,9,430,63,18793.86,189.88
20,2026-09-11,10,139,188,62096.51,294.18
20,2026-09-11,11,140,170,54716.03,189.72
20,2026-09-11,12,592,179,58641.81,353.8
20,2026-09-11,13,151,286,89618.68,411.47
20,2026-09-11,14,145,220,74292.65,205.18
20,2026-09-11,15,135,115,37060.22,151.25
20,2026-09-11,16,149,103,36898.12,143.35
20,2026-09-11,17,622,179,57091.37,366.47
20,2026-09-11,18,268,316,98008.53,476.32
20,2026-09-11,19,79,264,77032.18,244.35
20,2026-09-11,20,65,99,30510.1,102.68
20,2026-09-11,21,0,55,19451.01,42.03
20,2026-09-12,9,448,52,15443.22,195.15
20,2026-09-12,10,167,213,70843.09,334.48
20,2026-09-12,11,175,195,61787.69,212.3
20,2026-09-12,12,638,182,56660.86,394.85
20,2026-09-12,13,154,295,98098.89,461.77
20,2026-09-12,14,174,244,76442.2,234.63
20,2026-09-12,15,141,123,36620.78,171.47
20,2026-09-12,16,158,121,38909.69,157.77
20,2026-09-12,17,635,174,52452.5,389.43
20,2026-09-12,18,313,348,117802.46,497.25
20,2026-09-12,19,88,263,85180.86,261.52
20,2026-09-12,20,53,108,31090.83,104.2
20,2026-09-12,21,0,51,14843.91,37.93
20,2026-09-13,9,410,52,19949.19,189.47
20,2026-09-13,10,155,201,63970.58,282.32
20,2026-09-13,11,148,161,55651.36,175.82
20,2026-09-13,12,576,170,59399.6,355.82
20,2026-09-13,13,140,286,98108.3,395.55
20,2026-09-13,14,152,225,76134.5,207.18
20,2026-09-13,15,142,96,27300.7,164.68
20,2026-09-13,16,144,119,35516.66,165.23
20,2026-09-13,17,574,171,51169.92,352.72
20,2026-09-13,18,275,298,91537.29,446.48
20,2026-09-13,19,77,234,73899.7,245.55
20,2026-09-13,20,47,91,28543.25,96.58
20,2026-09-13,21,0,38,11108.06,30.02
20,2026-09-14,9,379,35,13039.59,175.17
20,2026-09-14,10,112,168,57442.55,269.75
20,2026-09-14,11,128,154,48787.93,158.1
20,2026-09-14,12,471,133,42078.98,297.52
20,2026-09-14,13,111,233,74149.18,325.88
20,2026-09-14,14,141,158,57869.2,174.17
20,2026-09-14,15,118,88,28524.82,139.8
20,2026-09-14,16,124,101,34285.11,139.58
20,2026-09-14,17,482,140,50278.23,293.67
20,2026-09-14,18,249,258,81633.86,390.9
20,2026-09-14,19,69,222,70743.43,214.83
20,2026-09-14,20,39,85,29440.68,75.17
20,2026-09-14,21,0,35,13563.12,27.33
20,2026-09-15,9,403,70,23502.49,177.0
20,2026-09-15,10,141,174,55165.05,277.57
20,2026-09-15,11,126,152,51648.99,174.52
20,2026-09-15,12,497,129,37880.12,318.95
20,2026-09-15,13,134,248,78388.48,345.43
20,2026-09-15,14,111,174,55399.48,165.4
20,2026-09-15,15,133,89,31149.48,129.93
20,2026-09-15,16,148,95,29681.21,155.43
20,2026-09-15,17,509,172,56407.35,326.63
20,2026-09-15,18,252,275,84427.93,408.53
20,2026-09-15,19,81,212,66325.27,221.93
20,2026-09-15,20,45,95,30862.22,88.93
20,2026-09-15,21,0,40,11832.37,34.2
20,2026-09-16,9,412,50,15809.47,181.83
20,2026-09-16,10,126,179,56773.57,287.8
20,2026-09-16,11,142,161,47785.85,173.82
20,2026-09-16,12,536,149,45969.08,334.72
20,2026-09-16,13,119,272,84446.04,368.57
20,2026-09-16,14,138,176,57647.99,176.8
20,2026-09-16,15,131,99,33017.57,144.82
20,2026-09-16,16,131,98,27940.83,146.42
20,2026-09-16,17,535,142,48062.7,320.78
20,2026-09-16,18,254,294,91130.44,418.65
20,2026-09-16,19,77,218,72704.4,204.43
20,2026-09-16,20,61,97,35096.26,101.48
20,2026-09-16,21,0,64,19897.02,40.83
20,2026-09-17,9,422,53,15740.18,186.22
20,2026-09-17,10,131,187,59965.62,303.17
20,2026-09-17,11,141,162,55270.81,172.78
20,2026-09-17,12,539,150,52426.07,322.58
20,2026-09-17,13,135,236,77581.41,388.0
20,2026-09-17,14,149,220,68702.16,195.83
20,2026-09-17,15,139,98,30757.02,148.5
20,2026-09-17,16,113,109,36475.61,155.1
20,2026-09-17,17,549,132,40644.63,329.92
20,2026-09-17,18,288,307,104276.98,455.1
20,2026-09-17,19,71,263,81926.74,238.85
20,2026-09-17,20,49,83,24010.02,85.92
20,2026-09-17,21,0,49,15331.92,33.05
20,2026-09-18,9,437,53,16198.27,203.82
20,2026-09-18,10,151,192,57989.12,319.82
20,2026-09-18,11,133,188,65266.16,191.82
20,2026-09-18,12,602,151,49115.84,353.85
20,2026-09-18,13,146,297,99611.88,411.08
20,2026-09-18,14,162,225,71977.26,213.7
20,2026-09-18,15,171,110,36630.02,178.05
20,2026-09-18,16,153,137,42651.01,168.32
20,2026-09-18,17,580,171,62343.4,368.12
20,2026-09-18,18,290,312,96187.38,460.27
20,2026-09-18,19,84,242,80024.54,253.87
20,2026-09-18,20,54,103,30906.2,108.48
20,2026-09-18,21,0,56,19805.15,44.57
20,2026-09-19,9,501,57,19118.55,234.35
20,2026-09-19,10,142,238,75068.61,332.85
20,2026-09-19,11,154,187,59639.31,193.3
20,2026-09-19,12,684,208,69588.2,408.23
20,2026-09-19,13,156,311,104050.07,445.73
20,2026-09-19,14,174,231,73715.16,226.8
20,2026-09-19,15,186,126,40761.41,193.58
20,2026-09-19,16,169,137,41673.11,189.42
20,2026-09-19,17,675,186,57742.73,412.88
20,2026-09-19,18,332,345,106194.94,523.83
20,2026-09-19,19,91,276,84115.43,290.18
20,2026-09-19,20,60,120,41449.78,119.33
20,2026-09-19,21,0,56,17677.52,38.6
20,2026-09-20,9,479,61,21864.7,216.42
20,2026-09-20,10,142,227,70910.87,329.6
20,2026-09-20,11,140,178,57478.72,188.13
20,2026-09-20,12,581,164,54111.74,350.52
20,2026-09-20,13,146,275,84202.48,388.88
20,2026-09-20,14,125,196,63514.15,198.83
20,2026-09-20,15,174,121,41081.46,162.32
20,2026-09-20,16,160,116,37779.29,171.33
20,2026-09-20,17,667,175,53242.61,410.2
20,2026-09-20,18,291,337,108315.07,525.62
20,2026-09-20,19,97,277,81549.61,286.27
20,2026-09-20,20,51,120,38223.2,114.7
20,2026-09-20,21,0,63,19889.83,36.93
21,2026-08-24,9,347,44,13843.23,156.82
21,2026-08-24,10,104,164,52960.26,239.63
21,2026-08-24,11,103,136,43290.63,136.08
21,2026-08-24,12,405,119,39861.6,250.65
21,2026-08-24,13,100,192,55619.56,292.98
21,2026-08-24,14,95,143,47830.87,139.83
21,2026-08-24,15,121,83,26520.01,114.78
21,2026-08-24,16,113,76,24450.41,128.78
21,2026-08-24,17,452,142,40053.32,266.47
21,2026-08-24,18,215,231,79346.39,345.33
21,2026-08-24,19,70,188,53941.41,201.75
21,2026-08-24,20,44,81,23246.16,83.63
21,2026-08-24,21,0,45,18385.0,32.48
21,2026-08-25,9,350,60,17784.26,161.38
21,2026-08-25,10,105,159,59222.38,227.73
21,2026-08-25,11,111,104,29842.4,146.67
21,2026-08-25,12,397,112,36575.37,247.88
21,2026-08-25,13,101,181,58215.92,296.65
21,2026-08-25,14,110,168,53154.82,158.08
21,2026-08-25,15,98,84,25453.38,104.43
21,2026-08-25,16,110,73,19984.74,108.85
21,2026-08-25,17,438,127,43223.34,270.98
21,2026-08-25,18,208,231,77740.82,353.37
21,2026-08-25,19,62,195,64794.13,185.92
21,2026-08-25,20,28,72,24410.83,69.28
21,2026-08-25,21,0,29,9798.34,24.77
21,2026-08-26,9,363,41,11538.77,154.52
21,2026-08-26,10,119,137,40466.01,257.48
21,2026-08-26,11,113,136,44765.33,165.3
21,2026-08-26,12,472,142,41933.26,301.28
21,2026-08-26,13,105,223,67774.07,326.18
21,2026-08-26,14,123,154,50285.58,157.7
21,2026-08-26,15,110,89,27856.27,127.13
21,2026-08-26,16,104,76,22437.47,113.6
21,2026-08-26,17,474,128,41871.13,282.47
21,2026-08-26,18,247,241,71190.27,396.28
21,2026-08-26,19,64,218,73336.12,214.95
21,2026-08-26,20,45,80,25626.51,71.6
21,2026-08-26,21,0,46,14253.15,29.68
21,2026-08-27,9,349,41,12258.94,154.18
21,2026-08-27,10,106,161,49132.28,248.7
21,2026-08-27,11,119,130,41613.28,146.62
21,2026-08-27,12,453,146,45393.12,279.8
21,2026-08-27,13,105,210,68842.05,292.02
21,2026-08-27,14,116,164,50101.87,157.62
21,2026-08-27,15,123,80,22376.13,132.57
21,2026-08-27,16,109,85,27233.77,123.03
21,2026-08-27,17,503,141,43262.41,301.67
21,2026-08-27,18,225,251,86950.84,404.35
21,2026-08-27,19,79,226,76208.64,214.37
21,2026-08-27,20,39,83,27154.35,72.98
21,2026-08-27,21,0,40,12903.38,24.68
21,2026-08-28,9,464,75,27317.0,198.37
21,2026-08-28,10,142,202,63392.41,303.92
21,2026-08-28,11,150,175,57051.12,190.53
21,2026-08-28,12,573,172,60665.62,366.2
21,2026-08-28,13,147,291,91125.69,395.57
21,2026-08-28,14,193,191,64103.74,222.28
21,2026-08-28,15,150,135,41886.79,204.78
21,2026-08-28,16,173,146,45302.42,184.0
21,2026-08-28,17,602,190,63636.4,378.35
21,2026-08-28,18,297,312,95870.74,477.27
21,2026-08-28,19,99,268,91790.72,258.6
21,2026-08-28,20,52,114,39034.91,109.63
21,2026-08-28,21,0,54,16334.01,33.0
21,2026-08-29,9,412,49,17480.02,187.43
21,2026-08-29,10,119,194,66771.98,285.62
21,2026-08-29,11,152,143,43452.47,159.32
21,2026-08-29,12,546,164,51316.44,338.77
21,2026-08-29,13,146,287,90535.42,380.23
21,2026-08-29,14,125,191,59718.07,189.2
21,2026-08-29,15,147,94,25136.57,136.5
21,2026-08-29,16,122,100,31069.37,142.98
21,2026-08-29,17,522,139,40856.74,315.32
21,2026-08-29,18,277,271,86739.68,441.12
21,2026-08-29,19,101,256,78764.79,250.98
21,2026-08-29,20,62,106,32356.91,103.5
21,2026-08-29,21,0,49,13703.43,47.6
21,2026-08-30,9,444,46,15235.01,200.63
21,2026-08-30,10,143,186,65485.1,325.28
21,2026-08-30,11,122,176,48926.39,179.82
21,2026-08-30,12,546,156,49994.19,324.75
21,2026-08-30,13,132,261,83966.83,368.55
21,2026-08-30,14,117,173,54057.58,171.22
21,2026-08-30,15,128,95,29793.46,133.0
21,2026-08-30,16,141,101,34762.68,141.12
21,2026-08-30,17,508,136,44679.08,322.58
21,2026-08-30,18,280,295,96166.85,425.82
21,2026-08-30,19,82,234,76130.16,240.78
21,2026-08-30,20,52,95,32637.23,96.13
21,2026-08-30,21,0,50,13536.05,32.2
21,2026-08-31,9,356,45,14049.76,157.48
21,2026-08-31,10,112,136,43211.7,257.35
21,2026-08-31,11,122,155,49532.71,158.53
21,2026-08-31,12,501,127,42590.15,295.48
21,2026-08-31,13,102,246,83278.96,343.82
21,2026-08-31,14,110,156,48077.81,158.2
21,2026-08-31,15,113,88,29678.9,123.47
21,2026-08-31,16,126,81,26261.47,130.95
21,2026-08-31,17,495,143,44039.93,299.25
21,2026-08-31,18,242,263,78074.0,390.92
21,2026-08-31,19,52,217,71589.68,212.43
21,2026-08-31,20,48,80,28927.66,74.47
21,2026-08-31,21,0,38,11645.5,28.17
21,2026-09-01,9,331,51,16943.46,143.03
21,2026-09-01,10,115,137,46463.44,228.33
21,2026-09-01,11,104,126,37605.04,142.92
21,2026-09-01,12,456,119,42055.9,266.67
21,2026-09-01,13,105,234,75380.8,325.02
21,2026-09-01,14,117,155,50668.54,158.12
21,2026-09-01,15,99,90,25465.1,112.72
21,2026-09-01,16,121,65,20366.93,118.2
21,2026-09-01,17,459,139,44287.37,293.13
21,2026-09-01,18,256,258,82115.38,379.35
21,2026-09-01,19,58,200,63025.01,203.47
21,2026-09-01,20,35,81,29173.51,72.5
21,2026-09-01,21,0,34,10152.0,24.25
21,2026-09-02,9,363,45,14231.96,155.4
21,2026-09-02,10,107,183,57695.87,246.83
21,2026-09-02,11,109,112,35604.35,141.05
21,2026-09-02,12,497,151,47151.21,305.65
21,2026-09-02,13,118,249,86250.68,333.95
21,2026-09-02,14,123,169,53526.08,170.9
21,2026-09-02,15,118,92,26490.27,133.12
21,2026-09-02,16,100,81,24814.48,125.83
21,2026-09-02,17,545,131,40956.32,317.77
21,2026-09-02,18,250,271,87519.57,421.47
21,2026-09-02,19,83,224,73026.89,237.57
21,2026-09-02,20,41,100,31378.86,93.27
21,2026-09-02,21,0,46,14544.01,28.53
21,2026-09-03,9,333,45,13481.17,149.65
21,2026-09-03,10,104,138,41368.46,237.75
21,2026-09-03,11,109,142,48167.48,151.8
21,2026-09-03,12,411,119,36747.36,262.33
21,2026-09-03,13,117,210,72388.27,298.07
21,2026-09-03,14,119,138,45959.6,165.48
21,2026-09-03,15,118,102,30383.6,130.77
21,2026-09-03,16,112,87,28111.94,125.42
21,2026-09-03,17,472,118,38521.71,292.75
21,2026-09-03,18,194,234,77214.3,361.02
21,2026-09-03,19,51,196,61523.15,181.7
21,2026-09-03,20,47,72,23122.91,69.48
21,2026-09-03,21,0,38,9608.72,27.48
21,2026-09-04,9,418,62,22579.41,185.25
21,2026-09-04,10,109,179,62741.61,269.48
21,2026-09-04,11,121,146,44530.57,155.33
21,2026-09-04,12,475,133,37797.55,288.92
21,2026-09-04,13,103,235,77743.69,320.72
21,2026-09-04,14,111,157,49744.01,156.65
21,2026-09-04,15,135,96,27125.89,135.13
21,2026-09-04,16,121,97,32281.34,131.3
21,2026-09-04,17,499,147,46220.17,302.63
21,2026-09-04,18,237,268,86079.31,386.32
21,2026-09-04,19,95,206,69493.21,209.13
21,2026-09-04,20,36,97,28387.85,97.55
21,2026-09-04,21,0,44,14685.48,31.12
21,2026-09-05,9,399,51,17732.15,176.8
21,2026-09-05,10,152,175,59501.14,287.98
21,2026-09-05,11,129,169,57422.23,188.23
21,2026-09-05,12,561,176,57635.39,347.63
21,2026-09-05,13,135,284,88504.52,383.78
21,2026-09-05,14,133,163,50176.72,181.8
21,2026-09-05,15,139,112,34733.65,150.1
21,2026-09-05,16,136,102,33192.84,149.92
21,2026-09-05,17,566,164,54290.93,364.75
21,2026-09-05,18,288,300,90450.64,454.53
21,2026-09-05,19,89,227,68764.38,245.68
21,2026-09-05,20,49,114,35549.34,99.88
21,2026-09-05,21,0,45,15363.92,29.45
21,2026-09-06,9,386,58,16184.86,181.9
21,2026-09-06,10,147,188,61774.43,268.17
21,2026-09-06,11,141,162,52068.7,175.58
21,2026-09-06,12,551,164,46130.45,334.88
21,2026-09-06,13,131,270,81756.97,367.73
21,2026-09-06,14,127,180,57436.96,180.35
21,2026-09-06,15,130,94,34356.5,144.15
21,2026-09-06,16,132,109,36817.97,146.68
21,2026-09-06,17,531,130,42777.18,332.8
21,2026-09-06,18,282,309,100755.73,443.48
21,2026-09-06,19,91,227,68320.79,228.37
21,2026-09-06,20,57,88,31384.34,105.7
21,2026-09-06,21,0,53,14811.25,36.43
21,2026-09-07,9,353,52,17415.77,158.13
21,2026-09-07,10,113,147,44542.14,243.97
21,2026-09-07,11,109,142,40741.4,141.45
21,2026-09-07,12,432,134,37079.88,263.2
21,2026-09-07,13,111,203,62112.56,304.65
21,2026-09-07,14,96,184,59156.8,154.67
21,2026-09-07,15,119,58,18402.48,118.57
21,2026-09-07,16,111,88,26778.58,121.28
21,2026-09-07,17,455,130,40378.52,265.68
21,2026-09-07,18,195,234,73787.61,353.47
21,2026-09-07,19,65,177,56348.89,178.33
21,2026-09-07,20,37,63,21658.65,69.82
21,2026-09-07,21,0,46,14548.99,31.78
21,2026-09-08,9,301,39,14093.09,134.53
21,2026-09-08,10,106,132,40918.12,224.83
21,2026-09-08,11,103,121,38799.53,136.55
21,2026-09-08,12,440,120,35099.88,272.67
21,2026-09-08,13,94,224,70858.36,292.3
21,2026-09-08,14,105,134,42475.51,144.0
21,2026-09-08,15,99,94,29434.29,115.4
21,2026-09-08,16,112,83,30361.45,114.83
21,2026-09-08,17,436,130,40794.68,261.17
21,2026-09-08,18,225,212,65388.88,371.08
21,2026-09-08,19,67,206,66421.12,199.55
21,2026-09-08,20,38,75,25139.08,67.72
21,2026-09-08,21,0,37,12563.51,29.4
21,2026-09-09,9,349,41,16571.32,155.27
21,2026-09-09,10,104,166,55574.07,240.58
21,2026-09-09,11,116,128,39257.45,136.02
21,2026-09-09,12,436,116,39398.38,264.4
21,2026-09-09,13,121,204,65977.74,309.02
21,2026-09-09,14,108,157,53258.19,160.65
21,2026-09-09,15,120,84,31067.58,125.38
21,2026-09-09,16,96,70,21973.9,135.5
21,2026-09-09,17,473,152,50104.39,276.6
21,2026-09-09,18,231,242,76432.09,366.58
21,2026-09-09,19,64,202,60947.98,206.18
21,2026-09-09,20,56,85,27558.95,83.22
21,2026-09-09,21,0,50,18429.13,38.82
21,2026-09-10,9,373,60,17517.18,158.45
21,2026-09-10,10,119,154,49821.03,260.78
21,2026-09-10,11,110,141,49385.24,146.88
21,2026-09-10,12,484,137,46157.92,281.9
21,2026-09-10,13,122,219,69748.91,339.95
21,2026-09-10,14,143,177,57072.89,187.77
21,2026-09-10,15,109,101,28907.61,142.03
21,2026-09-10,16,131,89,28572.23,137.5
21,2026-09-10,17,470,141,43300.55,302.32
21,2026-09-10,18,246,262,81996.35,379.18
21,2026-09-10,19,69,199,61547.41,204.43
21,2026-09-10,20,39,81,26007.57,79.25
21,2026-09-10,21,0,44,13449.46,31.37
21,2026-09-11,9,456,64,20390.19,207.58
21,2026-09-11,10,141,190,64196.2,308.3
21,2026-09-11,11,145,177,56198.32,185.48
21,2026-09-11,12,603,182,56005.86,369.05
21,2026-09-11,13,135,260,85408.68,414.8
21,2026-09-11,14,142,201,65315.13,199.1
21,2026-09-11,15,156,97,27706.39,159.75
21,2026-09-11,16,179,106,34291.22,181.65
21,2026-09-11,17,594,201,69198.05,399.18
21,2026-09-11,18,282,330,109710.0,475.43
21,2026-09-11,19,85,222,70391.63,250.97
21,2026-09-11,20,54,100,31809.49,102.77
21,2026-09-11,21,0,55,16891.69,40.9
21,2026-09-12,9,442,48,15595.44,194.5
21,2026-09-12,10,161,178,52314.34,337.55
21,2026-09-12,11,153,201,67821.15,206.67
21,2026-09-12,12,610,181,56628.91,398.67
21,2026-09-12,13,137,298,102682.59,423.62
21,2026-09-12,14,172,212,74917.55,211.75
21,2026-09-12,15,146,100,33602.44,172.37
21,2026-09-12,16,150,114,37653.28,171.38
21,2026-09-12,17,586,170,62037.73,353.88
21,2026-09-12,18,306,305,95775.69,472.25
21,2026-09-12,19,79,249,78795.63,260.82
21,2026-09-12,20,61,96,30791.8,98.13
21,2026-09-12,21,0,53,15535.85,43.37
21,2026-09-13,9,400,59,18237.32,185.77
21,2026-09-13,10,139,186,57844.51,276.13
21,2026-09-13,11,140,158,54340.31,179.32
21,2026-09-13,12,594,155,46836.17,359.13
21,2026-09-13,13,146,297,93768.09,418.85
21,2026-09-13,14,150,215,69726.3,210.83
21,2026-09-13,15,143,107,33851.72,158.9
21,2026-09-13,16,141,92,29396.1,160.58
21,2026-09-13,17,607,186,60184.18,377.67
21,2026-09-13,18,284,317,106380.79,472.48
21,2026-09-13,19,65,258,79320.39,240.12
21,2026-09-13,20,55,92,29405.86,78.82
21,2026-09-13,21,0,41,12470.4,30.65
21,2026-09-14,9,318,54,14138.29,144.35
21,2026-09-14,10,123,142,41373.71,215.83
21,2026-09-14,11,115,129,42436.73,145.17
21,2026-09-14,12,483,128,39856.28,296.73
21,2026-09-14,13,100,255,78822.82,321.65
21,2026-09-14,14,98,154,55173.47,145.32
21,2026-09-14,15,92,59,19274.29,112.23
21,2026-09-14,16,105,71,20422.29,109.37
21,2026-09-14,17,427,123,39685.02,270.73
21,2026-09-14,18,225,228,72988.26,347.57
21,2026-09-14,19,56,187,61968.08,192.0
21,2026-09-14,20,42,80,27141.12,77.93
21,2026-09-14,21,0,48,15643.16,32.35
21,2026-09-15,9,333,52,15575.29,153.07
21,2026-09-15,10,116,137,42633.21,237.53
21,2026-09-15,11,115,132,40987.91,141.83
21,2026-09-15,12,440,128,38239.67,272.12
21,2026-09-15,13,104,219,70288.03,317.23
21,2026-09-15,14,111,140,44448.56,156.75
21,2026-09-15,15,131,83,24169.55,126.77
21,2026-09-15,16,126,84,25272.11,143.33
21,2026-09-15,17,531,168,50792.53,318.08
21,2026-09-15,18,226,258,84831.62,396.68
21,2026-09-15,19,90,216,70286.43,223.6
21,2026-09-15,20,58,96,36204.37,88.6
21,2026-09-15,21,0,41,15435.62,35.25
21,2026-09-16,9,412,52,18548.36,187.93
21,2026-09-16,10,130,191,63365.18,288.95
21,2026-09-16,11,144,159,51446.3,164.6
21,2026-09-16,12,555,168,56606.83,348.4
21,2026-09-16,13,116,264,88639.39,365.35
21,2026-09-16,14,142,190,56686.45,186.97
21,2026-09-16,15,141,107,34828.4,166.02
21,2026-09-16,16,135,115,35235.25,144.77
21,2026-09-16,17,536,156,48859.88,321.93
21,2026-09-16,18,243,270,86294.83,418.47
21,2026-09-16,19,90,247,76962.59,234.35
21,2026-09-16,20,41,94,31324.29,81.4
21,2026-09-16,21,0,39,11656.93,26.68
21,2026-09-17,9,382,63,22831.23,172.47
21,2026-09-17,10,135,156,47625.31,268.58
21,2026-09-17,11,110,162,51841.18,158.92
21,2026-09-17,12,501,145,50527.82,308.42
21,2026-09-17,13,107,234,79525.44,336.02
21,2026-09-17,14,142,177,57016.48,166.42
21,2026-09-17,15,135,110,36228.69,136.47
21,2026-09-17,16,118,73,24942.51,138.02
21,2026-09-17,17,488,167,51101.11,288.58
21,2026-09-17,18,236,242,77585.36,382.38
21,2026-09-17,19,68,207,68457.23,183.4
21,2026-09-17,20,44,71,23525.49,76.2
21,2026-09-17,21,0,46,13426.97,29.03
21,2026-09-18,9,421,61,19108.8,190.15
21,2026-09-18,10,149,182,56728.16,295.63
21,2026-09-18,11,137,155,48781.19,193.42
21,2026-09-18,12,508,162,57734.32,325.3
21,2026-09-18,13,128,242,75468.79,346.5
21,2026-09-18,14,121,182,58842.66,176.33
21,2026-09-18,15,159,85,26970.49,151.28
21,2026-09-18,16,119,107,30949.7,168.42
21,2026-09-18,17,547,154,50572.11,333.93
21,2026-09-18,18,291,305,101909.61,446.3
21,2026-09-18,19,79,250,84699.86,238.23
21,2026-09-18,20,41,101,32038.43,91.15
21,2026-09-18,21,0,42,16442.45,34.1
21,2026-09-19,9,453,58,18177.95,206.88
21,2026-09-19,10,123,210,62967.86,313.73
21,2026-09-19,11,151,170,54151.21,174.97
21,2026-09-19,12,576,179,55798.12,348.85
21,2026-09-19,13,135,273,82822.4,383.77
21,2026-09-19,14,148,177,57401.58,201.78
21,2026-09-19,15,145,117,33475.46,167.02
21,2026-09-19,16,171,104,32000.77,169.22
21,2026-09-19,17,626,186,57879.36,395.75
21,2026-09-19,18,306,337,108496.04,494.97
21,2026-09-19,19,86,282,92056.28,246.6
21,2026-09-19,20,48,93,28446.69,100.72
21,2026-09-19,21,0,49,15486.22,41.83
21,2026-09-20,9,376,42,13395.8,170.8
21,2026-09-20,10,134,169,54029.66,266.78
21,2026-09-20,11,144,158,48448.91,170.03
21,2026-09-20,12,525,145,47951.05,324.2
21,2026-09-20,13,138,286,87793.09,367.88
21,2026-09-20,14,138,171,54413.14,188.58
21,2026-09-20,15,130,108,35086.6,156.08
21,2026-09-20,16,138,101,28377.47,147.03
21,2026-09-20,17,538,159,56080.41,341.25
21,2026-09-20,18,234,282,93451.34,410.2
21,2026-09-20,19,75,232,73917.29,212.87
21,2026-09-20,20,39,79,27121.93,78.08
21,2026-09-20,21,0,37,10579.38,28.37
22,2026-08-24,9,403,57,17977.51,177.58
22,2026-08-24,10,129,178,53624.32,278.05
22,2026-08-24,11,123,157,45424.75,167.85
22,2026-08-24,12,562,141,43182.01,321.87
22,2026-08-24,13,127,237,73367.5,397.55
22,2026-08-24,14,120,214,68508.49,188.72
22,2026-08-24,15,134,98,29890.23,138.22
22,2026-08-24,16,115,91,30133.12,132.75
22,2026-08-24,17,520,130,43139.38,307.27
22,2026-08-24,18,274,286,93794.8,435.87
22,2026-08-24,19,88,240,76210.7,252.25
22,2026-08-24,20,44,96,35380.47,91.47
22,2026-08-24,21,0,43,13634.95,28.87
22,2026-08-25,9,391,41,12496.43,166.68
22,2026-08-25,10,125,159,47431.65,288.42
22,2026-08-25,11,132,164,56271.29,171.07
22,2026-08-25,12,530,152,51604.37,322.13
22,2026-08-25,13,119,258,85980.81,358.52
22,2026-08-25,14,126,182,59729.69,179.43
22,2026-08-25,15,125,99,28091.57,134.05
22,2026-08-25,16,133,103,33593.66,146.57
22,2026-08-25,17,544,170,54345.77,326.07
22,2026-08-25,18,234,269,91575.32,409.2
22,2026-08-25,19,83,223,70697.7,231.5
22,2026-08-25,20,59,96,30863.28,96.6
22,2026-08-25,21,0,56,17012.15,38.7
22,2026-08-26,9,430,56,22529.84,192.57
22,2026-08-26,10,139,180,58066.71,304.05
22,2026-08-26,11,135,180,64396.09,183.2
22,2026-08-26,12,553,165,54325.18,317.77
22,2026-08-26,13,129,259,84627.06,393.08
22,2026-08-26,14,151,193,61710.17,200.07
22,2026-08-26,15,129,109,34915.27,160.42
22,2026-08-26,16,147,115,37322.2,153.22
22,2026-08-26,17,627,167,59258.37,385.47
22,2026-08-26,18,299,312,100197.23,493.58
22,2026-08-26,19,63,258,81774.81,250.75
22,2026-08-26,20,56,98,29387.54,89.32
22,2026-08-26,21,0,47,14433.5,35.82
22,2026-08-27,9,422,62,18261.41,190.82
22,2026-08-27,10,129,185,60561.36,295.33
22,2026-08-27,11,143,152,49343.96,176.75
22,2026-08-27,12,599,178,57478.94,356.53
22,2026-08-27,13,131,286,88730.44,379.87
22,2026-08-27,14,164,195,62685.09,190.85
22,2026-08-27,15,154,110,31922.71,177.12
22,2026-08-27,16,147,133,44932.59,158.62
22,2026-08-27,17,600,173,53870.25,375.37
22,2026-08-27,18,316,307,101461.74,483.95
22,2026-08-27,19,82,275,92604.3,280.45
22,2026-08-27,20,40,116,34302.85,93.57
22,2026-08-27,21,0,34,12453.58,31.48
22,2026-08-28,9,583,98,33260.66,265.95
22,2026-08-28,10,214,262,91970.09,404.82
22,2026-08-28,11,179,218,68101.2,255.12
22,2026-08-28,12,770,211,74122.02,472.47
22,2026-08-28,13,174,356,117231.85,526.7
22,2026-08-28,14,189,284,90111.67,272.18
22,2026-08-28,15,201,144,46320.86,217.9
22,2026-08-28,16,186,135,44150.76,211.82
22,2026-08-28,17,713,218,64864.15,455.6
22,2026-08-28,18,389,395,130000.95,582.28
22,2026-08-28,19,108,320,102792.93,349.08
22,2026-08-28,20,78,148,49860.81,138.45
22,2026-08-28,21,0,73,22807.43,60.9
22,2026-08-29,9,612,82,26207.84,284.92
22,2026-08-29,10,198,267,82082.17,431.27
22,2026-08-29,11,182,250,80771.57,242.0
22,2026-08-29,12,791,203,63040.0,480.73
22,2026-08-29,13,215,380,118143.94,563.65
22,2026-08-29,14,205,299,91693.13,304.23
22,2026-08-29,15,223,169,54567.86,230.42
22,2026-08-29,16,222,146,43600.15,238.33
22,2026-08-29,17,789,228,77660.52,518.28
22,2026-08-29,18,405,401,134961.51,642.75
22,2026-08-29,19,131,366,116163.56,378.48
22,2026-08-29,20,85,157,49560.78,151.65
22,2026-08-29,21,0,77,22239.59,57.18
22,2026-08-30,9,499,72,19360.36,226.18
22,2026-08-30,10,151,216,69234.64,347.12
22,2026-08-30,11,164,209,64965.65,213.9
22,2026-08-30,12,664,172,53982.2,430.25
22,2026-08-30,13,168,348,105367.9,479.43
22,2026-08-30,14,160,231,70939.24,232.4
22,2026-08-30,15,136,121,37818.26,167.73
22,2026-08-30,16,184,105,37148.36,176.38
22,2026-08-30,17,686,195,61931.54,428.45
22,2026-08-30,18,330,351,110870.87,569.8
22,2026-08-30,19,92,279,87282.99,291.12
22,2026-08-30,20,63,136,43850.16,113.42
22,2026-08-30,21,0,58,14824.03,41.98
22,2026-08-31,9,490,69,25134.98,222.62
22,2026-08-31,10,162,210,60677.5,345.27
22,2026-08-31,11,138,190,63616.79,208.4
22,2026-08-31,12,633,217,68516.49,381.63
22,2026-08-31,13,165,290,93371.55,434.18
22,2026-08-31,14,176,222,64899.32,221.78
22,2026-08-31,15,138,113,35741.34,171.15
22,2026-08-31,16,141,112,40618.11,160.1
22,2026-08-31,17,624,163,56425.31,364.93
22,2026-08-31,18,334,307,100631.99,507.38
22,2026-08-31,19,90,287,90627.29,289.9
22,2026-08-31,20,64,123,40763.93,100.58
22,2026-08-31,21,0,55,16607.98,38.15
22,2026-09-01,9,440,63,21409.12,190.28
22,2026-09-01,10,139,209,69092.05,295.78
22,2026-09-01,11,135,160,50346.33,177.07
22,2026-09-01,12,604,172,54705.51,361.77
22,2026-09-01,13,151,259,81671.27,420.72
22,2026-09-01,14,141,231,78230.96,211.33
22,2026-09-01,15,165,117,41442.58,179.27
22,2026-09-01,16,165,119,40919.89,198.23
22,2026-09-01,17,599,190,62173.86,391.68
22,2026-09-01,18,334,330,106929.85,505.25
22,2026-09-01,19,97,302,97728.81,294.85
22,2026-09-01,20,63,124,42384.68,100.48
22,2026-09-01,21,0,48,15319.77,36.68
22,2026-09-02,9,432,66,19155.08,194.77
22,2026-09-02,10,148,205,63997.92,315.02
22,2026-09-02,11,147,151,45752.69,185.97
22,2026-09-02,12,590,170,55339.9,353.3
22,2026-09-02,13,138,274,95723.89,401.52
22,2026-09-02,14,154,191,62858.49,208.6
22,2026-09-02,15,123,115,36508.52,156.52
22,2026-09-02,16,140,97,33117.75,148.63
22,2026-09-02,17,571,167,56040.14,350.27
22,2026-09-02,18,298,285,91291.24,457.07
22,2026-09-02,19,68,245,79958.09,253.75
22,2026-09-02,20,58,99,30280.63,109.03
22,2026-09-02,21,0,55,19286.49,43.25
22,2026-09-03,9,376,49,13798.61,166.53
22,2026-09-03,10,102,160,53903.26,258.87
22,2026-09-03,11,120,163,50118.55,145.75
22,2026-09-03,12,523,121,36792.42,313.1
22,2026-09-03,13,112,261,79015.73,335.75
22,2026-09-03,14,148,165,49972.85,168.08
22,2026-09-03,15,137,96,29505.41,157.03
22,2026-09-03,16,140,112,32687.75,155.28
22,2026-09-03,17,546,154,49196.03,333.18
22,2026-09-03,18,273,304,102980.64,442.53
22,2026-09-03,19,79,237,80364.19,239.77
22,2026-09-03,20,53,95,29206.21,86.98
22,2026-09-03,21,0,43,13236.79,39.72
22,2026-09-04,9,508,69,23523.47,220.35
22,2026-09-04,10,145,226,68412.42,352.15
22,2026-09-04,11,164,213,69640.48,207.83
22,2026-09-04,12,705,207,66344.76,435.73
22,2026-09-04,13,150,339,109436.0,464.45
22,2026-09-04,14,191,218,70760.47,238.68
22,2026-09-04,15,195,132,43644.7,213.88
22,2026-09-04,16,154,142,42908.2,196.48
22,2026-09-04,17,695,190,61939.05,409.97
22,2026-09-04,18,334,349,112916.86,546.15
22,2026-09-04,19,84,296,95153.94,284.03
22,2026-09-04,20,62,107,35080.75,103.85
22,2026-09-04,21,0,57,20455.05,40.45
22,2026-09-05,9,675,100,29216.2,309.42
22,2026-09-05,10,221,305,93430.5,459.83
22,2026-09-05,11,174,243,76228.14,249.65
22,2026-09-05,12,772,213,68052.64,464.23
22,2026-09-05,13,204,366,115638.51,538.17
22,2026-09-05,14,191,275,92365.18,284.73
22,2026-09-05,15,202,157,51174.84,228.78
22,2026-09-05,16,220,160,52537.41,242.22
22,2026-09-05,17,844,243,79803.16,528.38
22,2026-09-05,18,369,467,145285.1,677.08
22,2026-09-05,19,134,344,108890.75,329.7
22,2026-09-05,20,73,150,53157.94,148.87
22,2026-09-05,21,0,69,20496.53,57.28
22,2026-09-06,9,520,87,27211.86,233.17
22,2026-09-06,10,172,215,67057.65,358.3
22,2026-09-06,11,182,205,66287.93,220.78
22,2026-09-06,12,740,211,77210.34,451.3
22,2026-09-06,13,155,371,116178.65,497.15
22,2026-09-06,14,167,228,77402.63,225.68
22,2026-09-06,15,182,111,34297.62,204.32
22,2026-09-06,16,171,153,51185.47,195.85
22,2026-09-06,17,670,189,61963.31,417.45
22,2026-09-06,18,343,345,120813.65,536.72
22,2026-09-06,19,124,295,90292.34,301.85
22,2026-09-06,20,60,123,37155.57,125.97
22,2026-09-06,21,0,73,24346.64,47.93
22,2026-09-07,9,419,53,18304.58,199.33
22,2026-09-07,10,134,190,62873.64,293.2
22,2026-09-07,11,153,168,50479.57,188.87
22,2026-09-07,12,592,178,58603.16,369.95
22,2026-09-07,13,120,292,94543.74,394.73
22,2026-09-07,14,148,186,56511.17,186.2
22,2026-09-07,15,143,98,33730.51,157.42
22,2026-09-07,16,143,98,27567.37,154.18
22,2026-09-07,17,574,156,48922.04,363.78
22,2026-09-07,18,257,292,92349.69,435.23
22,2026-09-07,19,75,254,80548.33,224.4
22,2026-09-07,20,54,90,30751.48,86.03
22,2026-09-07,21,0,49,11889.81,33.37
22,2026-09-08,9,426,66,22849.2,198.0
22,2026-09-08,10,129,176,53649.73,283.92
22,2026-09-08,11,123,160,45324.11,158.23
22,2026-09-08,12,551,143,49962.08,325.4
22,2026-09-08,13,124,286,88532.32,373.4
22,2026-09-08,14,123,190,60472.07,173.72
22,2026-09-08,15,128,113,33920.36,138.18
22,2026-09-08,16,150,93,28377.22,151.95
22,2026-09-08,17,551,157,53241.32,346.58
22,2026-09-08,18,290,288,94824.46,458.28
22,2026-09-08,19,77,267,83838.87,235.87
22,2026-09-08,20,47,95,32150.84,93.07
22,2026-09-08,21,0,50,16135.19,35.33
22,2026-09-09,9,383,61,18169.88,169.07
22,2026-09-09,10,140,168,55244.98,274.3
22,2026-09-09,11,121,155,55575.72,169.82
22,2026-09-09,12,514,154,48877.62,305.27
22,2026-09-09,13,119,259,85814.11,331.3
22,2026-09-09,14,128,170,53706.7,160.97
22,2026-09-09,15,152,97,30760.38,146.67
22,2026-09-09,16,115,102,32442.07,148.58
22,2026-09-09,17,546,166,50414.07,328.42
22,2026-09-09,18,259,265,82970.76,432.75
22,2026-09-09,19,78,229,66567.66,233.48
22,2026-09-09,20,53,96,36302.13,88.83
22,2026-09-09,21,0,46,14759.35,36.45
22,2026-09-10,9,415,61,17220.33,190.23
22,2026-09-10,10,118,194,62371.61,285.73
22,2026-09-10,11,132,157,53372.82,159.2
22,2026-09-10,12,541,148,48197.29,319.75
22,2026-09-10,13,137,254,86535.43,393.78
22,2026-09-10,14,141,190,61172.58,205.5
22,2026-09-10,15,146,111,38571.95,161.92
22,2026-09-10,16,135,118,40438.79,149.7
22,2026-09-10,17,562,151,45070.8,337.88
22,2026-09-10,18,269,288,87817.23,452.9
22,2026-09-10,19,84,234,76693.55,239.8
22,2026-09-10,20,60,108,38066.25,99.8
22,2026-09-10,21,0,56,17621.42,37.68
22,2026-09-11,9,455,60,21780.16,203.97
22,2026-09-11,10,134,207,63545.05,315.22
22,2026-09-11,11,123,169,55486.09,160.42
22,2026-09-11,12,595,147,46624.03,345.72
22,2026-09-11,13,134,270,86410.29,409.0
22,2026-09-11,14,148,212,71452.57,208.43
22,2026-09-11,15,130,106,30925.76,152.82
22,2026-09-11,16,167,104,32409.51,149.72
22,2026-09-11,17,587,183,55128.62,373.03
22,2026-09-11,18,326,284,92081.7,492.13
22,2026-09-11,19,95,275,89170.27,298.65
22,2026-09-11,20,48,115,33688.15,104.6
22,2026-09-11,21,0,49,14831.18,34.57
22,2026-09-12,9,537,81,24101.74,243.0
22,2026-09-12,10,169,241,80561.63,372.85
22,2026-09-12,11,178,211,68591.6,233.02
22,2026-09-12,12,704,215,67214.45,433.72
22,2026-09-12,13,162,365,115364.19,459.0
22,2026-09-12,14,175,239,75905.35,219.47
22,2026-09-12,15,159,109,35451.74,186.18
22,2026-09-12,16,151,133,44417.05,180.72
22,2026-09-12,17,724,201,64807.58,418.92
22,2026-09-12,18,333,360,114213.96,569.28
22,2026-09-12,19,125,299,96317.54,320.67
22,2026-09-12,20,68,132,44371.96,136.07
22,2026-09-12,21,0,69,21307.56,45.53
22,2026-09-13,9,516,63,20244.35,238.47
22,2026-09-13,10,187,232,76104.39,373.38
22,2026-09-13,11,183,187,61448.66,238.12
22,2026-09-13,12,702,220,66934.39,440.4
22,2026-09-13,13,179,325,105068.59,483.97
22,2026-09-13,14,189,261,89106.89,251.38
22,2026-09-13,15,182,142,44976.3,209.12
22,2026-09-13,16,183,142,44696.88,193.02
22,2026-09-13,17,688,194,58181.89,426.83
22,2026-09-13,18,369,374,114926.12,562.87
22,2026-09-13,19,85,307,100624.91,303.18
22,2026-09-13,20,83,115,32594.01,123.32
22,2026-09-13,21,0,74,24558.89,64.52
22,2026-09-14,9,378,42,12050.41,162.13
22,2026-09-14,10,120,180,54776.09,267.98
22,2026-09-14,11,115,152,49390.86,154.02
22,2026-09-14,12,512,146,48335.49,294.97
22,2026-09-14,13,121,250,74260.91,340.62
22,2026-09-14,14,139,170,52216.93,176.2
22,2026-09-14,15,147,112,34802.43,152.68
22,2026-09-14,16,130,87,25906.79,152.07
22,2026-09-14,17,543,162,50173.0,342.97
22,2026-09-14,18,282,286,94677.23,441.37
22,2026-09-14,19,80,236,68544.78,232.22
22,2026-09-14,20,66,109,34483.33,97.55
22,2026-09-14,21,0,52,14906.6,44.17
22,2026-09-15,9,410,46,14920.94,185.13
22,2026-09-15,10,122,182,55487.72,283.05
22,2026-09-15,11,128,159,52651.11,158.82
22,2026-09-15,12,529,145,41416.48,312.9
22,2026-09-15,13,148,262,84983.86,380.98
22,2026-09-15,14,141,208,68821.91,202.38
22,2026-09-15,15,131,106,33642.93,154.1
22,2026-09-15,16,120,94,30183.6,141.6
22,2026-09-15,17,585,159,55000.71,352.73
22,2026-09-15,18,272,300,94420.94,453.78
22,2026-09-15,19,81,247,81789.22,234.68
22,2026-09-15,20,65,96,31078.64,93.17
22,2026-09-15,21,0,51,18207.0,39.03
22,2026-09-16,9,510,78,25189.77,226.72
22,2026-09-16,10,162,223,69062.02,363.65
22,2026-09-16,11,136,194,65041.16,208.0
22,2026-09-16,12,657,179,56573.82,380.72
22,2026-09-16,13,149,304,92277.71,462.32
22,2026-09-16,14,159,244,75692.38,216.62
22,2026-09-16,15,155,86,27887.7,162.28
22,2026-09-16,16,142,124,38404.25,173.83
22,2026-09-16,17,613,175,58564.43,366.8
22,2026-09-16,18,333,314,99943.44,495.82
22,2026-09-16,19,104,295,90220.85,283.63
22,2026-09-16,20,58,129,46544.27,119.6
22,2026-09-16,21,0,57,16003.97,34.55
22,2026-09-17,9,417,62,18867.96,179.73
22,2026-09-17,10,152,170,56349.88,300.03
22,2026-09-17,11,149,171,53500.86,196.37
22,2026-09-17,12,577,195,61039.94,351.63
22,2026-09-17,13,128,267,85299.62,378.77
22,2026-09-17,14,145,201,65430.9,194.4
22,2026-09-17,15,137,109,39509.78,150.05
22,2026-09-17,16,128,106,36897.27,149.53
22,2026-09-17,17,567,168,47577.21,342.42
22,2026-09-17,18,280,286,93092.24,456.65
22,2026-09-17,19,75,247,75947.38,250.37
22,2026-09-17,20,51,93,33330.0,91.35
22,2026-09-17,21,0,48,14308.68,33.92
22,2026-09-18,9,498,73,23010.66,225.25
22,2026-09-18,10,159,209,66304.96,348.38
22,2026-09-18,11,161,184,61602.38,211.97
22,2026-09-18,12,648,182,58088.59,409.95
22,2026-09-18,13,171,340,106101.81,466.68
22,2026-09-18,14,154,241,78253.29,220.28
22,2026-09-18,15,158,109,30204.23,165.97
22,2026-09-18,16,161,122,40016.04,172.72
22,2026-09-18,17,658,164,51755.41,404.45
22,2026-09-18,18,282,332,99370.46,519.75
22,2026-09-18,19,103,271,87801.58,262.4
22,2026-09-18,20,68,111,32928.13,102.5
22,2026-09-18,21,0,54,17465.57,43.62
22,2026-09-19,9,514,89,27374.81,237.85
22,2026-09-19,10,149,232,78284.48,336.1
22,2026-09-19,11,167,172,53950.43,208.83
22,2026-09-19,12,693,187,59336.57,419.75
22,2026-09-19,13,172,356,118618.54,474.03
22,2026-09-19,14,191,262,80349.1,232.53
22,2026-09-19,15,171,133,45531.04,196.12
22,2026-09-19,16,172,139,43306.32,178.68
22,2026-09-19,17,715,176,56775.44,418.25
22,2026-09-19,18,353,369,112500.2,575.38
22,2026-09-19,19,117,302,97406.99,326.78
22,2026-09-19,20,47,124,39300.45,123.5
22,2026-09-19,21,0,52,13794.6,38.83
22,2026-09-20,9,503,75,21837.18,215.85
22,2026-09-20,10,172,202,68464.94,359.4
22,2026-09-20,11,162,213,68707.82,226.05
22,2026-09-20,12,654,196,64562.12,398.53
22,2026-09-20,13,169,309,103785.42,450.52
22,2026-09-20,14,186,252,78210.7,248.8
22,2026-09-20,15,166,125,36695.53,188.33
22,2026-09-20,16,152,113,33223.85,185.85
22,2026-09-20,17,721,195,64382.02,451.98
22,2026-09-20,18,339,383,122799.21,548.62
22,2026-09-20,19,110,283,91373.03,300.97
22,2026-09-20,20,78,130,36965.58,126.15
22,2026-09-20,21,0,77,27419.29,56.33
23,2026-08-24,9,369,60,16632.69,170.22
23,2026-08-24,10,116,155,54821.62,261.9
23,2026-08-24,11,105,138,45573.3,147.15
23,2026-08-24,12,488,136,42106.65,281.8
23,2026-08-24,13,105,225,65921.49,323.18
23,2026-08-24,14,119,166,53084.14,160.07
23,2026-08-24,15,123,85,24397.86,126.07
23,2026-08-24,16,116,90,25741.6,136.98
23,2026-08-24,17,467,129,44476.36,292.4
23,2026-08-24,18,245,250,78491.14,373.57
23,2026-08-24,19,63,226,73339.0,213.25
23,2026-08-24,20,49,83,25291.32,83.22
23,2026-08-24,21,0,49,14410.51,31.72
23,2026-08-25,9,350,40,13424.33,150.72
23,2026-08-25,10,117,161,52629.8,262.73
23,2026-08-25,11,112,144,49227.12,143.87
23,2026-08-25,12,452,96,28589.72,264.47
23,2026-08-25,13,119,227,69490.52,338.53
23,2026-08-25,14,126,176,57846.19,168.0
23,2026-08-25,15,138,90,25613.91,140.03
23,2026-08-25,16,127,95,30572.9,135.03
23,2026-08-25,17,543,124,38264.03,326.2
23,2026-08-25,18,225,300,98769.07,412.43
23,2026-08-25,19,79,221,70811.82,213.5
23,2026-08-25,20,45,92,32151.02,85.28
23,2026-08-25,21,0,45,13554.75,31.87
23,2026-08-26,9,373,49,16233.51,156.87
23,2026-08-26,10,124,174,53648.43,259.7
23,2026-08-26,11,113,122,37719.7,162.37
23,2026-08-26,12,468,147,43851.99,292.42
23,2026-08-26,13,120,228,71211.4,321.33
23,2026-08-26,14,134,168,45681.2,175.32
23,2026-08-26,15,128,98,32502.59,146.18
23,2026-08-26,16,130,86,28962.74,150.67
23,2026-08-26,17,482,151,50678.78,313.75
23,2026-08-26,18,218,228,74572.46,373.68
23,2026-08-26,19,80,205,69330.74,206.48
23,2026-08-26,20,41,80,24539.57,83.83
23,2026-08-26,21,0,37,10054.99,26.87
23,2026-08-27,9,338,47,18796.86,157.07
23,2026-08-27,10,99,157,53556.03,217.83
23,2026-08-27,11,115,113,35847.72,140.15
23,2026-08-27,12,481,132,48600.39,293.18
23,2026-08-27,13,113,229,72988.51,322.85
23,2026-08-27,14,115,179,60037.86,163.17
23,2026-08-27,15,128,89,26620.18,128.63
23,2026-08-27,16,116,100,32170.08,139.67
23,2026-08-27,17,468,151,44045.99,290.65
23,2026-08-27,18,221,231,71667.0,357.58
23,2026-08-27,19,74,192,69678.21,202.6
23,2026-08-27,20,57,92,31201.22,95.55
23,2026-08-27,21,0,47,16399.39,37.27
23,2026-08-28,9,429,61,18893.16,187.28
23,2026-08-28,10,120,197,65329.6,282.07
23,2026-08-28,11,127,143,41920.62,166.33
23,2026-08-28,12,565,160,51529.71,337.88
23,2026-08-28,13,129,235,83576.26,377.1
23,2026-08-28,14,135,197,65535.07,198.95
23,2026-08-28,15,150,100,31810.32,159.05
23,2026-08-28,16,127,107,33109.76,162.48
23,2026-08-28,17,598,157,50704.4,369.9
23,2026-08-28,18,275,311,97028.06,476.83
23,2026-08-28,19,82,261,87304.38,251.28
23,2026-08-28,20,61,96,34076.34,99.13
23,2026-08-28,21,0,48,17412.12,42.38
23,2026-08-29,9,444,76,24915.14,195.52
23,2026-08-29,10,135,200,64860.05,297.02
23,2026-08-29,11,161,159,53748.51,180.68
23,2026-08-29,12,631,169,58248.26,391.02
23,2026-08-29,13,147,303,90847.85,448.53
23,2026-08-29,14,178,231,70197.85,223.97
23,2026-08-29,15,151,123,41643.3,181.2
23,2026-08-29,16,136,125,41735.33,164.8
23,2026-08-29,17,647,174,52082.21,393.7
23,2026-08-29,18,321,325,103775.58,518.47
23,2026-08-29,19,105,285,96618.86,289.75
23,2026-08-29,20,67,117,37948.44,115.32
23,2026-08-29,21,0,68,24313.54,50.78
23,2026-08-30,9,505,71,22898.95,214.32
23,2026-08-30,10,140,219,68660.81,341.67
23,2026-08-30,11,156,197,65097.81,203.82
23,2026-08-30,12,584,184,61998.25,370.18
23,2026-08-30,13,141,293,91908.08,392.73
23,2026-08-30,14,144,193,60310.29,183.8
23,2026-08-30,15,135,111,39883.57,150.93
23,2026-08-30,16,151,89,25106.53,156.1
23,2026-08-30,17,631,171,50516.61,392.45
23,2026-08-30,18,304,351,110466.01,499.97
23,2026-08-30,19,104,239,77896.84,265.97
23,2026-08-30,20,60,122,39444.33,119.78
23,2026-08-30,21,0,63,22571.85,42.43
23,2026-08-31,9,378,54,18317.06,176.7
23,2026-08-31,10,123,169,51708.4,262.55
23,2026-08-31,11,119,152,46658.82,150.8
23,2026-08-31,12,450,124,37215.6,288.92
23,2026-08-31,13,133,241,78938.2,312.78
23,2026-08-31,14,134,149,46374.1,178.48
23,2026-08-31,15,140,107,33204.21,149.93
23,2026-08-31,16,132,100,35091.19,148.13
23,2026-08-31,17,537,158,52249.09,333.63
23,2026-08-31,18,238,275,88756.39,418.03
23,2026-08-31,19,77,231,76360.3,221.52
23,2026-08-31,20,46,86,26858.9,86.02
23,2026-08-31,21,0,48,15910.79,31.92
23,2026-09-01,9,375,44,12818.68,168.23
23,2026-09-01,10,107,159,48795.0,261.18
23,2026-09-01,11,130,148,49793.21,153.28
23,2026-09-01,12,535,151,51417.14,327.2
23,2026-09-01,13,121,247,82551.34,360.88
23,2026-09-01,14,135,190,65212.44,183.98
23,2026-09-01,15,140,95,28574.32,150.65
23,2026-09-01,16,119,104,32901.91,144.27
23,2026-09-01,17,522,154,52653.54,319.95
23,2026-09-01,18,268,277,88710.09,396.67
23,2026-09-01,19,91,232,71635.72,226.37
23,2026-09-01,20,47,100,34325.53,89.02
23,2026-09-01,21,0,47,13740.89,32.28
23,2026-09-02,9,370,51,16370.17,165.55
23,2026-09-02,10,118,150,49709.21,263.82
23,2026-09-02,11,109,140,44868.69,159.82
23,2026-09-02,12,500,154,49160.0,304.88
23,2026-09-02,13,109,237,77479.1,335.25
23,2026-09-02,14,132,177,55222.94,169.07
23,2026-09-02,15,122,85,26889.72,144.87
23,2026-09-02,16,99,85,27527.96,120.05
23,2026-09-02,17,465,131,39414.59,285.45
23,2026-09-02,18,242,248,82089.4,374.4
23,2026-09-02,19,59,202,59086.23,212.02
23,2026-09-02,20,51,87,26040.43,77.05
23,2026-09-02,21,0,35,13260.09,28.0
23,2026-09-03,9,380,55,20655.42,172.03
23,2026-09-03,10,139,172,55343.28,275.75
23,2026-09-03,11,133,162,54018.87,169.02
23,2026-09-03,12,525,139,43898.3,313.58
23,2026-09-03,13,120,263,84272.87,354.45
23,2026-09-03,14,134,174,57005.21,167.47
23,2026-09-03,15,132,91,33743.25,145.43
23,2026-09-03,16,120,100,31295.67,140.43
23,2026-09-03,17,527,148,49961.07,324.33
23,2026-09-03,18,267,260,82820.07,431.07
23,2026-09-03,19,78,244,83206.06,229.58
23,2026-09-03,20,49,78,24151.01,82.45
23,2026-09-03,21,0,52,16120.01,36.1
23,2026-09-04,9,418,51,20232.41,200.02
23,2026-09-04,10,122,175,61643.87,294.18
23,2026-09-04,11,138,155,49601.72,175.05
23,2026-09-04,12,591,160,57719.55,350.12
23,2026-09-04,13,126,279,86444.94,403.25
23,2026-09-04,14,125,205,63002.36,189.07
23,2026-09-04,15,131,97,34530.11,136.57
23,2026-09-04,16,139,101,30145.18,152.5
23,2026-09-04,17,565,168,54660.49,336.85
23,2026-09-04,18,262,287,90523.52,429.63
23,2026-09-04,19,84,218,70862.89,222.97
23,2026-09-04,20,50,101,32660.64,90.17
23,2026-09-04,21,0,40,12605.46,36.6
23,2026-09-05,9,423,53,17386.64,189.48
23,2026-09-05,10,138,186,59883.45,293.08
23,2026-09-05,11,157,155,51394.63,182.02
23,2026-09-05,12,608,192,61756.12,387.83
23,2026-09-05,13,140,283,91867.93,411.4
23,2026-09-05,14,159,226,75613.2,207.48
23,2026-09-05,15,165,103,34444.8,184.73
23,2026-09-05,16,157,133,41652.96,184.63
23,2026-09-05,17,635,176,55585.7,387.9
23,2026-09-05,18,283,353,117627.74,517.52
23,2026-09-05,19,95,271,91934.4,263.67
23,2026-09-05,20,52,105,33411.29,107.68
23,2026-09-05,21,0,53,16839.18,40.0
23,2026-09-06,9,415,63,19422.8,182.63
23,2026-09-06,10,134,190,59670.31,285.58
23,2026-09-06,11,130,159,49226.67,177.67
23,2026-09-06,12,560,159,52167.65,325.9
23,2026-09-06,13,132,259,79024.05,399.55
23,2026-09-06,14,132,207,61226.5,184.07
23,2026-09-06,15,131,93,26429.72,150.18
23,2026-09-06,16,120,94,29804.81,138.92
23,2026-09-06,17,543,136,45141.32,324.88
23,2026-09-06,18,282,277,81980.33,445.33
23,2026-09-06,19,82,232,76683.58,241.1
23,2026-09-06,20,53,93,27356.62,94.65
23,2026-09-06,21,0,55,17188.3,37.42
23,2026-09-07,9,347,43,13593.34,151.88
23,2026-09-07,10,107,153,56181.81,239.73
23,2026-09-07,11,103,142,47863.24,143.33
23,2026-09-07,12,454,136,38850.25,268.35
23,2026-09-07,13,127,204,62028.69,305.35
23,2026-09-07,14,122,164,55996.35,166.25
23,2026-09-07,15,122,91,29387.54,134.58
23,2026-09-07,16,110,93,31286.77,130.07
23,2026-09-07,17,490,147,45328.73,296.68
23,2026-09-07,18,228,225,73608.2,383.8
23,2026-09-07,19,66,224,72187.0,205.75
23,2026-09-07,20,42,82,24681.81,70.52
23,2026-09-07,21,0,37,10977.9,29.03
23,2026-09-08,9,322,47,15770.1,146.52
23,2026-09-08,10,102,153,54351.47,210.82
23,2026-09-08,11,81,117,39710.35,128.98
23,2026-09-08,12,443,105,31826.47,250.58
23,2026-09-08,13,110,214,65008.7,313.85
23,2026-09-08,14,107,166,54336.3,156.0
23,2026-09-08,15,116,81,24958.81,120.12
23,2026-09-08,16,95,90,28725.48,116.57
23,2026-09-08,17,436,110,35389.54,266.15
23,2026-09-08,18,205,224,67633.0,340.17
23,2026-09-08,19,54,180,55874.83,184.42
23,2026-09-08,20,33,68,23440.89,61.48
23,2026-09-08,21,0,24,6913.58,21.55
23,2026-09-09,9,382,47,13309.52,181.05
23,2026-09-09,10,114,161,51218.12,263.0
23,2026-09-09,11,128,154,43299.15,149.72
23,2026-09-09,12,493,132,45950.02,304.8
23,2026-09-09,13,98,220,66611.3,318.85
23,2026-09-09,14,132,168,52592.36,161.93
23,2026-09-09,15,118,78,20782.11,134.18
23,2026-09-09,16,116,92,26794.26,130.17
23,2026-09-09,17,521,154,48390.48,315.3
23,2026-09-09,18,226,251,79240.9,398.58
23,2026-09-09,19,73,217,72900.36,209.3
23,2026-09-09,20,54,90,30841.94,86.12
23,2026-09-09,21,0,52,16818.77,34.37
23,2026-09-10,9,338,49,18082.25,145.25
23,2026-09-10,10,132,147,45714.6,245.78
23,2026-09-10,11,128,143,45966.65,162.28
23,2026-09-10,12,512,155,49589.01,312.17
23,2026-09-10,13,120,247,87448.42,340.97
23,2026-09-10,14,102,181,53938.65,163.72
23,2026-09-10,15,97,79,26992.8,109.43
23,2026-09-10,16,108,73,23238.26,112.45
23,2026-09-10,17,509,143,47481.53,294.75
23,2026-09-10,18,233,275,85886.04,404.07
23,2026-09-10,19,82,223,73196.46,226.68
23,2026-09-10,20,50,89,27126.57,89.13
23,2026-09-10,21,0,44,13982.67,36.73
23,2026-09-11,9,407,45,14898.99,183.22
23,2026-09-11,10,146,186,58571.02,293.0
23,2026-09-11,11,148,173,53774.45,189.77
23,2026-09-11,12,567,177,57344.85,350.52
23,2026-09-11,13,131,260,80905.71,379.48
23,2026-09-11,14,160,193,59305.07,201.15
23,2026-09-11,15,139,100,31486.35,175.42
23,2026-09-11,16,151,126,38928.33,160.9
23,2026-09-11,17,579,171,53723.29,358.0
23,2026-09-11,18,237,274,93511.17,444.02
23,2026-09-11,19,88,257,83650.78,227.62
23,2026-09-11,20,50,94,33339.87,86.82
23,2026-09-11,21,0,53,19030.71,34.55
23,2026-09-12,9,470,61,20619.33,209.02
23,2026-09-12,10,119,196,56916.04,321.4
23,2026-09-12,11,165,173,53870.91,192.0
23,2026-09-12,12,577,187,61834.98,363.07
23,2026-09-12,13,151,251,77858.5,397.75
23,2026-09-12,14,161,217,72756.66,206.65
23,2026-09-12,15,155,102,29841.56,166.03
23,2026-09-12,16,177,122,36669.14,191.02
23,2026-09-12,17,647,213,70356.38,402.18
23,2026-09-12,18,300,338,109364.29,494.73
23,2026-09-12,19,93,247,80413.89,277.2
23,2026-09-12,20,54,114,37443.79,112.12
23,2026-09-12,21,0,47,16993.87,39.8
23,2026-09-13,9,431,67,23233.67,190.93
23,2026-09-13,10,134,191,60654.5,288.65
23,2026-09-13,11,150,164,55851.14,164.7
23,2026-09-13,12,603,158,51588.79,371.43
23,2026-09-13,13,130,304,92248.26,406.88
23,2026-09-13,14,145,191,61238.51,200.53
23,2026-09-13,15,132,97,29462.42,153.47
23,2026-09-13,16,148,109,35383.94,152.72
23,2026-09-13,17,556,156,45062.97,345.37
23,2026-09-13,18,294,323,102707.45,446.38
23,2026-09-13,19,89,235,72245.48,245.17
23,2026-09-13,20,44,93,28376.53,92.92
23,2026-09-13,21,0,53,17555.86,34.35
23,2026-09-14,9,360,46,15027.15,154.13
23,2026-09-14,10,118,143,46276.17,256.73
23,2026-09-14,11,124,134,40773.23,153.83
23,2026-09-14,12,480,142,42771.09,311.7
23,2026-09-14,13,99,240,78802.84,321.23
23,2026-09-14,14,110,152,51491.62,146.77
23,2026-09-14,15,108,83,27163.38,123.28
23,2026-09-14,16,95,70,22628.53,129.38
23,2026-09-14,17,489,149,51312.89,286.35
23,2026-09-14,18,230,246,76159.27,362.25
23,2026-09-14,19,79,175,57836.06,203.48
23,2026-09-14,20,39,85,26404.62,84.78
23,2026-09-14,21,0,38,13392.42,32.55
23,2026-09-15,9,382,58,17701.89,184.23
23,2026-09-15,10,123,177,55135.43,247.08
23,2026-09-15,11,129,140,45209.96,159.45
23,2026-09-15,12,570,156,43221.26,346.9
23,2026-09-15,13,131,266,86429.37,384.62
23,2026-09-15,14,101,186,58951.91,172.22
23,2026-09-15,15,129,88,31875.99,134.37
23,2026-09-15,16,128,99,32701.18,136.65
23,2026-09-15,17,533,154,47933.39,336.55
23,2026-09-15,18,236,274,87814.41,417.57
23,2026-09-15,19,92,216,72336.07,228.83
23,2026-09-15,20,45,101,32703.98,99.73
23,2026-09-15,21,0,47,16232.1,35.77
23,2026-09-16,9,391,56,13942.31,170.6
23,2026-09-16,10,149,186,58361.46,281.85
23,2026-09-16,11,130,154,51240.88,176.9
23,2026-09-16,12,503,161,50818.91,322.58
23,2026-09-16,13,158,243,72825.05,356.05
23,2026-09-16,14,128,176,59477.64,182.65
23,2026-09-16,15,156,98,35558.35,161.87
23,2026-09-16,16,150,117,34515.37,170.77
23,2026-09-16,17,549,165,50904.91,353.68
23,2026-09-16,18,270,263,82554.98,454.05
23,2026-09-16,19,86,249,84006.06,248.12
23,2026-09-16,20,51,102,31026.7,95.43
23,2026-09-16,21,0,53,18375.33,32.0
23,2026-09-17,9,373,50,17056.11,169.65
23,2026-09-17,10,124,173,57237.86,256.18
23,2026-09-17,11,109,137,44622.21,157.52
23,2026-09-17,12,485,141,43441.8,283.57
23,2026-09-17,13,136,243,81229.1,349.98
23,2026-09-17,14,128,187,55988.81,178.2
23,2026-09-17,15,124,85,27578.13,130.78
23,2026-09-17,16,115,90,27885.23,131.53
23,2026-09-17,17,519,152,48899.9,316.87
23,2026-09-17,18,248,252,76131.49,408.4
23,2026-09-17,19,68,202,59225.49,211.78
23,2026-09-17,20,48,86,27745.01,91.05
23,2026-09-17,21,0,47,16014.2,36.7
23,2026-09-18,9,443,64,20385.61,206.68
23,2026-09-18,10,153,184,57239.43,319.68
23,2026-09-18,11,136,186,63592.52,192.32
23,2026-09-18,12,574,169,56175.25,355.25
23,2026-09-18,13,134,251,79887.68,395.23
23,2026-09-18,14,133,195,62368.68,190.62
23,2026-09-18,15,140,113,36737.69,148.0
23,2026-09-18,16,128,104,31836.35,146.07
23,2026-09-18,17,584,159,48486.33,344.0
23,2026-09-18,18,284,307,98679.49,448.63
23,2026-09-18,19,98,249,80487.8,253.67
23,2026-09-18,20,53,107,36419.49,104.95
23,2026-09-18,21,0,54,16173.11,33.9
23,2026-09-19,9,443,56,15297.59,198.02
23,2026-09-19,10,145,206,64934.03,321.0
23,2026-09-19,11,145,181,58870.82,210.93
23,2026-09-19,12,635,198,59167.2,370.27
23,2026-09-19,13,166,318,99769.66,436.18
23,2026-09-19,14,147,204,65361.06,212.32
23,2026-09-19,15,169,134,45650.3,182.33
23,2026-09-19,16,183,115,41194.93,185.37
23,2026-09-19,17,607,196,53040.26,398.78
23,2026-09-19,18,312,298,92895.56,495.13
23,2026-09-19,19,95,277,92226.6,269.15
23,2026-09-19,20,49,115,35854.1,92.63
23,2026-09-19,21,0,49,15027.25,33.03
23,2026-09-20,9,408,55,19631.26,178.58
23,2026-09-20,10,154,158,47723.1,300.05
23,2026-09-20,11,140,180,55147.27,199.6
23,2026-09-20,12,561,164,51571.16,344.63
23,2026-09-20,13,118,278,90801.93,379.43
23,2026-09-20,14,145,174,52359.93,183.23
23,2026-09-20,15,123,110,36496.39,144.5
23,2026-09-20,16,145,95,32431.76,134.68
23,2026-09-20,17,539,142,44013.47,323.37
23,2026-09-20,18,259,278,84096.3,441.77
23,2026-09-20,19,59,252,81899.87,234.75
23,2026-09-20,20,49,75,25872.85,78.52
23,2026-09-20,21,0,45,15068.11,33.42
24,2026-08-24,9,313,50,15727.24,147.3
24,2026-08-24,10,120,141,45249.34,224.65
24,2026-08-24,11,131,117,38200.21,154.4
24,2026-08-24,12,510,160,48550.35,323.83
24,2026-08-24,13,110,237,72182.48,351.03
24,2026-08-24,14,99,159,52245.69,160.27
24,2026-08-24,15,107,83,27513.92,110.52
24,2026-08-24,16,109,68,24268.01,120.43
24,2026-08-24,17,473,156,52854.92,296.93
24,2026-08-24,18,260,250,81777.02,380.45
24,2026-08-24,19,58,203,62673.26,201.97
24,2026-08-24,20,51,80,24296.21,84.0
24,2026-08-24,21,0,44,15084.29,32.13
24,2026-08-25,9,382,52,15945.8,174.25
24,2026-08-25,10,117,190,61036.9,269.23
24,2026-08-25,11,134,141,45623.15,155.05
24,2026-08-25,12,517,142,41850.93,324.57
24,2026-08-25,13,138,270,86396.89,365.43
24,2026-08-25,14,114,179,60108.41,184.1
24,2026-08-25,15,128,87,28060.93,129.35
24,2026-08-25,16,100,89,29393.75,123.72
24,2026-08-25,17,549,158,50681.62,320.78
24,2026-08-25,18,248,274,88040.58,412.42
24,2026-08-25,19,74,215,67054.13,211.48
24,2026-08-25,20,42,92,31037.16,86.95
24,2026-08-25,21,0,45,15898.11,29.08
24,2026-08-26,9,392,53,15959.53,184.93
24,2026-08-26,10,121,185,57487.94,259.1
24,2026-08-26,11,150,124,37450.76,173.43
24,2026-08-26,12,533,176,54971.47,347.43
24,2026-08-26,13,124,260,81708.16,362.3
24,2026-08-26,14,132,180,59223.42,184.37
24,2026-08-26,15,160,110,40119.89,156.03
24,2026-08-26,16,121,108,33322.54,142.4
24,2026-08-26,17,527,142,45130.88,318.72
24,2026-08-26,18,272,274,83241.09,413.75
24,2026-08-26,19,79,240,78532.61,244.63
24,2026-08-26,20,54,99,30541.59,100.1
24,2026-08-26,21,0,40,12928.57,34.62
24,2026-08-27,9,441,58,19141.15,197.4
24,2026-08-27,10,135,195,60022.11,303.05
24,2026-08-27,11,133,197,69093.13,160.62
24,2026-08-27,12,524,134,41303.8,306.73
24,2026-08-27,13,132,255,80400.53,362.57
24,2026-08-27,14,145,194,61137.11,189.55
24,2026-08-27,15,134,103,32246.78,153.17
24,2026-08-27,16,142,106,33478.79,152.32
24,2026-08-27,17,513,157,58937.71,327.32
24,2026-08-27,18,259,283,92981.3,406.1
24,2026-08-27,19,81,202,67631.85,230.27
24,2026-08-27,20,43,102,36365.68,86.75
24,2026-08-27,21,0,35,11102.42,28.82
24,2026-08-28,9,452,57,16242.18,189.65
24,2026-08-28,10,146,207,64844.24,320.57
24,2026-08-28,11,151,192,59365.35,201.38
24,2026-08-28,12,568,171,56418.42,353.38
24,2026-08-28,13,143,277,88872.55,381.72
24,2026-08-28,14,147,198,61827.64,192.23
24,2026-08-28,15,140,109,31415.32,155.13
24,2026-08-28,16,126,99,31390.17,139.52
24,2026-08-28,17,594,160,49258.62,354.85
24,2026-08-28,18,288,313,100215.1,482.17
24,2026-08-28,19,81,269,88106.6,247.68
24,2026-08-28,20,52,92,32260.05,94.8
24,2026-08-28,21,0,59,19019.86,45.02
24,2026-08-29,9,526,81,23610.04,237.85
24,2026-08-29,10,138,225,71403.51,358.7
24,2026-08-29,11,164,204,66228.89,195.12
24,2026-08-29,12,661,174,54166.9,413.15
24,2026-08-29,13,154,333,107987.23,437.9
24,2026-08-29,14,174,234,72817.86,227.97
24,2026-08-29,15,159,133,41335.02,189.6
24,2026-08-29,16,157,138,45941.23,170.73
24,2026-08-29,17,689,192,56300.41,411.63
24,2026-08-29,18,332,366,115684.17,536.78
24,2026-08-29,19,102,288,86477.82,292.05
24,2026-08-29,20,52,116,33078.76,122.0
24,2026-08-29,21,0,57,23408.65,38.35
24,2026-08-30,9,476,57,20210.74,217.4
24,2026-08-30,10,183,232,78492.4,350.03
24,2026-08-30,11,157,186,60364.01,211.57
24,2026-08-30,12,671,191,58890.87,414.28
24,2026-08-30,13,165,336,113874.27,469.2
24,2026-08-30,14,165,229,75205.8,221.45
24,2026-08-30,15,154,119,38399.67,167.3
24,2026-08-30,16,148,121,41830.23,164.35
24,2026-08-30,17,705,195,58056.81,406.55
24,2026-08-30,18,356,332,107800.46,564.75
24,2026-08-30,19,90,304,94461.0,318.23
24,2026-08-30,20,61,125,44742.54,115.45
24,2026-08-30,21,0,56,18829.89,44.25
24,2026-08-31,9,389,55,20059.46,184.82
24,2026-08-31,10,96,172,54878.27,261.23
24,2026-08-31,11,111,125,40220.78,133.5
24,2026-08-31,12,443,116,37364.2,282.53
24,2026-08-31,13,128,228,74118.89,323.92
24,2026-08-31,14,128,166,52045.33,161.78
24,2026-08-31,15,113,95,30493.43,133.55
24,2026-08-31,16,132,89,28907.92,126.4
24,2026-08-31,17,527,144,47705.49,324.45
24,2026-08-31,18,245,268,84005.34,420.47
24,2026-08-31,19,82,220,71468.62,230.72
24,2026-08-31,20,45,97,31298.71,91.17
24,2026-08-31,21,0,48,14046.73,37.85
24,2026-09-01,9,366,56,18639.07,167.28
24,2026-09-01,10,117,162,55304.74,261.67
24,2026-09-01,11,120,134,39211.79,145.33
24,2026-09-01,12,523,132,46239.55,310.23
24,2026-09-01,13,114,243,87853.1,379.93
24,2026-09-01,14,124,185,58692.83,176.87
24,2026-09-01,15,131,92,31712.56,139.55
24,2026-09-01,16,118,95,27655.86,128.77
24,2026-09-01,17,519,143,46617.4,322.67
24,2026-09-01,18,236,277,90800.09,413.28
24,2026-09-01,19,85,221,75707.8,231.47
24,2026-09-01,20,50,103,30089.63,94.17
24,2026-09-01,21,0,51,15314.01,35.05
24,2026-09-02,9,404,58,15790.81,181.4
24,2026-09-02,10,133,182,65155.33,262.17
24,2026-09-02,11,134,143,40258.33,179.1
24,2026-09-02,12,534,176,53280.69,329.9
24,2026-09-02,13,138,254,84270.99,368.63
24,2026-09-02,14,131,187,52892.0,195.23
24,2026-09-02,15,101,92,29599.88,139.25
24,2026-09-02,16,142,87,28101.14,140.13
24,2026-09-02,17,508,170,52002.02,299.63
24,2026-09-02,18,259,261,83059.56,398.45
24,2026-09-02,19,80,227,76667.92,221.95
24,2026-09-02,20,39,80,23542.73,79.68
24,2026-09-02,21,0,42,11159.38,28.35
24,2026-09-03,9,468,51,18093.65,206.35
24,2026-09-03,10,157,209,66192.53,330.97
24,2026-09-03,11,139,207,64752.75,202.47
24,2026-09-03,12,529,149,51009.02,334.35
24,2026-09-03,13,139,265,79499.09,358.13
24,2026-09-03,14,142,172,53778.61,193.93
24,2026-09-03,15,158,114,38838.72,165.5
24,2026-09-03,16,136,109,34313.72,154.25
24,2026-09-03,17,526,147,43637.35,323.95
24,2026-09-03,18,284,267,84395.52,444.35
24,2026-09-03,19,97,258,77899.32,254.33
24,2026-09-03,20,72,106,34049.26,110.58
24,2026-09-03,21,0,65,19864.09,52.25
24,2026-09-04,9,454,72,21390.41,197.52
24,2026-09-04,10,134,189,59773.64,303.15
24,2026-09-04,11,162,181,57593.57,201.83
24,2026-09-04,12,614,173,50394.3,375.15
24,2026-09-04,13,140,273,90118.63,435.33
24,2026-09-04,14,180,237,75955.37,222.23
24,2026-09-04,15,160,135,42436.97,174.85
24,2026-09-04,16,149,99,29536.63,170.0
24,2026-09-04,17,636,191,57263.62,395.13
24,2026-09-04,18,311,306,97057.96,504.8
24,2026-09-04,19,98,295,96160.88,280.47
24,2026-09-04,20,42,96,28362.08,105.67
24,2026-09-04,21,0,55,16924.75,29.38
24,2026-09-05,9,486,73,24033.96,233.48
24,2026-09-05,10,137,211,69517.32,322.98
24,2026-09-05,11,177,181,56055.86,196.5
24,2026-09-05,12,625,175,60791.53,379.28
24,2026-09-05,13,146,293,93807.01,418.18
24,2026-09-05,14,138,210,64437.1,194.53
24,2026-09-05,15,159,99,31689.44,147.07
24,2026-09-05,16,143,100,33282.72,171.87
24,2026-09-05,17,632,181,59250.68,399.4
24,2026-09-05,18,308,332,107834.95,505.47
24,2026-09-05,19,83,277,88210.0,265.27
24,2026-09-05,20,48,111,34686.72,95.27
24,2026-09-05,21,0,50,16683.78,32.17
24,2026-09-06,9,436,64,18968.18,202.45
24,2026-09-06,10,160,195,63861.05,315.62
24,2026-09-06,11,130,175,58122.28,190.9
24,2026-09-06,12,599,153,48058.97,374.52
24,2026-09-06,13,155,262,89991.79,419.82
24,2026-09-06,14,150,228,71567.45,220.07
24,2026-09-06,15,145,117,39156.1,157.0
24,2026-09-06,16,151,98,28971.19,162.9
24,2026-09-06,17,609,189,58828.91,376.25
24,2026-09-06,18,300,324,107122.83,468.0
24,2026-09-06,19,92,244,79847.29,251.35
24,2026-09-06,20,72,110,36050.32,110.65
24,2026-09-06,21,0,65,23051.29,52.98
24,2026-09-07,9,374,47,16491.33,167.43
24,2026-09-07,10,118,172,55804.3,258.6
24,2026-09-07,11,137,132,42832.21,159.42
24,2026-09-07,12,510,142,47261.98,321.27
24,2026-09-07,13,150,245,77532.78,383.13
24,2026-09-07,14,156,201,67994.36,210.18
24,2026-09-07,15,132,105,36610.12,163.7
24,2026-09-07,16,115,111,34663.64,138.37
24,2026-09-07,17,533,156,46404.8,314.2
24,2026-09-07,18,286,280,83560.15,431.52
24,2026-09-07,19,70,240,79654.48,230.4
24,2026-09-07,20,60,94,32200.84,89.2
24,2026-09-07,21,0,60,18958.33,37.13
24,2026-09-08,9,354,42,12392.65,161.47
24,2026-09-08,10,117,163,54298.85,262.15
24,2026-09-08,11,110,136,47357.97,153.38
24,2026-09-08,12,448,129,43900.32,284.53
24,2026-09-08,13,116,222,75008.59,305.07
24,2026-09-08,14,129,146,48506.7,159.85
24,2026-09-08,15,107,90,28330.02,131.72
24,2026-09-08,16,112,86,28143.53,119.58
24,2026-09-08,17,417,117,36798.23,246.7
24,2026-09-08,18,215,199,63045.24,348.18
24,2026-09-08,19,86,187,58069.71,208.43
24,2026-09-08,20,39,87,28569.51,86.62
24,2026-09-08,21,0,48,16969.98,30.9
24,2026-09-09,9,340,43,12784.19,144.93
24,2026-09-09,10,117,150,50851.73,250.27
24,2026-09-09,11,118,151,48990.96,149.98
24,2026-09-09,12,459,139,43355.8,271.47
24,2026-09-09,13,109,212,67501.71,326.65
24,2026-09-09,14,102,168,56103.16,155.33
24,2026-09-09,15,109,85,27008.1,122.15
24,2026-09-09,16,105,76,24047.94,117.68
24,2026-09-09,17,450,151,47169.35,276.9
24,2026-09-09,18,221,200,62512.0,350.23
24,2026-09-09,19,80,203,62500.02,207.9
24,2026-09-09,20,50,76,25659.11,83.38
24,2026-09-09,21,0,49,14830.97,36.63
24,2026-09-10,9,430,64,18974.11,203.87
24,2026-09-10,10,124,198,60427.31,298.32
24,2026-09-10,11,115,162,47291.47,148.13
24,2026-09-10,12,551,158,51162.69,316.53
24,2026-09-10,13,134,243,77919.28,372.73
24,2026-09-10,14,129,196,57980.68,194.22
24,2026-09-10,15,142,99,29259.72,148.4
24,2026-09-10,16,138,107,34883.54,142.32
24,2026-09-10,17,540,166,49145.73,338.2
24,2026-09-10,18,257,274,83351.72,431.13
24,2026-09-10,19,77,226,68164.39,242.63
24,2026-09-10,20,56,110,36908.54,92.7
24,2026-09-10,21,0,51,14704.67,36.93
24,2026-09-11,9,440,65,21829.11,198.93
24,2026-09-11,10,141,200,60442.1,311.57
24,2026-09-11,11,145,161,51890.05,172.43
24,2026-09-11,12,613,166,49197.89,372.5
24,2026-09-11,13,135,299,96604.46,432.05
24,2026-09-11,14,162,236,74650.2,210.38
24,2026-09-11,15,146,103,36534.37,164.83
24,2026-09-11,16,122,109,29919.63,161.52
24,2026-09-11,17,611,178,59599.04,353.87
24,2026-09-11,18,285,301,89503.78,477.42
24,2026-09-11,19,108,262,83606.88,261.72
24,2026-09-11,20,55,103,32932.97,112.5
24,2026-09-11,21,0,63,19198.01,47.68
24,2026-09-12,9,481,82,24051.5,212.42
24,2026-09-12,10,153,197,64941.36,330.33
24,2026-09-12,11,187,183,69687.11,220.87
24,2026-09-12,12,642,180,56399.33,395.95
24,2026-09-12,13,142,311,101039.5,465.5
24,2026-09-12,14,159,234,70680.0,214.67
24,2026-09-12,15,166,110,32493.14,171.53
24,2026-09-12,16,148,119,36635.52,175.63
24,2026-09-12,17,649,189,59598.81,392.27
24,2026-09-12,18,321,327,104287.1,510.35
24,2026-09-12,19,118,285,90581.08,294.65
24,2026-09-12,20,58,147,46510.86,109.82
24,2026-09-12,21,0,48,14378.2,37.65
24,2026-09-13,9,431,58,18876.06,187.68
24,2026-09-13,10,155,195,61802.5,306.47
24,2026-09-13,11,140,169,60001.47,189.55
24,2026-09-13,12,576,164,54953.48,360.77
24,2026-09-13,13,141,285,90850.69,398.73
24,2026-09-13,14,150,221,73011.04,205.5
24,2026-09-13,15,158,109,29840.5,166.85
24,2026-09-13,16,149,125,41751.86,171.4
24,2026-09-13,17,599,185,58810.61,367.65
24,2026-09-13,18,260,291,93035.51,456.43
24,2026-09-13,19,83,238,76554.49,223.95
24,2026-09-13,20,46,93,29658.5,93.17
24,2026-09-13,21,0,49,16404.14,33.32
24,2026-09-14,9,393,57,16519.26,187.53
24,2026-09-14,10,116,180,59016.45,257.95
24,2026-09-14,11,132,135,44335.13,153.85
24,2026-09-14,12,515,161,49421.04,326.82
24,2026-09-14,13,125,255,79372.88,351.42
24,2026-09-14,14,115,175,57058.11,155.52
24,2026-09-14,15,130,91,29899.57,132.82
24,2026-09-14,16,96,104,34553.43,125.33
24,2026-09-14,17,481,132,42741.2,267.43
24,2026-09-14,18,228,244,78111.62,374.03
24,2026-09-14,19,81,205,63799.88,201.93
24,2026-09-14,20,49,90,31212.15,80.27
24,2026-09-14,21,0,31,10908.57,29.17
24,2026-09-15,9,393,51,15442.16,180.37
24,2026-09-15,10,118,171,54387.88,278.88
24,2026-09-15,11,141,148,45466.48,172.05
24,2026-09-15,12,553,176,56720.29,333.97
24,2026-09-15,13,104,255,83632.76,356.33
24,2026-09-15,14,135,198,60228.53,169.43
24,2026-09-15,15,116,79,23788.61,138.78
24,2026-09-15,16,109,92,28721.97,132.12
24,2026-09-15,17,565,152,50595.92,316.6
24,2026-09-15,18,276,280,90198.81,449.37
24,2026-09-15,19,96,259,80763.13,246.32
24,2026-09-15,20,45,92,28956.19,89.2
24,2026-09-15,21,0,39,13314.28,30.03
24,2026-09-16,9,434,62,19820.62,196.57
24,2026-09-16,10,138,204,65804.03,295.88
24,2026-09-16,11,149,169,52554.6,171.65
24,2026-09-16,12,605,176,57971.87,358.1
24,2026-09-16,13,154,287,87211.17,419.58
24,2026-09-16,14,157,221,71349.32,214.1
24,2026-09-16,15,154,118,35066.11,178.67
24,2026-09-16,16,159,125,42688.48,161.98
24,2026-09-16,17,598,184,56120.83,375.22
24,2026-09-16,18,243,296,96691.62,444.4
24,2026-09-16,19,83,243,74722.92,225.43
24,2026-09-16,20,62,98,29448.33,92.93
24,2026-09-16,21,0,58,19212.29,38.25
24,2026-09-17,9,416,58,17496.45,187.08
24,2026-09-17,10,152,190,60282.25,298.93
24,2026-09-17,11,141,162,54968.44,192.03
24,2026-09-17,12,590,178,53481.5,374.95
24,2026-09-17,13,137,293,94930.04,413.77
24,2026-09-17,14,136,203,66427.88,194.53
24,2026-09-17,15,147,112,37581.69,161.68
24,2026-09-17,16,121,114,39008.38,147.03
24,2026-09-17,17,588,171,54273.85,346.0
24,2026-09-17,18,275,282,92950.8,430.6
24,2026-09-17,19,73,219,66300.34,252.53
24,2026-09-17,20,39,101,38004.85,87.65
24,2026-09-17,21,0,38,12502.72,27.78
24,2026-09-18,9,407,53,16665.82,183.52
24,2026-09-18,10,157,181,57985.12,298.52
24,2026-09-18,11,158,166,56103.28,198.32
24,2026-09-18,12,601,168,52668.27,376.73
24,2026-09-18,13,159,320,99813.27,415.57
24,2026-09-18,14,150,202,64992.04,205.43
24,2026-09-18,15,141,116,40045.69,172.88
24,2026-09-18,16,146,131,41269.91,159.72
24,2026-09-18,17,614,167,49504.87,370.55
24,2026-09-18,18,355,323,100303.82,516.37
24,2026-09-18,19,105,291,89087.92,315.67
24,2026-09-18,20,55,134,42200.77,114.18
24,2026-09-18,21,0,63,19066.58,42.03
24,2026-09-19,9,451,59,17923.8,196.52
24,2026-09-19,10,151,208,69892.42,316.42
24,2026-09-19,11,152,176,57641.87,195.68
24,2026-09-19,12,598,188,65234.96,369.47
24,2026-09-19,13,165,298,92263.49,396.87
24,2026-09-19,14,154,219,67741.54,214.7
24,2026-09-19,15,128,105,32176.09,156.45
24,2026-09-19,16,160,122,38856.63,161.5
24,2026-09-19,17,605,173,55773.63,361.28
24,2026-09-19,18,300,326,110093.12,477.72
24,2026-09-19,19,95,262,85545.83,273.25
24,2026-09-19,20,53,123,41800.71,106.8
24,2026-09-19,21,0,51,14474.24,35.53
24,2026-09-20,9,447,63,22333.16,204.07
24,2026-09-20,10,126,187,59541.24,300.77
24,2026-09-20,11,138,154,50809.62,177.65
24,2026-09-20,12,554,183,60679.05,327.18
24,2026-09-20,13,133,243,77499.22,380.83
24,2026-09-20,14,138,209,60422.18,190.5
24,2026-09-20,15,163,108,36810.05,150.57
24,2026-09-20,16,135,121,37463.86,164.57
24,2026-09-20,17,603,149,53942.46,368.3
24,2026-09-20,18,265,329,106543.98,459.88
24,2026-09-20,19,88,247,82480.01,241.82
24,2026-09-20,20,53,99,30034.61,102.75
24,2026-09-20,21,0,57,17666.37,40.37
25,2026-08-24,9,391,51,17140.44,176.02
25,2026-08-24,10,127,173,53701.04,277.25
25,2026-08-24,11,138,145,48188.75,174.57
25,2026-08-24,12,533,153,52609.14,318.15
25,2026-08-24,13,143,246,80784.56,379.4
25,2026-08-24,14,138,195,63308.92,200.07
25,2026-08-24,15,117,106,28108.01,141.33
25,2026-08-24,16,148,104,33831.4,139.43
25,2026-08-24,17,556,169,52586.46,340.77
25,2026-08-24,18,277,268,89925.65,420.43
25,2026-08-24,19,83,216,68108.79,244.7
25,2026-08-24,20,45,94,33180.73,94.23
25,2026-08-24,21,0,56,20822.65,40.13
25,2026-08-25,9,351,39,11736.8,151.5
25,2026-08-25,10,106,144,47484.48,251.6
25,2026-08-25,11,98,144,46387.1,140.53
25,2026-08-25,12,418,98,32253.34,256.87
25,2026-08-25,13,95,215,70313.18,286.4
25,2026-08-25,14,115,134,41963.24,132.47
25,2026-08-25,15,121,74,23447.8,130.55
25,2026-08-25,16,98,98,32757.24,126.7
25,2026-08-25,17,488,159,51495.03,295.47
25,2026-08-25,18,231,235,71118.61,370.2
25,2026-08-25,19,81,203,67441.4,217.73
25,2026-08-25,20,45,103,32080.91,90.37
25,2026-08-25,21,0,46,13975.93,31.75
25,2026-08-26,9,420,62,18945.85,192.23
25,2026-08-26,10,126,181,57076.77,271.95
25,2026-08-26,11,136,157,45003.76,170.42
25,2026-08-26,12,545,145,46667.69,337.47
25,2026-08-26,13,121,251,78087.88,363.77
25,2026-08-26,14,134,178,50027.32,191.8
25,2026-08-26,15,135,101,33236.73,151.35
25,2026-08-26,16,152,107,32976.08,161.5
25,2026-08-26,17,534,191,61652.36,329.13
25,2026-08-26,18,270,256,86661.67,424.53
25,2026-08-26,19,72,230,71236.33,243.65
25,2026-08-26,20,60,106,29750.96,93.75
25,2026-08-26,21,0,57,17407.08,44.17
25,2026-08-27,9,440,62,19612.29,209.22
25,2026-08-27,10,152,204,67124.05,316.32
25,2026-08-27,11,136,170,56209.76,191.58
25,2026-08-27,12,562,169,56840.79,346.17
25,2026-08-27,13,142,284,92711.62,376.28
25,2026-08-27,14,143,207,64505.4,203.73
25,2026-08-27,15,147,134,40651.21,153.88
25,2026-08-27,16,114,95,29342.62,133.13
25,2026-08-27,17,562,167,59828.67,331.28
25,2026-08-27,18,304,264,82510.02,454.62
25,2026-08-27,19,91,285,94804.68,268.17
25,2026-08-27,20,57,109,34464.2,103.33
25,2026-08-27,21,0,55,16682.92,40.37
25,2026-08-28,9,548,76,24345.78,250.57
25,2026-08-28,10,165,255,81200.19,357.2
25,2026-08-28,11,185,196,60866.44,233.97
25,2026-08-28,12,733,215,66803.3,457.95
25,2026-08-28,13,179,365,124302.57,491.47
25,2026-08-28,14,183,233,74718.68,236.05
25,2026-08-28,15,178,133,41377.2,189.23
25,2026-08-28,16,181,132,44297.42,188.58
25,2026-08-28,17,741,189,62844.55,467.93
25,2026-08-28,18,366,406,124737.08,605.83
25,2026-08-28,19,109,325,108984.99,305.55
25,2026-08-28,20,67,119,36098.45,121.27
25,2026-08-28,21,0,71,22877.38,49.12
25,2026-08-29,9,528,69,23553.28,236.57
25,2026-08-29,10,157,217,67110.46,379.43
25,2026-08-29,11,189,207,64107.48,236.32
25,2026-08-29,12,708,199,62424.28,448.52
25,2026-08-29,13,178,343,111684.64,495.12
25,2026-08-29,14,188,255,82613.59,251.95
25,2026-08-29,15,188,131,39824.29,207.63
25,2026-08-29,16,181,139,42302.64,195.33
25,2026-08-29,17,769,219,73148.93,447.85
25,2026-08-29,18,341,381,125574.12,586.7
25,2026-08-29,19,106,291,99852.84,309.9
25,2026-08-29,20,84,130,41396.7,132.45
25,2026-08-29,21,0,69,22271.17,49.02
25,2026-08-30,9,490,72,19367.6,216.68
25,2026-08-30,10,146,210,76834.68,332.28
25,2026-08-30,11,157,208,69536.72,198.48
25,2026-08-30,12,601,182,60643.04,358.35
25,2026-08-30,13,171,291,94476.16,432.47
25,2026-08-30,14,193,233,71972.42,241.58
25,2026-08-30,15,140,136,43086.65,188.45
25,2026-08-30,16,133,107,32650.61,162.3
25,2026-08-30,17,641,173,53496.48,380.72
25,2026-08-30,18,313,329,109732.41,504.53
25,2026-08-30,19,90,268,86296.66,282.52
25,2026-08-30,20,63,121,38700.14,113.22
25,2026-08-30,21,0,67,22552.28,48.13
25,2026-08-31,9,476,81,29576.33,223.75
25,2026-08-31,10,151,218,75204.02,308.8
25,2026-08-31,11,148,190,58815.56,185.07
25,2026-08-31,12,636,152,48869.47,383.8
25,2026-08-31,13,148,305,100199.15,445.17
25,2026-08-31,14,144,207,68193.0,215.05
25,2026-08-31,15,151,110,33189.19,168.63
25,2026-08-31,16,133,121,38930.73,157.87
25,2026-08-31,17,647,192,63002.43,379.87
25,2026-08-31,18,325,310,94617.63,516.53
25,2026-08-31,19,85,289,88957.43,283.2
25,2026-08-31,20,62,111,34431.08,103.9
25,2026-08-31,21,0,55,17965.58,34.27
25,2026-09-01,9,453,65,19687.79,210.68
25,2026-09-01,10,149,199,63776.53,318.78
25,2026-09-01,11,129,194,61459.32,181.57
25,2026-09-01,12,547,160,46067.46,334.25
25,2026-09-01,13,145,263,83718.53,379.2
25,2026-09-01,14,138,181,55814.43,198.97
25,2026-09-01,15,146,109,33870.89,162.93
25,2026-09-01,16,111,104,34133.3,147.87
25,2026-09-01,17,533,156,48624.43,317.97
25,2026-09-01,18,290,270,81832.16,433.02
25,2026-09-01,19,65,240,71763.51,229.48
25,2026-09-01,20,45,85,26762.23,87.12
25,2026-09-01,21,0,47,15977.46,37.48
25,2026-09-02,9,460,61,16967.09,205.22
25,2026-09-02,10,142,206,66752.32,328.13
25,2026-09-02,11,140,195,56015.81,198.18
25,2026-09-02,12,599,164,54213.4,362.5
25,2026-09-02,13,136,280,92178.22,398.73
25,2026-09-02,14,141,183,56231.03,194.82
25,2026-09-02,15,129,108,32474.42,160.82
25,2026-09-02,16,154,107,35125.49,152.5
25,2026-09-02,17,597,180,56204.55,359.37
25,2026-09-02,18,285,308,99809.44,461.88
25,2026-09-02,19,94,259,88318.06,244.67
25,2026-09-02,20,57,94,31976.34,103.9
25,2026-09-02,21,0,55,20661.18,41.23
25,2026-09-03,9,384,61,20696.43,185.27
25,2026-09-03,10,124,172,53883.8,256.82
25,2026-09-03,11,154,147,47785.88,175.18
25,2026-09-03,12,580,168,53108.65,360.33
25,2026-09-03,13,143,304,95666.55,389.07
25,2026-09-03,14,129,178,55575.21,194.78
25,2026-09-03,15,122,107,35133.47,141.32
25,2026-09-03,16,137,105,34686.74,144.13
25,2026-09-03,17,578,169,55994.25,333.4
25,2026-09-03,18,278,308,104492.65,464.65
25,2026-09-03,19,82,257,84251.64,246.12
25,2026-09-03,20,52,97,34045.26,96.92
25,2026-09-03,21,0,55,16337.47,35.42
25,2026-09-04,9,470,61,18364.96,217.05
25,2026-09-04,10,126,206,68791.79,319.33
25,2026-09-04,11,144,180,57086.02,180.32
25,2026-09-04,12,676,168,55459.25,392.1
25,2026-09-04,13,144,296,96993.54,471.37
25,2026-09-04,14,162,246,78269.72,221.85
25,2026-09-04,15,169,112,38662.38,178.88
25,2026-09-04,16,145,129,40123.05,175.3
25,2026-09-04,17,645,177,54770.13,381.88
25,2026-09-04,18,295,321,104271.55,509.82
25,2026-09-04,19,87,275,82190.67,255.6
25,2026-09-04,20,53,93,27729.75,87.88
25,2026-09-04,21,0,45,11692.95,37.13
25,2026-09-05,9,474,56,20011.71,215.15
25,2026-09-05,10,169,217,68363.44,347.77
25,2026-09-05,11,165,208,66940.1,223.98
25,2026-09-05,12,663,211,66806.76,408.37
25,2026-09-05,13,165,312,101598.65,462.6
25,2026-09-05,14,167,243,78509.26,228.48
25,2026-09-05,15,182,125,40464.53,191.97
25,2026-09-05,16,166,133,42921.79,191.08
25,2026-09-05,17,658,219,66335.64,409.8
25,2026-09-05,18,350,335,108372.66,526.9
25,2026-09-05,19,125,293,93836.98,320.57
25,2026-09-05,20,54,143,41479.49,121.78
25,2026-09-05,21,0,57,22422.22,40.42
25,2026-09-06,9,511,72,21148.64,230.95
25,2026-09-06,10,165,217,72838.58,350.95
25,2026-09-06,11,195,204,64392.0,241.18
25,2026-09-06,12,716,213,65489.34,453.73
25,2026-09-06,13,178,348,115028.9,491.88
25,2026-09-06,14,173,246,71444.17,228.82
25,2026-09-06,15,186,133,38581.08,187.52
25,2026-09-06,16,171,129,42497.54,194.2
25,2026-09-06,17,744,229,76066.66,444.08
25,2026-09-06,18,394,392,129758.36,594.42
25,2026-09-06,19,127,316,97890.09,329.43
25,2026-09-06,20,62,132,44140.47,139.92
25,2026-09-06,21,0,76,26474.64,46.35
25,2026-09-07,9,399,60,18313.14,181.18
25,2026-09-07,10,113,163,58820.0,272.17
25,2026-09-07,11,139,172,57341.39,169.4
25,2026-09-07,12,514,118,36783.2,311.22
25,2026-09-07,13,146,258,80582.41,369.55
25,2026-09-07,14,140,191,63865.09,201.65
25,2026-09-07,15,168,127,41982.47,176.42
25,2026-09-07,16,122,112,37228.14,159.8
25,2026-09-07,17,533,155,50548.79,340.2
25,2026-09-07,18,252,291,94514.03,430.02
25,2026-09-07,19,80,228,70040.17,218.03
25,2026-09-07,20,44,91,26620.78,85.55
25,2026-09-07,21,0,53,15282.43,35.08
25,2026-09-08,9,328,50,13690.65,155.22
25,2026-09-08,10,100,158,48770.32,218.78
25,2026-09-08,11,129,119,35729.73,131.3
25,2026-09-08,12,474,138,41642.47,291.1
25,2026-09-08,13,116,235,75133.04,311.65
25,2026-09-08,14,123,157,48456.47,165.0
25,2026-09-08,15,117,87,27687.41,133.07
25,2026-09-08,16,108,85,28520.56,120.77
25,2026-09-08,17,523,141,43139.1,302.22
25,2026-09-08,18,223,274,87481.53,396.07
25,2026-09-08,19,63,209,65747.9,208.1
25,2026-09-08,20,35,89,28332.15,65.75
25,2026-09-08,21,0,37,10533.77,32.53
25,2026-09-09,9,386,60,19418.56,179.52
25,2026-09-09,10,133,172,56196.37,264.8
25,2026-09-09,11,127,128,40258.35,173.75
25,2026-09-09,12,511,148,47851.95,315.35
25,2026-09-09,13,111,252,82658.98,346.68
25,2026-09-09,14,142,180,64000.26,174.87
25,2026-09-09,15,141,89,30502.16,159.33
25,2026-09-09,16,137,127,39093.81,147.42
25,2026-09-09,17,546,142,44134.45,330.75
25,2026-09-09,18,276,282,90102.69,438.58
25,2026-09-09,19,65,248,81707.19,232.87
25,2026-09-09,20,60,87,24840.37,96.67
25,2026-09-09,21,0,50,17122.53,40.8
25,2026-09-10,9,417,60,16210.3,185.83
25,2026-09-10,10,121,198,63621.88,268.43
25,2026-09-10,11,124,142,46003.28,166.75
25,2026-09-10,12,564,154,42869.27,341.08
25,2026-09-10,13,123,255,84302.1,379.65
25,2026-09-10,14,136,186,59345.89,185.55
25,2026-09-10,15,119,100,33026.51,141.53
25,2026-09-10,16,127,91,31192.95,128.17
25,2026-09-10,17,544,155,46082.56,324.05
25,2026-09-10,18,246,278,89084.56,408.48
25,2026-09-10,19,80,211,68352.69,211.63
25,2026-09-10,20,42,78,24012.75,92.25
25,2026-09-10,21,0,44,15758.66,33.33
25,2026-09-11,9,416,60,18029.85,176.9
25,2026-09-11,10,148,193,55384.67,292.88
25,2026-09-11,11,154,168,56562.48,201.18
25,2026-09-11,12,593,174,57103.58,343.72
25,2026-09-11,13,153,283,86977.97,408.78
25,2026-09-11,14,141,219,72634.94,204.03
25,2026-09-11,15,180,99,30512.49,178.68
25,2026-09-11,16,147,121,37093.32,163.7
25,2026-09-11,17,578,194,61392.2,339.1
25,2026-09-11,18,316,297,98752.27,482.2
25,2026-09-11,19,74,263,80424.51,256.13
25,2026-09-11,20,52,99,28934.37,97.73
25,2026-09-11,21,0,43,13320.51,31.37
25,2026-09-12,9,497,84,27827.42,226.82
25,2026-09-12,10,175,225,70543.47,350.2
25,2026-09-12,11,149,180,54763.73,199.3
25,2026-09-12,12,705,188,57830.39,417.82
25,2026-09-12,13,152,340,109851.42,483.07
25,2026-09-12,14,161,239,74145.83,226.17
25,2026-09-12,15,160,127,38605.26,171.63
25,2026-09-12,16,157,117,38669.11,164.08
25,2026-09-12,17,691,183,55325.53,392.53
25,2026-09-12,18,376,341,112994.33,579.42
25,2026-09-12,19,96,345,112942.95,302.78
25,2026-09-12,20,65,100,35010.89,107.07
25,2026-09-12,21,0,63,18738.8,42.75
25,2026-09-13,9,509,80,23433.49,223.58
25,2026-09-13,10,154,221,68109.69,354.97
25,2026-09-13,11,166,190,61018.87,199.35
25,2026-09-13,12,622,177,58162.33,385.07
25,2026-09-13,13,154,314,97907.32,428.25
25,2026-09-13,14,162,221,73392.24,222.22
25,2026-09-13,15,194,122,40326.04,190.12
25,2026-09-13,16,144,128,42258.47,190.43
25,2026-09-13,17,665,201,65738.17,397.23
25,2026-09-13,18,322,355,119060.82,521.4
25,2026-09-13,19,99,272,88776.23,271.6
25,2026-09-13,20,61,103,36286.46,109.15
25,2026-09-13,21,0,61,21505.86,44.27
25,2026-09-14,9,364,67,19234.39,160.53
25,2026-09-14,10,149,148,47939.57,258.35
25,2026-09-14,11,126,166,51161.26,173.83
25,2026-09-14,12,518,145,43629.54,316.65
25,2026-09-14,13,132,261,81431.69,345.85
25,2026-09-14,14,101,180,61050.55,155.8
25,2026-09-14,15,133,89,28569.03,124.32
25,2026-09-14,16,117,82,24851.75,138.02
25,2026-09-14,17,466,151,44774.07,285.03
25,2026-09-14,18,243,234,70724.75,359.82
25,2026-09-14,19,82,192,62923.28,227.87
25,2026-09-14,20,54,105,33154.54,94.38
25,2026-09-14,21,0,41,11395.6,37.2
25,2026-09-15,9,406,65,18377.91,182.73
25,2026-09-15,10,145,188,61771.0,280.02
25,2026-09-15,11,146,152,47766.11,186.02
25,2026-09-15,12,541,174,58993.5,351.78
25,2026-09-15,13,112,270,88955.35,373.3
25,2026-09-15,14,143,171,57217.89,176.25
25,2026-09-15,15,146,110,31764.98,150.3
25,2026-09-15,16,142,112,35824.68,153.33
25,2026-09-15,17,571,166,51055.67,328.35
25,2026-09-15,18,242,281,89813.06,434.67
25,2026-09-15,19,87,237,80719.44,229.28
25,2026-09-15,20,49,104,36820.9,103.38
25,2026-09-15,21,0,50,17022.83,36.65
25,2026-09-16,9,409,50,15732.83,182.75
25,2026-09-16,10,122,175,55478.65,297.13
25,2026-09-16,11,134,170,55625.8,171.4
25,2026-09-16,12,574,157,47644.53,345.55
25,2026-09-16,13,128,267,83651.67,391.6
25,2026-09-16,14,151,212,70458.62,196.07
25,2026-09-16,15,137,104,31480.75,143.75
25,2026-09-16,16,125,103,34525.53,150.38
25,2026-09-16,17,548,131,41327.18,329.2
25,2026-09-16,18,299,302,95924.53,469.6
25,2026-09-16,19,87,256,77594.33,255.18
25,2026-09-16,20,55,108,34720.66,97.92
25,2026-09-16,21,0,49,16169.49,36.03
25,2026-09-17,9,473,73,22012.19,213.07
25,2026-09-17,10,123,200,62705.16,312.98
25,2026-09-17,11,138,175,55231.49,174.15
25,2026-09-17,12,589,152,45159.88,342.05
25,2026-09-17,13,137,275,94935.54,413.6
25,2026-09-17,14,158,197,67117.05,199.68
25,2026-09-17,15,154,109,37899.59,172.08
25,2026-09-17,16,161,112,34721.16,181.95
25,2026-09-17,17,600,169,53585.94,382.52
25,2026-09-17,18,342,340,113745.94,502.85
25,2026-09-17,19,93,267,84652.46,293.47
25,2026-09-17,20,61,127,40406.31,117.32
25,2026-09-17,21,0,53,20395.69,41.47
25,2026-09-18,9,436,57,18032.68,193.65
25,2026-09-18,10,144,182,54319.46,312.15
25,2026-09-18,11,169,180,53591.5,203.12
25,2026-09-18,12,626,172,55879.02,382.27
25,2026-09-18,13,132,306,106716.72,430.5
25,2026-09-18,14,164,191,57394.04,213.57
25,2026-09-18,15,178,122,41699.57,194.53
25,2026-09-18,16,164,129,42381.49,189.32
25,2026-09-18,17,625,192,63176.76,383.98
25,2026-09-18,18,361,332,114456.62,543.05
25,2026-09-18,19,81,304,101708.51,305.77
25,2026-09-18,20,66,129,40870.33,114.25
25,2026-09-18,21,0,60,21318.73,43.9
25,2026-09-19,9,484,64,20905.66,218.63
25,2026-09-19,10,170,219,66816.19,358.57
25,2026-09-19,11,184,202,65455.5,223.73
25,2026-09-19,12,661,207,66205.98,419.97
25,2026-09-19,13,154,328,102869.41,445.93
25,2026-09-19,14,174,227,76635.87,221.25
25,2026-09-19,15,156,124,39722.56,188.13
25,2026-09-19,16,162,131,41226.07,169.67
25,2026-09-19,17,672,194,59688.74,419.12
25,2026-09-19,18,334,359,112235.18,535.13
25,2026-09-19,19,97,296,98557.35,276.92
25,2026-09-19,20,55,102,34377.04,101.32
25,2026-09-19,21,0,55,18739.46,43.95
25,2026-09-20,9,457,61,24900.78,212.62
25,2026-09-20,10,142,219,66408.06,297.25
25,2026-09-20,11,146,160,52197.66,178.12
25,2026-09-20,12,551,159,48666.79,349.83
25,2026-09-20,13,133,261,82785.65,362.93
25,2026-09-20,14,128,203,67838.02,177.6
25,2026-09-20,15,143,90,30257.27,142.78
25,2026-09-20,16,140,108,35573.46,155.75
25,2026-09-20,17,589,170,53925.59,356.0
25,2026-09-20,18,334,320,102794.84,495.98
25,2026-09-20,19,94,281,89283.63,289.2
25,2026-09-20,20,63,109,34709.61,111.23
25,2026-09-20,21,0,55,17032.53,41.77
26,2026-08-24,9,355,54,17992.86,153.88
26,2026-08-24,10,111,167,51871.42,238.68
26,2026-08-24,11,128,130,39658.37,156.67
26,2026-08-24,12,453,146,46290.1,285.63
26,2026-08-24,13,94,215,64199.57,304.1
26,2026-08-24,14,112,160,54167.97,145.2
26,2026-08-24,15,104,86,22978.32,113.23
26,2026-08-24,16,107,81,24063.51,115.58
26,2026-08-24,17,512,138,46890.43,303.75
26,2026-08-24,18,234,242,82206.9,393.15
26,2026-08-24,19,68,208,67602.24,206.68
26,2026-08-24,20,44,88,29723.61,78.55
26,2026-08-24,21,0,35,9667.21,30.45
26,2026-08-25,9,360,55,17596.24,168.73
26,2026-08-25,10,143,171,53340.56,247.87
26,2026-08-25,11,114,134,44429.89,164.18
26,2026-08-25,12,452,139,39677.68,276.2
26,2026-08-25,13,98,209,64623.09,303.13
26,2026-08-25,14,100,156,47508.25,143.75
26,2026-08-25,15,118,78,24738.63,115.35
26,2026-08-25,16,111,80,25348.4,127.15
26,2026-08-25,17,503,141,46753.0,296.02
26,2026-08-25,18,225,245,76610.65,384.78
26,2026-08-25,19,69,212,66842.24,211.95
26,2026-08-25,20,53,79,27756.09,84.85
26,2026-08-25,21,0,52,14853.36,36.45
26,2026-08-26,9,329,50,14301.51,140.98
26,2026-08-26,10,98,138,44106.49,226.92
26,2026-08-26,11,105,134,43926.1,135.05
26,2026-08-26,12,445,126,36961.23,254.07
26,2026-08-26,13,111,218,69452.82,303.05
26,2026-08-26,14,99,153,48819.01,143.65
26,2026-08-26,15,99,71,22451.96,105.75
26,2026-08-26,16,101,84,25955.7,112.62
26,2026-08-26,17,441,116,35015.05,263.17
26,2026-08-26,18,206,233,74223.33,359.97
26,2026-08-26,19,73,195,63525.78,189.35
26,2026-08-26,20,38,77,26326.26,77.52
26,2026-08-26,21,0,39,13703.98,28.23
26,2026-08-27,9,344,48,13336.97,154.23
26,2026-08-27,10,134,145,46444.72,244.8
26,2026-08-27,11,100,131,41929.57,152.15
26,2026-08-27,12,498,147,47489.19,297.65
26,2026-08-27,13,107,220,63242.33,334.25
26,2026-08-27,14,122,173,56594.58,164.43
26,2026-08-27,15,113,81,26441.11,121.42
26,2026-08-27,16,132,90,29763.13,132.13
26,2026-08-27,17,492,147,48720.85,310.7
26,2026-08-27,18,257,248,76744.14,389.57
26,2026-08-27,19,73,220,71104.04,219.55
26,2026-08-27,20,45,97,27387.15,89.07
26,2026-08-27,21,0,35,12346.92,29.43
26,2026-08-28,9,423,55,16116.98,202.07
26,2026-08-28,10,102,183,57964.82,278.28
26,2026-08-28,11,125,166,55725.7,152.83
26,2026-08-28,12,507,133,37844.67,315.13
26,2026-08-28,13,124,245,73542.92,347.92
26,2026-08-28,14,142,172,52678.8,183.17
26,2026-08-28,15,142,106,35233.97,151.22
26,2026-08-28,16,127,107,33851.9,146.72
26,2026-08-28,17,561,154,50668.05,337.83
26,2026-08-28,18,250,299,97084.28,434.55
26,2026-08-28,19,78,235,77656.28,234.25
26,2026-08-28,20,42,90,29186.46,93.0
26,2026-08-28,21,0,46,13283.38,31.05
26,2026-08-29,9,501,80,27730.14,226.98
26,2026-08-29,10,175,231,79289.18,351.17
26,2026-08-29,11,165,178,62338.84,218.48
26,2026-08-29,12,656,195,60565.27,419.05
26,2026-08-29,13,165,327,102150.65,462.72
26,2026-08-29,14,177,225,78882.55,236.87
26,2026-08-29,15,156,127,41073.26,188.07
26,2026-08-29,16,160,122,38474.2,168.85
26,2026-08-29,17,677,193,64886.34,413.23
26,2026-08-29,18,329,361,118260.51,552.8
26,2026-08-29,19,101,304,95182.88,285.93
26,2026-08-29,20,56,100,29917.08,114.27
26,2026-08-29,21,0,57,19570.4,47.78
26,2026-08-30,9,443,56,16954.34,209.7
26,2026-08-30,10,141,203,64866.66,305.38
26,2026-08-30,11,147,154,48293.04,185.25
26,2026-08-30,12,574,167,56894.63,350.37
26,2026-08-30,13,121,279,86205.08,386.73
26,2026-08-30,14,134,199,62239.03,182.55
26,2026-08-30,15,174,104,30573.69,159.68
26,2026-08-30,16,149,109,36028.95,180.78
26,2026-08-30,17,588,184,57927.96,374.17
26,2026-08-30,18,295,306,97305.71,487.67
26,2026-08-30,19,99,254,85432.52,270.32
26,2026-08-30,20,51,112,38407.95,103.4
26,2026-08-30,21,0,52,14480.93,43.6
26,2026-08-31,9,352,52,18505.04,162.62
26,2026-08-31,10,129,155,47494.31,251.57
26,2026-08-31,11,133,145,44266.54,175.23
26,2026-08-31,12,490,160,53476.92,304.82
26,2026-08-31,13,130,227,74489.18,333.32
26,2026-08-31,14,132,170,55341.51,165.7
26,2026-08-31,15,123,92,27354.29,142.25
26,2026-08-31,16,119,95,27866.99,138.93
26,2026-08-31,17,515,145,49059.04,316.73
26,2026-08-31,18,242,253,79808.01,391.67
26,2026-08-31,19,92,200,61353.06,231.35
26,2026-08-31,20,57,107,33911.15,99.87
26,2026-08-31,21,0,51,15228.08,40.85
26,2026-09-01,9,363,44,13361.39,163.4
26,2026-09-01,10,119,163,51437.07,264.05
26,2026-09-01,11,132,158,50515.26,161.48
26,2026-09-01,12,524,151,49513.7,306.4
26,2026-09-01,13,117,235,70946.82,365.38
26,2026-09-01,14,126,177,58546.53,184.32
26,2026-09-01,15,136,95,29042.79,136.15
26,2026-09-01,16,122,105,32871.97,137.07
26,2026-09-01,17,519,156,47525.93,307.15
26,2026-09-01,18,253,248,82691.19,410.8
26,2026-09-01,19,62,221,68431.45,220.02
26,2026-09-01,20,57,83,28899.26,81.13
26,2026-09-01,21,0,46,13803.87,35.53
26,2026-09-02,9,355,41,15209.26,171.1
26,2026-09-02,10,139,168,53985.26,254.93
26,2026-09-02,11,148,148,48927.95,180.93
26,2026-09-02,12,555,177,56512.78,339.73
26,2026-09-02,13,109,259,81979.98,369.35
26,2026-09-02,14,135,173,60083.42,165.43
26,2026-09-02,15,128,94,31719.15,140.13
26,2026-09-02,16,132,103,31296.03,148.47
26,2026-09-02,17,574,159,49353.98,336.83
26,2026-09-02,18,301,297,96641.62,460.15
26,2026-09-02,19,76,262,84583.8,253.63
26,2026-09-02,20,48,92,29107.65,74.83
26,2026-09-02,21,0,39,12960.72,30.35
26,2026-09-03,9,338,48,17680.06,153.05
26,2026-09-03,10,140,147,47047.67,247.6
26,2026-09-03,11,113,136,42671.93,171.55
26,2026-09-03,12,472,132,41854.12,299.63
26,2026-09-03,13,120,245,79138.1,328.0
26,2026-09-03,14,114,166,55755.15,160.73
26,2026-09-03,15,144,96,30853.15,140.52
26,2026-09-03,16,128,93,30249.34,153.8
26,2026-09-03,17,506,149,48155.88,313.78
26,2026-09-03,18,267,288,91729.74,417.05
26,2026-09-03,19,87,237,77342.29,237.45
26,2026-09-03,20,49,90,29881.75,89.48
26,2026-09-03,21,0,47,14664.28,32.12
26,2026-09-04,9,484,77,28474.95,211.35
26,2026-09-04,10,144,203,68964.85,328.93
26,2026-09-04,11,188,191,60987.83,216.15
26,2026-09-04,12,602,196,62735.62,397.52
26,2026-09-04,13,152,288,93445.2,400.33
26,2026-09-04,14,162,207,70811.68,219.37
26,2026-09-04,15,151,111,31627.47,168.62
26,2026-09-04,16,175,127,40133.97,176.87
26,2026-09-04,17,666,205,63755.01,417.12
26,2026-09-04,18,293,362,115080.79,498.5
26,2026-09-04,19,89,254,81123.89,258.9
26,2026-09-04,20,80,108,35533.58,118.32
26,2026-09-04,21,0,59,17824.91,49.93
26,2026-09-05,9,455,57,20170.7,205.42
26,2026-09-05,10,164,209,65365.33,327.98
26,2026-09-05,11,141,199,69006.91,198.28
26,2026-09-05,12,557,155,49643.4,324.12
26,2026-09-05,13,164,247,75519.03,414.0
26,2026-09-05,14,144,211,64778.79,221.45
26,2026-09-05,15,145,118,39511.22,168.75
26,2026-09-05,16,145,122,38350.76,166.22
26,2026-09-05,17,594,181,53116.71,364.97
26,2026-09-05,18,303,322,102264.05,464.35
26,2026-09-05,19,98,235,77210.03,276.18
26,2026-09-05,20,57,126,37276.01,118.9
26,2026-09-05,21,0,51,18835.14,43.07
26,2026-09-06,9,476,80,26354.77,212.22
26,2026-09-06,10,166,203,63334.77,349.8
26,2026-09-06,11,152,201,66123.41,208.22
26,2026-09-06,12,649,186,61897.41,399.0
26,2026-09-06,13,141,311,106053.66,425.72
26,2026-09-06,14,147,214,71824.85,201.25
26,2026-09-06,15,161,113,37995.47,171.32
26,2026-09-06,16,158,129,42435.54,162.38
26,2026-09-06,17,684,198,61844.17,394.23
26,2026-09-06,18,286,346,115579.3,522.07
26,2026-09-06,19,99,264,81769.69,257.88
26,2026-09-06,20,60,110,38892.02,105.6
26,2026-09-06,21,0,57,18423.34,41.68
26,2026-09-07,9,356,41,12727.38,147.62
26,2026-09-07,10,116,157,53908.42,251.72
26,2026-09-07,11,126,148,52866.0,162.75
26,2026-09-07,12,457,147,43696.22,304.78
26,2026-09-07,13,119,229,73714.55,310.72
26,2026-09-07,14,122,147,46006.93,159.32
26,2026-09-07,15,110,72,23232.34,130.55
26,2026-09-07,16,103,97,31533.38,121.73
26,2026-09-07,17,506,142,45161.69,289.78
26,2026-09-07,18,255,267,83813.05,396.88
26,2026-09-07,19,68,220,65928.46,221.18
26,2026-09-07,20,36,94,33273.78,78.9
26,2026-09-07,21,0,31,9668.92,28.9
26,2026-09-08,9,391,52,15061.95,171.4
26,2026-09-08,10,124,169,48158.77,269.13
26,2026-09-08,11,130,160,50520.38,164.5
26,2026-09-08,12,518,138,46061.1,309.25
26,2026-09-08,13,104,236,75209.73,350.8
26,2026-09-08,14,118,170,51292.28,161.92
26,2026-09-08,15,119,91,28927.69,132.83
26,2026-09-08,16,121,94,30662.13,126.35
26,2026-09-08,17,456,141,46003.49,287.73
26,2026-09-08,18,262,233,71464.39,360.82
26,2026-09-08,19,92,208,67974.5,228.55
26,2026-09-08,20,39,109,36618.21,91.18
26,2026-09-08,21,0,37,12108.92,25.88
26,2026-09-09,9,371,49,15393.57,168.52
26,2026-09-09,10,143,156,45964.75,283.92
26,2026-09-09,11,121,172,53771.26,169.08
26,2026-09-09,12,510,147,45844.77,298.85
26,2026-09-09,13,128,245,75441.2,334.87
26,2026-09-09,14,147,173,54363.71,176.35
26,2026-09-09,15,141,103,29861.34,153.52
26,2026-09-09,16,156,107,32259.07,158.62
26,2026-09-09,17,573,176,56501.2,354.35
26,2026-09-09,18,269,298,94124.09,453.9
26,2026-09-09,19,82,237,72760.77,237.73
26,2026-09-09,20,59,95,33165.39,98.03
26,2026-09-09,21,0,58,16126.74,44.68
26,2026-09-10,9,386,54,18000.71,175.25
26,2026-09-10,10,143,173,54529.95,271.08
26,2026-09-10,11,107,152,50274.55,155.93
26,2026-09-10,12,521,140,43930.14,304.55
26,2026-09-10,13,115,230,71595.49,346.42
26,2026-09-10,14,129,173,54463.36,168.87
26,2026-09-10,15,138,92,25952.64,135.77
26,2026-09-10,16,120,87,26475.14,143.42
26,2026-09-10,17,517,157,47286.31,306.45
26,2026-09-10,18,250,260,78818.78,407.43
26,2026-09-10,19,70,214,62502.76,209.32
26,2026-09-10,20,29,79,26298.41,70.47
26,2026-09-10,21,0,32,10348.65,24.53
26,2026-09-11,9,446,50,15580.78,212.03
26,2026-09-11,10,134,223,72100.15,303.88
26,2026-09-11,11,155,153,46370.65,199.55
26,2026-09-11,12,619,169,51701.66,385.15
26,2026-09-11,13,141,314,98401.06,420.35
26,2026-09-11,14,149,202,65199.83,207.08
26,2026-09-11,15,165,111,35247.71,172.37
26,2026-09-11,16,132,120,38497.83,166.58
26,2026-09-11,17,655,179,59551.57,387.28
26,2026-09-11,18,304,349,109266.99,514.15
26,2026-09-11,19,98,283,90981.63,259.9
26,2026-09-11,20,51,101,33923.19,107.55
26,2026-09-11,21,0,57,15988.12,37.37
26,2026-09-12,9,501,63,18836.27,235.52
26,2026-09-12,10,135,233,72951.75,343.85
26,2026-09-12,11,173,179,57137.92,195.43
26,2026-09-12,12,675,217,73431.41,415.1
26,2026-09-12,13,157,313,98947.6,453.02
26,2026-09-12,14,171,231,70233.6,230.6
26,2026-09-12,15,175,130,39598.97,175.87
26,2026-09-12,16,159,126,42638.46,172.12
26,2026-09-12,17,690,203,63447.4,409.52
26,2026-09-12,18,322,364,121927.08,526.12
26,2026-09-12,19,96,272,87141.66,291.43
26,2026-09-12,20,62,114,33982.57,123.03
26,2026-09-12,21,0,59,16715.39,42.53
26,2026-09-13,9,491,65,22261.39,220.97
26,2026-09-13,10,147,213,65453.78,343.12
26,2026-09-13,11,137,190,59948.12,186.6
26,2026-09-13,12,590,162,45276.56,347.97
26,2026-09-13,13,143,294,92381.76,421.93
26,2026-09-13,14,143,219,71593.55,214.52
26,2026-09-13,15,170,111,36760.35,166.73
26,2026-09-13,16,164,117,33368.08,178.03
26,2026-09-13,17,631,186,65400.9,401.03
26,2026-09-13,18,292,351,109126.61,505.72
26,2026-09-13,19,98,268,82874.07,250.63
26,2026-09-13,20,59,116,35028.11,103.98
26,2026-09-13,21,0,57,17485.34,38.68
26,2026-09-14,9,393,48,13228.67,180.47
26,2026-09-14,10,129,190,56664.99,264.25
26,2026-09-14,11,114,130,41920.48,161.23
26,2026-09-14,12,533,131,42166.35,313.75
26,2026-09-14,13,120,256,77973.4,369.65
26,2026-09-14,14,120,182,56619.54,182.17
26,2026-09-14,15,131,99,29301.03,137.8
26,2026-09-14,16,124,93,29489.69,143.5
26,2026-09-14,17,571,157,48564.43,334.55
26,2026-09-14,18,246,288,97943.54,448.75
26,2026-09-14,19,65,228,68718.49,226.92
26,2026-09-14,20,53,84,26179.42,96.05
26,2026-09-14,21,0,49,17490.9,31.52
26,2026-09-15,9,357,61,21526.6,165.4
26,2026-09-15,10,108,150,47742.41,245.58
26,2026-09-15,11,136,135,42627.46,151.78
26,2026-09-15,12,503,128,39549.29,326.93
26,2026-09-15,13,123,271,83324.45,343.7
26,2026-09-15,14,113,175,54927.95,161.98
26,2026-09-15,15,138,89,32024.18,134.15
26,2026-09-15,16,134,99,29030.99,146.13
26,2026-09-15,17,514,161,47277.48,331.05
26,2026-09-15,18,242,275,88931.97,399.78
26,2026-09-15,19,73,211,69392.13,202.4
26,2026-09-15,20,51,87,28714.89,89.03
26,2026-09-15,21,0,43,12884.28,32.53
26,2026-09-16,9,378,58,16207.99,171.77
26,2026-09-16,10,122,164,52502.47,254.45
26,2026-09-16,11,131,141,46204.69,149.93
26,2026-09-16,12,509,152,51450.91,311.33
26,2026-09-16,13,121,229,75369.8,339.9
26,2026-09-16,14,123,180,55570.04,180.68
26,2026-09-16,15,114,104,29910.68,140.83
26,2026-09-16,16,145,87,29479.96,143.6
26,2026-09-16,17,546,174,56226.74,334.93
26,2026-09-16,18,258,271,84919.61,411.68
26,2026-09-16,19,64,230,75027.8,220.98
26,2026-09-16,20,62,99,29832.7,91.48
26,2026-09-16,21,0,43,13979.2,35.32
26,2026-09-17,9,419,59,19862.72,203.6
26,2026-09-17,10,144,190,59759.14,298.65
26,2026-09-17,11,153,168,57077.28,182.12
26,2026-09-17,12,550,172,56444.95,343.47
26,2026-09-17,13,130,272,89528.66,383.42
26,2026-09-17,14,127,199,64587.65,176.45
26,2026-09-17,15,144,95,32083.46,153.02
26,2026-09-17,16,133,103,32432.41,143.1
26,2026-09-17,17,558,143,52713.7,335.02
26,2026-09-17,18,307,306,93112.25,469.05
26,2026-09-17,19,61,245,78951.16,255.82
26,2026-09-17,20,59,97,28423.07,82.52
26,2026-09-17,21,0,50,14900.28,38.03
26,2026-09-18,9,474,61,17297.91,201.53
26,2026-09-18,10,161,220,73585.91,348.22
26,2026-09-18,11,162,193,58554.68,212.2
26,2026-09-18,12,637,199,64205.66,393.95
26,2026-09-18,13,153,307,97280.98,440.43
26,2026-09-18,14,166,200,59634.67,219.08
26,2026-09-18,15,158,119,38885.09,189.38
26,2026-09-18,16,171,135,43016.91,180.0
26,2026-09-18,17,678,189,55871.1,419.33
26,2026-09-18,18,294,363,118363.13,529.95
26,2026-09-18,19,87,270,88742.41,273.82
26,2026-09-18,20,63,107,34593.57,114.12
26,2026-09-18,21,0,68,22587.18,41.27
26,2026-09-19,9,443,70,19919.81,209.93
26,2026-09-19,10,167,204,62513.57,327.53
26,2026-09-19,11,157,186,62634.8,193.48
26,2026-09-19,12,588,159,45715.29,368.25
26,2026-09-19,13,144,292,95506.57,409.2
26,2026-09-19,14,171,194,62343.01,208.47
26,2026-09-19,15,161,110,34227.23,187.88
26,2026-09-19,16,141,132,45008.25,168.87
26,2026-09-19,17,598,190,62786.24,363.67
26,2026-09-19,18,281,305,94410.83,456.18
26,2026-09-19,19,87,241,81639.47,246.42
26,2026-09-19,20,48,105,35320.6,100.75
26,2026-09-19,21,0,43,12903.41,37.25
26,2026-09-20,9,419,57,16094.5,188.13
26,2026-09-20,10,142,177,52821.69,309.08
26,2026-09-20,11,149,178,55529.11,202.3
26,2026-09-20,12,641,183,60281.77,389.75
26,2026-09-20,13,134,309,97967.92,405.9
26,2026-09-20,14,153,191,62520.93,207.47
26,2026-09-20,15,157,118,36302.23,165.68
26,2026-09-20,16,149,108,34839.99,164.47
26,2026-09-20,17,622,160,53952.27,385.72
26,2026-09-20,18,298,342,106423.32,482.57
26,2026-09-20,19,88,252,80716.97,255.18
26,2026-09-20,20,56,108,34852.02,107.1
26,2026-09-20,21,0,65,17280.04,37.22
27,2026-08-24,9,348,53,18163.06,145.87
27,2026-08-24,10,125,167,59580.59,242.78
27,2026-08-24,11,110,118,38033.36,156.83
27,2026-08-24,12,455,145,44874.22,289.73
27,2026-08-24,13,98,244,83296.51,310.1
27,2026-08-24,14,118,140,50196.97,153.2
27,2026-08-24,15,123,89,30685.87,142.67
27,2026-08-24,16,104,90,27681.19,132.12
27,2026-08-24,17,446,125,42284.7,273.4
27,2026-08-24,18,250,227,71505.12,385.25
27,2026-08-24,19,62,195,63305.32,213.52
27,2026-08-24,20,53,85,28490.22,83.68
27,2026-08-24,21,0,51,15580.42,36.43
27,2026-08-25,9,415,58,25659.19,182.55
27,2026-08-25,10,128,209,66212.06,289.97
27,2026-08-25,11,120,160,51537.72,159.22
27,2026-08-25,12,489,144,49645.73,299.1
27,2026-08-25,13,127,232,69988.1,338.43
27,2026-08-25,14,115,158,50368.33,172.68
27,2026-08-25,15,126,93,30816.37,130.47
27,2026-08-25,16,119,89,29117.08,124.57
27,2026-08-25,17,528,139,42769.0,322.68
27,2026-08-25,18,276,268,88137.01,432.33
27,2026-08-25,19,69,240,75050.24,242.4
27,2026-08-25,20,46,84,25524.81,89.42
27,2026-08-25,21,0,48,14800.5,34.6
27,2026-08-26,9,399,66,23432.91,182.83
27,2026-08-26,10,113,170,49438.25,262.23
27,2026-08-26,11,139,163,53866.48,163.7
27,2026-08-26,12,529,164,53549.82,318.02
27,2026-08-26,13,132,234,78658.8,381.45
27,2026-08-26,14,112,210,67353.73,185.23
27,2026-08-26,15,115,88,26932.17,127.82
27,2026-08-26,16,129,89,30391.58,138.7
27,2026-08-26,17,539,149,51115.04,313.52
27,2026-08-26,18,283,258,83496.81,443.13
27,2026-08-26,19,69,245,79935.6,245.55
27,2026-08-26,20,54,90,26973.8,86.05
27,2026-08-26,21,0,55,16078.52,35.52
27,2026-08-27,9,391,55,21251.95,172.73
27,2026-08-27,10,120,156,53660.19,274.75
27,2026-08-27,11,132,149,46802.7,169.43
27,2026-08-27,12,517,151,52159.07,317.13
27,2026-08-27,13,135,245,73027.88,353.42
27,2026-08-27,14,142,173,55399.88,184.72
27,2026-08-27,15,122,103,35850.47,144.28
27,2026-08-27,16,124,89,26476.54,136.5
27,2026-08-27,17,576,154,50865.43,337.47
27,2026-08-27,18,265,307,96869.26,439.45
27,2026-08-27,19,71,229,76927.96,229.05
27,2026-08-27,20,52,92,29297.69,85.88
27,2026-08-27,21,0,53,16302.15,33.28
27,2026-08-28,9,468,65,21356.89,212.45
27,2026-08-28,10,175,216,69372.82,332.98
27,2026-08-28,11,159,188,61184.58,210.1
27,2026-08-28,12,630,190,67142.77,394.02
27,2026-08-28,13,161,303,96304.38,444.08
27,2026-08-28,14,141,226,75092.59,217.88
27,2026-08-28,15,144,108,32472.17,158.35
27,2026-08-28,16,136,99,32032.24,154.43
27,2026-08-28,17,642,152,49591.55,400.8
27,2026-08-28,18,327,355,105296.16,523.1
27,2026-08-28,19,94,281,85440.45,283.58
27,2026-08-28,20,58,122,37513.7,105.07
27,2026-08-28,21,0,57,17843.15,36.97
27,2026-08-29,9,484,69,25502.11,211.03
27,2026-08-29,10,159,208,71010.51,343.58
27,2026-08-29,11,174,184,58082.15,204.87
27,2026-08-29,12,669,189,62215.52,423.62
27,2026-08-29,13,143,351,109225.16,456.28
27,2026-08-29,14,163,221,70610.59,214.47
27,2026-08-29,15,159,112,33456.51,181.1
27,2026-08-29,16,165,135,40818.41,188.63
27,2026-08-29,17,622,202,60599.55,400.57
27,2026-08-29,18,296,336,108744.7,482.38
27,2026-08-29,19,89,246,70494.38,259.83
27,2026-08-29,20,64,100,33503.71,110.68
27,2026-08-29,21,0,66,21268.03,41.62
27,2026-08-30,9,464,62,19343.22,207.82
27,2026-08-30,10,153,202,67337.39,323.75
27,2026-08-30,11,155,191,59568.74,202.43
27,2026-08-30,12,585,197,60062.52,383.63
27,2026-08-30,13,144,281,90480.51,396.7
27,2026-08-30,14,123,202,69193.9,181.22
27,2026-08-30,15,163,109,35640.35,154.02
27,2026-08-30,16,152,104,34822.18,170.7
27,2026-08-30,17,538,182,58605.05,333.82
27,2026-08-30,18,266,286,91255.28,436.73
27,2026-08-30,19,83,228,69481.3,228.27
27,2026-08-30,20,54,90,28157.27,90.77
27,2026-08-30,21,0,53,14834.69,33.07
27,2026-08-31,9,376,51,15740.0,166.88
27,2026-08-31,10,152,161,48744.06,298.15
27,2026-08-31,11,123,165,62642.55,179.62
27,2026-08-31,12,491,147,48457.21,299.43
27,2026-08-31,13,133,235,75603.08,343.23
27,2026-08-31,14,137,176,52835.72,177.87
27,2026-08-31,15,134,99,34072.06,141.08
27,2026-08-31,16,130,106,28053.88,150.67
27,2026-08-31,17,533,154,47350.47,308.55
27,2026-08-31,18,252,284,88815.13,423.6
27,2026-08-31,19,86,230,71027.68,233.5
27,2026-08-31,20,45,111,34659.73,92.38
27,2026-08-31,21,0,41,13488.82,30.92
27,2026-09-01,9,394,57,16844.6,178.02
27,2026-09-01,10,126,168,53094.86,262.63
27,2026-09-01,11,153,159,48969.97,167.78
27,2026-09-01,12,578,162,56188.8,358.4
27,2026-09-01,13,138,292,88754.49,396.22
27,2026-09-01,14,118,199,62424.54,191.43
27,2026-09-01,15,144,97,32081.18,138.28
27,2026-09-01,16,114,101,33141.67,141.7
27,2026-09-01,17,535,161,50282.83,317.77
27,2026-09-01,18,297,286,91560.96,435.05
27,2026-09-01,19,90,246,77590.11,243.88
27,2026-09-01,20,62,105,34136.87,98.87
27,2026-09-01,21,0,58,16946.06,37.92
27,2026-09-02,9,429,54,17131.34,194.02
27,2026-09-02,10,160,204,62376.32,314.53
27,2026-09-02,11,146,181,56354.79,203.28
27,2026-09-02,12,592,200,67663.99,365.48
27,2026-09-02,13,143,276,89679.66,394.68
27,2026-09-02,14,129,215,62474.14,184.53
27,2026-09-02,15,151,90,27748.21,144.73
27,2026-09-02,16,144,108,34093.92,162.55
27,2026-09-02,17,546,167,56707.22,350.28
27,2026-09-02,18,274,294,90476.73,439.22
27,2026-09-02,19,72,224,70162.29,237.33
27,2026-09-02,20,41,104,31359.06,85.1
27,2026-09-02,21,0,45,15015.64,31.27
27,2026-09-03,9,345,63,23568.12,156.28
27,2026-09-03,10,143,166,51279.95,251.95
27,2026-09-03,11,132,131,40052.18,164.12
27,2026-09-03,12,521,146,45926.47,319.08
27,2026-09-03,13,130,241,82779.01,353.32
27,2026-09-03,14,111,186,55351.64,161.63
27,2026-09-03,15,125,89,28454.57,129.08
27,2026-09-03,16,138,92,30697.13,148.58
27,2026-09-03,17,551,157,50145.06,343.78
27,2026-09-03,18,278,262,85474.37,454.58
27,2026-09-03,19,78,251,85129.3,258.27
27,2026-09-03,20,54,100,32915.8,91.77
27,2026-09-03,21,0,53,16444.22,38.32
27,2026-09-04,9,380,42,11574.13,170.4
27,2026-09-04,10,123,170,52121.31,277.47
27,2026-09-04,11,128,156,45874.97,171.47
27,2026-09-04,12,584,162,52594.12,338.27
27,2026-09-04,13,121,269,99600.62,395.42
27,2026-09-04,14,132,218,68433.7,176.97
27,2026-09-04,15,160,87,28054.01,153.42
27,2026-09-04,16,117,97,29775.48,164.33
27,2026-09-04,17,533,161,55898.52,332.1
27,2026-09-04,18,300,300,98513.41,434.88
27,2026-09-04,19,77,251,74563.33,237.63
27,2026-09-04,20,50,93,29388.74,86.1
27,2026-09-04,21,0,45,14281.35,32.5
27,2026-09-05,9,506,92,24613.79,221.95
27,2026-09-05,10,161,195,56955.49,338.0
27,2026-09-05,11,159,189,60808.02,221.43
27,2026-09-05,12,635,185,58952.5,390.52
27,2026-09-05,13,163,297,92870.84,434.33
27,2026-09-05,14,159,240,79554.62,224.67
27,2026-09-05,15,141,116,40995.5,166.22
27,2026-09-05,16,141,86,27552.23,160.57
27,2026-09-05,17,658,189,54900.64,394.23
27,2026-09-05,18,342,345,108841.48,531.75
27,2026-09-05,19,102,294,94703.97,295.28
27,2026-09-05,20,67,121,37504.87,125.88
27,2026-09-05,21,0,59,19484.29,48.75
27,2026-09-06,9,484,78,25404.68,220.93
27,2026-09-06,10,142,219,73099.26,317.48
27,2026-09-06,11,143,166,50433.56,181.98
27,2026-09-06,12,653,174,58847.94,396.5
27,2026-09-06,13,132,300,98533.26,448.68
27,2026-09-06,14,147,191,63339.53,212.68
27,2026-09-06,15,147,109,36118.39,172.58
27,2026-09-06,16,147,127,42235.81,165.82
27,2026-09-06,17,573,177,55629.22,342.38
27,2026-09-06,18,296,295,96367.31,458.72
27,2026-09-06,19,83,259,82767.54,259.53
27,2026-09-06,20,52,104,30472.8,100.9
27,2026-09-06,21,0,50,13192.71,32.82
27,2026-09-07,9,398,62,22455.99,187.63
27,2026-09-07,10,124,167,55204.04,272.27
27,2026-09-07,11,114,145,50074.16,161.82
27,2026-09-07,12,494,144,47372.89,302.72
27,2026-09-07,13,132,228,72042.12,359.95
27,2026-09-07,14,128,190,61261.85,177.88
27,2026-09-07,15,107,104,33937.1,132.13
27,2026-09-07,16,115,81,27659.3,127.12
27,2026-09-07,17,511,145,47029.92,312.57
27,2026-09-07,18,245,255,81805.61,389.48
27,2026-09-07,19,72,222,73697.58,223.45
27,2026-09-07,20,53,96,32298.67,94.93
27,2026-09-07,21,0,46,15844.01,32.58
27,2026-09-08,9,386,55,17275.83,177.83
27,2026-09-08,10,114,179,53913.16,262.33
27,2026-09-08,11,114,157,48778.18,142.02
27,2026-09-08,12,448,134,40484.74,264.75
27,2026-09-08,13,109,203,64894.24,292.78
27,2026-09-08,14,123,171,51789.4,169.23
27,2026-09-08,15,106,83,26827.9,115.22
27,2026-09-08,16,115,79,24269.41,131.28
27,2026-09-08,17,493,151,52041.72,302.72
27,2026-09-08,18,229,256,84297.31,385.82
27,2026-09-08,19,82,200,59214.99,211.55
27,2026-09-08,20,46,91,27265.55,95.83
27,2026-09-08,21,0,52,16704.29,35.72
27,2026-09-09,9,382,69,21881.98,175.23
27,2026-09-09,10,123,148,42862.06,253.42
27,2026-09-09,11,119,140,43226.57,168.97
27,2026-09-09,12,548,156,53269.22,340.32
27,2026-09-09,13,143,273,89206.68,384.77
27,2026-09-09,14,127,180,56970.9,195.92
27,2026-09-09,15,146,109,38076.01,149.67
27,2026-09-09,16,141,108,34082.57,156.05
27,2026-09-09,17,518,177,56929.15,326.72
27,2026-09-09,18,253,256,79328.83,408.63
27,2026-09-09,19,66,232,76633.85,232.3
27,2026-09-09,20,60,96,30521.52,86.52
27,2026-09-09,21,0,51,15357.53,34.35
27,2026-09-10,9,406,50,14250.85,185.1
27,2026-09-10,10,135,188,63175.06,283.93
27,2026-09-10,11,151,165,51622.5,176.02
27,2026-09-10,12,606,181,56594.48,367.15
27,2026-09-10,13,136,279,92951.68,418.58
27,2026-09-10,14,144,206,63505.54,203.92
27,2026-09-10,15,138,94,29166.51,159.58
27,2026-09-10,16,162,109,37490.63,170.63
27,2026-09-10,17,585,176,58108.64,375.57
27,2026-09-10,18,325,326,101816.06,473.28
27,2026-09-10,19,75,252,85857.05,270.78
27,2026-09-10,20,50,121,35708.16,101.15
27,2026-09-10,21,0,47,14610.19,32.1
27,2026-09-11,9,407,54,16840.87,175.52
27,2026-09-11,10,129,176,58477.7,289.7
27,2026-09-11,11,138,158,46791.94,185.18
27,2026-09-11,12,566,172,62648.29,344.82
27,2026-09-11,13,141,283,89079.29,390.63
27,2026-09-11,14,140,174,55553.88,173.27
27,2026-09-11,15,150,99,32251.59,159.48
27,2026-09-11,16,141,100,29984.54,176.8
27,2026-09-11,17,581,188,57002.13,353.07
27,2026-09-11,18,281,294,91075.74,464.87
27,2026-09-11,19,81,256,82028.5,250.35
27,2026-09-11,20,51,93,28191.51,86.67
27,2026-09-11,21,0,42,13187.09,33.13
27,2026-09-12,9,547,73,22316.41,252.78
27,2026-09-12,10,164,239,70506.96,370.37
27,2026-09-12,11,183,194,59990.77,230.4
27,2026-09-12,12,729,195,61537.54,449.9
27,2026-09-12,13,173,361,118419.27,497.95
27,2026-09-12,14,185,260,78952.05,246.43
27,2026-09-12,15,175,118,36602.41,215.25
27,2026-09-12,16,183,155,53733.05,195.15
27,2026-09-12,17,666,208,61846.99,426.48
27,2026-09-12,18,334,347,113946.12,528.75
27,2026-09-12,19,95,300,90640.31,280.2
27,2026-09-12,20,65,109,36611.1,97.97
27,2026-09-12,21,0,54,17338.71,43.4
27,2026-09-13,9,501,64,21346.33,228.32
27,2026-09-13,10,135,212,60056.26,355.87
27,2026-09-13,11,159,203,63988.19,197.03
27,2026-09-13,12,630,174,54221.29,383.02
27,2026-09-13,13,162,323,98239.86,418.43
27,2026-09-13,14,166,207,62918.44,221.73
27,2026-09-13,15,150,132,43782.18,166.62
27,2026-09-13,16,135,106,35613.28,156.13
27,2026-09-13,17,669,181,53107.66,394.57
27,2026-09-13,18,323,309,102108.1,532.15
27,2026-09-13,19,109,320,103888.39,317.35
27,2026-09-13,20,57,128,41985.5,111.72
27,2026-09-13,21,0,51,15178.13,43.38
27,2026-09-14,9,383,55,17082.79,178.65
27,2026-09-14,10,120,176,53378.07,264.63
27,2026-09-14,11,138,153,47891.35,167.7
27,2026-09-14,12,528,159,49250.84,317.73
27,2026-09-14,13,118,262,88454.63,352.27
27,2026-09-14,14,141,140,43408.17,165.22
27,2026-09-14,15,122,97,32504.91,144.17
27,2026-09-14,16,103,82,24601.39,135.5
27,2026-09-14,17,515,134,45612.69,318.02
27,2026-09-14,18,250,249,81539.47,403.35
27,2026-09-14,19,68,230,72163.29,214.05
27,2026-09-14,20,57,95,29407.87,83.92
27,2026-09-14,21,0,52,14948.47,40.53
27,2026-09-15,9,397,45,14957.96,175.75
27,2026-09-15,10,123,181,59726.15,276.5
27,2026-09-15,11,144,139,42951.0,173.15
27,2026-09-15,12,530,171,52681.77,328.5
27,2026-09-15,13,120,241,72920.99,364.15
27,2026-09-15,14,133,198,65122.59,189.88
27,2026-09-15,15,149,102,31296.04,155.9
27,2026-09-15,16,138,110,38211.62,150.9
27,2026-09-15,17,576,145,47578.28,356.15
27,2026-09-15,18,266,315,98064.78,465.38
27,2026-09-15,19,63,230,74948.65,229.73
27,2026-09-15,20,55,93,31116.47,90.87
27,2026-09-15,21,0,54,15852.7,35.55
27,2026-09-16,9,438,67,22035.95,199.4
27,2026-09-16,10,141,195,61878.16,306.1
27,2026-09-16,11,159,156,47077.25,181.02
27,2026-09-16,12,608,204,68846.19,370.83
27,2026-09-16,13,145,281,91170.4,405.9
27,2026-09-16,14,165,215,69609.84,215.32
27,2026-09-16,15,146,124,38227.33,184.98
27,2026-09-16,16,139,114,35081.78,169.78
27,2026-09-16,17,591,160,51523.14,369.23
27,2026-09-16,18,312,323,102422.22,483.97
27,2026-09-16,19,96,280,92434.23,264.28
27,2026-09-16,20,74,116,36405.66,115.38
27,2026-09-16,21,0,63,17238.69,43.38
27,2026-09-17,9,384,60,19183.31,177.5
27,2026-09-17,10,131,156,49802.76,271.73
27,2026-09-17,11,124,163,49964.1,156.82
27,2026-09-17,12,496,144,42973.7,301.42
27,2026-09-17,13,128,239,74456.46,345.98
27,2026-09-17,14,156,179,54488.44,192.35
27,2026-09-17,15,112,105,32628.71,157.47
27,2026-09-17,16,114,94,30147.94,141.47
27,2026-09-17,17,490,145,45292.4,304.22
27,2026-09-17,18,282,252,83444.13,405.18
27,2026-09-17,19,74,201,63578.72,237.92
27,2026-09-17,20,62,88,29176.49,101.47
27,2026-09-17,21,0,61,18407.89,43.8
27,2026-09-18,9,458,77,24318.86,204.93
27,2026-09-18,10,145,176,56873.62,315.77
27,2026-09-18,11,156,185,56827.4,201.17
27,2026-09-18,12,587,186,60059.54,370.87
27,2026-09-18,13,129,290,95192.21,371.55
27,2026-09-18,14,159,183,60031.85,203.93
27,2026-09-18,15,142,110,37958.81,157.52
27,2026-09-18,16,163,103,36403.06,167.2
27,2026-09-18,17,628,196,64621.15,397.82
27,2026-09-18,18,284,307,100433.04,469.72
27,2026-09-18,19,82,251,83894.02,253.27
27,2026-09-18,20,66,122,34911.4,115.4
27,2026-09-18,21,0,59,17350.98,41.33
27,2026-09-19,9,480,70,21076.4,222.27
27,2026-09-19,10,183,215,72115.75,340.32
27,2026-09-19,11,162,198,59272.4,220.13
27,2026-09-19,12,688,195,61366.09,417.42
27,2026-09-19,13,192,320,102494.12,485.82
27,2026-09-19,14,182,242,74678.27,240.7
27,2026-09-19,15,172,150,43805.47,201.0
27,2026-09-19,16,146,124,38974.24,177.03
27,2026-09-19,17,712,183,62079.66,418.63
27,2026-09-19,18,372,331,105737.97,583.22
27,2026-09-19,19,88,342,105254.77,333.33
27,2026-09-19,20,62,134,42627.81,120.63
27,2026-09-19,21,0,56,21444.64,39.75
27,2026-09-20,9,422,59,18472.68,192.95
27,2026-09-20,10,141,164,53329.21,312.52
27,2026-09-20,11,163,191,60708.1,206.97
27,2026-09-20,12,619,180,55478.12,388.55
27,2026-09-20,13,126,301,94157.24,414.77
27,2026-09-20,14,165,186,61365.88,197.9
27,2026-09-20,15,169,123,35682.57,185.5
27,2026-09-20,16,140,117,36877.39,173.3
27,2026-09-20,17,669,191,63905.16,400.1
27,2026-09-20,18,310,323,101603.15,538.68
27,2026-09-20,19,104,311,94889.88,288.43
27,2026-09-20,20,68,105,35650.4,114.7
27,2026-09-20,21,0,62,21570.44,49.92
28,2026-08-24,9,395,53,18539.17,183.05
28,2026-08-24,10,128,170,52963.7,277.5
28,2026-08-24,11,126,147,42615.13,170.62
28,2026-08-24,12,508,148,48762.68,305.77
28,2026-08-24,13,126,253,77806.57,348.02
28,2026-08-24,14,117,181,57767.73,170.83
28,2026-08-24,15,127,100,30207.52,128.67
28,2026-08-24,16,133,86,26508.39,141.9
28,2026-08-24,17,561,152,44517.42,344.4
28,2026-08-24,18,256,291,93750.93,445.53
28,2026-08-24,19,59,221,68900.52,213.57
28,2026-08-24,20,51,76,23866.51,79.13
28,2026-08-24,21,0,44,10921.81,32.72
28,2026-08-25,9,341,45,14596.97,158.35
28,2026-08-25,10,112,170,53869.89,229.75
28,2026-08-25,11,123,121,36674.83,145.8
28,2026-08-25,12,436,139,44515.53,278.67
28,2026-08-25,13,106,211,63125.09,307.93
28,2026-08-25,14,124,172,51846.72,151.47
28,2026-08-25,15,110,82,24253.47,114.47
28,2026-08-25,16,114,98,29234.9,126.92
28,2026-08-25,17,468,126,40812.2,274.1
28,2026-08-25,18,205,234,72121.65,351.98
28,2026-08-25,19,67,181,57429.82,182.25
28,2026-08-25,20,34,88,26835.54,78.22
28,2026-08-25,21,0,34,10671.63,21.48
28,2026-08-26,9,322,37,14382.98,146.13
28,2026-08-26,10,107,128,38249.57,228.35
28,2026-08-26,11,126,143,44784.4,145.37
28,2026-08-26,12,467,122,37007.09,285.67
28,2026-08-26,13,110,243,82440.22,324.5
28,2026-08-26,14,128,160,52324.78,156.68
28,2026-08-26,15,103,88,27198.06,117.33
28,2026-08-26,16,112,81,26252.13,114.48
28,2026-08-26,17,487,129,39391.22,289.08
28,2026-08-26,18,224,226,70990.69,388.85
28,2026-08-26,19,66,212,66620.2,198.62
28,2026-08-26,20,42,69,21939.11,74.83
28,2026-08-26,21,0,44,14016.53,30.4
28,2026-08-27,9,390,53,15593.58,171.02
28,2026-08-27,10,129,170,49852.85,278.6
28,2026-08-27,11,140,174,57310.92,174.8
28,2026-08-27,12,511,162,54014.91,320.38
28,2026-08-27,13,115,254,80610.87,333.7
28,2026-08-27,14,121,164,52042.44,155.32
28,2026-08-27,15,115,90,27600.57,123.88
28,2026-08-27,16,133,84,24249.02,124.57
28,2026-08-27,17,504,129,35640.05,303.93
28,2026-08-27,18,255,256,85146.2,399.32
28,2026-08-27,19,79,221,70082.17,233.93
28,2026-08-27,20,55,96,30156.33,96.27
28,2026-08-27,21,0,52,14079.7,39.38
28,2026-08-28,9,420,60,19739.48,190.62
28,2026-08-28,10,143,198,59156.15,288.47
28,2026-08-28,11,159,144,43208.33,190.6
28,2026-08-28,12,631,178,57566.03,404.87
28,2026-08-28,13,164,314,106401.88,428.98
28,2026-08-28,14,140,205,63515.75,213.77
28,2026-08-28,15,139,103,34109.05,155.75
28,2026-08-28,16,157,114,36570.41,164.15
28,2026-08-28,17,599,170,55322.8,374.67
28,2026-08-28,18,293,312,105354.11,486.08
28,2026-08-28,19,93,257,87358.62,270.05
28,2026-08-28,20,62,102,29789.18,115.18
28,2026-08-28,21,0,58,20289.99,43.67
28,2026-08-29,9,465,65,22243.88,202.62
28,2026-08-29,10,168,188,59975.4,323.42
28,2026-08-29,11,171,199,63725.69,223.55
28,2026-08-29,12,640,189,64047.5,397.97
28,2026-08-29,13,152,307,94103.79,441.88
28,2026-08-29,14,167,230,78784.45,227.8
28,2026-08-29,15,169,128,36847.48,171.43
28,2026-08-29,16,175,126,41079.14,186.75
28,2026-08-29,17,692,195,66241.62,425.43
28,2026-08-29,18,287,350,110462.94,525.85
28,2026-08-29,19,83,299,96185.77,264.98
28,2026-08-29,20,69,106,30905.21,103.68
28,2026-08-29,21,0,62,18337.66,40.33
28,2026-08-30,9,430,54,18919.75,196.25
28,2026-08-30,10,158,196,64324.75,295.32
28,2026-08-30,11,150,175,56256.93,206.4
28,2026-08-30,12,590,195,56311.3,374.83
28,2026-08-30,13,142,278,94811.52,395.48
28,2026-08-30,14,138,207,64838.11,202.25
28,2026-08-30,15,140,106,36703.07,155.83
28,2026-08-30,16,148,109,36022.21,155.47
28,2026-08-30,17,616,179,52871.37,368.25
28,2026-08-30,18,253,302,98747.19,464.62
28,2026-08-30,19,94,250,82654.93,236.57
28,2026-08-30,20,53,87,25255.66,101.9
28,2026-08-30,21,0,56,16950.93,46.62
28,2026-08-31,9,458,71,24212.87,202.28
28,2026-08-31,10,143,217,65673.03,307.33
28,2026-08-31,11,153,183,58303.65,188.92
28,2026-08-31,12,578,172,58346.79,354.65
28,2026-08-31,13,130,247,79440.09,401.32
28,2026-08-31,14,154,224,75634.32,202.1
28,2026-08-31,15,170,97,30045.92,182.0
28,2026-08-31,16,156,135,46847.99,181.73
28,2026-08-31,17,548,154,47565.71,357.57
28,2026-08-31,18,266,316,100444.77,433.95
28,2026-08-31,19,104,223,66921.92,247.53
28,2026-08-31,20,46,107,31786.29,97.8
28,2026-08-31,21,0,35,9874.6,26.83
28,2026-09-01,9,368,46,14681.97,166.82
28,2026-09-01,10,118,174,55622.38,258.75
28,2026-09-01,11,115,140,42686.46,152.78
28,2026-09-01,12,478,134,40425.29,300.15
28,2026-09-01,13,130,241,73490.82,320.0
28,2026-09-01,14,128,158,49647.48,168.28
28,2026-09-01,15,141,87,28402.7,141.5
28,2026-09-01,16,117,87,26897.62,141.35
28,2026-09-01,17,489,157,50583.31,290.52
28,2026-09-01,18,238,255,86661.77,389.42
28,2026-09-01,19,89,195,58472.62,228.08
28,2026-09-01,20,46,105,31862.5,94.25
28,2026-09-01,21,0,43,13232.89,29.23
28,2026-09-02,9,417,50,15483.88,182.55
28,2026-09-02,10,126,184,60489.7,292.13
28,2026-09-02,11,137,164,55958.91,186.93
28,2026-09-02,12,567,177,56099.29,352.53
28,2026-09-02,13,145,282,91749.53,381.32
28,2026-09-02,14,119,202,63339.66,174.95
28,2026-09-02,15,140,82,23372.54,150.22
28,2026-09-02,16,123,101,28812.23,144.72
28,2026-09-02,17,521,149,45018.13,318.8
28,2026-09-02,18,261,276,86205.17,411.88
28,2026-09-02,19,88,205,65900.44,245.33
28,2026-09-02,20,60,116,36443.83,103.38
28,2026-09-02,21,0,57,18964.76,41.82
28,2026-09-03,9,417,50,13332.58,184.57
28,2026-09-03,10,123,169,55078.6,287.07
28,2026-09-03,11,120,152,50454.42,156.28
28,2026-09-03,12,521,171,47368.52,312.25
28,2026-09-03,13,133,238,76508.79,357.08
28,2026-09-03,14,118,198,63909.27,180.52
28,2026-09-03,15,129,98,33728.52,133.7
28,2026-09-03,16,111,85,29875.43,126.53
28,2026-09-03,17,526,146,45799.74,312.88
28,2026-09-03,18,246,258,82840.91,398.03
28,2026-09-03,19,87,230,75355.17,228.92
28,2026-09-03,20,49,97,33969.48,91.17
28,2026-09-03,21,0,47,12541.17,35.07
28,2026-09-04,9,407,52,16977.91,188.7
28,2026-09-04,10,115,181,53593.14,281.87
28,2026-09-04,11,130,164,54837.91,165.35
28,2026-09-04,12,544,155,50525.27,346.7
28,2026-09-04,13,122,271,82109.02,362.02
28,2026-09-04,14,130,173,57121.72,176.72
28,2026-09-04,15,162,110,36238.15,146.53
28,2026-09-04,16,134,108,34815.68,139.7
28,2026-09-04,17,526,145,46512.41,335.03
28,2026-09-04,18,269,279,87487.77,441.38
28,2026-09-04,19,70,248,86959.79,227.23
28,2026-09-04,20,51,84,25386.07,80.73
28,2026-09-04,21,0,46,15690.2,33.65
28,2026-09-05,9,480,63,23370.77,209.33
28,2026-09-05,10,168,208,69734.43,337.33
28,2026-09-05,11,150,184,55496.24,208.67
28,2026-09-05,12,643,185,58143.26,381.93
28,2026-09-05,13,149,287,92496.48,421.35
28,2026-09-05,14,166,194,60336.17,220.75
28,2026-09-05,15,158,129,40391.17,177.47
28,2026-09-05,16,166,134,42013.47,176.92
28,2026-09-05,17,629,192,59787.31,390.58
28,2026-09-05,18,320,320,103265.41,512.92
28,2026-09-05,19,95,292,98571.29,273.5
28,2026-09-05,20,69,118,34482.12,115.42
28,2026-09-05,21,0,59,16914.84,47.28
28,2026-09-06,9,450,63,19410.38,206.43
28,2026-09-06,10,145,206,67233.88,319.2
28,2026-09-06,11,146,183,58616.59,191.62
28,2026-09-06,12,581,175,58150.01,362.6
28,2026-09-06,13,137,279,88850.37,384.78
28,2026-09-06,14,149,187,61167.73,193.07
28,2026-09-06,15,158,112,36176.41,176.47
28,2026-09-06,16,122,118,39781.64,159.2
28,2026-09-06,17,561,166,52242.75,342.43
28,2026-09-06,18,274,280,87970.74,442.33
28,2026-09-06,19,88,234,77924.92,240.42
28,2026-09-06,20,59,100,33866.76,102.02
28,2026-09-06,21,0,57,19825.3,41.57
28,2026-09-07,9,431,50,14031.33,185.42
28,2026-09-07,10,129,181,61249.01,302.92
28,2026-09-07,11,120,174,57226.91,189.98
28,2026-09-07,12,524,149,49165.82,326.1
28,2026-09-07,13,120,259,82681.21,348.5
28,2026-09-07,14,124,169,54406.88,166.05
28,2026-09-07,15,102,91,32154.76,130.05
28,2026-09-07,16,138,78,25729.61,119.42
28,2026-09-07,17,521,146,44332.71,321.3
28,2026-09-07,18,257,278,92781.84,426.18
28,2026-09-07,19,72,235,81764.63,236.58
28,2026-09-07,20,40,95,34508.04,85.23
28,2026-09-07,21,0,40,13911.66,25.1
28,2026-09-08,9,334,46,13066.85,153.65
28,2026-09-08,10,118,129,42947.69,245.07
28,2026-09-08,11,101,148,46636.98,141.8
28,2026-09-08,12,473,131,46754.76,281.93
28,2026-09-08,13,118,235,74265.23,320.22
28,2026-09-08,14,115,156,49302.35,154.63
28,2026-09-08,15,121,84,26884.92,130.03
28,2026-09-08,16,113,88,29376.32,131.12
28,2026-09-08,17,480,133,43495.93,287.15
28,2026-09-08,18,223,240,78572.74,406.33
28,2026-09-08,19,62,231,71624.8,218.88
28,2026-09-08,20,59,82,24445.86,85.82
28,2026-09-08,21,0,48,13181.72,39.98
28,2026-09-09,9,373,51,18737.24,168.78
28,2026-09-09,10,94,165,54159.06,242.42
28,2026-09-09,11,124,124,38129.97,143.43
28,2026-09-09,12,479,143,40752.16,295.18
28,2026-09-09,13,111,220,71679.06,319.82
28,2026-09-09,14,107,178,54184.62,161.57
28,2026-09-09,15,139,75,26666.25,129.8
28,2026-09-09,16,110,89,29347.1,132.58
28,2026-09-09,17,471,135,49516.61,276.55
28,2026-09-09,18,247,248,77961.38,376.3
28,2026-09-09,19,68,191,61251.68,213.55
28,2026-09-09,20,60,93,30176.42,92.85
28,2026-09-09,21,0,49,15720.45,37.9
28,2026-09-10,9,357,54,16544.48,165.88
28,2026-09-10,10,101,163,53123.36,236.1
28,2026-09-10,11,122,121,37688.82,143.72
28,2026-09-10,12,525,142,47330.52,316.85
28,2026-09-10,13,135,251,82261.74,357.73
28,2026-09-10,14,107,189,64173.54,185.5
28,2026-09-10,15,141,101,33148.86,134.42
28,2026-09-10,16,123,101,28660.63,140.08
28,2026-09-10,17,512,155,46248.18,326.82
28,2026-09-10,18,289,268,85677.63,421.9
28,2026-09-10,19,70,238,76023.48,234.22
28,2026-09-10,20,53,85,28653.53,95.32
28,2026-09-10,21,0,53,16693.0,38.42
28,2026-09-11,9,478,58,22331.18,218.53
28,2026-09-11,10,156,226,69905.99,324.43
28,2026-09-11,11,155,170,56752.33,210.62
28,2026-09-11,12,578,179,58025.62,376.02
28,2026-09-11,13,149,290,88988.46,396.23
28,2026-09-11,14,142,183,58107.16,200.88
28,2026-09-11,15,146,113,33366.14,165.92
28,2026-09-11,16,140,113,33859.03,160.57
28,2026-09-11,17,616,159,49682.2,372.72
28,2026-09-11,18,306,357,113267.47,488.02
28,2026-09-11,19,81,265,82682.08,239.05
28,2026-09-11,20,55,91,29515.74,92.45
28,2026-09-11,21,0,48,13119.98,36.65
28,2026-09-12,9,519,68,24190.7,239.22
28,2026-09-12,10,149,235,72449.02,352.83
28,2026-09-12,11,184,203,60610.21,210.13
28,2026-09-12,12,665,181,56150.05,410.72
28,2026-09-12,13,155,331,103724.3,469.25
28,2026-09-12,14,169,252,82470.57,228.85
28,2026-09-12,15,188,123,35258.56,190.03
28,2026-09-12,16,159,120,37271.34,195.43
28,2026-09-12,17,656,191,62798.51,402.08
28,2026-09-12,18,352,330,105638.88,523.42
28,2026-09-12,19,105,300,97141.95,294.82
28,2026-09-12,20,77,117,36494.41,123.52
28,2026-09-12,21,0,69,26662.54,48.4
28,2026-09-13,9,395,59,20949.9,183.17
28,2026-09-13,10,124,184,56054.22,274.27
28,2026-09-13,11,136,148,48509.21,169.32
28,2026-09-13,12,536,150,45707.29,330.88
28,2026-09-13,13,141,278,91933.89,366.52
28,2026-09-13,14,147,191,61358.83,196.12
28,2026-09-13,15,133,104,33461.67,145.45
28,2026-09-13,16,138,106,33314.93,157.93
28,2026-09-13,17,519,154,48393.34,314.52
28,2026-09-13,18,267,251,77616.13,432.95
28,2026-09-13,19,89,249,84150.54,231.75
28,2026-09-13,20,60,99,33880.75,99.33
28,2026-09-13,21,0,60,21918.62,40.52
28,2026-09-14,9,343,41,14962.4,150.85
28,2026-09-14,10,122,148,46509.54,258.0
28,2026-09-14,11,136,170,55149.04,179.42
28,2026-09-14,12,456,153,54071.2,283.17
28,2026-09-14,13,144,203,57903.57,308.12
28,2026-09-14,14,124,179,58724.79,179.18
28,2026-09-14,15,107,94,29114.24,134.2
28,2026-09-14,16,126,95,32613.29,132.75
28,2026-09-14,17,513,147,49549.45,312.03
28,2026-09-14,18,257,282,85539.35,404.02
28,2026-09-14,19,66,209,61833.69,211.82
28,2026-09-14,20,49,90,27171.1,84.68
28,2026-09-14,21,0,49,14589.31,31.68
28,2026-09-15,9,382,54,15744.92,176.23
28,2026-09-15,10,120,166,52683.21,254.52
28,2026-09-15,11,156,149,52280.67,166.27
28,2026-09-15,12,536,162,51841.31,352.8
28,2026-09-15,13,145,279,86446.84,373.23
28,2026-09-15,14,141,201,62835.16,186.38
28,2026-09-15,15,155,98,31829.24,158.87
28,2026-09-15,16,134,104,31890.76,170.27
28,2026-09-15,17,527,167,54354.4,321.03
28,2026-09-15,18,265,286,90352.64,431.98
28,2026-09-15,19,90,241,78485.99,240.37
28,2026-09-15,20,53,93,33505.84,91.17
28,2026-09-15,21,0,58,15998.51,32.4
28,2026-09-16,9,405,63,17220.8,183.82
28,2026-09-16,10,132,193,62139.72,263.47
28,2026-09-16,11,137,161,46641.96,166.62
28,2026-09-16,12,593,178,54551.63,362.43
28,2026-09-16,13,120,262,85831.06,377.92
28,2026-09-16,14,120,170,52514.76,181.27
28,2026-09-16,15,140,95,29800.85,138.18
28,2026-09-16,16,131,108,33857.26,145.65
28,2026-09-16,17,594,165,56030.88,360.22
28,2026-09-16,18,286,301,90446.92,474.65
28,2026-09-16,19,79,250,77330.92,250.45
28,2026-09-16,20,47,103,31389.48,100.77
28,2026-09-16,21,0,49,16257.57,29.52
28,2026-09-17,9,428,59,17357.09,198.18
28,2026-09-17,10,142,200,71803.41,296.48
28,2026-09-17,11,161,156,49946.35,186.85
28,2026-09-17,12,607,194,63380.95,382.12
28,2026-09-17,13,138,268,79031.13,401.7
28,2026-09-17,14,150,220,70214.14,198.98
28,2026-09-17,15,159,127,41312.64,168.23
28,2026-09-17,16,154,110,37056.59,171.88
28,2026-09-17,17,603,190,58304.83,383.67
28,2026-09-17,18,291,307,99689.04,476.48
28,2026-09-17,19,85,271,86196.28,252.45
28,2026-09-17,20,59,94,29722.24,102.55
28,2026-09-17,21,0,61,20866.49,38.2
28,2026-09-18,9,379,45,14371.86,171.68
28,2026-09-18,10,141,175,54609.16,268.85
28,2026-09-18,11,150,155,47116.0,185.75
28,2026-09-18,12,554,176,52830.78,357.77
28,2026-09-18,13,121,259,87880.18,397.95
28,2026-09-18,14,126,205,68233.3,179.42
28,2026-09-18,15,143,95,30657.53,132.58
28,2026-09-18,16,132,87,28786.66,152.1
28,2026-09-18,17,592,175,56624.46,354.62
28,2026-09-18,18,301,313,96334.91,468.17
28,2026-09-18,19,79,241,81894.32,267.33
28,2026-09-18,20,44,119,37605.86,97.57
28,2026-09-18,21,0,32,10809.13,27.12
28,2026-09-19,9,528,61,19165.51,238.67
28,2026-09-19,10,162,253,82315.84,359.92
28,2026-09-19,11,193,193,64326.78,219.08
28,2026-09-19,12,686,208,64747.07,433.05
28,2026-09-19,13,163,326,101665.56,493.9
28,2026-09-19,14,166,249,83342.78,236.62
28,2026-09-19,15,172,128,43099.25,177.67
28,2026-09-19,16,165,115,35656.53,188.45
28,2026-09-19,17,643,197,64620.71,396.35
28,2026-09-19,18,338,346,106755.2,532.68
28,2026-09-19,19,105,291,92589.49,287.85
28,2026-09-19,20,83,130,42750.66,123.63
28,2026-09-19,21,0,75,21422.32,54.52
28,2026-09-20,9,500,77,23015.34,231.93
28,2026-09-20,10,178,218,69929.81,339.42
28,2026-09-20,11,155,191,58693.57,209.52
28,2026-09-20,12,644,192,62347.52,405.67
28,2026-09-20,13,169,314,97173.24,453.37
28,2026-09-20,14,157,229,76089.55,224.2
28,2026-09-20,15,153,124,39217.56,182.68
28,2026-09-20,16,162,105,32957.42,185.18
28,2026-09-20,17,716,209,63750.03,432.35
28,2026-09-20,18,337,346,111763.62,548.13
28,2026-09-20,19,111,314,98282.86,291.42
28,2026-09-20,20,52,118,38258.2,109.48
28,2026-09-20,21,0,56,22302.51,39.83
29,2026-08-24,9,389,53,16818.7,173.47
29,2026-08-24,10,134,189,56199.14,278.98
29,2026-08-24,11,137,130,45731.49,172.4
29,2026-08-24,12,515,156,51473.96,332.35
29,2026-08-24,13,127,260,83567.06,336.47
29,2026-08-24,14,141,176,55736.73,179.05
29,2026-08-24,15,137,104,36732.67,149.43
29,2026-08-24,16,125,89,24197.12,145.78
29,2026-08-24,17,553,162,50293.02,339.2
29,2026-08-24,18,265,321,106762.95,437.23
29,2026-08-24,19,73,213,67385.7,228.27
29,2026-08-24,20,48,97,30247.68,84.9
29,2026-08-24,21,0,41,10726.44,34.78
29,2026-08-25,9,382,46,17033.83,167.9
29,2026-08-25,10,162,170,53437.94,286.62
29,2026-08-25,11,151,171,55465.82,191.0
29,2026-08-25,12,577,178,57890.16,366.7
29,2026-08-25,13,143,250,79640.18,408.58
29,2026-08-25,14,143,214,68909.31,203.55
29,2026-08-25,15,152,105,28244.12,162.37
29,2026-08-25,16,140,106,33195.91,160.37
29,2026-08-25,17,611,168,51820.92,371.95
29,2026-08-25,18,279,308,102547.3,483.03
29,2026-08-25,19,88,243,77417.4,258.8
29,2026-08-25,20,70,109,35399.68,111.8
29,2026-08-25,21,0,64,21175.18,46.37
29,2026-08-26,9,444,66,25186.01,203.5
29,2026-08-26,10,151,190,59868.83,315.05
29,2026-08-26,11,154,194,64638.36,204.58
29,2026-08-26,12,549,150,46389.24,338.27
29,2026-08-26,13,153,250,76214.74,404.82
29,2026-08-26,14,135,229,75619.8,210.0
29,2026-08-26,15,138,96,32607.39,158.63
29,2026-08-26,16,118,104,34777.88,135.57
29,2026-08-26,17,579,156,50367.03,350.88
29,2026-08-26,18,315,308,97623.19,474.02
29,2026-08-26,19,100,251,81839.24,272.75
29,2026-08-26,20,62,116,40702.13,108.02
29,2026-08-26,21,0,62,23013.23,42.92
29,2026-08-27,9,445,65,18056.64,199.25
29,2026-08-27,10,131,183,57183.81,301.3
29,2026-08-27,11,174,180,63946.56,202.98
29,2026-08-27,12,606,188,56282.43,387.98
29,2026-08-27,13,149,296,96928.12,402.35
29,2026-08-27,14,171,204,68511.59,217.35
29,2026-08-27,15,128,104,30586.77,180.53
29,2026-08-27,16,140,112,34576.08,147.57
29,2026-08-27,17,582,159,54299.12,362.43
29,2026-08-27,18,246,298,93923.88,460.95
29,2026-08-27,19,92,225,72276.63,231.6
29,2026-08-27,20,60,97,29976.21,99.92
29,2026-08-27,21,0,59,19118.28,46.17
29,2026-08-28,9,459,53,15462.17,207.22
29,2026-08-28,10,149,207,71271.79,326.0
29,2026-08-28,11,157,184,59470.61,196.53
29,2026-08-28,12,692,199,58105.37,405.23
29,2026-08-28,13,152,323,110096.24,463.15
29,2026-08-28,14,171,230,71981.5,232.47
29,2026-08-28,15,166,133,44095.76,177.03
29,2026-08-28,16,163,136,46531.3,173.1
29,2026-08-28,17,743,202,67732.5,447.97
29,2026-08-28,18,331,375,114806.57,587.08
29,2026-08-28,19,107,311,97441.68,302.87
29,2026-08-28,20,71,117,39013.14,124.62
29,2026-08-28,21,0,63,21113.8,51.1
29,2026-08-29,9,539,80,26443.8,246.22
29,2026-08-29,10,145,224,74634.61,362.85
29,2026-08-29,11,167,203,66169.28,212.48
29,2026-08-29,12,690,197,64023.75,409.7
29,2026-08-29,13,172,330,110394.02,478.03
29,2026-08-29,14,175,252,82265.37,248.33
29,2026-08-29,15,165,122,37296.71,195.3
29,2026-08-29,16,171,133,40958.39,180.35
29,2026-08-29,17,661,172,53985.58,404.47
29,2026-08-29,18,342,331,103798.04,546.28
29,2026-08-29,19,113,315,105743.89,312.02
29,2026-08-29,20,56,136,48394.87,123.83
29,2026-08-29,21,0,55,17138.08,39.58
29,2026-08-30,9,564,85,24536.9,257.25
29,2026-08-30,10,169,226,71918.9,392.22
29,2026-08-30,11,198,221,71309.73,239.32
29,2026-08-30,12,730,238,79790.86,446.95
29,2026-08-30,13,164,339,107552.08,491.87
29,2026-08-30,14,143,237,78023.39,221.65
29,2026-08-30,15,170,123,41425.94,168.02
29,2026-08-30,16,185,107,34814.27,185.95
29,2026-08-30,17,677,208,64285.19,424.17
29,2026-08-30,18,358,355,113055.06,539.42
29,2026-08-30,19,97,311,102994.76,303.62
29,2026-08-30,20,83,119,41206.18,121.53
29,2026-08-30,21,0,64,21867.02,59.03
29,2026-08-31,9,451,53,16621.1,205.77
29,2026-08-31,10,166,184,58086.19,336.52
29,2026-08-31,11,157,187,56648.49,217.22
29,2026-08-31,12,614,182,62459.41,381.22
29,2026-08-31,13,162,292,94217.38,431.8
29,2026-08-31,14,147,213,68750.38,214.4
29,2026-08-31,15,187,120,38973.33,184.03
29,2026-08-31,16,155,129,42927.16,179.22
29,2026-08-31,17,656,186,59141.88,414.97
29,2026-08-31,18,301,339,104923.71,517.68
29,2026-08-31,19,100,266,85131.85,284.45
29,2026-08-31,20,72,124,44484.97,114.62
29,2026-08-31,21,0,73,25007.68,45.3
29,2026-09-01,9,398,46,15857.92,175.8
29,2026-09-01,10,119,179,55620.89,280.55
29,2026-09-01,11,116,160,49810.81,166.33
29,2026-09-01,12,505,148,43563.3,314.68
29,2026-09-01,13,114,250,79336.53,335.6
29,2026-09-01,14,140,168,53196.89,169.32
29,2026-09-01,15,141,93,30938.5,156.63
29,2026-09-01,16,126,111,34232.56,150.03
29,2026-09-01,17,554,164,49634.1,335.78
29,2026-09-01,18,259,287,83559.06,428.32
29,2026-09-01,19,90,215,66991.89,235.25
29,2026-09-01,20,44,103,35909.35,93.02
29,2026-09-01,21,0,43,14033.16,29.08
29,2026-09-02,9,432,48,14875.94,192.17
29,2026-09-02,10,151,221,74788.95,298.7
29,2026-09-02,11,137,151,50600.85,174.52
29,2026-09-02,12,586,167,49850.08,365.6
29,2026-09-02,13,133,276,86164.36,416.13
29,2026-09-02,14,154,218,65961.4,201.58
29,2026-09-02,15,169,116,38347.52,166.18
29,2026-09-02,16,131,114,35531.05,164.73
29,2026-09-02,17,626,186,55769.0,377.63
29,2026-09-02,18,306,318,98981.56,492.48
29,2026-09-02,19,92,265,88991.58,264.72
29,2026-09-02,20,52,114,38222.32,103.17
29,2026-09-02,21,0,54,17137.86,39.75
29,2026-09-03,9,462,54,18977.59,211.75
29,2026-09-03,10,132,198,58959.84,324.85
29,2026-09-03,11,153,176,58360.85,183.07
29,2026-09-03,12,598,158,47648.09,367.37
29,2026-09-03,13,136,321,114673.7,411.88
29,2026-09-03,14,165,176,55045.56,210.9
29,2026-09-03,15,166,139,39371.83,187.48
29,2026-09-03,16,150,116,35541.18,169.02
29,2026-09-03,17,604,160,48953.64,371.62
29,2026-09-03,18,311,304,98758.34,495.92
29,2026-09-03,19,99,259,80453.98,268.95
29,2026-09-03,20,62,108,33757.04,118.03
29,2026-09-03,21,0,60,17969.47,49.2
29,2026-09-04,9,503,65,20356.46,228.53
29,2026-09-04,10,157,233,72670.86,335.37
29,2026-09-04,11,164,188,61629.19,186.7
29,2026-09-04,12,688,181,60610.89,422.62
29,2026-09-04,13,160,314,97280.72,464.13
29,2026-09-04,14,191,239,77841.26,256.08
29,2026-09-04,15,188,146,45772.82,203.77
29,2026-09-04,16,162,146,47370.55,188.82
29,2026-09-04,17,698,212,70695.87,420.17
29,2026-09-04,18,340,344,112297.15,537.92
29,2026-09-04,19,93,276,84203.48,284.03
29,2026-09-04,20,62,111,39094.25,121.87
29,2026-09-04,21,0,61,19767.0,50.55
29,2026-09-05,9,506,62,20582.41,228.65
29,2026-09-05,10,169,205,62460.29,352.22
29,2026-09-05,11,177,200,60945.96,237.92
29,2026-09-05,12,686,215,64301.09,441.45
29,2026-09-05,13,171,335,111617.98,467.4
29,2026-09-05,14,191,249,81568.89,243.32
29,2026-09-05,15,184,144,44053.37,201.57
29,2026-09-05,16,181,141,45729.56,206.35
29,2026-09-05,17,725,213,68947.67,442.05
29,2026-09-05,18,351,395,126831.45,581.4
29,2026-09-05,19,104,329,101582.92,306.48
29,2026-09-05,20,63,134,42490.27,118.62
29,2026-09-05,21,0,60,19467.75,44.78
29,2026-09-06,9,511,84,26916.54,230.83
29,2026-09-06,10,168,210,67192.06,360.02
29,2026-09-06,11,175,220,67120.26,223.6
29,2026-09-06,12,686,190,61230.45,427.6
29,2026-09-06,13,146,342,108987.98,459.77
29,2026-09-06,14,184,243,77653.01,234.17
29,2026-09-06,15,185,125,36574.37,187.75
29,2026-09-06,16,167,123,36532.01,198.23
29,2026-09-06,17,705,213,68075.42,441.03
29,2026-09-06,18,356,370,124071.18,559.93
29,2026-09-06,19,114,322,100024.73,314.38
29,2026-09-06,20,75,119,39256.39,129.13
29,2026-09-06,21,0,78,25455.74,58.63
29,2026-09-07,9,396,58,20477.78,177.67
29,2026-09-07,10,127,165,53366.16,284.48
29,2026-09-07,11,135,158,49863.27,166.37
29,2026-09-07,12,564,159,53806.94,351.3
29,2026-09-07,13,127,262,82800.91,383.33
29,2026-09-07,14,140,219,70325.0,198.13
29,2026-09-07,15,154,94,30852.41,149.88
29,2026-09-07,16,139,122,38592.38,163.08
29,2026-09-07,17,563,160,52171.1,343.43
29,2026-09-07,18,278,267,83871.48,450.67
29,2026-09-07,19,84,251,84643.55,243.6
29,2026-09-07,20,50,97,28947.23,95.25
29,2026-09-07,21,0,38,14054.55,36.8
29,2026-09-08,9,381,43,14164.08,176.87
29,2026-09-08,10,144,174,56027.11,291.58
29,2026-09-08,11,123,178,57952.13,174.7
29,2026-09-08,12,517,153,51479.31,309.08
29,2026-09-08,13,126,247,75424.08,360.85
29,2026-09-08,14,131,178,51467.67,169.38
29,2026-09-08,15,129,88,30974.18,140.05
29,2026-09-08,16,117,107,35330.71,144.58
29,2026-09-08,17,501,132,42663.56,312.65
29,2026-09-08,18,267,268,89030.48,428.68
29,2026-09-08,19,77,220,69753.06,246.0
29,2026-09-08,20,40,84,28329.81,86.47
29,2026-09-08,21,0,49,15094.15,33.47
29,2026-09-09,9,504,64,22831.14,224.7
29,2026-09-09,10,122,231,79053.87,337.37
29,2026-09-09,11,149,175,55087.54,172.25
29,2026-09-09,12,597,172,58278.88,368.27
29,2026-09-09,13,134,295,96050.66,393.48
29,2026-09-09,14,153,181,55644.93,191.87
29,2026-09-09,15,154,121,36115.87,163.43
29,2026-09-09,16,168,98,30967.98,184.07
29,2026-09-09,17,622,195,64639.65,384.68
29,2026-09-09,18,309,331,99776.69,499.2
29,2026-09-09,19,97,268,86128.45,272.35
29,2026-09-09,20,62,106,33468.08,111.32
29,2026-09-09,21,0,63,19845.68,40.33
29,2026-09-10,9,439,55,17264.3,201.03
29,2026-09-10,10,132,189,58806.02,316.98
29,2026-09-10,11,148,158,52680.2,188.88
29,2026-09-10,12,555,172,58405.43,352.2
29,2026-09-10,13,130,278,91005.28,363.73
29,2026-09-10,14,140,183,59009.49,182.72
29,2026-09-10,15,120,95,27608.41,138.83
29,2026-09-10,16,127,98,31823.75,132.6
29,2026-09-10,17,571,134,43104.34,352.57
29,2026-09-10,18,298,315,106768.49,479.3
29,2026-09-10,19,85,257,80340.11,249.27
29,2026-09-10,20,48,99,29555.7,94.65
29,2026-09-10,21,0,51,16214.64,38.95
29,2026-09-11,9,501,67,21878.33,226.32
29,2026-09-11,10,158,231,74959.19,342.98
29,2026-09-11,11,165,203,65750.77,207.7
29,2026-09-11,12,655,204,60568.84,397.6
29,2026-09-11,13,190,304,98066.21,444.73
29,2026-09-11,14,188,252,74842.57,264.53
29,2026-09-11,15,176,145,40769.74,198.25
29,2026-09-11,16,169,119,38668.37,185.28
29,2026-09-11,17,724,193,59566.75,438.15
29,2026-09-11,18,322,386,123306.38,566.9
29,2026-09-11,19,85,290,92762.89,280.57
29,2026-09-11,20,66,110,31844.96,111.92
29,2026-09-11,21,0,67,23569.23,49.07
29,2026-09-12,9,541,86,28746.45,250.73
29,2026-09-12,10,191,233,70853.21,367.98
29,2026-09-12,11,182,207,64784.6,236.15
29,2026-09-12,12,711,211,65994.33,438.63
29,2026-09-12,13,179,362,116810.6,483.55
29,2026-09-12,14,184,248,82974.01,237.2
29,2026-09-12,15,205,132,43945.78,205.3
29,2026-09-12,16,146,135,40607.93,199.82
29,2026-09-12,17,800,217,68553.16,458.6
29,2026-09-12,18,358,393,126838.89,592.65
29,2026-09-12,19,90,304,98616.89,306.47
29,2026-09-12,20,63,128,41116.64,118.62
29,2026-09-12,21,0,67,20820.18,51.32
29,2026-09-13,9,519,58,15545.97,241.88
29,2026-09-13,10,169,226,76816.01,360.23
29,2026-09-13,11,169,194,59963.84,215.5
29,2026-09-13,12,680,212,64659.91,422.02
29,2026-09-13,13,163,348,110839.62,469.63
29,2026-09-13,14,169,231,76175.32,226.0
29,2026-09-13,15,177,112,31474.45,181.52
29,2026-09-13,16,162,123,35348.33,182.45
29,2026-09-13,17,633,184,59456.16,385.97
29,2026-09-13,18,307,334,106392.3,525.27
29,2026-09-13,19,105,289,93230.45,291.8
29,2026-09-13,20,65,124,44294.2,108.3
29,2026-09-13,21,0,55,17248.5,42.72
29,2026-09-14,9,418,59,18147.13,191.67
29,2026-09-14,10,129,168,52183.85,285.25
29,2026-09-14,11,144,174,53844.93,185.7
29,2026-09-14,12,503,159,50838.27,318.25
29,2026-09-14,13,127,237,77247.07,359.92
29,2026-09-14,14,125,201,61802.91,178.37
29,2026-09-14,15,134,89,27002.64,139.78
29,2026-09-14,16,128,92,32143.87,133.95
29,2026-09-14,17,512,148,51006.77,326.87
29,2026-09-14,18,266,264,87227.27,427.98
29,2026-09-14,19,76,236,73675.14,218.38
29,2026-09-14,20,55,81,23242.19,91.63
29,2026-09-14,21,0,55,16006.17,32.37
29,2026-09-15,9,464,74,24574.87,204.17
29,2026-09-15,10,160,192,60281.61,323.03
29,2026-09-15,11,134,189,60791.95,193.88
29,2026-09-15,12,607,175,54264.97,360.85
29,2026-09-15,13,120,289,90046.56,406.25
29,2026-09-15,14,129,183,60204.92,185.6
29,2026-09-15,15,147,98,28349.06,151.22
29,2026-09-15,16,155,97,29463.09,154.97
29,2026-09-15,17,586,182,56677.49,366.98
29,2026-09-15,18,302,298,98362.53,484.47
29,2026-09-15,19,78,273,82678.6,266.22
29,2026-09-15,20,44,83,26225.29,90.08
29,2026-09-15,21,0,42,11657.42,28.6
29,2026-09-16,9,462,79,28913.3,205.75
29,2026-09-16,10,160,209,68471.73,313.78
29,2026-09-16,11,164,170,60137.47,199.63
29,2026-09-16,12,638,180,55118.75,400.03
29,2026-09-16,13,153,330,106456.32,433.2
29,2026-09-16,14,159,216,70042.11,222.27
29,2026-09-16,15,141,119,39208.94,167.85
29,2026-09-16,16,155,119,34388.34,155.77
29,2026-09-16,17,639,185,54413.78,381.72
29,2026-09-16,18,285,340,113478.77,498.07
29,2026-09-16,19,97,234,72891.11,263.62
29,2026-09-16,20,67,115,40778.33,109.92
29,2026-09-16,21,0,60,16090.01,43.53
29,2026-09-17,9,512,73,24409.08,232.35
29,2026-09-17,10,147,210,64622.41,354.7
29,2026-09-17,11,149,192,65550.91,206.38
29,2026-09-17,12,627,186,60156.81,368.57
29,2026-09-17,13,142,319,101282.78,427.72
29,2026-09-17,14,161,208,66037.53,210.55
29,2026-09-17,15,165,118,35236.21,172.55
29,2026-09-17,16,151,97,31512.98,177.7
29,2026-09-17,17,664,207,68175.5,384.6
29,2026-09-17,18,332,329,103048.03,534.77
29,2026-09-17,19,125,314,100370.17,322.18
29,2026-09-17,20,66,133,41261.14,126.68
29,2026-09-17,21,0,63,23025.49,42.38
29,2026-09-18,9,485,89,26254.86,219.58
29,2026-09-18,10,149,188,58503.17,328.78
29,2026-09-18,11,182,207,65644.95,205.5
29,2026-09-18,12,628,183,56791.69,405.95
29,2026-09-18,13,148,327,111458.14,434.72
29,2026-09-18,14,156,213,69632.74,208.1
29,2026-09-18,15,178,107,33133.98,180.68
29,2026-09-18,16,157,124,45701.61,176.85
29,2026-09-18,17,637,164,52066.14,394.75
29,2026-09-18,18,282,333,107566.23,478.48
29,2026-09-18,19,98,263,79411.11,261.95
29,2026-09-18,20,54,111,31918.33,105.92
29,2026-09-18,21,0,57,15680.17,38.82
29,2026-09-19,9,575,82,24266.71,266.45
29,2026-09-19,10,179,235,73218.89,393.02
29,2026-09-19,11,179,225,64547.04,241.22
29,2026-09-19,12,739,195,65409.14,450.28
29,2026-09-19,13,197,347,108210.96,516.98
29,2026-09-19,14,178,261,83929.54,284.82
29,2026-09-19,15,191,149,48270.79,208.03
29,2026-09-19,16,177,140,43810.69,203.5
29,2026-09-19,17,772,207,64823.72,464.22
29,2026-09-19,18,360,390,129013.9,627.82
29,2026-09-19,19,116,340,106942.39,325.37
29,2026-09-19,20,77,128,39087.33,135.03
29,2026-09-19,21,0,70,19837.45,54.55
29,2026-09-20,9,494,60,18429.36,215.13
29,2026-09-20,10,158,210,62129.72,346.52
29,2026-09-20,11,167,195,62184.26,218.53
29,2026-09-20,12,648,178,49534.1,414.55
29,2026-09-20,13,165,319,101291.91,444.85
29,2026-09-20,14,163,239,77049.83,231.77
29,2026-09-20,15,152,114,35082.87,175.37
29,2026-09-20,16,163,113,40780.87,190.7
29,2026-09-20,17,628,175,55220.75,400.2
29,2026-09-20,18,302,347,108463.25,494.25
29,2026-09-20,19,100,272,87568.5,250.4
29,2026-09-20,20,50,106,34107.5,103.28
29,2026-09-20,21,0,53,16708.07,35.17
30,2026-08-24,9,335,48,13114.97,148.5
30,2026-08-24,10,101,150,50594.61,231.85
30,2026-08-24,11,147,131,40056.82,158.93
30,2026-08-24,12,403,122,38566.17,273.57
30,2026-08-24,13,111,193,62614.38,299.45
30,2026-08-24,14,116,159,55938.32,162.22
30,2026-08-24,15,102,96,35468.3,122.8
30,2026-08-24,16,115,80,23192.25,107.17
30,2026-08-24,17,421,108,32921.81,246.92
30,2026-08-24,18,223,217,71901.89,343.83
30,2026-08-24,19,64,196,65702.58,197.78
30,2026-08-24,20,34,79,25167.51,73.35
30,2026-08-24,21,0,34,9231.47,23.93
30,2026-08-25,9,384,68,25424.03,179.32
30,2026-08-25,10,130,164,45239.85,260.67
30,2026-08-25,11,130,147,52123.04,167.55
30,2026-08-25,12,500,169,53968.67,312.15
30,2026-08-25,13,126,244,75052.38,330.6
30,2026-08-25,14,137,168,54992.29,159.5
30,2026-08-25,15,115,88,28081.37,135.98
30,2026-08-25,16,115,95,26974.24,131.25
30,2026-08-25,17,518,139,48416.74,307.87
30,2026-08-25,18,236,250,76485.55,401.57
30,2026-08-25,19,90,220,67362.26,226.52
30,2026-08-25,20,40,93,31336.21,98.72
30,2026-08-25,21,0,47,16888.76,29.75
30,2026-08-26,9,367,63,19645.94,168.33
30,2026-08-26,10,117,163,51308.88,249.37
30,2026-08-26,11,119,138,41332.62,152.55
30,2026-08-26,12,456,130,39162.5,278.43
30,2026-08-26,13,128,207,67869.74,320.45
30,2026-08-26,14,134,157,51070.06,178.33
30,2026-08-26,15,125,100,29606.37,145.07
30,2026-08-26,16,114,93,30722.52,136.83
30,2026-08-26,17,501,153,49425.22,293.4
30,2026-08-26,18,239,249,79009.98,397.78
30,2026-08-26,19,62,200,64463.74,213.23
30,2026-08-26,20,44,82,28828.37,77.43
30,2026-08-26,21,0,46,13755.88,28.95
30,2026-08-27,9,362,51,15087.42,162.38
30,2026-08-27,10,79,157,51077.74,239.45
30,2026-08-27,11,95,118,38135.09,120.85
30,2026-08-27,12,505,115,37051.97,282.68
30,2026-08-27,13,114,228,73100.4,335.82
30,2026-08-27,14,112,171,52370.27,165.95
30,2026-08-27,15,100,93,29561.23,121.38
30,2026-08-27,16,108,85,28211.49,107.53
30,2026-08-27,17,476,130,39483.08,287.3
30,2026-08-27,18,234,244,80261.68,370.42
30,2026-08-27,19,68,188,56496.75,202.5
30,2026-08-27,20,43,83,26450.52,80.43
30,2026-08-27,21,0,42,13231.61,35.72
30,2026-08-28,9,366,44,14968.55,170.38
30,2026-08-28,10,121,158,47830.06,257.95
30,2026-08-28,11,138,165,53191.28,162.42
30,2026-08-28,12,541,155,50800.09,323.28
30,2026-08-28,13,116,243,71346.01,365.67
30,2026-08-28,14,125,187,56299.77,178.33
30,2026-08-28,15,137,110,33184.91,151.63
30,2026-08-28,16,119,94,30692.11,134.62
30,2026-08-28,17,552,168,54557.41,331.48
30,2026-08-28,18,245,270,84616.19,410.42
30,2026-08-28,19,75,221,69841.97,224.92
30,2026-08-28,20,44,88,26712.5,95.75
30,2026-08-28,21,0,46,13823.7,32.62
30,2026-08-29,9,486,71,22579.1,219.42
30,2026-08-29,10,153,209,73493.47,329.53
30,2026-08-29,11,164,187,62345.22,199.75
30,2026-08-29,12,608,184,58825.17,373.92
30,2026-08-29,13,159,272,88038.1,420.07
30,2026-08-29,14,155,210,69924.41,220.52
30,2026-08-29,15,176,121,40402.03,177.72
30,2026-08-29,16,165,121,38647.89,179.33
30,2026-08-29,17,669,212,68422.42,419.67
30,2026-08-29,18,320,350,113755.04,514.47
30,2026-08-29,19,104,270,87589.66,281.37
30,2026-08-29,20,58,106,35354.85,117.62
30,2026-08-29,21,0,60,20178.09,36.83
30,2026-08-30,9,461,71,20315.49,209.67
30,2026-08-30,10,147,210,63789.12,304.93
30,2026-08-30,11,137,178,56170.81,172.47
30,2026-08-30,12,551,146,50346.18,332.55
30,2026-08-30,13,135,250,78060.32,390.35
30,2026-08-30,14,143,192,59188.51,202.65
30,2026-08-30,15,124,100,32070.82,151.2
30,2026-08-30,16,126,107,34619.15,145.78
30,2026-08-30,17,579,152,50454.48,337.8
30,2026-08-30,18,269,281,92308.6,454.37
30,2026-08-30,19,78,260,84844.0,234.67
30,2026-08-30,20,53,105,30209.97,92.07
30,2026-08-30,21,0,50,16861.96,34.85
30,2026-08-31,9,373,41,12608.34,167.37
30,2026-08-31,10,109,167,52821.84,267.8
30,2026-08-31,11,140,151,45312.51,167.18
30,2026-08-31,12,501,150,47482.59,338.12
30,2026-08-31,13,125,258,77791.36,348.47
30,2026-08-31,14,124,172,56370.96,173.8
30,2026-08-31,15,139,97,33566.68,136.05
30,2026-08-31,16,109,90,26856.06,120.83
30,2026-08-31,17,480,121,42710.07,281.48
30,2026-08-31,18,240,252,75467.55,403.9
30,2026-08-31,19,64,215,65218.19,214.72
30,2026-08-31,20,49,88,31987.91,83.4
30,2026-08-31,21,0,49,16862.43,34.62
30,2026-09-01,9,328,54,16107.01,144.72
30,2026-09-01,10,103,145,42889.45,220.8
30,2026-09-01,11,107,126,40272.97,132.07
30,2026-09-01,12,477,120,38938.09,276.82
30,2026-09-01,13,107,206,63368.27,327.95
30,2026-09-01,14,111,170,54004.27,145.28
30,2026-09-01,15,109,84,26234.1,118.3
30,2026-09-01,16,107,78,23163.58,112.1
30,2026-09-01,17,444,125,40687.74,279.02
30,2026-09-01,18,244,233,70418.83,374.52
30,2026-09-01,19,76,205,61208.9,206.92
30,2026-09-01,20,37,91,27119.71,86.52
30,2026-09-01,21,0,37,12259.19,26.82
30,2026-09-02,9,390,48,14646.95,181.95
30,2026-09-02,10,129,180,61225.92,282.72
30,2026-09-02,11,140,145,44111.53,183.98
30,2026-09-02,12,484,168,56664.39,321.32
30,2026-09-02,13,125,244,76876.77,335.92
30,2026-09-02,14,117,159,49808.01,170.5
30,2026-09-02,15,140,90,29741.84,146.97
30,2026-09-02,16,145,112,35149.59,159.67
30,2026-09-02,17,550,146,51107.68,333.37
30,2026-09-02,18,289,315,101787.22,457.07
30,2026-09-02,19,69,259,88026.64,236.05
30,2026-09-02,20,55,85,26653.25,85.13
30,2026-09-02,21,0,55,19146.85,42.67
30,2026-09-03,9,371,53,15879.15,169.62
30,2026-09-03,10,114,164,48955.59,253.75
30,2026-09-03,11,123,152,44993.04,157.8
30,2026-09-03,12,504,137,41354.66,288.53
30,2026-09-03,13,142,227,73357.03,346.7
30,2026-09-03,14,117,170,56739.23,183.4
30,2026-09-03,15,126,103,30852.14,137.33
30,2026-09-03,16,117,82,26502.72,133.3
30,2026-09-03,17,467,132,43913.32,293.92
30,2026-09-03,18,257,273,90429.62,387.12
30,2026-09-03,19,80,197,63078.98,211.7
30,2026-09-03,20,52,88,28991.39,97.87
30,2026-09-03,21,0,62,20816.07,44.03
30,2026-09-04,9,373,54,18072.9,183.33
30,2026-09-04,10,103,169,58048.84,252.97
30,2026-09-04,11,124,137,42899.6,148.95
30,2026-09-04,12,451,147,45064.27,286.88
30,2026-09-04,13,105,221,77346.98,288.08
30,2026-09-04,14,106,143,46383.18,139.23
30,2026-09-04,15,138,86,24150.12,132.67
30,2026-09-04,16,128,91,31259.74,146.23
30,2026-09-04,17,467,148,47114.22,305.8
30,2026-09-04,18,244,257,80598.39,365.4
30,2026-09-04,19,66,200,60986.11,209.22
30,2026-09-04,20,43,85,27313.37,70.05
30,2026-09-04,21,0,28,10517.88,28.78
30,2026-09-05,9,451,73,25040.89,200.88
30,2026-09-05,10,176,203,67219.8,311.57
30,2026-09-05,11,140,165,54512.11,195.08
30,2026-09-05,12,628,207,60336.5,396.77
30,2026-09-05,13,141,269,85034.07,418.43
30,2026-09-05,14,147,234,72414.05,205.45
30,2026-09-05,15,158,100,30357.84,163.38
30,2026-09-05,16,139,104,34037.21,173.18
30,2026-09-05,17,640,195,59902.3,391.9
30,2026-09-05,18,317,331,105522.21,504.07
30,2026-09-05,19,90,264,87590.71,271.98
30,2026-09-05,20,66,120,36391.0,114.0
30,2026-09-05,21,0,61,20049.03,35.7
30,2026-09-06,9,498,68,21615.39,221.3
30,2026-09-06,10,159,223,70197.87,336.45
30,2026-09-06,11,141,210,66591.98,200.73
30,2026-09-06,12,566,155,50569.3,360.85
30,2026-09-06,13,133,295,96065.5,396.98
30,2026-09-06,14,137,194,65215.24,193.48
30,2026-09-06,15,140,103,29091.99,152.73
30,2026-09-06,16,139,96,30147.02,149.48
30,2026-09-06,17,638,155,49547.16,388.55
30,2026-09-06,18,301,314,100695.09,519.57
30,2026-09-06,19,115,268,85061.57,272.57
30,2026-09-06,20,52,118,38655.11,122.05
30,2026-09-06,21,0,63,20418.18,44.28
30,2026-09-07,9,346,50,13421.88,157.95
30,2026-09-07,10,110,150,50937.99,226.17
30,2026-09-07,11,116,117,32901.51,134.98
30,2026-09-07,12,488,137,46452.38,281.55
30,2026-09-07,13,123,242,77225.71,326.8
30,2026-09-07,14,106,149,50657.77,172.63
30,2026-09-07,15,126,101,28865.87,135.5
30,2026-09-07,16,114,87,27522.97,129.35
30,2026-09-07,17,518,146,52760.94,307.07
30,2026-09-07,18,249,262,82818.59,419.3
30,2026-09-07,19,64,221,67347.19,222.87
30,2026-09-07,20,42,80,24862.75,75.62
30,2026-09-07,21,0,44,15120.38,29.97
30,2026-09-08,9,337,55,16787.94,153.65
30,2026-09-08,10,131,155,50901.03,237.4
30,2026-09-08,11,125,148,42281.92,158.53
30,2026-09-08,12,441,143,44532.38,283.7
30,2026-09-08,13,89,218,71336.51,285.85
30,2026-09-08,14,102,140,46020.92,133.23
30,2026-09-08,15,91,70,19949.98,104.75
30,2026-09-08,16,112,74,21908.26,114.62
30,2026-09-08,17,447,133,42566.28,276.87
30,2026-09-08,18,237,226,68393.02,368.1
30,2026-09-08,19,75,208,68998.83,219.63
30,2026-09-08,20,43,88,24642.96,92.25
30,2026-09-08,21,0,46,13645.45,28.95
30,2026-09-09,9,328,52,16564.44,142.33
30,2026-09-09,10,104,145,41565.8,216.82
30,2026-09-09,11,108,133,44853.78,131.25
30,2026-09-09,12,454,113,37760.29,272.2
30,2026-09-09,13,111,229,74708.64,308.1
30,2026-09-09,14,135,150,44797.58,151.42
30,2026-09-09,15,117,91,31552.4,138.13
30,2026-09-09,16,105,94,31489.29,121.03
30,2026-09-09,17,484,141,42716.64,286.27
30,2026-09-09,18,247,234,80290.66,383.25
30,2026-09-09,19,52,213,65044.93,199.35
30,2026-09-09,20,42,74,23967.78,68.72
30,2026-09-09,21,0,37,13037.36,30.88
30,2026-09-10,9,318,36,13095.52,144.42
30,2026-09-10,10,119,146,47476.23,238.17
30,2026-09-10,11,112,120,39942.49,146.17
30,2026-09-10,12,476,128,39615.41,293.55
30,2026-09-10,13,105,235,79067.57,324.45
30,2026-09-10,14,110,171,53204.21,157.48
30,2026-09-10,15,98,86,29437.53,118.38
30,2026-09-10,16,104,72,23491.32,108.08
30,2026-09-10,17,442,138,44316.47,263.0
30,2026-09-10,18,254,226,70936.5,376.75
30,2026-09-10,19,69,223,69156.91,221.27
30,2026-09-10,20,48,85,23427.39,92.47
30,2026-09-10,21,0,47,13225.96,37.0
30,2026-09-11,9,371,54,16474.69,165.25
30,2026-09-11,10,129,176,58056.2,260.3
30,2026-09-11,11,131,127,41081.11,162.92
30,2026-09-11,12,564,167,54175.28,337.98
30,2026-09-11,13,129,276,91311.99,374.65
30,2026-09-11,14,138,174,59468.7,181.83
30,2026-09-11,15,147,101,31318.84,150.53
30,2026-09-11,16,163,125,49447.63,164.58
30,2026-09-11,17,558,174,58600.28,357.33
30,2026-09-11,18,263,287,96791.52,451.23
30,2026-09-11,19,91,241,76730.52,245.55
30,2026-09-11,20,53,102,29473.33,97.88
30,2026-09-11,21,0,45,13937.9,37.83
30,2026-09-12,9,507,70,24716.56,236.92
30,2026-09-12,10,148,233,73160.45,354.22
30,2026-09-12,11,172,197,67152.79,205.1
30,2026-09-12,12,652,201,64520.44,412.2
30,2026-09-12,13,182,323,106108.08,441.35
30,2026-09-12,14,155,225,73385.11,232.27
30,2026-09-12,15,182,144,43814.58,187.3
30,2026-09-12,16,168,118,39421.43,193.2
30,2026-09-12,17,721,217,71650.36,446.65
30,2026-09-12,18,339,360,117788.56,569.33
30,2026-09-12,19,98,322,103881.53,306.3
30,2026-09-12,20,61,113,35543.54,110.38
30,2026-09-12,21,0,59,16686.6,41.82
30,2026-09-13,9,418,56,19699.94,187.08
30,2026-09-13,10,137,163,53473.54,304.5
30,2026-09-13,11,131,185,52899.19,171.57
30,2026-09-13,12,562,153,50131.88,355.07
30,2026-09-13,13,135,279,91066.43,370.52
30,2026-09-13,14,137,197,59763.47,191.6
30,2026-09-13,15,140,105,33530.01,160.87
30,2026-09-13,16,118,103,32644.22,139.92
30,2026-09-13,17,542,136,47962.24,323.55
30,2026-09-13,18,265,279,92868.91,434.72
30,2026-09-13,19,85,239,78810.84,234.4
30,2026-09-13,20,53,95,28140.92,94.43
30,2026-09-13,21,0,55,18327.91,38.95
30,2026-09-14,9,387,56,16198.8,173.42
30,2026-09-14,10,128,160,53016.62,278.17
30,2026-09-14,11,111,144,50831.58,166.73
30,2026-09-14,12,494,141,44369.2,303.38
30,2026-09-14,13,120,231,74909.7,341.7
30,2026-09-14,14,120,178,59113.94,165.3
30,2026-09-14,15,147,86,27286.42,147.33
30,2026-09-14,16,124,101,34084.75,151.03
30,2026-09-14,17,528,168,56875.56,317.38
30,2026-09-14,18,254,273,81712.04,412.02
30,2026-09-14,19,77,232,68424.6,217.87
30,2026-09-14,20,60,90,28465.0,88.2
30,2026-09-14,21,0,54,14007.75,42.62
30,2026-09-15,9,373,50,19480.47,165.98
30,2026-09-15,10,114,160,49741.29,267.95
30,2026-09-15,11,112,144,46406.29,147.72
30,2026-09-15,12,531,155,44458.62,308.67
30,2026-09-15,13,100,263,84199.52,339.47
30,2026-09-15,14,121,171,55194.75,147.95
30,2026-09-15,15,149,78,26363.18,140.4
30,2026-09-15,16,121,100,33153.91,148.25
30,2026-09-15,17,518,152,49685.26,313.17
30,2026-09-15,18,248,284,92006.4,390.43
30,2026-09-15,19,66,205,62372.78,192.62
30,2026-09-15,20,50,77,20652.98,71.15
30,2026-09-15,21,0,42,12691.25,38.3
30,2026-09-16,9,380,67,21482.09,166.65
30,2026-09-16,10,110,160,55093.22,243.75
30,2026-09-16,11,129,134,40690.33,149.4
30,2026-09-16,12,522,143,51375.47,309.87
30,2026-09-16,13,112,252,81811.05,372.17
30,2026-09-16,14,132,182,53977.51,175.98
30,2026-09-16,15,133,97,33044.41,148.55
30,2026-09-16,16,142,89,26413.81,149.27
30,2026-09-16,17,572,179,61584.9,358.5
30,2026-09-16,18,254,280,95331.42,420.53
30,2026-09-16,19,83,217,70375.42,235.68
30,2026-09-16,20,60,91,25343.27,92.98
30,2026-09-16,21,0,52,17410.23,38.15
30,2026-09-17,9,410,49,14535.64,181.83
30,2026-09-17,10,132,173,53730.85,294.03
30,2026-09-17,11,130,169,55481.19,175.45
30,2026-09-17,12,517,138,48815.96,325.6
30,2026-09-17,13,141,270,90817.81,376.75
30,2026-09-17,14,125,199,61704.67,179.15
30,2026-09-17,15,133,98,31892.02,144.77
30,2026-09-17,16,117,100,31572.2,141.77
30,2026-09-17,17,543,164,52029.08,314.45
30,2026-09-17,18,256,267,87412.05,407.93
30,2026-09-17,19,82,243,81572.17,231.37
30,2026-09-17,20,56,93,28061.49,91.6
30,2026-09-17,21,0,51,14885.38,39.65
30,2026-09-18,9,415,56,22463.17,186.85
30,2026-09-18,10,147,181,54723.23,295.03
30,2026-09-18,11,138,154,46594.17,186.05
30,2026-09-18,12,549,159,56967.23,328.1
30,2026-09-18,13,120,258,84319.94,355.45
30,2026-09-18,14,158,182,56630.87,188.87
30,2026-09-18,15,134,102,33097.87,168.47
30,2026-09-18,16,156,104,34907.55,162.12
30,2026-09-18,17,548,192,63864.52,346.52
30,2026-09-18,18,274,281,89353.12,433.82
30,2026-09-18,19,94,216,69411.31,235.22
30,2026-09-18,20,45,107,32744.61,96.03
30,2026-09-18,21,0,49,14332.33,37.62
30,2026-09-19,9,474,60,18069.84,209.53
30,2026-09-19,10,135,198,67000.79,332.93
30,2026-09-19,11,137,180,60981.72,185.12
30,2026-09-19,12,563,180,62196.45,351.63
30,2026-09-19,13,145,266,87174.95,382.48
30,2026-09-19,14,147,186,61573.14,209.48
30,2026-09-19,15,140,119,39607.23,155.55
30,2026-09-19,16,140,100,33341.57,145.43
30,2026-09-19,17,611,171,53099.97,375.13
30,2026-09-19,18,294,310,96883.55,480.72
30,2026-09-19,19,85,249,80707.66,254.28
30,2026-09-19,20,68,108,37527.41,99.98
30,2026-09-19,21,0,68,20760.61,45.62
30,2026-09-20,9,418,61,21697.92,188.73
30,2026-09-20,10,144,184,54160.53,297.22
30,2026-09-20,11,165,176,54966.16,192.18
30,2026-09-20,12,593,193,61509.92,372.67
30,2026-09-20,13,122,263,88428.3,372.87
30,2026-09-20,14,163,206,61876.91,203.07
30,2026-09-20,15,170,114,36968.99,179.05
30,2026-09-20,16,120,118,38842.14,153.4
30,2026-09-20,17,574,155,49730.57,339.25
30,2026-09-20,18,311,290,89344.48,471.37
30,2026-09-20,19,99,257,80926.31,280.07
30,2026-09-20,20,67,118,40289.9,106.88
30,2026-09-20,21,0,58,18017.85,45.72
31,2026-08-24,9,319,43,11692.45,143.57
31,2026-08-24,10,98,153,47179.03,217.67
31,2026-08-24,11,104,127,40954.51,126.98
31,2026-08-24,12,428,123,40114.45,269.95
31,2026-08-24,13,116,217,70239.97,295.53
31,2026-08-24,14,109,153,46640.94,156.75
31,2026-08-24,15,111,83,25877.03,127.65
31,2026-08-24,16,90,83,24611.51,117.27
31,2026-08-24,17,406,126,40398.06,246.42
31,2026-08-24,18,238,205,66609.21,337.68
31,2026-08-24,19,60,186,56087.37,192.9
31,2026-08-24,20,48,83,23974.69,77.83
31,2026-08-24,21,0,39,12542.86,32.85
31,2026-08-25,9,327,49,14633.48,145.23
31,2026-08-25,10,97,143,46227.63,215.53
31,2026-08-25,11,106,117,36454.92,133.4
31,2026-08-25,12,423,109,34453.6,258.48
31,2026-08-25,13,92,211,68818.41,283.03
31,2026-08-25,14,104,143,43416.23,134.52
31,2026-08-25,15,107,65,20934.41,121.58
31,2026-08-25,16,98,83,27803.15,117.83
31,2026-08-25,17,419,130,40929.49,245.55
31,2026-08-25,18,208,204,62906.1,330.27
31,2026-08-25,19,74,190,60144.77,194.35
31,2026-08-25,20,41,73,23439.05,72.98
31,2026-08-25,21,0,35,10896.45,26.57
31,2026-08-26,9,330,44,13497.09,141.25
31,2026-08-26,10,112,137,41478.62,235.75
31,2026-08-26,11,94,149,50028.13,131.97
31,2026-08-26,12,479,128,42207.08,270.27
31,2026-08-26,13,88,229,72186.15,306.18
31,2026-08-26,14,139,140,40249.1,144.82
31,2026-08-26,15,123,95,27852.53,142.25
31,2026-08-26,16,97,97,29064.25,116.6
31,2026-08-26,17,445,134,44717.22,259.72
31,2026-08-26,18,226,217,65310.12,351.88
31,2026-08-26,19,64,184,58316.53,192.15
31,2026-08-26,20,36,81,24204.58,77.03
31,2026-08-26,21,0,38,12677.6,28.03
31,2026-08-27,9,379,48,18230.72,169.68
31,2026-08-27,10,123,173,55550.57,250.17
31,2026-08-27,11,109,130,39986.76,151.33
31,2026-08-27,12,460,143,42681.72,276.6
31,2026-08-27,13,110,210,67799.37,333.37
31,2026-08-27,14,128,159,51617.34,161.63
31,2026-08-27,15,135,89,27573.83,147.02
31,2026-08-27,16,107,113,37430.58,135.62
31,2026-08-27,17,491,148,42647.79,300.87
31,2026-08-27,18,239,257,79146.98,362.98
31,2026-08-27,19,73,197,60512.07,209.98
31,2026-08-27,20,42,97,32829.49,82.58
31,2026-08-27,21,0,33,10069.98,25.53
31,2026-08-28,9,369,54,16093.31,170.75
31,2026-08-28,10,123,160,51311.07,260.85
31,2026-08-28,11,130,143,46159.44,158.27
31,2026-08-28,12,474,138,50610.73,304.17
31,2026-08-28,13,111,232,74287.66,326.08
31,2026-08-28,14,145,163,53725.58,162.68
31,2026-08-28,15,133,103,31198.54,154.88
31,2026-08-28,16,117,97,29342.52,152.08
31,2026-08-28,17,494,158,49633.8,300.27
31,2026-08-28,18,258,246,75566.11,403.07
31,2026-08-28,19,71,229,75759.91,221.17
31,2026-08-28,20,46,87,28554.95,89.78
31,2026-08-28,21,0,45,16697.81,32.9
31,2026-08-29,9,434,69,25712.99,194.63
31,2026-08-29,10,148,173,48150.23,306.13
31,2026-08-29,11,138,171,56448.61,187.95
31,2026-08-29,12,603,177,56563.66,363.08
31,2026-08-29,13,161,287,95541.64,398.55
31,2026-08-29,14,143,220,66241.12,205.25
31,2026-08-29,15,154,96,29998.47,171.65
31,2026-08-29,16,139,121,42485.64,164.4
31,2026-08-29,17,599,173,55356.63,366.05
31,2026-08-29,18,270,283,89823.93,464.13
31,2026-08-29,19,93,244,78564.87,269.07
31,2026-08-29,20,59,104,34582.24,105.6
31,2026-08-29,21,0,61,19158.28,47.22
31,2026-08-30,9,424,59,20351.63,181.73
31,2026-08-30,10,133,174,55802.09,296.32
31,2026-08-30,11,147,162,51407.82,181.03
31,2026-08-30,12,593,174,55116.99,363.05
31,2026-08-30,13,126,299,97402.12,396.42
31,2026-08-30,14,144,199,65201.72,187.5
31,2026-08-30,15,131,98,32352.34,152.17
31,2026-08-30,16,129,110,37319.52,134.88
31,2026-08-30,17,566,154,50412.36,315.25
31,2026-08-30,18,290,287,93410.32,458.02
31,2026-08-30,19,76,247,70757.08,251.52
31,2026-08-30,20,64,96,32430.14,106.27
31,2026-08-30,21,0,62,19533.97,45.38
31,2026-08-31,9,375,50,15283.27,161.78
31,2026-08-31,10,140,176,60305.54,264.3
31,2026-08-31,11,116,144,46528.44,164.6
31,2026-08-31,12,461,123,36427.33,280.97
31,2026-08-31,13,106,231,70340.26,325.25
31,2026-08-31,14,122,166,51904.67,163.65
31,2026-08-31,15,132,75,26286.66,138.45
31,2026-08-31,16,109,99,32495.88,130.37
31,2026-08-31,17,491,138,46029.15,288.53
31,2026-08-31,18,237,248,80152.12,386.18
31,2026-08-31,19,66,205,61413.67,203.25
31,2026-08-31,20,58,91,29917.54,84.2
31,2026-08-31,21,0,50,15574.38,32.9
31,2026-09-01,9,308,34,10624.3,139.48
31,2026-09-01,10,105,128,41554.18,229.3
31,2026-09-01,11,127,133,43544.8,157.85
31,2026-09-01,12,482,142,41665.87,310.37
31,2026-09-01,13,105,240,76888.99,314.23
31,2026-09-01,14,121,141,48420.92,147.92
31,2026-09-01,15,113,80,24607.43,131.28
31,2026-09-01,16,126,77,24375.04,133.0
31,2026-09-01,17,451,169,55509.14,287.85
31,2026-09-01,18,251,249,69604.9,385.93
31,2026-09-01,19,69,202,63660.01,211.5
31,2026-09-01,20,51,86,27848.25,85.98
31,2026-09-01,21,0,48,19148.0,33.58
31,2026-09-02,9,395,62,19431.68,178.9
31,2026-09-02,10,114,190,65192.57,251.02
31,2026-09-02,11,135,135,43053.78,157.32
31,2026-09-02,12,509,150,43715.9,318.1
31,2026-09-02,13,122,248,74326.82,348.67
31,2026-09-02,14,132,176,59806.84,180.05
31,2026-09-02,15,129,111,37333.83,143.9
31,2026-09-02,16,131,82,27767.91,134.67
31,2026-09-02,17,494,142,44625.69,301.3
31,2026-09-02,18,268,242,77307.7,411.43
31,2026-09-02,19,63,239,74912.31,230.28
31,2026-09-02,20,48,91,34377.09,78.08
31,2026-09-02,21,0,41,14556.36,35.12
31,2026-09-03,9,303,45,18812.15,137.67
31,2026-09-03,10,103,119,36914.35,211.22
31,2026-09-03,11,108,124,37647.16,137.2
31,2026-09-03,12,404,109,34472.18,244.2
31,2026-09-03,13,103,184,57947.17,274.42
31,2026-09-03,14,121,143,49869.99,152.27
31,2026-09-03,15,92,81,22870.67,115.78
31,2026-09-03,16,112,79,24990.72,113.32
31,2026-09-03,17,405,125,42580.24,263.15
31,2026-09-03,18,236,205,63197.64,353.13
31,2026-09-03,19,58,186,55451.15,200.43
31,2026-09-03,20,37,84,27507.85,69.42
31,2026-09-03,21,0,39,12916.2,26.07
31,2026-09-04,9,410,60,20597.34,188.05
31,2026-09-04,10,119,168,54883.27,275.4
31,2026-09-04,11,136,158,52110.15,160.48
31,2026-09-04,12,523,141,46722.54,334.07
31,2026-09-04,13,128,257,89724.19,356.57
31,2026-09-04,14,133,169,49922.11,179.08
31,2026-09-04,15,116,98,29557.17,133.28
31,2026-09-04,16,137,105,34881.23,134.33
31,2026-09-04,17,526,145,44740.37,316.38
31,2026-09-04,18,287,297,94410.16,445.55
31,2026-09-04,19,72,232,70708.44,240.87
31,2026-09-04,20,48,84,26691.11,85.4
31,2026-09-04,21,0,44,14222.13,33.83
31,2026-09-05,9,438,70,22219.77,204.98
31,2026-09-05,10,143,161,49704.96,303.6
31,2026-09-05,11,154,196,61923.76,185.55
31,2026-09-05,12,552,151,50826.06,345.45
31,2026-09-05,13,160,280,87281.3,395.02
31,2026-09-05,14,151,214,63728.88,212.33
31,2026-09-05,15,149,106,35324.14,158.0
31,2026-09-05,16,146,120,39023.8,155.25
31,2026-09-05,17,563,157,48123.09,342.07
31,2026-09-05,18,274,305,94183.58,441.53
31,2026-09-05,19,90,221,72449.89,241.88
31,2026-09-05,20,38,101,32516.0,95.85
31,2026-09-05,21,0,40,13011.97,28.92
31,2026-09-06,9,413,67,21564.02,184.72
31,2026-09-06,10,135,178,52243.52,269.72
31,2026-09-06,11,135,145,46213.2,175.5
31,2026-09-06,12,543,158,50025.59,343.42
31,2026-09-06,13,128,265,83668.17,363.38
31,2026-09-06,14,137,186,57489.22,189.88
31,2026-09-06,15,144,103,34266.44,156.25
31,2026-09-06,16,121,111,36953.5,146.5
31,2026-09-06,17,606,160,53592.08,343.17
31,2026-09-06,18,283,301,100000.06,465.72
31,2026-09-06,19,82,248,72812.32,252.3
31,2026-09-06,20,57,103,30948.75,108.6
31,2026-09-06,21,0,66,25515.8,35.82
31,2026-09-07,9,318,38,11293.24,144.83
31,2026-09-07,10,96,134,44796.57,227.9
31,2026-09-07,11,107,132,40923.07,133.05
31,2026-09-07,12,416,122,38823.64,253.6
31,2026-09-07,13,100,190,55694.51,285.92
31,2026-09-07,14,101,148,46504.87,135.53
31,2026-09-07,15,96,73,22872.74,103.73
31,2026-09-07,16,106,69,23312.49,118.93
31,2026-09-07,17,442,140,45132.27,272.42
31,2026-09-07,18,226,215,68674.46,350.4
31,2026-09-07,19,52,198,60765.9,187.98
31,2026-09-07,20,49,79,23447.41,67.33
31,2026-09-07,21,0,39,11063.53,31.72
31,2026-09-08,9,323,47,13348.4,147.62
31,2026-09-08,10,116,137,43652.88,235.67
31,2026-09-08,11,123,124,45474.63,152.77
31,2026-09-08,12,455,129,39512.65,284.28
31,2026-09-08,13,101,222,68012.05,310.8
31,2026-09-08,14,127,158,55145.67,150.37
31,2026-09-08,15,112,93,26737.87,132.83
31,2026-09-08,16,104,88,27366.25,114.1
31,2026-09-08,17,451,126,39725.91,259.23
31,2026-09-08,18,226,222,67393.02,353.9
31,2026-09-08,19,82,187,57746.71,219.0
31,2026-09-08,20,37,97,31044.73,84.05
31,2026-09-08,21,0,40,13894.8,25.1
31,2026-09-09,9,312,34,10424.45,134.68
31,2026-09-09,10,115,140,46397.28,228.72
31,2026-09-09,11,120,120,38694.21,147.2
31,2026-09-09,12,436,110,32702.47,275.7
31,2026-09-09,13,96,220,69193.71,299.65
31,2026-09-09,14,110,155,50910.71,150.35
31,2026-09-09,15,115,77,24128.72,118.68
31,2026-09-09,16,116,89,26173.14,128.12
31,2026-09-09,17,447,129,47597.05,284.12
31,2026-09-09,18,211,232,75240.43,363.52
31,2026-09-09,19,74,203,62259.05,190.63
31,2026-09-09,20,43,70,20782.57,85.03
31,2026-09-09,21,0,48,15994.89,27.47
31,2026-09-10,9,312,33,9415.19,140.38
31,2026-09-10,10,124,151,49856.0,230.42
31,2026-09-10,11,125,153,48672.28,148.37
31,2026-09-10,12,428,130,38380.77,273.22
31,2026-09-10,13,117,238,75627.89,290.13
31,2026-09-10,14,107,136,39931.38,161.92
31,2026-09-10,15,122,92,31028.16,129.13
31,2026-09-10,16,109,86,24877.62,128.63
31,2026-09-10,17,404,131,38519.46,258.65
31,2026-09-10,18,221,198,63444.34,350.17
31,2026-09-10,19,82,208,63231.55,200.93
31,2026-09-10,20,32,78,27643.27,83.32
31,2026-09-10,21,0,39,12510.23,25.75
31,2026-09-11,9,381,52,14729.68,174.22
31,2026-09-11,10,128,178,56107.02,256.62
31,2026-09-11,11,139,141,47125.41,166.43
31,2026-09-11,12,540,151,47259.53,335.27
31,2026-09-11,13,105,275,87683.35,361.33
31,2026-09-11,14,142,181,58852.58,170.38
31,2026-09-11,15,120,82,26209.04,142.53
31,2026-09-11,16,107,95,29611.54,129.73
31,2026-09-11,17,528,161,48396.6,293.83
31,2026-09-11,18,253,240,83652.44,407.48
31,2026-09-11,19,83,242,74663.15,230.63
31,2026-09-11,20,57,91,28364.08,108.47
31,2026-09-11,21,0,65,18658.23,49.55
31,2026-09-12,9,460,65,20209.66,203.42
31,2026-09-12,10,135,225,70533.03,309.78
31,2026-09-12,11,152,148,47894.4,181.85
31,2026-09-12,12,613,185,59450.4,368.0
31,2026-09-12,13,146,282,94946.98,426.03
31,2026-09-12,14,156,217,65043.99,212.05
31,2026-09-12,15,145,122,40633.33,158.5
31,2026-09-12,16,134,101,31907.18,152.0
31,2026-09-12,17,601,165,52378.9,360.63
31,2026-09-12,18,306,324,103865.05,479.7
31,2026-09-12,19,102,241,82264.76,259.83
31,2026-09-12,20,49,110,39528.49,106.1
31,2026-09-12,21,0,53,18283.98,37.3
31,2026-09-13,9,402,52,17989.77,187.38
31,2026-09-13,10,135,174,57093.21,278.08
31,2026-09-13,11,137,154,47966.88,168.78
31,2026-09-13,12,539,148,48148.01,343.47
31,2026-09-13,13,124,278,83630.55,386.2
31,2026-09-13,14,147,194,63330.37,182.13
31,2026-09-13,15,127,104,34997.67,158.22
31,2026-09-13,16,118,95,31891.82,139.07
31,2026-09-13,17,551,135,43202.07,330.3
31,2026-09-13,18,271,294,89624.03,440.08
31,2026-09-13,19,69,220,76399.09,232.57
31,2026-09-13,20,54,104,31298.74,87.7
31,2026-09-13,21,0,46,14255.76,33.85
31,2026-09-14,9,339,55,19437.33,157.88
31,2026-09-14,10,106,155,49390.08,220.63
31,2026-09-14,11,112,127,38080.85,133.18
31,2026-09-14,12,439,123,41949.7,261.88
31,2026-09-14,13,122,211,68215.22,299.43
31,2026-09-14,14,118,154,45555.92,168.95
31,2026-09-14,15,127,98,34297.67,134.07
31,2026-09-14,16,110,87,28532.14,131.8
31,2026-09-14,17,434,135,37160.05,266.7
31,2026-09-14,18,233,232,68761.35,348.0
31,2026-09-14,19,71,190,57106.93,193.57
31,2026-09-14,20,45,88,25762.14,70.52
31,2026-09-14,21,0,33,10195.64,31.57
31,2026-09-15,9,366,42,14814.1,172.62
31,2026-09-15,10,111,169,54113.77,244.82
31,2026-09-15,11,125,151,49814.39,145.47
31,2026-09-15,12,506,143,46533.8,313.7
31,2026-09-15,13,101,239,77047.67,339.03
31,2026-09-15,14,106,165,53841.12,159.75
31,2026-09-15,15,119,83,26870.95,118.13
31,2026-09-15,16,136,82,23903.77,127.2
31,2026-09-15,17,462,136,43331.17,297.02
31,2026-09-15,18,235,240,83305.6,371.92
31,2026-09-15,19,72,180,58659.84,209.92
31,2026-09-15,20,46,91,28050.03,82.15
31,2026-09-15,21,0,43,15361.35,35.07
31,2026-09-16,9,411,55,19515.09,180.18
31,2026-09-16,10,132,176,56122.45,292.08
31,2026-09-16,11,119,165,51087.98,173.07
31,2026-09-16,12,532,155,43418.51,317.57
31,2026-09-16,13,133,262,83533.64,360.72
31,2026-09-16,14,135,182,59444.47,180.45
31,2026-09-16,15,126,107,34219.91,138.73
31,2026-09-16,16,147,90,29811.09,140.6
31,2026-09-16,17,492,167,57103.87,313.12
31,2026-09-16,18,267,261,84107.74,402.73
31,2026-09-16,19,83,233,71264.81,222.27
31,2026-09-16,20,51,96,31458.41,103.15
31,2026-09-16,21,0,63,18627.04,42.75
31,2026-09-17,9,426,59,20566.49,198.32
31,2026-09-17,10,145,196,59912.36,308.75
31,2026-09-17,11,126,168,51092.9,177.73
31,2026-09-17,12,570,157,48994.95,348.7
31,2026-09-17,13,155,270,85076.84,406.58
31,2026-09-17,14,151,210,66442.97,202.65
31,2026-09-17,15,124,96,27720.19,158.68
31,2026-09-17,16,159,108,33399.8,161.22
31,2026-09-17,17,529,172,55544.3,351.38
31,2026-09-17,18,307,281,89251.91,436.75
31,2026-09-17,19,82,235,76346.97,264.27
31,2026-09-17,20,52,110,32894.51,92.48
31,2026-09-17,21,0,45,16835.73,34.05
31,2026-09-18,9,431,81,22930.71,195.08
31,2026-09-18,10,116,170,57560.09,281.15
31,2026-09-18,11,118,145,47397.8,152.83
31,2026-09-18,12,535,160,47904.8,326.83
31,2026-09-18,13,115,245,81806.52,332.8
31,2026-09-18,14,125,172,50224.13,170.72
31,2026-09-18,15,118,93,26845.08,130.92
31,2026-09-18,16,115,91,32388.38,136.65
31,2026-09-18,17,552,141,42389.45,331.97
31,2026-09-18,18,278,327,108008.03,445.03
31,2026-09-18,19,84,217,66420.01,231.02
31,2026-09-18,20,50,92,28286.34,84.33
31,2026-09-18,21,0,51,16016.91,39.78
31,2026-09-19,9,394,57,18334.09,190.65
31,2026-09-19,10,137,182,58210.39,275.3
31,2026-09-19,11,133,152,47006.91,171.03
31,2026-09-19,12,572,145,49366.96,345.08
31,2026-09-19,13,130,268,81334.47,395.12
31,2026-09-19,14,137,193,58630.73,192.75
31,2026-09-19,15,143,105,36808.35,156.58
31,2026-09-19,16,137,123,37893.15,154.9
31,2026-09-19,17,562,171,53685.52,347.77
31,2026-09-19,18,313,288,84829.34,449.5
31,2026-09-19,19,84,251,80519.68,258.15
31,2026-09-19,20,61,109,31708.58,107.33
31,2026-09-19,21,0,66,19338.99,33.15
31,2026-09-20,9,418,58,17544.64,184.9
31,2026-09-20,10,117,183,56806.81,276.35
31,2026-09-20,11,139,138,43332.36,161.28
31,2026-09-20,12,519,155,50137.13,317.23
31,2026-09-20,13,140,261,84274.29,366.03
31,2026-09-20,14,132,188,59916.45,183.53
31,2026-09-20,15,152,106,35216.37,158.75
31,2026-09-20,16,132,98,32286.11,154.12
31,2026-09-20,17,576,162,50104.4,366.55
31,2026-09-20,18,282,302,96953.38,469.13
31,2026-09-20,19,81,260,85045.24,244.28
31,2026-09-20,20,62,99,30271.62,94.8
31,2026-09-20,21,0,54,16890.46,45.33
32,2026-08-24,9,384,57,17393.19,171.08
32,2026-08-24,10,121,163,55925.81,261.25
32,2026-08-24,11,100,152,48263.0,135.7
32,2026-08-24,12,523,134,39771.42,298.4
32,2026-08-24,13,124,239,76005.53,356.48
32,2026-08-24,14,130,189,64031.59,180.72
32,2026-08-24,15,129,96,30886.71,141.07
32,2026-08-24,16,141,86,23882.02,147.83
32,2026-08-24,17,530,172,54482.31,336.32
32,2026-08-24,18,259,274,86156.32,410.28
32,2026-08-24,19,73,212,66208.15,229.6
32,2026-08-24,20,47,96,31662.73,83.42
32,2026-08-24,21,0,43,15598.5,34.98
32,2026-08-25,9,361,46,14100.14,164.93
32,2026-08-25,10,115,154,52798.76,254.9
32,2026-08-25,11,103,141,46608.44,139.08
32,2026-08-25,12,481,127,39740.6,283.12
32,2026-08-25,13,99,229,71124.21,322.55
32,2026-08-25,14,125,150,48843.08,164.33
32,2026-08-25,15,132,86,28403.99,140.37
32,2026-08-25,16,110,85,27344.73,137.17
32,2026-08-25,17,441,136,49363.61,270.38
32,2026-08-25,18,264,245,75118.21,364.12
32,2026-08-25,19,62,195,64024.87,215.52
32,2026-08-25,20,37,88,26674.69,81.4
32,2026-08-25,21,0,41,11794.88,22.58
32,2026-08-26,9,380,57,18474.31,170.3
32,2026-08-26,10,125,158,51665.8,257.63
32,2026-08-26,11,99,134,42516.54,145.37
32,2026-08-26,12,462,129,41079.49,271.13
32,2026-08-26,13,134,239,75996.79,315.67
32,2026-08-26,14,154,150,46673.98,184.9
32,2026-08-26,15,118,102,30737.06,150.6
32,2026-08-26,16,118,95,32033.22,130.02
32,2026-08-26,17,533,157,48504.72,317.77
32,2026-08-26,18,260,273,82043.46,425.07
32,2026-08-26,19,76,233,71433.48,231.85
32,2026-08-26,20,64,91,30400.69,95.17
32,2026-08-26,21,0,56,15778.04,39.5
32,2026-08-27,9,346,41,12112.67,162.08
32,2026-08-27,10,119,156,46172.44,252.05
32,2026-08-27,11,104,146,48512.92,136.08
32,2026-08-27,12,460,133,43169.16,282.22
32,2026-08-27,13,115,235,81295.23,309.58
32,2026-08-27,14,113,154,48573.59,142.3
32,2026-08-27,15,108,85,25534.4,112.83
32,2026-08-27,16,139,70,22740.36,139.82
32,2026-08-27,17,471,142,47263.99,310.67
32,2026-08-27,18,225,256,81326.59,373.43
32,2026-08-27,19,58,179,51532.39,186.38
32,2026-08-27,20,35,92,30566.45,72.7
32,2026-08-27,21,0,30,9577.43,19.03
32,2026-08-28,9,417,50,20437.54,189.02
32,2026-08-28,10,158,175,55447.13,319.13
32,2026-08-28,11,162,196,59636.38,205.07
32,2026-08-28,12,590,187,62364.39,365.48
32,2026-08-28,13,141,270,86367.01,400.73
32,2026-08-28,14,139,206,63939.26,197.57
32,2026-08-28,15,163,112,36091.59,175.25
32,2026-08-28,16,132,125,43786.72,154.12
32,2026-08-28,17,582,155,49696.41,351.68
32,2026-08-28,18,296,296,102211.63,471.3
32,2026-08-28,19,80,261,83185.62,268.4
32,2026-08-28,20,68,110,37566.77,97.68
32,2026-08-28,21,0,54,15936.25,42.13
32,2026-08-29,9,483,58,18146.13,222.95
32,2026-08-29,10,158,208,65133.29,346.45
32,2026-08-29,11,149,190,60331.7,205.07
32,2026-08-29,12,647,178,59066.09,392.13
32,2026-08-29,13,150,314,103540.23,439.47
32,2026-08-29,14,158,223,68367.78,208.25
32,2026-08-29,15,170,116,36673.44,180.52
32,2026-08-29,16,174,146,43793.34,199.18
32,2026-08-29,17,662,186,61578.22,398.23
32,2026-08-29,18,312,337,111676.7,523.58
32,2026-08-29,19,94,278,88934.55,289.9
32,2026-08-29,20,64,117,37788.94,112.2
32,2026-08-29,21,0,60,20057.09,43.12
32,2026-08-30,9,485,59,17309.01,225.4
32,2026-08-30,10,133,212,67051.49,329.6
32,2026-08-30,11,136,171,56296.07,180.52
32,2026-08-30,12,592,178,55952.33,360.37
32,2026-08-30,13,152,269,78529.93,404.65
32,2026-08-30,14,178,216,77329.89,223.87
32,2026-08-30,15,150,120,39561.13,175.52
32,2026-08-30,16,148,115,36629.84,170.78
32,2026-08-30,17,667,198,61379.98,398.8
32,2026-08-30,18,295,334,112115.61,526.85
32,2026-08-30,19,68,286,91479.31,260.78
32,2026-08-30,20,59,96,32040.05,90.2
32,2026-08-30,21,0,52,15431.64,36.92
32,2026-08-31,9,393,51,18457.68,174.82
32,2026-08-31,10,132,165,50344.2,280.27
32,2026-08-31,11,129,177,58568.99,165.93
32,2026-08-31,12,498,155,50941.58,300.48
32,2026-08-31,13,137,230,75252.22,342.57
32,2026-08-31,14,131,167,53006.3,180.38
32,2026-08-31,15,138,108,34865.18,159.92
32,2026-08-31,16,109,85,26142.04,141.68
32,2026-08-31,17,503,154,50470.52,300.52
32,2026-08-31,18,265,287,86220.34,415.07
32,2026-08-31,19,97,220,73706.28,225.25
32,2026-08-31,20,50,100,29445.7,103.2
32,2026-08-31,21,0,53,21362.02,37.5
32,2026-09-01,9,363,50,16056.1,159.87
32,2026-09-01,10,127,170,56266.68,260.02
32,2026-09-01,11,107,137,45590.8,155.58
32,2026-09-01,12,473,139,44408.2,278.85
32,2026-09-01,13,135,232,73510.2,336.37
32,2026-09-01,14,118,159,46651.96,173.8
32,2026-09-01,15,119,100,28468.78,133.4
32,2026-09-01,16,112,81,22955.35,121.9
32,2026-09-01,17,499,152,49635.48,301.12
32,2026-09-01,18,268,271,92315.61,399.77
32,2026-09-01,19,77,204,62320.3,232.82
32,2026-09-01,20,59,108,32990.66,89.87
32,2026-09-01,21,0,56,15451.99,38.07
32,2026-09-02,9,429,64,19371.59,193.05
32,2026-09-02,10,123,187,57379.38,294.63
32,2026-09-02,11,133,166,51449.28,166.88
32,2026-09-02,12,572,150,48047.74,350.32
32,2026-09-02,13,148,284,91784.89,394.27
32,2026-09-02,14,151,180,55530.28,205.08
32,2026-09-02,15,138,124,38613.32,175.4
32,2026-09-02,16,129,98,32451.45,137.97
32,2026-09-02,17,575,159,52121.65,358.47
32,2026-09-02,18,298,310,97107.46,469.45
32,2026-09-02,19,81,257,75602.6,255.9
32,2026-09-02,20,52,93,30695.01,95.78
32,2026-09-02,21,0,50,17032.29,36.6
32,2026-09-03,9,349,52,16182.12,161.07
32,2026-09-03,10,128,150,51827.16,256.03
32,2026-09-03,11,129,142,42353.43,171.6
32,2026-09-03,12,518,161,52293.41,318.5
32,2026-09-03,13,119,247,74697.71,349.07
32,2026-09-03,14,114,168,54019.04,163.48
32,2026-09-03,15,123,87,30105.6,133.08
32,2026-09-03,16,123,92,29744.02,144.57
32,2026-09-03,17,496,128,39813.38,304.03
32,2026-09-03,18,259,258,87708.64,413.92
32,2026-09-03,19,62,225,69618.69,221.57
32,2026-09-03,20,47,86,28788.43,83.17
32,2026-09-03,21,0,47,14928.46,31.8
32,2026-09-04,9,415,81,26222.04,185.13
32,2026-09-04,10,133,172,52341.21,270.0
32,2026-09-04,11,125,155,48171.75,164.28
32,2026-09-04,12,543,151,51913.02,335.1
32,2026-09-04,13,141,261,84909.76,375.5
32,2026-09-04,14,150,200,64293.56,192.2
32,2026-09-04,15,156,115,37669.49,160.85
32,2026-09-04,16,147,111,35808.14,162.98
32,2026-09-04,17,551,157,48170.14,347.98
32,2026-09-04,18,284,286,86539.75,464.42
32,2026-09-04,19,91,266,83668.28,253.4
32,2026-09-04,20,45,101,32163.58,95.3
32,2026-09-04,21,0,49,13407.82,31.37
32,2026-09-05,9,502,65,23897.75,219.57
32,2026-09-05,10,174,233,77032.89,361.25
32,2026-09-05,11,170,195,66870.93,220.73
32,2026-09-05,12,633,205,69464.62,392.98
32,2026-09-05,13,148,319,104803.25,424.82
32,2026-09-05,14,171,221,77531.09,208.38
32,2026-09-05,15,171,118,41199.14,189.23
32,2026-09-05,16,174,147,43941.91,196.1
32,2026-09-05,17,673,190,60707.54,416.5
32,2026-09-05,18,341,368,125518.61,547.25
32,2026-09-05,19,89,272,86965.05,292.82
32,2026-09-05,20,67,121,37385.76,118.3
32,2026-09-05,21,0,68,22643.09,49.4
32,2026-09-06,9,468,58,17359.3,208.65
32,2026-09-06,10,177,204,63199.01,352.52
32,2026-09-06,11,156,190,59343.01,204.3
32,2026-09-06,12,667,179,55491.12,397.53
32,2026-09-06,13,169,319,104724.27,457.23
32,2026-09-06,14,145,229,70638.54,218.73
32,2026-09-06,15,155,121,35434.27,164.33
32,2026-09-06,16,121,95,30265.9,153.55
32,2026-09-06,17,653,162,51894.49,384.13
32,2026-09-06,18,327,314,100023.91,535.02
32,2026-09-06,19,95,323,105775.63,305.12
32,2026-09-06,20,72,116,40048.88,124.77
32,2026-09-06,21,0,68,25771.47,51.13
32,2026-09-07,9,345,44,15003.39,153.68
32,2026-09-07,10,126,142,45897.04,252.4
32,2026-09-07,11,109,139,46830.43,159.18
32,2026-09-07,12,449,133,40630.84,275.88
32,2026-09-07,13,112,216,73835.84,299.23
32,2026-09-07,14,120,168,54746.29,161.42
32,2026-09-07,15,124,88,25761.12,130.1
32,2026-09-07,16,119,84,25061.02,136.45
32,2026-09-07,17,463,140,40452.88,279.83
32,2026-09-07,18,215,236,70517.53,365.88
32,2026-09-07,19,59,195,62478.39,202.82
32,2026-09-07,20,49,85,24826.77,83.22
32,2026-09-07,21,0,47,15242.77,34.42
32,2026-09-08,9,349,46,15587.17,151.45
32,2026-09-08,10,103,146,47331.27,246.28
32,2026-09-08,11,104,140,42075.7,139.28
32,2026-09-08,12,506,129,46512.27,306.62
32,2026-09-08,13,118,235,70408.01,337.95
32,2026-09-08,14,112,174,57264.09,167.9
32,2026-09-08,15,131,94,30850.33,133.68
32,2026-09-08,16,121,89,29921.26,134.85
32,2026-09-08,17,492,143,47046.0,296.55
32,2026-09-08,18,246,236,76724.64,390.18
32,2026-09-08,19,69,218,68891.91,221.18
32,2026-09-08,20,44,96,29844.44,81.22
32,2026-09-08,21,0,34,10787.54,29.07
32,2026-09-09,9,351,37,16004.8,151.62
32,2026-09-09,10,120,172,57926.33,262.48
32,2026-09-09,11,119,145,47424.67,144.98
32,2026-09-09,12,489,118,37212.38,293.97
32,2026-09-09,13,112,221,76065.05,344.72
32,2026-09-09,14,128,179,54426.89,172.38
32,2026-09-09,15,110,99,29662.6,124.95
32,2026-09-09,16,109,83,25603.26,115.8
32,2026-09-09,17,525,138,45647.45,307.97
32,2026-09-09,18,279,285,98047.75,429.07
32,2026-09-09,19,69,223,64362.04,235.63
32,2026-09-09,20,39,83,22334.98,78.98
32,2026-09-09,21,0,41,13198.04,28.55
32,2026-09-10,9,388,49,15750.56,175.17
32,2026-09-10,10,133,158,49054.85,261.83
32,2026-09-10,11,118,151,50960.85,157.27
32,2026-09-10,12,500,145,50759.67,300.48
32,2026-09-10,13,117,232,72990.42,354.8
32,2026-09-10,14,123,195,63186.65,178.48
32,2026-09-10,15,132,89,29956.45,141.22
32,2026-09-10,16,121,81,26045.56,147.8
32,2026-09-10,17,485,166,57304.05,292.98
32,2026-09-10,18,243,250,86082.86,374.6
32,2026-09-10,19,81,216,71950.0,211.48
32,2026-09-10,20,65,93,29025.27,102.87
32,2026-09-10,21,0,65,18343.54,50.7
32,2026-09-11,9,392,44,16100.27,175.0
32,2026-09-11,10,131,175,51136.42,274.17
32,2026-09-11,11,116,150,50576.19,153.62
32,2026-09-11,12,515,139,45877.18,311.58
32,2026-09-11,13,139,251,74210.96,364.07
32,2026-09-11,14,135,192,61447.65,187.75
32,2026-09-11,15,140,93,30596.02,155.02
32,2026-09-11,16,125,119,42012.88,152.32
32,2026-09-11,17,554,154,51995.03,334.18
32,2026-09-11,18,267,286,85443.67,431.9
32,2026-09-11,19,76,222,69020.48,234.35
32,2026-09-11,20,51,93,28955.19,93.72
32,2026-09-11,21,0,49,16425.24,34.5
32,2026-09-12,9,529,70,20338.33,234.73
32,2026-09-12,10,151,231,73366.3,359.67
32,2026-09-12,11,160,207,64801.43,207.77
32,2026-09-12,12,674,200,64673.57,397.97
32,2026-09-12,13,151,301,96414.01,452.07
32,2026-09-12,14,172,227,72099.68,226.12
32,2026-09-12,15,151,112,37585.09,176.02
32,2026-09-12,16,176,117,35119.17,180.87
32,2026-09-12,17,672,184,57598.97,422.07
32,2026-09-12,18,327,362,114838.23,524.4
32,2026-09-12,19,105,287,92575.38,296.88
32,2026-09-12,20,72,131,42049.44,131.17
32,2026-09-12,21,0,69,20588.4,44.73
32,2026-09-13,9,473,74,24144.33,212.02
32,2026-09-13,10,134,195,64573.05,322.6
32,2026-09-13,11,143,168,54283.48,180.12
32,2026-09-13,12,568,145,46132.54,359.67
32,2026-09-13,13,124,297,95378.17,381.55
32,2026-09-13,14,152,196,61537.39,194.08
32,2026-09-13,15,157,109,35159.18,156.82
32,2026-09-13,16,138,102,33856.77,158.48
32,2026-09-13,17,593,155,47421.47,366.0
32,2026-09-13,18,292,308,93520.45,497.8
32,2026-09-13,19,78,265,92299.47,264.58
32,2026-09-13,20,55,100,29720.51,95.53
32,2026-09-13,21,0,49,14314.65,36.82
32,2026-09-14,9,392,47,14823.0,177.45
32,2026-09-14,10,128,182,65667.94,285.62
32,2026-09-14,11,122,141,46229.6,173.48
32,2026-09-14,12,505,154,48660.89,305.15
32,2026-09-14,13,137,250,78823.77,364.35
32,2026-09-14,14,120,170,50905.58,180.2
32,2026-09-14,15,128,91,24940.5,140.32
32,2026-09-14,16,104,82,24558.06,124.88
32,2026-09-14,17,465,128,37763.85,291.57
32,2026-09-14,18,233,266,79895.08,376.65
32,2026-09-14,19,64,199,68585.05,193.65
32,2026-09-14,20,48,81,27705.37,74.8
32,2026-09-14,21,0,47,14773.59,33.17
32,2026-09-15,9,364,42,11388.62,160.43
32,2026-09-15,10,128,166,54927.39,266.33
32,2026-09-15,11,107,149,46837.28,151.67
32,2026-09-15,12,501,137,41439.93,306.32
32,2026-09-15,13,114,221,70304.82,352.22
32,2026-09-15,14,142,180,58150.04,179.37
32,2026-09-15,15,129,115,32961.03,147.18
32,2026-09-15,16,144,109,32877.2,150.42
32,2026-09-15,17,495,151,47841.76,312.62
32,2026-09-15,18,280,287,92981.83,398.87
32,2026-09-15,19,72,217,72898.15,235.38
32,2026-09-15,20,50,89,32026.79,94.68
32,2026-09-15,21,0,46,16214.19,39.28
32,2026-09-16,9,405,54,15202.06,188.13
32,2026-09-16,10,136,203,65499.55,274.57
32,2026-09-16,11,122,136,40245.61,158.33
32,2026-09-16,12,512,146,46492.17,322.9
32,2026-09-16,13,126,277,92309.16,346.17
32,2026-09-16,14,123,179,57569.91,167.02
32,2026-09-16,15,154,101,34005.92,153.92
32,2026-09-16,16,152,112,38979.69,163.42
32,2026-09-16,17,561,168,59229.99,359.08
32,2026-09-16,18,241,296,98438.67,418.78
32,2026-09-16,19,79,207,63494.4,221.13
32,2026-09-16,20,45,90,27119.12,95.53
32,2026-09-16,21,0,47,17864.7,28.92
32,2026-09-17,9,432,57,17710.41,199.32
32,2026-09-17,10,149,196,59634.27,314.13
32,2026-09-17,11,152,177,54698.01,186.43
32,2026-09-17,12,590,171,54944.96,372.95
32,2026-09-17,13,150,317,97536.16,374.25
32,2026-09-17,14,149,165,56602.35,197.13
32,2026-09-17,15,126,100,34147.08,156.87
32,2026-09-17,16,155,106,36222.86,154.83
32,2026-09-17,17,623,170,52292.77,390.82
32,2026-09-17,18,264,320,103963.77,507.13
32,2026-09-17,19,74,247,77915.31,243.2
32,2026-09-17,20,47,94,31836.18,82.87
32,2026-09-17,21,0,35,11753.33,33.88
32,2026-09-18,9,457,63,20871.68,209.15
32,2026-09-18,10,145,186,58839.26,315.7
32,2026-09-18,11,157,189,59121.32,199.25
32,2026-09-18,12,571,179,59016.14,351.6
32,2026-09-18,13,137,252,84278.55,396.85
32,2026-09-18,14,127,183,63269.5,184.17
32,2026-09-18,15,154,93,29423.83,153.85
32,2026-09-18,16,142,108,35240.32,169.22
32,2026-09-18,17,612,181,55273.26,376.87
32,2026-09-18,18,274,311,102438.1,478.53
32,2026-09-18,19,104,268,87767.62,255.6
32,2026-09-18,20,45,91,29644.53,110.33
32,2026-09-18,21,0,54,20174.73,34.43
32,2026-09-19,9,458,61,20333.38,209.83
32,2026-09-19,10,173,209,67326.26,333.2
32,2026-09-19,11,162,184,62793.02,202.65
32,2026-09-19,12,680,212,72105.35,424.37
32,2026-09-19,13,140,330,108689.53,442.15
32,2026-09-19,14,166,208,67920.39,209.38
32,2026-09-19,15,162,138,42390.69,177.25
32,2026-09-19,16,158,105,35821.89,167.13
32,2026-09-19,17,653,188,61068.45,401.57
32,2026-09-19,18,325,335,113543.19,532.32
32,2026-09-19,19,102,306,93543.55,273.28
32,2026-09-19,20,71,117,33529.57,117.63
32,2026-09-19,21,0,65,20274.98,43.05
32,2026-09-20,9,458,62,17346.74,207.68
32,2026-09-20,10,134,214,70591.02,311.92
32,2026-09-20,11,135,178,60915.82,178.12
32,2026-09-20,12,560,157,52098.53,348.72
32,2026-09-20,13,151,275,92592.75,399.7
32,2026-09-20,14,111,193,58528.9,202.55
32,2026-09-20,15,145,116,38807.1,148.37
32,2026-09-20,16,153,90,24890.29,158.3
32,2026-09-20,17,558,167,54103.58,345.68
32,2026-09-20,18,277,277,96062.03,440.93
32,2026-09-20,19,67,244,69321.29,223.73
32,2026-09-20,20,49,85,24271.99,89.77
32,2026-09-20,21,0,41,14627.38,32.23
33,2026-08-24,9,439,61,21679.7,192.82
33,2026-08-24,10,137,195,60606.46,308.77
33,2026-08-24,11,165,179,58653.08,198.35
33,2026-08-24,12,625,198,59553.99,380.03
33,2026-08-24,13,157,281,87180.22,418.72
33,2026-08-24,14,133,222,73890.9,209.15
33,2026-08-24,15,162,112,34698.73,154.27
33,2026-08-24,16,139,108,33416.58,169.58
33,2026-08-24,17,603,171,58864.72,377.82
33,2026-08-24,18,287,335,107972.12,480.03
33,2026-08-24,19,91,249,75040.31,252.32
33,2026-08-24,20,51,84,25348.66,96.55
33,2026-08-24,21,0,57,19231.32,37.32
33,2026-08-25,9,438,69,21807.17,206.53
33,2026-08-25,10,132,206,60035.11,294.32
33,2026-08-25,11,145,158,51270.19,177.65
33,2026-08-25,12,591,177,59655.17,369.85
33,2026-08-25,13,139,296,98625.63,386.35
33,2026-08-25,14,162,199,68396.43,193.02
33,2026-08-25,15,147,110,32065.54,165.55
33,2026-08-25,16,136,110,38445.22,155.07
33,2026-08-25,17,573,159,52941.66,350.07
33,2026-08-25,18,302,310,99163.37,476.28
33,2026-08-25,19,64,259,82593.61,248.95
33,2026-08-25,20,55,102,30462.11,90.98
33,2026-08-25,21,0,47,14707.5,36.82
33,2026-08-26,9,434,58,19053.85,191.12
33,2026-08-26,10,137,181,55516.38,304.9
33,2026-08-26,11,153,181,59637.39,186.72
33,2026-08-26,12,569,164,54510.65,359.48
33,2026-08-26,13,152,294,102578.18,390.87
33,2026-08-26,14,145,205,64873.35,181.9
33,2026-08-26,15,156,103,30400.64,160.08
33,2026-08-26,16,146,108,33731.45,174.4
33,2026-08-26,17,553,192,60796.68,336.18
33,2026-08-26,18,247,288,95155.27,412.98
33,2026-08-26,19,100,215,64163.38,211.15
33,2026-08-26,20,53,100,35053.74,95.25
33,2026-08-26,21,0,56,18484.79,41.75
33,2026-08-27,9,437,63,22928.91,193.62
33,2026-08-27,10,114,182,60207.03,287.23
33,2026-08-27,11,152,168,54376.08,180.1
33,2026-08-27,12,630,184,57072.94,373.28
33,2026-08-27,13,129,305,100260.26,408.07
33,2026-08-27,14,148,193,57942.36,186.07
33,2026-08-27,15,114,88,28336.12,140.32
33,2026-08-27,16,140,100,28745.68,138.43
33,2026-08-27,17,636,171,53948.17,391.95
33,2026-08-27,18,287,304,92974.86,490.78
33,2026-08-27,19,79,289,93464.03,263.08
33,2026-08-27,20,68,103,30493.7,88.05
33,2026-08-27,21,0,57,16204.27,48.1
33,2026-08-28,9,496,75,20637.97,226.8
33,2026-08-28,10,158,199,60577.98,348.05
33,2026-08-28,11,158,181,62233.41,218.0
33,2026-08-28,12,698,227,75199.12,430.27
33,2026-08-28,13,157,334,109887.56,456.18
33,2026-08-28,14,162,225,75281.43,224.33
33,2026-08-28,15,172,121,37974.37,184.22
33,2026-08-28,16,164,127,36624.17,187.17
33,2026-08-28,17,644,216,70477.06,410.68
33,2026-08-28,18,343,319,101394.95,501.92
33,2026-08-28,19,100,299,100819.24,293.43
33,2026-08-28,20,73,107,34120.0,126.37
33,2026-08-28,21,0,60,18623.17,45.22
33,2026-08-29,9,549,70,19244.59,247.67
33,2026-08-29,10,199,237,77226.13,391.73
33,2026-08-29,11,192,219,77291.69,250.3
33,2026-08-29,12,734,232,74679.37,471.37
33,2026-08-29,13,162,365,118632.0,510.58
33,2026-08-29,14,159,249,79514.53,228.13
33,2026-08-29,15,201,126,41400.92,205.88
33,2026-08-29,16,178,142,47114.59,204.53
33,2026-08-29,17,700,204,64514.58,429.2
33,2026-08-29,18,404,399,129261.99,583.15
33,2026-08-29,19,107,314,97483.34,344.27
33,2026-08-29,20,64,150,51503.24,121.28
33,2026-08-29,21,0,57,17778.34,43.23
33,2026-08-30,9,551,63,20123.1,247.87
33,2026-08-30,10,216,263,86426.15,408.07
33,2026-08-30,11,184,229,75256.0,264.87
33,2026-08-30,12,744,207,62480.63,455.33
33,2026-08-30,13,186,377,120566.52,523.37
33,2026-08-30,14,184,238,74923.78,250.7
33,2026-08-30,15,205,131,47513.96,212.32
33,2026-08-30,16,190,142,44731.39,215.57
33,2026-08-30,17,762,233,76312.99,473.63
33,2026-08-30,18,372,396,129541.32,613.17
33,2026-08-30,19,126,357,116031.62,328.62
33,2026-08-30,20,80,145,44288.66,139.17
33,2026-08-30,21,0,71,26112.52,54.28
33,2026-08-31,9,441,53,16795.56,198.92
33,2026-08-31,10,152,192,61488.96,315.43
33,2026-08-31,11,130,163,49783.41,189.58
33,2026-08-31,12,622,170,54625.87,378.18
33,2026-08-31,13,149,315,97729.65,429.5
33,2026-08-31,14,140,235,73971.35,204.95
33,2026-08-31,15,176,112,34423.87,164.63
33,2026-08-31,16,139,123,36680.62,168.5
33,2026-08-31,17,645,181,61402.43,381.08
33,2026-08-31,18,320,322,106244.68,519.73
33,2026-08-31,19,84,270,82870.89,280.83
33,2026-08-31,20,55,113,35238.08,106.97
33,2026-08-31,21,0,57,17838.94,44.43
33,2026-09-01,9,437,71,26280.26,192.18
33,2026-09-01,10,110,166,53349.92,281.38
33,2026-09-01,11,153,165,50921.32,172.75
33,2026-09-01,12,509,137,41962.71,322.43
33,2026-09-01,13,122,270,90619.65,348.27
33,2026-09-01,14,130,180,59604.64,169.75
33,2026-09-01,15,140,102,36457.23,154.43
33,2026-09-01,16,138,98,31259.48,150.67
33,2026-09-01,17,592,173,52445.56,356.13
33,2026-09-01,18,268,303,96311.82,459.22
33,2026-09-01,19,82,239,76891.9,242.2
33,2026-09-01,20,59,100,32710.54,97.55
33,2026-09-01,21,0,46,13658.39,40.63
33,2026-09-02,9,450,64,19204.3,214.22
33,2026-09-02,10,144,191,59947.67,316.8
33,2026-09-02,11,150,185,58804.81,179.1
33,2026-09-02,12,593,161,51963.18,371.87
33,2026-09-02,13,136,280,84701.2,411.28
33,2026-09-02,14,133,217,78097.14,186.78
33,2026-09-02,15,152,96,30135.55,154.63
33,2026-09-02,16,150,110,34950.93,167.48
33,2026-09-02,17,610,153,51499.41,360.9
33,2026-09-02,18,303,307,100994.63,531.88
33,2026-09-02,19,88,286,94542.86,264.08
33,2026-09-02,20,49,95,31837.78,96.42
33,2026-09-02,21,0,51,17013.69,32.63
33,2026-09-03,9,470,69,22257.4,213.0
33,2026-09-03,10,151,215,70727.32,322.22
33,2026-09-03,11,153,182,56134.9,207.02
33,2026-09-03,12,625,183,56133.36,352.67
33,2026-09-03,13,149,294,99314.37,431.97
33,2026-09-03,14,155,222,67381.18,215.13
33,2026-09-03,15,151,123,42546.88,167.13
33,2026-09-03,16,156,104,31159.79,165.62
33,2026-09-03,17,605,171,49694.37,381.12
33,2026-09-03,18,279,329,107286.07,486.45
33,2026-09-03,19,99,253,80872.77,260.18
33,2026-09-03,20,50,120,40117.11,91.65
33,2026-09-03,21,0,46,15422.75,32.0
33,2026-09-04,9,588,79,24519.84,262.97
33,2026-09-04,10,175,241,76114.35,419.58
33,2026-09-04,11,165,223,69665.54,230.3
33,2026-09-04,12,729,225,70687.76,427.25
33,2026-09-04,13,182,335,102748.53,489.68
33,2026-09-04,14,194,253,82396.85,248.38
33,2026-09-04,15,208,122,39101.93,224.75
33,2026-09-04,16,157,135,41498.51,201.85
33,2026-09-04,17,755,205,65375.44,462.98
33,2026-09-04,18,352,388,124727.65,613.47
33,2026-09-04,19,103,316,100440.31,311.37
33,2026-09-04,20,74,126,38248.59,121.67
33,2026-09-04,21,0,76,24355.5,50.98
33,2026-09-05,9,568,91,28275.7,255.77
33,2026-09-05,10,188,245,74140.53,397.97
33,2026-09-05,11,202,232,69633.38,244.4
33,2026-09-05,12,709,207,68242.14,451.53
33,2026-09-05,13,168,354,111738.45,472.42
33,2026-09-05,14,215,220,73107.75,252.8
33,2026-09-05,15,167,133,40385.82,208.18
33,2026-09-05,16,195,142,49882.65,210.1
33,2026-09-05,17,836,240,79005.26,497.57
33,2026-09-05,18,397,408,123926.64,660.47
33,2026-09-05,19,126,354,111822.74,361.78
33,2026-09-05,20,64,149,45895.98,138.38
33,2026-09-05,21,0,55,18115.37,37.2
33,2026-09-06,9,500,62,17715.37,236.5
33,2026-09-06,10,195,225,75329.05,374.32
33,2026-09-06,11,160,212,73521.63,224.05
33,2026-09-06,12,748,203,63502.5,450.05
33,2026-09-06,13,177,357,119805.75,510.82
33,2026-09-06,14,166,237,70569.98,250.95
33,2026-09-06,15,174,125,39042.39,179.02
33,2026-09-06,16,163,113,35405.01,179.28
33,2026-09-06,17,698,186,60167.07,431.77
33,2026-09-06,18,381,380,126936.63,556.8
33,2026-09-06,19,97,325,104961.09,306.28
33,2026-09-06,20,60,118,37063.88,111.45
33,2026-09-06,21,0,56,18936.69,39.62
33,2026-09-07,9,466,54,15259.15,213.37
33,2026-09-07,10,153,213,69222.44,336.37
33,2026-09-07,11,150,179,58204.95,194.5
33,2026-09-07,12,590,173,52900.72,366.07
33,2026-09-07,13,124,257,85260.83,406.87
33,2026-09-07,14,166,214,69412.78,193.33
33,2026-09-07,15,131,115,32810.31,159.88
33,2026-09-07,16,148,103,33924.0,149.78
33,2026-09-07,17,562,173,56414.84,348.1
33,2026-09-07,18,295,298,92527.51,455.85
33,2026-09-07,19,95,273,88139.07,258.42
33,2026-09-07,20,53,102,34705.32,91.63
33,2026-09-07,21,0,50,16041.06,39.18
33,2026-09-08,9,455,67,22772.17,208.25
33,2026-09-08,10,142,183,61104.54,316.85
33,2026-09-08,11,158,185,64439.98,196.58
33,2026-09-08,12,621,170,53249.74,376.1
33,2026-09-08,13,132,297,93968.07,424.0
33,2026-09-08,14,152,203,65889.42,202.62
33,2026-09-08,15,151,103,32359.05,166.07
33,2026-09-08,16,134,105,34775.23,147.82
33,2026-09-08,17,652,159,52298.73,388.57
33,2026-09-08,18,310,359,110889.76,504.93
33,2026-09-08,19,84,243,79830.18,268.65
33,2026-09-08,20,52,114,37519.74,102.4
33,2026-09-08,21,0,59,18118.12,38.18
33,2026-09-09,9,408,71,21648.96,183.92
33,2026-09-09,10,147,172,54130.08,275.88
33,2026-09-09,11,115,167,54908.04,174.27
33,2026-09-09,12,593,161,49485.29,336.48
33,2026-09-09,13,147,284,85624.29,413.07
33,2026-09-09,14,151,200,63512.09,200.42
33,2026-09-09,15,160,110,33316.44,173.68
33,2026-09-09,16,142,106,33115.99,170.23
33,2026-09-09,17,533,173,51267.31,332.53
33,2026-09-09,18,279,283,86190.48,428.65
33,2026-09-09,19,85,223,69613.5,245.5
33,2026-09-09,20,52,115,35075.67,96.63
33,2026-09-09,21,0,52,13606.18,36.75
33,2026-09-10,9,427,60,18031.76,194.75
33,2026-09-10,10,123,171,53983.55,291.85
33,2026-09-10,11,158,156,52252.72,183.9
33,2026-09-10,12,572,170,53254.35,356.85
33,2026-09-10,13,147,305,100399.35,389.18
33,2026-09-10,14,177,197,72938.08,218.08
33,2026-09-10,15,145,130,41238.49,181.73
33,2026-09-10,16,166,135,45669.92,163.78
33,2026-09-10,17,595,176,58658.29,366.4
33,2026-09-10,18,289,325,102887.58,468.7
33,2026-09-10,19,101,253,78616.43,260.98
33,2026-09-10,20,44,110,35244.3,107.03
33,2026-09-10,21,0,53,18775.81,32.98
33,2026-09-11,9,571,71,22243.76,250.22
33,2026-09-11,10,187,291,96758.79,406.53
33,2026-09-11,11,203,235,71012.15,246.62
33,2026-09-11,12,724,209,62757.16,444.35
33,2026-09-11,13,171,355,110178.57,510.13
33,2026-09-11,14,171,256,80677.63,251.6
33,2026-09-11,15,190,146,43808.08,198.37
33,2026-09-11,16,173,131,44190.46,195.72
33,2026-09-11,17,713,206,70458.36,437.92
33,2026-09-11,18,346,331,103706.72,556.15
33,2026-09-11,19,115,307,101944.32,332.2
33,2026-09-11,20,72,152,51550.58,126.9
33,2026-09-11,21,0,70,24581.21,51.85
33,2026-09-12,9,534,63,21113.72,245.2
33,2026-09-12,10,188,261,81590.87,378.28
33,2026-09-12,11,191,230,74159.71,240.5
33,2026-09-12,12,778,236,72358.27,452.25
33,2026-09-12,13,176,354,105549.14,515.88
33,2026-09-12,14,181,259,80462.26,274.18
33,2026-09-12,15,197,144,44653.11,201.77
33,2026-09-12,16,188,130,43295.15,221.0
33,2026-09-12,17,772,250,85163.32,480.15
33,2026-09-12,18,407,406,128273.66,625.15
33,2026-09-12,19,127,325,109145.03,347.22
33,2026-09-12,20,73,158,47580.26,136.03
33,2026-09-12,21,0,76,22018.01,49.6
33,2026-09-13,9,546,80,26358.57,248.9
33,2026-09-13,10,176,257,80730.32,391.0
33,2026-09-13,11,147,192,62758.25,213.23
33,2026-09-13,12,695,198,63733.39,412.82
33,2026-09-13,13,174,346,106320.48,472.4
33,2026-09-13,14,196,230,77569.97,244.05
33,2026-09-13,15,169,135,40693.02,210.4
33,2026-09-13,16,161,122,40915.47,183.95
33,2026-09-13,17,685,195,64121.43,416.68
33,2026-09-13,18,326,369,117599.26,542.2
33,2026-09-13,19,108,294,96256.14,295.63
33,2026-09-13,20,73,113,35398.86,126.88
33,2026-09-13,21,0,61,17539.1,43.13
33,2026-09-14,9,415,63,20433.4,193.62
33,2026-09-14,10,118,192,65139.11,269.77
33,2026-09-14,11,136,136,39737.09,158.05
33,2026-09-14,12,600,164,52909.76,359.7
33,2026-09-14,13,107,296,94958.42,390.05
33,2026-09-14,14,146,195,58884.55,176.8
33,2026-09-14,15,156,91,30000.58,155.57
33,2026-09-14,16,165,124,39680.53,182.35
33,2026-09-14,17,551,186,61493.06,361.67
33,2026-09-14,18,303,297,101769.61,441.48
33,2026-09-14,19,71,252,81041.15,251.3
33,2026-09-14,20,41,94,30524.8,90.62
33,2026-09-14,21,0,42,14407.27,28.7
33,2026-09-15,9,476,67,18870.73,215.75
33,2026-09-15,10,137,205,67417.66,330.47
33,2026-09-15,11,146,181,59577.95,191.02
33,2026-09-15,12,568,173,55443.24,349.2
33,2026-09-15,13,141,238,70568.01,387.55
33,2026-09-15,14,135,202,63824.69,196.15
33,2026-09-15,15,136,97,30054.85,151.03
33,2026-09-15,16,133,104,37075.92,147.12
33,2026-09-15,17,556,170,49771.84,338.33
33,2026-09-15,18,306,257,81726.87,448.72
33,2026-09-15,19,81,256,76459.7,266.48
33,2026-09-15,20,65,108,35907.37,106.18
33,2026-09-15,21,0,45,12224.93,44.92
33,2026-09-16,9,483,70,20068.39,220.28
33,2026-09-16,10,144,218,68617.46,342.08
33,2026-09-16,11,164,184,56993.64,196.32
33,2026-09-16,12,593,164,50479.33,380.87
33,2026-09-16,13,179,298,92112.36,411.65
33,2026-09-16,14,148,212,69206.45,215.13
33,2026-09-16,15,159,109,34130.38,174.7
33,2026-09-16,16,143,110,35265.03,165.35
33,2026-09-16,17,654,181,60395.43,392.0
33,2026-09-16,18,320,359,116788.69,500.13
33,2026-09-16,19,111,255,82813.59,282.6
33,2026-09-16,20,49,126,42412.71,117.05
33,2026-09-16,21,0,53,24056.12,46.13
33,2026-09-17,9,449,67,21482.93,195.57
33,2026-09-17,10,141,194,60366.16,312.87
33,2026-09-17,11,168,177,57914.8,204.65
33,2026-09-17,12,547,176,56444.18,346.73
33,2026-09-17,13,134,239,76607.03,376.97
33,2026-09-17,14,138,190,62460.3,189.53
33,2026-09-17,15,142,98,33475.88,150.73
33,2026-09-17,16,113,95,31799.83,144.95
33,2026-09-17,17,561,167,55182.67,327.97
33,2026-09-17,18,316,267,90309.77,460.4
33,2026-09-17,19,76,254,80944.75,269.9
33,2026-09-17,20,53,111,33810.53,100.75
33,2026-09-17,21,0,51,16109.44,39.57
33,2026-09-18,9,504,69,20901.73,231.07
33,2026-09-18,10,161,252,80614.28,361.12
33,2026-09-18,11,150,192,60234.93,198.52
33,2026-09-18,12,673,172,55207.32,390.27
33,2026-09-18,13,148,313,96260.76,476.07
33,2026-09-18,14,154,225,69507.45,235.13
33,2026-09-18,15,148,122,42283.49,167.03
33,2026-09-18,16,159,112,37323.82,170.58
33,2026-09-18,17,663,198,60398.66,414.57
33,2026-09-18,18,347,334,105341.74,546.07
33,2026-09-18,19,94,313,93014.44,298.1
33,2026-09-18,20,63,126,44027.8,119.15
33,2026-09-18,21,0,58,19789.87,39.58
33,2026-09-19,9,521,75,27242.32,245.0
33,2026-09-19,10,170,233,78262.81,371.0
33,2026-09-19,11,160,193,59862.76,215.35
33,2026-09-19,12,725,196,65911.08,440.72
33,2026-09-19,13,178,371,122187.96,497.43
33,2026-09-19,14,181,229,71841.61,241.88
33,2026-09-19,15,176,121,38620.04,204.33
33,2026-09-19,16,148,138,48038.58,186.65
33,2026-09-19,17,736,193,58846.83,435.13
33,2026-09-19,18,354,390,131278.91,578.07
33,2026-09-19,19,102,309,94663.64,317.57
33,2026-09-19,20,69,120,38052.72,112.78
33,2026-09-19,21,0,56,16215.17,42.4
33,2026-09-20,9,591,78,27171.73,267.82
33,2026-09-20,10,174,255,81243.95,414.22
33,2026-09-20,11,169,231,72272.77,224.07
33,2026-09-20,12,702,202,67342.05,431.2
33,2026-09-20,13,188,337,106769.95,492.33
33,2026-09-20,14,196,266,81222.83,270.68
33,2026-09-20,15,190,138,43869.97,204.82
33,2026-09-20,16,189,140,47528.84,211.3
33,2026-09-20,17,713,224,68401.23,440.62
33,2026-09-20,18,379,383,121764.87,576.7
33,2026-09-20,19,111,316,95728.87,319.38
33,2026-09-20,20,62,133,42077.15,123.32
33,2026-09-20,21,0,58,19295.33,40.38
34,2026-08-24,9,429,52,17160.82,193.23
34,2026-08-24,10,148,190,69753.58,309.28
34,2026-08-24,11,123,180,54531.66,182.32
34,2026-08-24,12,558,145,42972.64,327.57
34,2026-08-24,13,133,268,79325.97,396.6
34,2026-08-24,14,130,197,59743.36,180.82
34,2026-08-24,15,138,86,26780.79,150.82
34,2026-08-24,16,132,102,33716.14,152.58
34,2026-08-24,17,604,168,54051.56,370.08
34,2026-08-24,18,279,305,95904.67,477.4
34,2026-08-24,19,91,249,84601.93,252.22
34,2026-08-24,20,60,101,31015.25,101.73
34,2026-08-24,21,0,63,21744.65,49.45
34,2026-08-25,9,416,52,17806.57,188.08
34,2026-08-25,10,119,186,59603.58,282.58
34,2026-08-25,11,124,158,49167.49,156.93
34,2026-08-25,12,500,135,43530.22,315.52
34,2026-08-25,13,108,247,75188.12,339.68
34,2026-08-25,14,137,170,55722.79,174.87
34,2026-08-25,15,119,95,28597.24,128.3
34,2026-08-25,16,128,81,22531.2,127.87
34,2026-08-25,17,529,167,53030.34,314.78
34,2026-08-25,18,264,261,88457.99,423.23
34,2026-08-25,19,95,248,79994.83,248.13
34,2026-08-25,20,52,97,28927.81,105.72
34,2026-08-25,21,0,53,15032.12,35.17
34,2026-08-26,9,405,51,18165.4,180.25
34,2026-08-26,10,124,181,58135.96,300.42
34,2026-08-26,11,120,144,47258.79,160.05
34,2026-08-26,12,517,143,45530.98,303.77
34,2026-08-26,13,144,249,77167.64,362.97
34,2026-08-26,14,116,200,66898.96,182.25
34,2026-08-26,15,132,93,28860.5,132.23
34,2026-08-26,16,117,89,27827.7,127.9
34,2026-08-26,17,509,135,40229.96,290.37
34,2026-08-26,18,263,259,85496.68,423.13
34,2026-08-26,19,93,235,73077.03,232.53
34,2026-08-26,20,50,89,29019.59,100.0
34,2026-08-26,21,0,54,17087.86,37.25
34,2026-08-27,9,429,56,17214.03,189.65
34,2026-08-27,10,124,184,59323.32,292.43
34,2026-08-27,11,148,154,46553.71,176.72
34,2026-08-27,12,545,150,45176.61,346.23
34,2026-08-27,13,133,268,83823.95,366.65
34,2026-08-27,14,138,179,58303.16,193.37
34,2026-08-27,15,151,108,32309.31,164.43
34,2026-08-27,16,138,106,32778.9,151.57
34,2026-08-27,17,600,172,55540.24,371.95
34,2026-08-27,18,283,307,102277.58,469.73
34,2026-08-27,19,94,259,81183.61,243.78
34,2026-08-27,20,63,96,32304.24,102.63
34,2026-08-27,21,0,65,23048.94,43.78
34,2026-08-28,9,447,58,19594.85,199.77
34,2026-08-28,10,155,194,59789.74,322.57
34,2026-08-28,11,156,183,60322.21,193.75
34,2026-08-28,12,620,175,60476.12,378.45
34,2026-08-28,13,146,278,90442.75,434.25
34,2026-08-28,14,144,218,72507.5,210.3
34,2026-08-28,15,162,112,35285.26,168.83
34,2026-08-28,16,153,118,39560.92,172.73
34,2026-08-28,17,647,181,56378.18,390.78
34,2026-08-28,18,338,326,106691.86,523.18
34,2026-08-28,19,83,311,106014.08,289.58
34,2026-08-28,20,60,120,37958.55,98.27
34,2026-08-28,21,0,50,17885.54,33.23
34,2026-08-29,9,561,100,27266.06,252.28
34,2026-08-29,10,199,245,77748.82,379.52
34,2026-08-29,11,188,216,69523.43,244.42
34,2026-08-29,12,781,222,71816.76,473.72
34,2026-08-29,13,183,362,114349.87,532.87
34,2026-08-29,14,207,284,94551.99,268.77
34,2026-08-29,15,212,166,51121.27,220.85
34,2026-08-29,16,184,150,48604.67,222.1
34,2026-08-29,17,731,205,63123.65,444.48
34,2026-08-29,18,375,371,110410.58,609.02
34,2026-08-29,19,116,324,104431.68,333.42
34,2026-08-29,20,73,129,40292.89,137.6
34,2026-08-29,21,0,71,21498.87,51.65
34,2026-08-30,9,503,65,19767.43,229.32
34,2026-08-30,10,170,207,68499.82,354.18
34,2026-08-30,11,166,211,64263.88,227.83
34,2026-08-30,12,627,187,58048.81,405.37
34,2026-08-30,13,157,323,108790.91,419.18
34,2026-08-30,14,161,214,69134.92,211.93
34,2026-08-30,15,163,119,35302.45,183.55
34,2026-08-30,16,166,113,35605.83,177.28
34,2026-08-30,17,683,204,66568.09,408.83
34,2026-08-30,18,339,332,113309.93,553.92
34,2026-08-30,19,93,304,98726.55,286.55
34,2026-08-30,20,70,104,37258.17,104.32
34,2026-08-30,21,0,62,17736.65,41.27
34,2026-08-31,9,451,64,19967.16,203.93
34,2026-08-31,10,128,203,61568.33,316.83
34,2026-08-31,11,141,169,46033.92,168.77
34,2026-08-31,12,566,155,52053.96,342.8
34,2026-08-31,13,163,291,93461.59,420.13
34,2026-08-31,14,159,224,74819.87,219.97
34,2026-08-31,15,136,118,38872.77,171.32
34,2026-08-31,16,147,114,34459.93,165.63
34,2026-08-31,17,602,176,51229.34,371.43
34,2026-08-31,18,262,293,95169.92,464.37
34,2026-08-31,19,82,253,81757.43,228.4
34,2026-08-31,20,62,90,23679.58,101.75
34,2026-08-31,21,0,55,19706.95,41.85
34,2026-09-01,9,447,68,22272.33,207.92
34,2026-09-01,10,154,210,70077.97,306.43
34,2026-09-01,11,120,158,48314.66,189.9
34,2026-09-01,12,582,173,54215.5,355.25
34,2026-09-01,13,126,286,89251.42,388.28
34,2026-09-01,14,149,201,62959.91,184.7
34,2026-09-01,15,143,88,28744.86,157.15
34,2026-09-01,16,144,117,37297.14,161.13
34,2026-09-01,17,568,187,60416.43,345.37
34,2026-09-01,18,281,273,86035.68,454.05
34,2026-09-01,19,81,260,80503.22,259.75
34,2026-09-01,20,53,103,36642.97,97.22
34,2026-09-01,21,0,50,18146.32,39.35
34,2026-09-02,9,470,63,22696.19,214.6
34,2026-09-02,10,129,211,71484.29,316.25
34,2026-09-02,11,122,175,57984.67,165.58
34,2026-09-02,12,599,164,51498.04,336.38
34,2026-09-02,13,145,295,89349.64,389.9
34,2026-09-02,14,149,187,59165.33,196.53
34,2026-09-02,15,149,108,34166.6,165.7
34,2026-09-02,16,146,111,36717.91,163.3
34,2026-09-02,17,638,198,60015.95,389.53
34,2026-09-02,18,285,324,106831.57,508.35
34,2026-09-02,19,99,266,85905.73,265.55
34,2026-09-02,20,65,101,33983.17,115.58
34,2026-09-02,21,0,64,21852.48,44.83
34,2026-09-03,9,423,60,20871.88,183.47
34,2026-09-03,10,109,161,50879.15,284.3
34,2026-09-03,11,140,152,52003.78,169.1
34,2026-09-03,12,543,154,49902.78,339.72
34,2026-09-03,13,133,259,80144.62,360.93
34,2026-09-03,14,143,181,62072.88,195.83
34,2026-09-03,15,127,129,40352.68,144.62
34,2026-09-03,16,110,93,30234.35,131.62
34,2026-09-03,17,549,152,47551.01,301.08
34,2026-09-03,18,259,273,90484.9,428.63
34,2026-09-03,19,90,240,81132.32,233.42
34,2026-09-03,20,62,100,32241.14,100.42
34,2026-09-03,21,0,51,15568.48,38.92
34,2026-09-04,9,466,78,25938.61,202.78
34,2026-09-04,10,154,204,60805.68,318.42
34,2026-09-04,11,155,180,60571.84,202.2
34,2026-09-04,12,603,180,56305.16,362.97
34,2026-09-04,13,149,280,86070.3,404.85
34,2026-09-04,14,135,214,62027.58,195.9
34,2026-09-04,15,175,102,30320.51,168.97
34,2026-09-04,16,151,134,38004.39,176.77
34,2026-09-04,17,594,199,60699.62,368.05
34,2026-09-04,18,309,281,86586.45,486.05
34,2026-09-04,19,98,269,88160.7,281.07
34,2026-09-04,20,63,112,34657.54,117.48
34,2026-09-04,21,0,57,18694.21,41.23
34,2026-09-05,9,554,58,16711.03,247.95
34,2026-09-05,10,158,242,78475.43,386.7
34,2026-09-05,11,165,209,70018.17,221.23
34,2026-09-05,12,768,217,71443.98,446.27
34,2026-09-05,13,176,350,107441.39,525.75
34,2026-09-05,14,177,263,88573.89,264.25
34,2026-09-05,15,164,133,43579.8,185.43
34,2026-09-05,16,171,124,41392.34,183.75
34,2026-09-05,17,691,196,66817.83,424.4
34,2026-09-05,18,335,344,108762.52,552.57
34,2026-09-05,19,119,314,98364.73,310.08
34,2026-09-05,20,88,130,41157.61,130.17
34,2026-09-05,21,0,74,25850.11,52.2
34,2026-09-06,9,434,60,16852.51,202.43
34,2026-09-06,10,154,170,53418.92,313.82
34,2026-09-06,11,162,161,51567.77,205.98
34,2026-09-06,12,628,200,64014.86,395.05
34,2026-09-06,13,150,316,99060.69,429.8
34,2026-09-06,14,176,219,72987.54,221.53
34,2026-09-06,15,134,116,36160.21,168.28
34,2026-09-06,16,144,112,34466.39,169.08
34,2026-09-06,17,571,183,57896.16,341.48
34,2026-09-06,18,282,287,89174.28,466.75
34,2026-09-06,19,92,271,88627.73,260.72
34,2026-09-06,20,61,81,26895.27,106.35
34,2026-09-06,21,0,66,22115.12,43.57
34,2026-09-07,9,433,58,19911.81,194.1
34,2026-09-07,10,142,189,62177.33,307.45
34,2026-09-07,11,127,169,51032.66,184.45
34,2026-09-07,12,532,156,45621.75,323.45
34,2026-09-07,13,136,278,85284.19,350.62
34,2026-09-07,14,138,170,54557.31,187.58
34,2026-09-07,15,139,112,33696.82,143.42
34,2026-09-07,16,130,89,25833.09,146.3
34,2026-09-07,17,582,165,55265.04,337.55
34,2026-09-07,18,284,295,94781.83,457.9
34,2026-09-07,19,97,244,78988.93,247.88
34,2026-09-07,20,50,97,32838.01,96.47
34,2026-09-07,21,0,55,18586.48,37.0
34,2026-09-08,9,401,50,14296.09,172.2
34,2026-09-08,10,110,177,65350.02,274.27
34,2026-09-08,11,138,142,46113.68,166.62
34,2026-09-08,12,531,144,48655.96,335.15
34,2026-09-08,13,133,274,95238.64,375.3
34,2026-09-08,14,126,165,48678.05,182.55
34,2026-09-08,15,139,98,32977.65,146.4
34,2026-09-08,16,147,88,32234.37,157.85
34,2026-09-08,17,538,177,62218.97,337.92
34,2026-09-08,18,265,301,101747.42,410.47
34,2026-09-08,19,83,212,68436.26,234.58
34,2026-09-08,20,50,98,31645.52,92.95
34,2026-09-08,21,0,47,16374.81,33.2
34,2026-09-09,9,415,54,15078.8,188.22
34,2026-09-09,10,148,179,57212.84,305.98
34,2026-09-09,11,146,179,57977.54,186.03
34,2026-09-09,12,507,161,51187.88,326.85
34,2026-09-09,13,135,250,77471.2,371.02
34,2026-09-09,14,119,180,59111.82,177.37
34,2026-09-09,15,138,96,29861.32,139.47
34,2026-09-09,16,117,94,28203.45,136.88
34,2026-09-09,17,568,126,40811.99,334.33
34,2026-09-09,18,255,283,89378.52,470.48
34,2026-09-09,19,82,258,83225.01,236.58
34,2026-09-09,20,66,98,31467.26,96.5
34,2026-09-09,21,0,61,20513.86,46.53
34,2026-09-10,9,417,50,14795.53,198.17
34,2026-09-10,10,127,194,64506.6,289.18
34,2026-09-10,11,157,158,48942.56,172.72
34,2026-09-10,12,545,148,50421.11,338.67
34,2026-09-10,13,142,246,81931.53,381.35
34,2026-09-10,14,138,198,67168.15,202.13
34,2026-09-10,15,137,105,34257.38,149.03
34,2026-09-10,16,136,103,33057.48,152.95
34,2026-09-10,17,581,190,60158.54,342.43
34,2026-09-10,18,250,276,86128.85,442.37
34,2026-09-10,19,97,239,74396.69,243.83
34,2026-09-10,20,61,99,34099.79,98.38
34,2026-09-10,21,0,59,22952.58,43.3
34,2026-09-11,9,466,72,23769.77,211.22
34,2026-09-11,10,161,195,63361.9,334.37
34,2026-09-11,11,177,184,56394.17,214.57
34,2026-09-11,12,712,209,64358.59,434.28
34,2026-09-11,13,161,333,107113.63,482.25
34,2026-09-11,14,179,257,87159.1,217.45
34,2026-09-11,15,161,122,40369.39,190.33
34,2026-09-11,16,177,111,35418.69,187.87
34,2026-09-11,17,674,211,70319.11,419.45
34,2026-09-11,18,361,344,113996.4,548.97
34,2026-09-11,19,100,297,99607.75,306.73
34,2026-09-11,20,82,136,46042.4,129.83
34,2026-09-11,21,0,70,20743.5,57.72
34,2026-09-12,9,490,70,22805.54,222.05
34,2026-09-12,10,158,197,60747.14,341.15
34,2026-09-12,11,173,194,61919.67,221.07
34,2026-09-12,12,614,194,62959.95,391.77
34,2026-09-12,13,163,307,96401.41,430.83
34,2026-09-12,14,173,223,77588.97,230.08
34,2026-09-12,15,133,124,36696.21,175.77
34,2026-09-12,16,188,120,36236.62,166.03
34,2026-09-12,17,718,175,60596.47,444.67
34,2026-09-12,18,351,374,115688.81,591.82
34,2026-09-12,19,104,327,103283.06,301.15
34,2026-09-12,20,57,118,38675.32,110.23
34,2026-09-12,21,0,55,19484.08,36.45
34,2026-09-13,9,470,79,26421.69,208.2
34,2026-09-13,10,131,197,61027.96,299.47
34,2026-09-13,11,142,167,55238.11,182.53
34,2026-09-13,12,577,156,51727.25,356.47
34,2026-09-13,13,145,275,83655.78,400.1
34,2026-09-13,14,155,203,73179.81,207.9
34,2026-09-13,15,163,117,39520.07,174.48
34,2026-09-13,16,167,133,45053.5,189.73
34,2026-09-13,17,591,183,58388.04,361.75
34,2026-09-13,18,296,323,99612.0,467.4
34,2026-09-13,19,94,233,71848.82,253.62
34,2026-09-13,20,65,125,36559.54,114.98
34,2026-09-13,21,0,62,21946.35,43.35
34,2026-09-14,9,376,55,17338.66,165.38
34,2026-09-14,10,116,161,52362.35,255.47
34,2026-09-14,11,122,131,41748.23,161.28
34,2026-09-14,12,534,130,36249.08,326.27
34,2026-09-14,13,119,269,89363.23,368.4
34,2026-09-14,14,125,178,58901.02,171.55
34,2026-09-14,15,118,86,29424.03,145.1
34,2026-09-14,16,127,97,36352.7,138.38
34,2026-09-14,17,542,175,59732.93,326.7
34,2026-09-14,18,256,258,85251.46,424.58
34,2026-09-14,19,73,234,75174.6,251.3
34,2026-09-14,20,53,113,37198.3,93.1
34,2026-09-14,21,0,47,13323.34,31.92
34,2026-09-15,9,459,69,22387.4,210.33
34,2026-09-15,10,143,220,74559.86,318.7
34,2026-09-15,11,166,181,60272.32,185.15
34,2026-09-15,12,597,165,54660.08,366.33
34,2026-09-15,13,143,296,94041.12,407.65
34,2026-09-15,14,155,215,73945.75,200.3
34,2026-09-15,15,164,107,36415.12,163.92
34,2026-09-15,16,174,113,37043.18,191.45
34,2026-09-15,17,645,190,66477.03,410.48
34,2026-09-15,18,317,326,107352.3,528.72
34,2026-09-15,19,86,296,97318.99,284.33
34,2026-09-15,20,48,119,40260.3,91.92
34,2026-09-15,21,0,42,13574.86,30.47
34,2026-09-16,9,470,66,23800.03,218.32
34,2026-09-16,10,152,205,65162.29,324.63
34,2026-09-16,11,157,185,55255.17,199.2
34,2026-09-16,12,621,181,57987.83,383.95
34,2026-09-16,13,143,319,109946.38,425.62
34,2026-09-16,14,134,181,62049.45,199.0
34,2026-09-16,15,152,126,38582.97,165.82
34,2026-09-16,16,143,91,32032.29,161.02
34,2026-09-16,17,647,186,57992.9,399.28
34,2026-09-16,18,319,353,117966.34,519.77
34,2026-09-16,19,93,270,85108.7,282.3
34,2026-09-16,20,49,137,43721.12,105.95
34,2026-09-16,21,0,44,15144.07,31.8
34,2026-09-17,9,405,45,13765.09,182.23
34,2026-09-17,10,139,181,58759.52,284.22
34,2026-09-17,11,128,166,53211.68,169.2
34,2026-09-17,12,496,158,49341.97,302.7
34,2026-09-17,13,120,213,72832.2,332.22
34,2026-09-17,14,117,175,57100.28,171.35
34,2026-09-17,15,149,100,32548.6,138.93
34,2026-09-17,16,129,104,34827.97,142.32
34,2026-09-17,17,576,159,50413.78,348.72
34,2026-09-17,18,254,304,94975.72,452.47
34,2026-09-17,19,74,243,72452.49,240.03
34,2026-09-17,20,46,98,32883.76,90.25
34,2026-09-17,21,0,47,13096.36,27.4
34,2026-09-18,9,472,72,21839.03,206.87
34,2026-09-18,10,150,192,63576.01,321.35
34,2026-09-18,11,142,191,59341.72,205.52
34,2026-09-18,12,607,170,55412.88,368.27
34,2026-09-18,13,154,290,92235.63,400.45
34,2026-09-18,14,140,206,65062.89,197.18
34,2026-09-18,15,154,107,34180.46,166.13
34,2026-09-18,16,171,111,34336.4,173.23
34,2026-09-18,17,577,191,67092.1,363.3
34,2026-09-18,18,300,296,94321.45,492.12
34,2026-09-18,19,86,252,82404.05,283.25
34,2026-09-18,20,59,115,36369.5,106.12
34,2026-09-18,21,0,52,15894.95,38.9
34,2026-09-19,9,468,69,20092.27,206.23
34,2026-09-19,10,149,221,72092.99,336.55
34,2026-09-19,11,142,179,59125.72,197.27
34,2026-09-19,12,644,179,63094.72,389.18
34,2026-09-19,13,179,311,101475.72,461.52
34,2026-09-19,14,172,252,77509.9,242.0
34,2026-09-19,15,155,113,37470.16,172.27
34,2026-09-19,16,162,121,37982.56,181.68
34,2026-09-19,17,705,197,62556.82,430.05
34,2026-09-19,18,342,357,111035.79,562.65
34,2026-09-19,19,89,311,101648.58,309.63
34,2026-09-19,20,60,110,38860.37,107.85
34,2026-09-19,21,0,63,19728.95,46.55
34,2026-09-20,9,540,69,23083.0,247.57
34,2026-09-20,10,164,261,80667.24,373.25
34,2026-09-20,11,162,198,60799.31,204.58
34,2026-09-20,12,673,178,52914.18,405.53
34,2026-09-20,13,163,316,103338.7,465.05
34,2026-09-20,14,178,236,75882.95,238.42
34,2026-09-20,15,159,133,42681.11,196.68
34,2026-09-20,16,149,137,46690.95,185.03
34,2026-09-20,17,662,194,62293.37,406.6
34,2026-09-20,18,313,319,114583.33,522.32
34,2026-09-20,19,109,279,89070.88,280.67
34,2026-09-20,20,55,123,38414.35,119.25
34,2026-09-20,21,0,50,14338.51,45.77
35,2026-08-24,9,310,33,9426.78,141.07
35,2026-08-24,10,106,142,46995.6,234.55
35,2026-08-24,11,119,139,40285.78,153.4
35,2026-08-24,12,429,120,39554.7,268.0
35,2026-08-24,13,112,217,70296.85,293.58
35,2026-08-24,14,117,149,48126.72,158.55
35,2026-08-24,15,121,108,32786.63,133.45
35,2026-08-24,16,122,88,29227.67,127.88
35,2026-08-24,17,476,148,41715.76,293.5
35,2026-08-24,18,216,228,71970.35,375.63
35,2026-08-24,19,72,201,62218.87,190.83
35,2026-08-24,20,51,90,32318.05,86.43
35,2026-08-24,21,0,47,15660.51,35.0
35,2026-08-25,9,329,52,14562.16,158.58
35,2026-08-25,10,147,156,49893.7,235.35
35,2026-08-25,11,127,138,44269.67,162.23
35,2026-08-25,12,513,154,51453.73,316.52
35,2026-08-25,13,94,237,73252.41,342.23
35,2026-08-25,14,121,164,53273.84,164.15
35,2026-08-25,15,107,88,26486.39,122.2
35,2026-08-25,16,116,78,23156.12,124.18
35,2026-08-25,17,453,128,38479.6,283.17
35,2026-08-25,18,248,246,76048.2,379.33
35,2026-08-25,19,81,199,64625.94,217.15
35,2026-08-25,20,53,106,31538.24,92.32
35,2026-08-25,21,0,48,14703.12,38.28
35,2026-08-26,9,388,59,19318.03,169.03
35,2026-08-26,10,127,155,48296.81,272.83
35,2026-08-26,11,121,162,48013.12,169.07
35,2026-08-26,12,523,149,49674.42,324.17
35,2026-08-26,13,118,239,80454.51,361.05
35,2026-08-26,14,119,176,54862.68,170.0
35,2026-08-26,15,108,98,30594.69,123.93
35,2026-08-26,16,126,87,26273.73,119.47
35,2026-08-26,17,521,133,40857.13,321.7
35,2026-08-26,18,229,266,89060.53,392.38
35,2026-08-26,19,68,197,63380.57,201.58
35,2026-08-26,20,51,84,26592.83,90.55
35,2026-08-26,21,0,47,15266.06,33.23
35,2026-08-27,9,339,37,12036.58,154.1
35,2026-08-27,10,111,169,53614.93,248.0
35,2026-08-27,11,120,142,44501.53,156.53
35,2026-08-27,12,490,161,50208.49,308.83
35,2026-08-27,13,105,226,72944.53,335.58
35,2026-08-27,14,139,170,53247.74,165.88
35,2026-08-27,15,118,97,27865.47,151.72
35,2026-08-27,16,137,105,33033.16,141.4
35,2026-08-27,17,497,131,43839.03,308.33
35,2026-08-27,18,245,282,90797.07,415.67
35,2026-08-27,19,63,207,61164.65,212.52
35,2026-08-27,20,45,86,25614.18,77.42
35,2026-08-27,21,0,41,10506.88,33.0
35,2026-08-28,9,428,65,20272.85,193.85
35,2026-08-28,10,156,200,65432.29,298.3
35,2026-08-28,11,168,151,42264.61,210.35
35,2026-08-28,12,624,203,63535.48,411.77
35,2026-08-28,13,155,297,98207.71,424.08
35,2026-08-28,14,147,188,59258.84,210.75
35,2026-08-28,15,142,113,31220.48,163.6
35,2026-08-28,16,141,109,36918.23,147.38
35,2026-08-28,17,600,175,53895.89,343.93
35,2026-08-28,18,321,311,98763.05,484.92
35,2026-08-28,19,95,274,89008.42,289.72
35,2026-08-28,20,74,117,36737.19,117.98
35,2026-08-28,21,0,67,20702.14,49.92
35,2026-08-29,9,522,59,17697.98,245.1
35,2026-08-29,10,169,234,73704.29,373.02
35,2026-08-29,11,165,214,68149.5,231.3
35,2026-08-29,12,712,201,70407.05,437.8
35,2026-08-29,13,168,350,115878.65,482.55
35,2026-08-29,14,182,253,82059.05,247.27
35,2026-08-29,15,173,132,41696.34,189.32
35,2026-08-29,16,153,125,39373.13,187.27
35,2026-08-29,17,705,183,59701.73,415.5
35,2026-08-29,18,381,379,120395.42,567.6
35,2026-08-29,19,89,291,89105.58,308.5
35,2026-08-29,20,77,122,41830.03,116.35
35,2026-08-29,21,0,71,20034.31,52.85
35,2026-08-30,9,407,64,19214.11,184.42
35,2026-08-30,10,145,161,50280.45,290.18
35,2026-08-30,11,133,174,60731.2,171.12
35,2026-08-30,12,586,155,48201.02,355.65
35,2026-08-30,13,124,269,84426.51,389.25
35,2026-08-30,14,153,205,70660.57,205.63
35,2026-08-30,15,132,107,37502.02,149.67
35,2026-08-30,16,137,100,30695.44,144.45
35,2026-08-30,17,604,177,57051.89,362.73
35,2026-08-30,18,279,313,100780.9,475.33
35,2026-08-30,19,89,243,76375.03,245.95
35,2026-08-30,20,41,106,35722.09,90.98
35,2026-08-30,21,0,41,11853.69,31.05
35,2026-08-31,9,428,61,17915.57,197.25
35,2026-08-31,10,119,174,57369.74,285.28
35,2026-08-31,11,129,151,46566.03,163.2
35,2026-08-31,12,492,140,44927.03,309.48
35,2026-08-31,13,128,232,76129.11,336.92
35,2026-08-31,14,130,175,57771.92,173.93
35,2026-08-31,15,129,94,34432.46,134.45
35,2026-08-31,16,136,96,34512.25,141.68
35,2026-08-31,17,564,149,52461.29,337.83
35,2026-08-31,18,276,270,83860.47,470.95
35,2026-08-31,19,73,268,84363.07,253.38
35,2026-08-31,20,52,99,35852.32,94.95
35,2026-08-31,21,0,44,13878.05,27.6
35,2026-09-01,9,377,45,13550.4,167.33
35,2026-09-01,10,120,168,56686.9,263.45
35,2026-09-01,11,129,151,46167.54,163.27
35,2026-09-01,12,508,150,49054.53,311.27
35,2026-09-01,13,131,264,84667.55,358.75
35,2026-09-01,14,118,182,57152.14,178.38
35,2026-09-01,15,134,103,31107.83,143.45
35,2026-09-01,16,121,111,37554.74,132.45
35,2026-09-01,17,512,154,47992.09,290.08
35,2026-09-01,18,267,257,78138.11,418.53
35,2026-09-01,19,67,219,67673.68,229.45
35,2026-09-01,20,45,99,32944.83,88.8
35,2026-09-01,21,0,36,10995.23,27.35
35,2026-09-02,9,375,59,17521.43,167.55
35,2026-09-02,10,119,173,58283.57,246.12
35,2026-09-02,11,123,130,39814.68,155.23
35,2026-09-02,12,531,169,52439.27,322.77
35,2026-09-02,13,105,250,81556.18,360.33
35,2026-09-02,14,147,190,58259.15,184.82
35,2026-09-02,15,129,96,26087.31,145.68
35,2026-09-02,16,133,92,28071.08,141.37
35,2026-09-02,17,556,144,47596.18,338.22
35,2026-09-02,18,240,288,88385.15,423.2
35,2026-09-02,19,62,220,73938.61,217.42
35,2026-09-02,20,51,84,24416.46,82.2
35,2026-09-02,21,0,46,15779.1,39.38
35,2026-09-03,9,334,56,19651.13,152.7
35,2026-09-03,10,103,145,46650.18,228.03
35,2026-09-03,11,118,123,40754.54,147.42
35,2026-09-03,12,469,148,49711.74,294.87
35,2026-09-03,13,92,219,72715.99,308.7
35,2026-09-03,14,126,159,50097.34,149.25
35,2026-09-03,15,114,97,33315.97,132.18
35,2026-09-03,16,102,87,24881.52,110.22
35,2026-09-03,17,433,128,44058.37,246.87
35,2026-09-03,18,205,211,74167.06,353.07
35,2026-09-03,19,74,195,62995.14,187.32
35,2026-09-03,20,52,74,25291.95,77.32
35,2026-09-03,21,0,39,12939.87,33.0
35,2026-09-04,9,445,56,16684.61,185.98
35,2026-09-04,10,153,191,56134.86,319.87
35,2026-09-04,11,128,191,60841.04,197.5
35,2026-09-04,12,572,171,53947.96,330.72
35,2026-09-04,13,123,252,78103.78,382.3
35,2026-09-04,14,147,206,63872.44,192.73
35,2026-09-04,15,145,101,33108.12,157.18
35,2026-09-04,16,151,99,31316.64,171.07
35,2026-09-04,17,601,173,55507.05,365.48
35,2026-09-04,18,264,304,98459.87,480.0
35,2026-09-04,19,78,244,80079.26,243.28
35,2026-09-04,20,59,94,34180.82,90.53
35,2026-09-04,21,0,56,18685.68,44.72
35,2026-09-05,9,489,73,20619.57,229.28
35,2026-09-05,10,140,206,62516.22,326.8
35,2026-09-05,11,155,184,57516.76,192.32
35,2026-09-05,12,653,186,57892.2,399.37
35,2026-09-05,13,140,297,95817.9,435.68
35,2026-09-05,14,164,231,75883.4,214.37
35,2026-09-05,15,169,122,36909.27,186.73
35,2026-09-05,16,167,150,43326.2,178.1
35,2026-09-05,17,625,172,60097.86,389.6
35,2026-09-05,18,281,340,112665.87,503.52
35,2026-09-05,19,97,262,85845.56,268.48
35,2026-09-05,20,69,107,35463.51,105.37
35,2026-09-05,21,0,60,18732.02,41.42
35,2026-09-06,9,502,55,15612.65,233.03
35,2026-09-06,10,160,245,72974.0,347.92
35,2026-09-06,11,151,186,60606.46,203.62
35,2026-09-06,12,643,179,55779.53,383.3
35,2026-09-06,13,154,294,91295.55,451.98
35,2026-09-06,14,151,230,70495.22,218.38
35,2026-09-06,15,172,121,39303.79,174.1
35,2026-09-06,16,147,110,37229.87,179.78
35,2026-09-06,17,667,177,57363.19,406.32
35,2026-09-06,18,306,367,115816.69,541.0
35,2026-09-06,19,88,294,90741.89,276.65
35,2026-09-06,20,60,108,34100.78,98.22
35,2026-09-06,21,0,58,20106.97,43.3
35,2026-09-07,9,360,50,15234.93,167.2
35,2026-09-07,10,120,165,53058.8,270.42
35,2026-09-07,11,108,142,44054.19,139.68
35,2026-09-07,12,504,123,38954.29,296.93
35,2026-09-07,13,108,249,79077.38,341.58
35,2026-09-07,14,118,163,49341.95,162.7
35,2026-09-07,15,122,84,29526.22,129.03
35,2026-09-07,16,128,89,28509.0,127.15
35,2026-09-07,17,473,160,50387.16,295.97
35,2026-09-07,18,230,232,69938.01,381.62
35,2026-09-07,19,54,223,75568.35,202.0
35,2026-09-07,20,54,76,27468.49,69.78
35,2026-09-07,21,0,44,15458.2,34.37
35,2026-09-08,9,390,54,16879.72,189.67
35,2026-09-08,10,136,163,47925.08,275.33
35,2026-09-08,11,109,152,50393.68,154.25
35,2026-09-08,12,494,132,41310.64,303.03
35,2026-09-08,13,115,224,70778.58,350.23
35,2026-09-08,14,128,188,60159.1,171.65
35,2026-09-08,15,95,90,30714.46,121.02
35,2026-09-08,16,150,82,25997.34,135.03
35,2026-09-08,17,529,154,50588.25,327.5
35,2026-09-08,18,282,284,92942.02,423.73
35,2026-09-08,19,82,251,80034.67,239.58
35,2026-09-08,20,53,93,32484.87,93.03
35,2026-09-08,21,0,52,17530.99,36.93
35,2026-09-09,9,391,54,18122.98,171.65
35,2026-09-09,10,109,174,54807.18,266.1
35,2026-09-09,11,113,143,46070.69,153.25
35,2026-09-09,12,516,135,42040.53,300.65
35,2026-09-09,13,131,248,82774.95,350.48
35,2026-09-09,14,122,171,58853.93,175.08
35,2026-09-09,15,124,92,28641.1,135.55
35,2026-09-09,16,142,113,36692.58,150.83
35,2026-09-09,17,470,144,45246.06,296.77
35,2026-09-09,18,287,237,76574.79,400.27
35,2026-09-09,19,62,250,76532.92,235.75
35,2026-09-09,20,58,100,33172.02,85.33
35,2026-09-09,21,0,47,14688.37,39.72
35,2026-09-10,9,393,51,15539.76,181.67
35,2026-09-10,10,113,172,52889.0,261.23
35,2026-09-10,11,120,137,42152.86,158.78
35,2026-09-10,12,513,146,49348.53,297.18
35,2026-09-10,13,123,265,85257.5,346.65
35,2026-09-10,14,122,166,54968.05,173.98
35,2026-09-10,15,136,98,30230.24,137.92
35,2026-09-10,16,136,101,32790.58,149.72
35,2026-09-10,17,521,162,50797.49,329.48
35,2026-09-10,18,280,282,91378.3,420.82
35,2026-09-10,19,63,228,72888.09,224.73
35,2026-09-10,20,45,88,26416.35,85.53
35,2026-09-10,21,0,44,14555.44,21.93
35,2026-09-11,9,416,58,19105.3,188.22
35,2026-09-11,10,129,181,58523.57,286.0
35,2026-09-11,11,152,159,49471.43,175.47
35,2026-09-11,12,611,179,55434.7,388.87
35,2026-09-11,13,150,300,97802.0,414.33
35,2026-09-11,14,139,215,69133.9,209.72
35,2026-09-11,15,138,96,34321.63,160.97
35,2026-09-11,16,129,103,32703.62,149.67
35,2026-09-11,17,599,164,53755.55,354.27
35,2026-09-11,18,310,317,98236.8,470.05
35,2026-09-11,19,87,264,86250.57,264.6
35,2026-09-11,20,62,107,32428.73,113.43
35,2026-09-11,21,0,63,19988.92,46.78
35,2026-09-12,9,448,63,19243.22,199.2
35,2026-09-12,10,125,208,67169.29,297.15
35,2026-09-12,11,164,151,49209.61,191.98
35,2026-09-12,12,576,163,48999.68,341.27
35,2026-09-12,13,114,268,85427.74,385.27
35,2026-09-12,14,147,191,63117.47,190.03
35,2026-09-12,15,161,103,30720.32,168.37
35,2026-09-12,16,122,119,35595.91,169.95
35,2026-09-12,17,632,152,47319.4,378.05
35,2026-09-12,18,307,340,107314.54,514.83
35,2026-09-12,19,103,287,87263.59,277.15
35,2026-09-12,20,59,106,34144.07,107.17
35,2026-09-12,21,0,63,16835.99,42.83
35,2026-09-13,9,491,59,16783.84,217.33
35,2026-09-13,10,147,211,62230.67,349.57
35,2026-09-13,11,147,202,59193.5,173.35
35,2026-09-13,12,630,133,42631.48,386.57
35,2026-09-13,13,160,307,96557.52,444.73
35,2026-09-13,14,170,200,63091.97,222.02
35,2026-09-13,15,179,130,42825.55,191.72
35,2026-09-13,16,144,121,36348.64,191.28
35,2026-09-13,17,635,180,60177.01,396.75
35,2026-09-13,18,311,305,102917.04,510.02
35,2026-09-13,19,103,271,83881.31,290.62
35,2026-09-13,20,73,130,37844.66,119.77
35,2026-09-13,21,0,67,22402.85,51.47
35,2026-09-14,9,413,57,18113.99,185.22
35,2026-09-14,10,120,193,60323.7,273.07
35,2026-09-14,11,138,144,45599.5,165.6
35,2026-09-14,12,564,158,47909.46,343.88
35,2026-09-14,13,128,300,101108.04,386.15
35,2026-09-14,14,157,186,58869.48,200.28
35,2026-09-14,15,145,121,36460.01,160.02
35,2026-09-14,16,146,106,35329.33,159.43
35,2026-09-14,17,542,169,55117.42,351.92
35,2026-09-14,18,255,282,89125.96,425.72
35,2026-09-14,19,77,209,59781.68,235.18
35,2026-09-14,20,49,114,37429.58,97.53
35,2026-09-14,21,0,46,15307.12,36.23
35,2026-09-15,9,335,52,17932.61,155.12
35,2026-09-15,10,114,148,47244.68,242.47
35,2026-09-15,11,131,135,44472.33,154.95
35,2026-09-15,12,510,151,51310.44,313.22
35,2026-09-15,13,125,248,77704.61,344.48
35,2026-09-15,14,119,170,55025.7,166.3
35,2026-09-15,15,119,89,30663.04,127.12
35,2026-09-15,16,122,92,27437.04,129.73
35,2026-09-15,17,504,131,37425.83,309.3
35,2026-09-15,18,251,273,87371.44,412.98
35,2026-09-15,19,73,211,73254.23,211.83
35,2026-09-15,20,45,85,27106.97,82.4
35,2026-09-15,21,0,39,12247.42,32.53
35,2026-09-16,9,449,47,16054.73,203.3
35,2026-09-16,10,100,183,59295.8,326.0
35,2026-09-16,11,179,187,60136.42,178.65
35,2026-09-16,12,602,166,55954.35,374.9
35,2026-09-16,13,147,298,93349.56,425.02
35,2026-09-16,14,167,217,69363.45,216.9
35,2026-09-16,15,159,112,33277.58,178.13
35,2026-09-16,16,144,125,43293.17,172.83
35,2026-09-16,17,635,173,57863.36,365.23
35,2026-09-16,18,282,312,102547.52,504.45
35,2026-09-16,19,76,272,84012.47,255.42
35,2026-09-16,20,59,105,34949.91,94.62
35,2026-09-16,21,0,47,14711.58,39.93
35,2026-09-17,9,451,59,19731.67,197.9
35,2026-09-17,10,153,198,65008.01,313.9
35,2026-09-17,11,153,168,55678.44,192.13
35,2026-09-17,12,570,165,50359.98,371.67
35,2026-09-17,13,146,284,92349.37,391.63
35,2026-09-17,14,156,182,56214.11,201.33
35,2026-09-17,15,158,115,36059.22,175.57
35,2026-09-17,16,142,118,34714.24,167.42
35,2026-09-17,17,600,190,62465.63,370.97
35,2026-09-17,18,320,323,100441.13,486.03
35,2026-09-17,19,81,267,91779.46,259.13
35,2026-09-17,20,38,115,36190.69,86.05
35,2026-09-17,21,0,37,12587.06,29.98
35,2026-09-18,9,437,59,19590.37,193.77
35,2026-09-18,10,161,194,63112.76,308.97
35,2026-09-18,11,154,184,59763.93,204.32
35,2026-09-18,12,545,180,58065.72,347.33
35,2026-09-18,13,152,250,79493.28,387.02
35,2026-09-18,14,145,216,66662.19,206.67
35,2026-09-18,15,144,120,40707.85,152.98
35,2026-09-18,16,155,100,29302.95,155.88
35,2026-09-18,17,572,162,51870.41,359.58
35,2026-09-18,18,266,317,102986.42,443.55
35,2026-09-18,19,91,242,75650.11,237.68
35,2026-09-18,20,47,96,31889.43,104.42
35,2026-09-18,21,0,50,19465.6,32.4
35,2026-09-19,9,463,71,19917.63,216.42
35,2026-09-19,10,121,203,57725.52,301.42
35,2026-09-19,11,153,176,58805.12,189.47
35,2026-09-19,12,623,173,52722.98,381.05
35,2026-09-19,13,159,280,94528.66,441.5
35,2026-09-19,14,140,218,69207.86,212.27
35,2026-09-19,15,163,95,28425.22,156.48
35,2026-09-19,16,134,122,42397.45,163.37
35,2026-09-19,17,668,175,54491.45,391.93
35,2026-09-19,18,324,336,103716.8,525.35
35,2026-09-19,19,90,273,87971.67,268.03
35,2026-09-19,20,55,98,29911.43,107.32
35,2026-09-19,21,0,56,18325.57,43.42
35,2026-09-20,9,468,55,16847.32,210.73
35,2026-09-20,10,148,194,61599.79,333.92
35,2026-09-20,11,159,216,63448.98,214.22
35,2026-09-20,12,574,162,53789.19,359.13
35,2026-09-20,13,147,303,97638.91,410.22
35,2026-09-20,14,156,216,66383.8,206.23
35,2026-09-20,15,147,93,29653.35,163.05
35,2026-09-20,16,159,125,40098.8,180.55
35,2026-09-20,17,608,170,52688.99,370.47
35,2026-09-20,18,303,311,94858.36,480.28
35,2026-09-20,19,71,244,83027.69,274.22
35,2026-09-20,20,61,106,30621.35,95.63
35,2026-09-20,21,0,50,17317.27,39.98
36,2026-08-24,9,412,50,16234.83,178.72
36,2026-08-24,10,112,168,56435.97,281.33
36,2026-08-24,11,124,146,46569.35,164.62
36,2026-08-24,12,462,161,56027.06,301.52
36,2026-08-24,13,129,216,70179.94,325.2
36,2026-08-24,14,126,167,53443.83,170.28
36,2026-08-24,15,132,107,33717.01,141.47
36,2026-08-24,16,104,91,31590.56,128.78
36,2026-08-24,17,467,122,39293.72,278.73
36,2026-08-24,18,251,264,84031.16,395.15
36,2026-08-24,19,68,203,60729.48,215.87
36,2026-08-24,20,46,87,28440.51,87.23
36,2026-08-24,21,0,52,17181.52,32.0
36,2026-08-25,9,327,44,13336.18,141.13
36,2026-08-25,10,93,148,48598.94,231.43
36,2026-08-25,11,104,130,41792.57,133.17
36,2026-08-25,12,446,131,42965.55,264.55
36,2026-08-25,13,113,221,76837.48,309.5
36,2026-08-25,14,113,155,49593.92,152.78
36,2026-08-25,15,106,89,27519.74,120.32
36,2026-08-25,16,107,78,23888.32,126.63
36,2026-08-25,17,461,130,42107.18,282.17
36,2026-08-25,18,215,232,67135.26,380.43
36,2026-08-25,19,60,199,58946.46,185.88
36,2026-08-25,20,38,80,24480.99,68.25
36,2026-08-25,21,0,32,10048.26,21.12
36,2026-08-26,9,331,49,15737.95,152.63
36,2026-08-26,10,106,141,49086.02,237.92
36,2026-08-26,11,118,133,42705.6,139.77
36,2026-08-26,12,483,125,39688.7,287.23
36,2026-08-26,13,131,238,80723.81,339.43
36,2026-08-26,14,121,168,53980.27,171.77
36,2026-08-26,15,108,104,32369.51,128.25
36,2026-08-26,16,117,73,23488.43,125.75
36,2026-08-26,17,452,132,40397.01,260.07
36,2026-08-26,18,216,228,73818.74,354.57
36,2026-08-26,19,91,207,67161.44,211.83
36,2026-08-26,20,41,88,29007.23,90.08
36,2026-08-26,21,0,48,18362.96,32.6
36,2026-08-27,9,330,41,12709.84,152.33
36,2026-08-27,10,116,158,51455.1,236.27
36,2026-08-27,11,124,140,48741.84,146.6
36,2026-08-27,12,460,140,44835.7,270.28
36,2026-08-27,13,106,234,75617.14,313.42
36,2026-08-27,14,126,154,48889.82,162.75
36,2026-08-27,15,129,96,29742.5,136.5
36,2026-08-27,16,130,87,25001.51,149.43
36,2026-08-27,17,465,145,42461.77,299.22
36,2026-08-27,18,251,256,83589.86,383.63
36,2026-08-27,19,75,190,63281.72,219.8
36,2026-08-27,20,55,93,31056.45,87.5
36,2026-08-27,21,0,47,13604.56,35.3
36,2026-08-28,9,394,42,13413.26,176.72
36,2026-08-28,10,144,181,57649.7,285.1
36,2026-08-28,11,130,162,49362.84,173.87
36,2026-08-28,12,481,155,50823.42,299.92
36,2026-08-28,13,127,227,71364.63,344.27
36,2026-08-28,14,121,193,69253.25,176.83
36,2026-08-28,15,152,110,32356.72,153.67
36,2026-08-28,16,143,109,35923.24,147.53
36,2026-08-28,17,547,152,44182.83,345.37
36,2026-08-28,18,278,284,84971.76,449.77
36,2026-08-28,19,80,238,77266.49,243.65
36,2026-08-28,20,55,118,34327.91,94.98
36,2026-08-28,21,0,44,15189.04,34.97
36,2026-08-29,9,474,71,22713.21,212.72
36,2026-08-29,10,137,228,73005.4,313.6
36,2026-08-29,11,175,167,54538.79,185.88
36,2026-08-29,12,586,172,53327.64,371.22
36,2026-08-29,13,139,302,98663.93,409.25
36,2026-08-29,14,144,219,70360.23,202.12
36,2026-08-29,15,161,114,33792.23,165.38
36,2026-08-29,16,144,109,34979.29,165.75
36,2026-08-29,17,647,176,56260.55,377.63
36,2026-08-29,18,330,320,100300.99,540.42
36,2026-08-29,19,82,296,93836.31,286.83
36,2026-08-29,20,61,112,35577.77,108.92
36,2026-08-29,21,0,60,16034.04,41.08
36,2026-08-30,9,382,47,12383.75,179.95
36,2026-08-30,10,139,175,63025.61,283.95
36,2026-08-30,11,145,171,57098.51,173.2
36,2026-08-30,12,560,187,63457.51,328.08
36,2026-08-30,13,114,255,78651.44,353.48
36,2026-08-30,14,113,167,51723.27,162.73
36,2026-08-30,15,114,79,21402.12,119.72
36,2026-08-30,16,121,84,26484.4,146.1
36,2026-08-30,17,510,178,57049.67,316.4
36,2026-08-30,18,287,264,78902.66,407.5
36,2026-08-30,19,60,230,76525.91,227.8
36,2026-08-30,20,55,89,26459.53,88.37
36,2026-08-30,21,0,44,15975.76,33.5
36,2026-08-31,9,384,45,13464.18,182.47
36,2026-08-31,10,123,166,54321.49,272.22
36,2026-08-31,11,133,149,44949.64,164.25
36,2026-08-31,12,471,144,45975.37,305.4
36,2026-08-31,13,130,243,79297.78,332.42
36,2026-08-31,14,130,167,50627.63,175.12
36,2026-08-31,15,122,111,34695.97,131.0
36,2026-08-31,16,125,83,27386.85,128.52
36,2026-08-31,17,508,156,51060.89,316.7
36,2026-08-31,18,258,268,88936.66,413.45
36,2026-08-31,19,64,220,75741.99,215.03
36,2026-08-31,20,52,74,24446.2,84.0
36,2026-08-31,21,0,45,11641.29,30.73
36,2026-09-01,9,363,55,18635.13,163.57
36,2026-09-01,10,115,168,52655.39,251.68
36,2026-09-01,11,121,142,46870.27,152.18
36,2026-09-01,12,460,127,36300.66,292.9
36,2026-09-01,13,100,245,76365.14,320.63
36,2026-09-01,14,110,143,47758.31,147.33
36,2026-09-01,15,117,90,30509.23,134.63
36,2026-09-01,16,114,88,26963.17,123.85
36,2026-09-01,17,445,115,38422.69,273.68
36,2026-09-01,18,224,236,76179.92,344.83
36,2026-09-01,19,67,187,57220.39,207.07
36,2026-09-01,20,40,79,24062.32,78.95
36,2026-09-01,21,0,40,11764.56,32.53
36,2026-09-02,9,364,49,18788.96,155.85
36,2026-09-02,10,122,142,47307.07,250.28
36,2026-09-02,11,125,145,50029.72,173.8
36,2026-09-02,12,490,164,53836.33,308.47
36,2026-09-02,13,115,200,69676.63,337.95
36,2026-09-02,14,127,178,57717.72,178.57
36,2026-09-02,15,137,95,28450.0,137.57
36,2026-09-02,16,137,97,30678.38,144.52
36,2026-09-02,17,500,143,48108.19,309.55
36,2026-09-02,18,226,273,82208.73,397.77
36,2026-09-02,19,70,218,71262.28,196.08
36,2026-09-02,20,47,74,25686.15,74.47
36,2026-09-02,21,0,43,14686.25,36.95
36,2026-09-03,9,369,51,15947.15,175.57
36,2026-09-03,10,116,177,54098.02,244.33
36,2026-09-03,11,119,116,38324.21,143.55
36,2026-09-03,12,388,132,40458.04,258.52
36,2026-09-03,13,125,181,65407.36,284.42
36,2026-09-03,14,124,161,47672.81,162.83
36,2026-09-03,15,125,87,31559.76,142.0
36,2026-09-03,16,127,93,33400.78,136.8
36,2026-09-03,17,470,150,51180.49,296.83
36,2026-09-03,18,238,233,70497.98,377.95
36,2026-09-03,19,65,192,60370.03,202.15
36,2026-09-03,20,42,84,26370.91,83.47
36,2026-09-03,21,0,46,13646.75,34.28
36,2026-09-04,9,403,51,18476.19,173.73
36,2026-09-04,10,136,176,58857.28,280.62
36,2026-09-04,11,131,151,43271.62,174.62
36,2026-09-04,12,521,157,51920.03,316.02
36,2026-09-04,13,161,240,78029.13,353.65
36,2026-09-04,14,145,200,60431.21,213.53
36,2026-09-04,15,153,116,37046.89,166.22
36,2026-09-04,16,159,113,39068.79,164.53
36,2026-09-04,17,559,154,50227.89,352.0
36,2026-09-04,18,281,306,99800.85,465.75
36,2026-09-04,19,93,252,82503.23,246.8
36,2026-09-04,20,47,108,32243.4,91.13
36,2026-09-04,21,0,47,13818.36,36.92
36,2026-09-05,9,469,66,23511.17,217.53
36,2026-09-05,10,130,205,65587.95,321.53
36,2026-09-05,11,164,170,55520.87,200.38
36,2026-09-05,12,608,168,54705.28,388.5
36,2026-09-05,13,148,305,100484.75,427.22
36,2026-09-05,14,161,214,61448.73,214.6
36,2026-09-05,15,151,123,36320.28,166.42
36,2026-09-05,16,152,123,38680.33,170.65
36,2026-09-05,17,646,184,54088.48,380.33
36,2026-09-05,18,300,330,106216.83,493.43
36,2026-09-05,19,81,281,91518.76,270.23
36,2026-09-05,20,66,105,34040.68,101.52
36,2026-09-05,21,0,57,17636.3,40.58
36,2026-09-06,9,379,52,19223.6,172.4
36,2026-09-06,10,136,153,48963.31,277.05
36,2026-09-06,11,144,150,47811.97,186.63
36,2026-09-06,12,509,164,54555.33,314.32
36,2026-09-06,13,118,257,82506.91,351.47
36,2026-09-06,14,126,165,54080.44,178.65
36,2026-09-06,15,137,80,24562.55,150.47
36,2026-09-06,16,153,134,44688.13,162.37
36,2026-09-06,17,621,183,62752.22,378.75
36,2026-09-06,18,258,312,99384.19,465.38
36,2026-09-06,19,80,240,73944.82,225.02
36,2026-09-06,20,49,86,28534.64,91.22
36,2026-09-06,21,0,49,16932.94,35.32
36,2026-09-07,9,313,57,18500.56,139.98
36,2026-09-07,10,108,128,41839.1,221.53
36,2026-09-07,11,105,127,38843.08,129.85
36,2026-09-07,12,436,122,42676.21,267.87
36,2026-09-07,13,97,215,66034.49,295.83
36,2026-09-07,14,105,157,46540.48,144.98
36,2026-09-07,15,122,80,27910.18,117.95
36,2026-09-07,16,118,79,25023.86,139.62
36,2026-09-07,17,440,139,48026.63,288.32
36,2026-09-07,18,227,223,67289.47,357.25
36,2026-09-07,19,60,190,65637.16,205.75
36,2026-09-07,20,46,77,25034.0,79.42
36,2026-09-07,21,0,49,17061.03,37.13
36,2026-09-08,9,330,52,16632.27,145.32
36,2026-09-08,10,125,132,41572.51,232.8
36,2026-09-08,11,109,137,45310.97,156.7
36,2026-09-08,12,457,138,46519.0,273.93
36,2026-09-08,13,98,210,60964.27,318.55
36,2026-09-08,14,121,173,56794.69,156.13
36,2026-09-08,15,132,83,25452.11,124.05
36,2026-09-08,16,109,92,27977.58,123.02
36,2026-09-08,17,475,136,46215.92,285.7
36,2026-09-08,18,222,240,72431.9,372.85
36,2026-09-08,19,52,199,67293.88,190.25
36,2026-09-08,20,35,84,28147.1,71.48
36,2026-09-08,21,0,37,9378.34,24.78
36,2026-09-09,9,338,42,15111.15,157.22
36,2026-09-09,10,107,149,46163.45,237.15
36,2026-09-09,11,116,129,39331.43,146.28
36,2026-09-09,12,484,139,44120.51,295.42
36,2026-09-09,13,114,246,79470.73,335.63
36,2026-09-09,14,126,173,54457.97,160.4
36,2026-09-09,15,129,89,27338.27,129.82
36,2026-09-09,16,148,103,32924.19,150.03
36,2026-09-09,17,509,155,48343.16,329.12
36,2026-09-09,18,244,266,84940.53,417.42
36,2026-09-09,19,82,216,70926.59,227.3
36,2026-09-09,20,29,86,26570.28,87.27
36,2026-09-09,21,0,32,9551.32,25.25
36,2026-09-10,9,396,55,15857.59,175.83
36,2026-09-10,10,138,187,61130.65,285.95
36,2026-09-10,11,133,154,48924.51,179.38
36,2026-09-10,12,512,154,52524.75,310.6
36,2026-09-10,13,109,258,87835.66,328.6
36,2026-09-10,14,149,156,49036.4,182.92
36,2026-09-10,15,135,97,32462.38,152.63
36,2026-09-10,16,111,95,34081.61,140.8
36,2026-09-10,17,544,150,46219.14,321.42
36,2026-09-10,18,265,272,89193.87,434.97
36,2026-09-10,19,74,236,77064.68,240.35
36,2026-09-10,20,55,100,33563.23,97.73
36,2026-09-10,21,0,58,20695.65,38.38
36,2026-09-11,9,391,55,15575.47,176.9
36,2026-09-11,10,133,180,57724.87,282.92
36,2026-09-11,11,131,162,53655.95,168.75
36,2026-09-11,12,538,153,47050.5,340.95
36,2026-09-11,13,124,268,79033.66,340.33
36,2026-09-11,14,149,151,50897.1,177.88
36,2026-09-11,15,130,111,33948.52,150.38
36,2026-09-11,16,115,96,28339.81,135.33
36,2026-09-11,17,517,143,48449.17,314.98
36,2026-09-11,18,245,270,86766.44,406.53
36,2026-09-11,19,93,219,66422.94,237.2
36,2026-09-11,20,46,87,24656.36,99.43
36,2026-09-11,21,0,49,15005.78,32.3
36,2026-09-12,9,478,54,16959.98,218.1
36,2026-09-12,10,176,180,55920.12,355.47
36,2026-09-12,11,166,214,70365.4,240.28
36,2026-09-12,12,637,182,57939.3,415.0
36,2026-09-12,13,157,333,106742.09,429.17
36,2026-09-12,14,175,218,70930.12,222.65
36,2026-09-12,15,172,132,44032.41,192.0
36,2026-09-12,16,163,133,39426.79,194.27
36,2026-09-12,17,699,221,71870.22,409.9
36,2026-09-12,18,310,355,116189.47,526.4
36,2026-09-12,19,96,270,84813.85,282.12
36,2026-09-12,20,80,104,33157.72,125.07
36,2026-09-12,21,0,75,26437.9,50.67
36,2026-09-13,9,495,59,19622.46,230.35
36,2026-09-13,10,166,221,69451.14,347.12
36,2026-09-13,11,163,188,60017.97,220.0
36,2026-09-13,12,615,188,59238.36,400.15
36,2026-09-13,13,139,299,94503.0,406.93
36,2026-09-13,14,149,185,55323.79,195.5
36,2026-09-13,15,183,129,39776.14,182.17
36,2026-09-13,16,167,120,42674.34,191.93
36,2026-09-13,17,629,198,64570.43,397.7
36,2026-09-13,18,304,326,105276.03,505.57
36,2026-09-13,19,106,270,89494.42,278.12
36,2026-09-13,20,60,115,32292.46,122.83
36,2026-09-13,21,0,64,22336.72,44.95
36,2026-09-14,9,364,59,18610.43,163.28
36,2026-09-14,10,106,136,39575.43,246.62
36,2026-09-14,11,113,154,47527.74,154.53
36,2026-09-14,12,493,132,37878.03,289.87
36,2026-09-14,13,118,246,77663.03,333.8
36,2026-09-14,14,144,173,57897.57,181.23
36,2026-09-14,15,123,104,32818.69,149.18
36,2026-09-14,16,128,104,33570.26,135.37
36,2026-09-14,17,518,148,46421.81,306.48
36,2026-09-14,18,227,269,85187.08,396.1
36,2026-09-14,19,79,214,75021.6,213.02
36,2026-09-14,20,48,84,27802.14,83.1
36,2026-09-14,21,0,49,16256.24,34.75
36,2026-09-15,9,371,50,16340.9,175.23
36,2026-09-15,10,123,169,52736.42,267.27
36,2026-09-15,11,135,153,45766.16,162.9
36,2026-09-15,12,568,152,47390.76,352.25
36,2026-09-15,13,120,278,89280.06,362.32
36,2026-09-15,14,110,186,55633.75,162.1
36,2026-09-15,15,117,76,23449.87,122.02
36,2026-09-15,16,120,88,30488.16,130.77
36,2026-09-15,17,537,153,52395.25,319.47
36,2026-09-15,18,274,270,91029.27,424.93
36,2026-09-15,19,58,238,78421.23,228.32
36,2026-09-15,20,44,87,24999.02,77.68
36,2026-09-15,21,0,42,11403.05,32.53
36,2026-09-16,9,445,52,16070.32,203.92
36,2026-09-16,10,161,204,60959.71,332.8
36,2026-09-16,11,157,187,65917.78,210.27
36,2026-09-16,12,612,186,61270.32,378.27
36,2026-09-16,13,163,317,103839.27,402.7
36,2026-09-16,14,167,203,62358.17,224.1
36,2026-09-16,15,158,141,45482.34,181.83
36,2026-09-16,16,145,114,39659.76,160.23
36,2026-09-16,17,608,167,55086.47,368.58
36,2026-09-16,18,317,322,103922.97,496.85
36,2026-09-16,19,94,281,86136.15,287.33
36,2026-09-16,20,75,118,38164.45,116.4
36,2026-09-16,21,0,58,20090.06,45.22
36,2026-09-17,9,341,58,19653.59,159.02
36,2026-09-17,10,103,140,50281.15,225.5
36,2026-09-17,11,119,121,37062.08,141.1
36,2026-09-17,12,464,141,42693.89,293.77
36,2026-09-17,13,131,230,72157.61,319.1
36,2026-09-17,14,130,178,55737.48,183.8
36,2026-09-17,15,110,86,28824.42,136.95
36,2026-09-17,16,122,93,30906.14,127.83
36,2026-09-17,17,480,118,36433.43,295.1
36,2026-09-17,18,245,235,77129.34,400.02
36,2026-09-17,19,84,214,69723.73,224.67
36,2026-09-17,20,46,101,34130.35,91.18
36,2026-09-17,21,0,42,15027.54,32.43
36,2026-09-18,9,376,60,17027.35,165.08
36,2026-09-18,10,118,164,51783.8,264.32
36,2026-09-18,11,127,157,46902.45,159.67
36,2026-09-18,12,538,161,53150.06,316.15
36,2026-09-18,13,144,255,88410.25,376.8
36,2026-09-18,14,114,206,64410.68,193.45
36,2026-09-18,15,140,99,31402.41,138.73
36,2026-09-18,16,135,98,30535.98,147.92
36,2026-09-18,17,554,160,48438.13,331.43
36,2026-09-18,18,269,282,81780.53,438.95
36,2026-09-18,19,82,229,75952.49,254.55
36,2026-09-18,20,67,120,37807.45,109.52
36,2026-09-18,21,0,60,17690.58,40.73
36,2026-09-19,9,432,55,15765.05,195.22
36,2026-09-19,10,144,186,60884.38,308.8
36,2026-09-19,11,135,181,56180.91,195.65
36,2026-09-19,12,604,181,57633.4,367.87
36,2026-09-19,13,129,283,88372.75,395.88
36,2026-09-19,14,134,199,64835.43,184.32
36,2026-09-19,15,123,101,31880.62,138.1
36,2026-09-19,16,135,86,26141.11,144.4
36,2026-09-19,17,565,172,57126.19,335.28
36,2026-09-19,18,304,277,96369.58,453.32
36,2026-09-19,19,90,250,77811.09,266.93
36,2026-09-19,20,65,113,34384.54,100.7
36,2026-09-19,21,0,67,21312.13,47.13
36,2026-09-20,9,445,61,19600.66,199.12
36,2026-09-20,10,131,190,59358.31,303.57
36,2026-09-20,11,160,150,42999.25,202.73
36,2026-09-20,12,637,179,55478.65,388.27
36,2026-09-20,13,132,298,92136.4,426.77
36,2026-09-20,14,135,199,62283.65,193.25
36,2026-09-20,15,145,88,28199.69,158.45
36,2026-09-20,16,141,118,37385.13,162.63
36,2026-09-20,17,584,158,45652.01,345.92
36,2026-09-20,18,318,306,97001.12,494.57
36,2026-09-20,19,77,273,90065.54,269.72
36,2026-09-20,20,53,103,30303.94,89.53
36,2026-09-20,21,0,47,14607.09,34.25
37,2026-08-24,9,318,51,21351.24,150.3
37,2026-08-24,10,121,139,43653.03,219.3
37,2026-08-24,11,117,129,43039.63,148.85
37,2026-08-24,12,446,148,50244.11,282.7
37,2026-08-24,13,116,219,67748.61,289.67
37,2026-08-24,14,100,143,45351.48,154.92
37,2026-08-24,15,109,86,31712.23,122.95
37,2026-08-24,16,108,78,22825.81,117.48
37,2026-08-24,17,449,126,37012.4,283.25
37,2026-08-24,18,212,237,82874.14,353.62
37,2026-08-24,19,70,194,58045.13,181.57
37,2026-08-24,20,48,74,23613.3,77.93
37,2026-08-24,21,0,34,8426.92,29.82
37,2026-08-25,9,312,51,16129.92,146.43
37,2026-08-25,10,98,139,44474.15,206.82
37,2026-08-25,11,109,124,43143.02,131.62
37,2026-08-25,12,436,112,39982.22,262.83
37,2026-08-25,13,106,209,66555.66,308.65
37,2026-08-25,14,97,154,47715.13,140.17
37,2026-08-25,15,99,79,23751.26,106.68
37,2026-08-25,16,97,73,21298.84,103.37
37,2026-08-25,17,443,114,37371.47,250.8
37,2026-08-25,18,206,223,68015.07,350.47
37,2026-08-25,19,51,197,62805.55,189.13
37,2026-08-25,20,37,78,23310.03,67.25
37,2026-08-25,21,0,26,7434.01,23.72
37,2026-08-26,9,337,51,15003.68,148.65
37,2026-08-26,10,96,147,44467.67,224.35
37,2026-08-26,11,107,119,36163.4,141.55
37,2026-08-26,12,434,123,40649.79,263.18
37,2026-08-26,13,111,214,72994.45,309.72
37,2026-08-26,14,122,158,51241.18,170.93
37,2026-08-26,15,98,92,29904.49,134.05
37,2026-08-26,16,102,90,27508.23,110.07
37,2026-08-26,17,433,132,45367.45,250.33
37,2026-08-26,18,233,248,83468.81,337.3
37,2026-08-26,19,67,173,56002.73,199.7
37,2026-08-26,20,55,91,32298.25,81.55
37,2026-08-26,21,0,49,14703.69,34.97
37,2026-08-27,9,334,39,15087.48,159.48
37,2026-08-27,10,115,157,48680.68,250.83
37,2026-08-27,11,108,130,42734.15,142.33
37,2026-08-27,12,415,112,36998.31,270.33
37,2026-08-27,13,92,204,65561.08,302.72
37,2026-08-27,14,116,151,50494.02,152.7
37,2026-08-27,15,105,77,24840.54,118.03
37,2026-08-27,16,99,83,26044.49,117.68
37,2026-08-27,17,439,135,41314.86,258.25
37,2026-08-27,18,219,205,65373.67,345.85
37,2026-08-27,19,68,196,58424.23,194.4
37,2026-08-27,20,46,94,30105.83,76.52
37,2026-08-27,21,0,39,13634.6,29.0
37,2026-08-28,9,401,57,16573.44,183.73
37,2026-08-28,10,152,190,62691.72,296.28
37,2026-08-28,11,115,161,53025.6,165.65
37,2026-08-28,12,531,150,45406.74,302.73
37,2026-08-28,13,139,259,86367.54,384.53
37,2026-08-28,14,137,203,65322.25,191.0
37,2026-08-28,15,111,94,27850.03,128.98
37,2026-08-28,16,135,93,27129.94,142.08
37,2026-08-28,17,557,145,45537.05,334.87
37,2026-08-28,18,283,286,92062.91,454.93
37,2026-08-28,19,89,253,78917.67,244.6
37,2026-08-28,20,39,92,28287.01,93.02
37,2026-08-28,21,0,50,14022.53,29.9
37,2026-08-29,9,412,54,20800.32,189.12
37,2026-08-29,10,140,180,52811.86,290.13
37,2026-08-29,11,117,158,44059.6,174.33
37,2026-08-29,12,615,151,46685.81,359.68
37,2026-08-29,13,140,291,98705.22,410.5
37,2026-08-29,14,127,209,71093.71,194.05
37,2026-08-29,15,147,102,34941.26,156.02
37,2026-08-29,16,165,112,35455.56,164.4
37,2026-08-29,17,597,163,53928.05,379.95
37,2026-08-29,18,272,304,97873.12,482.47
37,2026-08-29,19,96,243,75007.99,251.05
37,2026-08-29,20,68,109,33719.12,106.7
37,2026-08-29,21,0,60,19538.79,46.37
37,2026-08-30,9,368,56,19771.01,173.28
37,2026-08-30,10,125,174,53686.14,252.67
37,2026-08-30,11,108,137,36044.47,149.12
37,2026-08-30,12,531,144,44170.6,310.62
37,2026-08-30,13,114,263,78412.7,342.4
37,2026-08-30,14,130,156,53035.14,172.28
37,2026-08-30,15,135,102,33809.02,144.53
37,2026-08-30,16,126,96,30370.59,137.05
37,2026-08-30,17,527,149,48059.4,319.95
37,2026-08-30,18,241,250,80880.47,404.85
37,2026-08-30,19,66,221,71900.59,206.28
37,2026-08-30,20,59,82,27260.33,82.3
37,2026-08-30,21,0,52,16157.16,37.43
37,2026-08-31,9,336,53,15001.9,147.67
37,2026-08-31,10,112,139,42771.83,227.7
37,2026-08-31,11,105,144,41823.07,136.25
37,2026-08-31,12,492,137,44688.84,292.33
37,2026-08-31,13,116,212,63534.28,330.85
37,2026-08-31,14,103,174,53470.56,158.17
37,2026-08-31,15,113,79,24026.46,115.88
37,2026-08-31,16,102,81,26569.29,119.27
37,2026-08-31,17,445,152,51668.91,261.88
37,2026-08-31,18,240,208,65688.22,363.4
37,2026-08-31,19,65,193,61719.83,210.9
37,2026-08-31,20,29,78,22886.55,75.73
37,2026-08-31,21,0,33,12473.38,22.48
37,2026-09-01,9,355,43,16007.37,162.95
37,2026-09-01,10,117,167,53942.43,254.45
37,2026-09-01,11,104,125,40369.71,140.62
37,2026-09-01,12,537,152,45934.87,307.8
37,2026-09-01,13,122,260,85095.58,354.73
37,2026-09-01,14,134,174,58259.51,177.48
37,2026-09-01,15,148,100,35332.29,160.97
37,2026-09-01,16,117,106,33533.89,161.77
37,2026-09-01,17,546,138,45315.88,322.8
37,2026-09-01,18,254,272,92334.18,439.5
37,2026-09-01,19,75,237,80310.29,219.55
37,2026-09-01,20,45,93,30290.06,86.97
37,2026-09-01,21,0,44,16893.82,32.93
37,2026-09-02,9,400,55,19813.32,180.4
37,2026-09-02,10,138,172,56485.06,287.43
37,2026-09-02,11,123,170,56058.24,177.17
37,2026-09-02,12,471,139,41168.73,287.48
37,2026-09-02,13,117,230,73509.96,333.88
37,2026-09-02,14,122,170,56171.95,179.68
37,2026-09-02,15,122,98,30959.48,131.28
37,2026-09-02,16,117,93,28284.46,133.3
37,2026-09-02,17,533,131,46582.68,327.05
37,2026-09-02,18,253,258,80837.39,429.2
37,2026-09-02,19,79,231,72002.37,235.9
37,2026-09-02,20,44,91,27709.45,94.22
37,2026-09-02,21,0,52,15464.33,39.6
37,2026-09-03,9,344,43,17235.37,164.72
37,2026-09-03,10,115,153,44047.64,252.7
37,2026-09-03,11,112,153,43591.26,149.25
37,2026-09-03,12,404,128,36897.76,244.85
37,2026-09-03,13,113,184,60076.65,298.65
37,2026-09-03,14,108,171,52226.98,156.32
37,2026-09-03,15,104,77,26015.1,121.62
37,2026-09-03,16,99,77,24341.24,113.03
37,2026-09-03,17,422,118,35776.15,243.4
37,2026-09-03,18,206,213,71114.25,341.25
37,2026-09-03,19,62,178,54317.07,189.47
37,2026-09-03,20,35,78,22762.38,80.37
37,2026-09-03,21,0,34,10524.62,29.08
37,2026-09-04,9,357,57,20969.77,164.87
37,2026-09-04,10,114,140,47926.67,239.87
37,2026-09-04,11,112,141,46363.62,146.9
37,2026-09-04,12,476,156,50103.02,291.83
37,2026-09-04,13,112,215,73243.04,319.53
37,2026-09-04,14,100,163,55655.46,153.57
37,2026-09-04,15,141,78,23586.17,133.9
37,2026-09-04,16,133,107,35022.99,133.95
37,2026-09-04,17,495,130,44963.02,308.93
37,2026-09-04,18,271,270,85000.85,410.03
37,2026-09-04,19,83,220,71511.48,232.65
37,2026-09-04,20,54,107,36481.32,100.55
37,2026-09-04,21,0,45,15917.48,32.4
37,2026-09-05,9,423,69,23039.54,187.08
37,2026-09-05,10,135,198,61741.23,297.52
37,2026-09-05,11,137,158,52069.36,177.1
37,2026-09-05,12,584,156,49220.46,351.7
37,2026-09-05,13,132,291,90996.32,387.38
37,2026-09-05,14,156,188,58358.82,190.57
37,2026-09-05,15,150,99,34502.83,163.07
37,2026-09-05,16,156,111,33909.23,173.73
37,2026-09-05,17,598,184,58628.64,368.62
37,2026-09-05,18,325,314,102817.48,490.75
37,2026-09-05,19,86,268,84445.4,275.33
37,2026-09-05,20,65,127,36937.34,109.93
37,2026-09-05,21,0,58,19253.17,47.68
37,2026-09-06,9,407,55,17459.19,189.15
37,2026-09-06,10,131,189,57841.1,287.42
37,2026-09-06,11,133,159,49472.49,169.3
37,2026-09-06,12,559,160,52622.24,347.33
37,2026-09-06,13,137,278,97275.93,376.38
37,2026-09-06,14,117,181,59997.69,179.82
37,2026-09-06,15,119,83,23926.46,139.15
37,2026-09-06,16,133,101,35407.58,139.73
37,2026-09-06,17,523,140,44802.06,326.62
37,2026-09-06,18,306,293,92434.69,445.85
37,2026-09-06,19,82,250,72035.84,257.82
37,2026-09-06,20,62,95,31675.95,99.4
37,2026-09-06,21,0,56,17017.42,39.83
37,2026-09-07,9,354,51,17202.18,161.77
37,2026-09-07,10,125,156,48396.42,249.38
37,2026-09-07,11,105,148,47898.44,157.18
37,2026-09-07,12,463,143,41345.49,275.42
37,2026-09-07,13,114,203,62005.46,329.13
37,2026-09-07,14,108,170,55169.44,152.02
37,2026-09-07,15,96,77,25001.98,113.25
37,2026-09-07,16,89,77,23329.03,112.8
37,2026-09-07,17,466,105,32777.18,268.45
37,2026-09-07,18,232,237,73599.27,376.77
37,2026-09-07,19,63,212,65889.91,196.73
37,2026-09-07,20,38,70,23791.2,68.4
37,2026-09-07,21,0,37,12594.17,22.18
37,2026-09-08,9,310,44,15666.8,140.55
37,2026-09-08,10,96,129,43680.16,228.32
37,2026-09-08,11,116,119,39380.64,135.03
37,2026-09-08,12,425,126,38229.26,269.32
37,2026-09-08,13,93,217,68758.89,289.73
37,2026-09-08,14,110,132,43124.84,146.67
37,2026-09-08,15,105,90,29986.88,118.28
37,2026-09-08,16,85,66,22965.27,109.42
37,2026-09-08,17,433,119,39546.39,252.03
37,2026-09-08,18,206,228,72354.92,339.55
37,2026-09-08,19,57,199,65105.56,173.55
37,2026-09-08,20,38,71,22254.6,69.67
37,2026-09-08,21,0,34,8065.37,24.93
37,2026-09-09,9,298,30,10139.2,134.25
37,2026-09-09,10,87,132,45987.54,216.87
37,2026-09-09,11,89,120,38917.92,119.77
37,2026-09-09,12,402,116,40873.41,229.75
37,2026-09-09,13,78,175,59898.17,271.55
37,2026-09-09,14,108,136,43607.29,123.52
37,2026-09-09,15,111,81,25302.48,109.6
37,2026-09-09,16,100,82,25890.43,119.3
37,2026-09-09,17,441,129,43749.81,270.37
37,2026-09-09,18,199,226,68644.21,357.8
37,2026-09-09,19,74,182,59805.11,176.92
37,2026-09-09,20,41,77,25145.29,74.57
37,2026-09-09,21,0,42,14625.57,33.08
37,2026-09-10,9,340,57,17560.86,160.32
37,2026-09-10,10,110,157,48581.75,234.28
37,2026-09-10,11,109,122,39288.6,135.47
37,2026-09-10,12,434,118,39385.8,257.68
37,2026-09-10,13,87,194,65159.0,299.07
37,2026-09-10,14,107,142,46007.0,136.6
37,2026-09-10,15,106,70,20791.21,113.6
37,2026-09-10,16,117,96,32848.74,122.08
37,2026-09-10,17,420,144,43941.52,252.73
37,2026-09-10,18,204,218,74284.14,333.47
37,2026-09-10,19,74,173,52876.25,174.72
37,2026-09-10,20,35,66,17800.1,76.05
37,2026-09-10,21,0,33,9868.38,26.35
37,2026-09-11,9,400,65,21875.95,176.95
37,2026-09-11,10,127,153,45880.15,279.27
37,2026-09-11,11,131,168,49713.87,162.63
37,2026-09-11,12,558,132,41858.36,339.03
37,2026-09-11,13,122,288,94043.67,378.97
37,2026-09-11,14,128,184,59416.39,176.65
37,2026-09-11,15,127,92,31767.96,142.8
37,2026-09-11,16,118,109,36907.7,143.43
37,2026-09-11,17,516,132,46419.21,301.2
37,2026-09-11,18,239,269,85327.13,404.82
37,2026-09-11,19,74,232,74200.85,214.03
37,2026-09-11,20,45,90,27571.93,81.37
37,2026-09-11,21,0,35,11282.34,29.03
37,2026-09-12,9,419,57,20057.72,187.73
37,2026-09-12,10,148,191,61860.72,280.98
37,2026-09-12,11,148,152,52580.35,185.72
37,2026-09-12,12,580,194,62163.22,356.07
37,2026-09-12,13,108,271,85447.62,368.82
37,2026-09-12,14,120,179,56052.68,163.67
37,2026-09-12,15,133,85,30007.84,137.45
37,2026-09-12,16,118,90,29190.7,143.15
37,2026-09-12,17,524,146,47923.08,334.93
37,2026-09-12,18,270,261,83560.36,418.63
37,2026-09-12,19,95,227,74772.34,231.42
37,2026-09-12,20,46,94,33759.39,102.78
37,2026-09-12,21,0,51,15386.0,38.57
37,2026-09-13,9,434,64,20285.7,200.17
37,2026-09-13,10,167,186,62634.81,294.75
37,2026-09-13,11,144,174,54838.81,196.93
37,2026-09-13,12,580,171,55813.78,357.9
37,2026-09-13,13,134,288,98657.35,412.53
37,2026-09-13,14,132,230,73620.13,189.98
37,2026-09-13,15,152,84,25519.14,152.17
37,2026-09-13,16,167,117,37994.29,170.3
37,2026-09-13,17,633,207,65567.51,396.43
37,2026-09-13,18,318,332,104352.26,498.42
37,2026-09-13,19,90,274,90847.17,276.08
37,2026-09-13,20,53,98,31500.57,104.6
37,2026-09-13,21,0,55,17321.06,43.08
37,2026-09-14,9,366,57,17593.8,163.37
37,2026-09-14,10,134,155,49596.96,268.88
37,2026-09-14,11,106,144,44072.22,165.55
37,2026-09-14,12,503,142,45161.58,289.77
37,2026-09-14,13,99,223,71099.83,342.25
37,2026-09-14,14,113,166,52136.4,161.35
37,2026-09-14,15,141,100,32667.0,143.3
37,2026-09-14,16,109,89,28183.62,133.85
37,2026-09-14,17,484,135,42597.54,285.2
37,2026-09-14,18,234,243,75019.37,368.5
37,2026-09-14,19,67,201,59924.17,189.77
37,2026-09-14,20,62,78,24851.29,91.7
37,2026-09-14,21,0,54,17130.37,37.88
37,2026-09-15,9,310,41,12466.89,146.1
37,2026-09-15,10,102,141,45965.93,220.58
37,2026-09-15,11,105,125,39358.92,125.0
37,2026-09-15,12,441,130,39853.36,263.48
37,2026-09-15,13,108,221,78075.14,285.27
37,2026-09-15,14,120,133,40502.6,143.72
37,2026-09-15,15,102,79,25370.86,124.55
37,2026-09-15,16,106,92,28886.53,116.17
37,2026-09-15,17,452,122,40611.85,264.73
37,2026-09-15,18,213,231,71849.11,355.28
37,2026-09-15,19,61,192,62075.88,198.45
37,2026-09-15,20,37,90,27527.07,79.1
37,2026-09-15,21,0,39,13610.26,25.72
37,2026-09-16,9,395,51,16486.76,177.27
37,2026-09-16,10,132,193,58845.5,277.45
37,2026-09-16,11,123,151,47937.5,168.92
37,2026-09-16,12,589,168,49548.18,348.73
37,2026-09-16,13,133,277,88058.39,375.87
37,2026-09-16,14,119,193,63754.11,178.95
37,2026-09-16,15,156,86,25887.13,140.45
37,2026-09-16,16,145,109,32051.57,160.73
37,2026-09-16,17,560,145,43856.85,355.37
37,2026-09-16,18,276,286,85825.77,446.57
37,2026-09-16,19,78,252,82564.01,246.52
37,2026-09-16,20,42,91,35808.43,88.9
37,2026-09-16,21,0,46,14144.88,27.23
37,2026-09-17,9,354,40,15411.72,159.9
37,2026-09-17,10,136,159,49206.63,278.13
37,2026-09-17,11,122,156,45925.47,166.77
37,2026-09-17,12,455,130,39419.78,273.67
37,2026-09-17,13,113,216,65238.72,316.37
37,2026-09-17,14,127,165,55891.32,164.8
37,2026-09-17,15,159,101,31177.35,164.88
37,2026-09-17,16,102,100,29368.98,148.62
37,2026-09-17,17,504,145,43421.51,290.65
37,2026-09-17,18,270,262,83553.21,397.75
37,2026-09-17,19,82,214,70651.26,228.15
37,2026-09-17,20,49,77,23381.82,96.5
37,2026-09-17,21,0,55,16575.0,42.0
37,2026-09-18,9,379,44,14493.34,170.78
37,2026-09-18,10,146,178,57115.66,290.18
37,2026-09-18,11,119,156,48597.93,162.93
37,2026-09-18,12,492,136,40804.66,296.42
37,2026-09-18,13,124,242,79497.84,346.22
37,2026-09-18,14,147,181,55889.67,176.68
37,2026-09-18,15,132,106,32955.49,148.38
37,2026-09-18,16,116,97,28637.78,142.05
37,2026-09-18,17,503,133,42917.97,292.45
37,2026-09-18,18,255,275,84731.73,414.27
37,2026-09-18,19,79,219,73544.21,226.58
37,2026-09-18,20,44,89,29272.05,87.87
37,2026-09-18,21,0,43,12655.33,35.18
37,2026-09-19,9,434,58,19666.96,203.97
37,2026-09-19,10,142,203,66302.6,316.05
37,2026-09-19,11,142,174,55862.53,185.3
37,2026-09-19,12,562,148,50518.97,345.03
37,2026-09-19,13,142,284,85510.71,385.55
37,2026-09-19,14,145,182,58006.61,181.47
37,2026-09-19,15,141,107,33250.35,163.33
37,2026-09-19,16,148,114,37254.59,153.22
37,2026-09-19,17,593,190,61052.29,360.85
37,2026-09-19,18,269,301,92153.88,461.52
37,2026-09-19,19,92,235,72454.18,258.37
37,2026-09-19,20,59,101,31855.94,104.63
37,2026-09-19,21,0,56,17174.44,43.62
37,2026-09-20,9,442,65,25517.18,204.88
37,2026-09-20,10,134,191,61691.83,300.55
37,2026-09-20,11,162,177,60334.84,185.3
37,2026-09-20,12,583,181,56046.57,358.23
37,2026-09-20,13,142,280,90789.82,391.43
37,2026-09-20,14,142,206,64521.84,192.2
37,2026-09-20,15,147,98,30865.95,153.33
37,2026-09-20,16,130,118,36110.86,150.73
37,2026-09-20,17,566,162,50642.4,340.0
37,2026-09-20,18,278,290,92243.8,459.73
37,2026-09-20,19,72,261,84509.26,241.0
37,2026-09-20,20,57,88,25157.54,87.5
37,2026-09-20,21,0,53,16872.69,37.83
38,2026-08-24,9,347,56,17291.9,159.43
38,2026-08-24,10,117,155,48719.96,233.45
38,2026-08-24,11,99,133,43590.94,137.8
38,2026-08-24,12,474,126,37009.02,274.7
38,2026-08-24,13,83,230,69466.65,305.35
38,2026-08-24,14,114,132,41634.93,146.87
38,2026-08-24,15,80,87,28736.75,101.12
38,2026-08-24,16,103,64,24625.98,99.58
38,2026-08-24,17,460,125,40539.48,282.35
38,2026-08-24,18,231,253,82939.89,368.93
38,2026-08-24,19,72,192,63272.97,199.03
38,2026-08-24,20,38,79,25892.71,79.9
38,2026-08-24,21,0,38,11983.74,28.7
38,2026-08-25,9,292,40,14469.74,137.17
38,2026-08-25,10,83,133,42836.27,205.9
38,2026-08-25,11,103,108,36578.49,114.2
38,2026-08-25,12,416,122,37564.03,246.33
38,2026-08-25,13,100,208,68524.04,280.17
38,2026-08-25,14,93,136,41750.65,132.43
38,2026-08-25,15,107,82,28470.92,110.7
38,2026-08-25,16,102,68,23116.2,108.8
38,2026-08-25,17,415,129,40941.22,248.77
38,2026-08-25,18,171,222,67518.91,303.57
38,2026-08-25,19,72,158,47380.05,164.15
38,2026-08-25,20,34,87,31943.26,72.48
38,2026-08-25,21,0,35,12515.88,21.05
38,2026-08-26,9,328,47,15351.58,151.63
38,2026-08-26,10,120,130,40799.94,240.08
38,2026-08-26,11,114,142,47231.29,154.8
38,2026-08-26,12,432,130,39713.24,274.3
38,2026-08-26,13,104,231,73997.31,311.2
38,2026-08-26,14,118,155,53224.13,149.8
38,2026-08-26,15,133,93,29803.39,121.22
38,2026-08-26,16,116,74,20529.36,137.87
38,2026-08-26,17,412,135,42248.7,262.17
38,2026-08-26,18,243,224,64664.41,357.98
38,2026-08-26,19,67,202,64681.65,211.6
38,2026-08-26,20,44,91,26645.98,81.47
38,2026-08-26,21,0,48,15188.12,32.83
38,2026-08-27,9,349,50,14534.13,151.83
38,2026-08-27,10,118,146,44976.42,246.22
38,2026-08-27,11,114,140,45195.01,156.13
38,2026-08-27,12,478,130,38534.18,299.45
38,2026-08-27,13,135,232,74343.97,342.55
38,2026-08-27,14,110,186,57038.9,170.37
38,2026-08-27,15,126,79,29180.47,130.53
38,2026-08-27,16,135,87,26789.02,138.95
38,2026-08-27,17,541,164,47650.32,321.57
38,2026-08-27,18,209,244,77980.84,412.53
38,2026-08-27,19,83,213,65511.55,204.68
38,2026-08-27,20,52,85,23487.24,94.53
38,2026-08-27,21,0,58,18368.66,37.13
38,2026-08-28,9,385,49,13304.57,175.05
38,2026-08-28,10,136,192,62239.54,280.95
38,2026-08-28,11,110,135,43098.14,159.45
38,2026-08-28,12,507,139,44196.13,297.48
38,2026-08-28,13,127,233,75324.4,338.63
38,2026-08-28,14,126,173,53031.68,175.05
38,2026-08-28,15,137,103,36371.59,143.67
38,2026-08-28,16,111,98,30367.55,137.98
38,2026-08-28,17,563,163,48947.24,326.35
38,2026-08-28,18,262,283,92775.2,448.17
38,2026-08-28,19,76,238,68618.42,228.65
38,2026-08-28,20,53,92,27729.43,90.9
38,2026-08-28,21,0,52,20116.98,34.07
38,2026-08-29,9,422,47,14030.08,199.03
38,2026-08-29,10,128,190,59031.92,279.25
38,2026-08-29,11,142,139,44517.27,161.18
38,2026-08-29,12,572,144,47004.51,336.08
38,2026-08-29,13,137,291,90690.51,401.32
38,2026-08-29,14,149,206,66180.71,192.75
38,2026-08-29,15,152,112,34559.49,158.02
38,2026-08-29,16,137,116,39502.36,159.48
38,2026-08-29,17,564,160,50444.69,334.65
38,2026-08-29,18,249,285,87926.14,451.33
38,2026-08-29,19,90,256,78881.31,239.87
38,2026-08-29,20,67,96,33079.98,106.5
38,2026-08-29,21,0,62,22557.56,46.07
38,2026-08-30,9,418,61,15725.05,193.93
38,2026-08-30,10,129,187,57660.03,281.73
38,2026-08-30,11,143,160,46852.66,172.32
38,2026-08-30,12,561,173,57512.41,337.73
38,2026-08-30,13,138,253,81009.18,384.7
38,2026-08-30,14,163,202,56803.92,212.47
38,2026-08-30,15,149,105,35164.92,165.4
38,2026-08-30,16,144,103,33779.03,164.85
38,2026-08-30,17,558,177,58238.54,349.83
38,2026-08-30,18,301,292,92111.31,451.75
38,2026-08-30,19,94,259,83295.33,260.2
38,2026-08-30,20,51,103,35017.29,106.35
38,2026-08-30,21,0,56,20127.78,36.27
38,2026-08-31,9,359,57,19876.22,156.53
38,2026-08-31,10,131,161,51031.13,259.77
38,2026-08-31,11,102,134,40949.86,156.08
38,2026-08-31,12,501,154,51570.57,303.08
38,2026-08-31,13,117,238,76468.43,349.97
38,2026-08-31,14,119,181,55175.32,166.1
38,2026-08-31,15,140,99,31409.44,137.63
38,2026-08-31,16,132,88,25578.78,143.35
38,2026-08-31,17,509,145,47459.14,312.98
38,2026-08-31,18,236,268,88613.94,389.37
38,2026-08-31,19,64,212,67808.13,206.35
38,2026-08-31,20,40,82,26878.9,66.18
38,2026-08-31,21,0,35,9343.97,28.35
38,2026-09-01,9,364,53,15962.84,174.28
38,2026-09-01,10,120,171,54304.2,250.38
38,2026-09-01,11,120,135,45641.99,156.02
38,2026-09-01,12,468,135,40225.66,292.0
38,2026-09-01,13,111,226,74741.43,328.42
38,2026-09-01,14,101,159,53057.66,139.58
38,2026-09-01,15,112,70,22821.83,129.88
38,2026-09-01,16,107,93,31424.34,121.6
38,2026-09-01,17,450,130,45526.67,266.38
38,2026-09-01,18,231,218,67021.27,362.58
38,2026-09-01,19,74,206,63587.87,216.68
38,2026-09-01,20,46,93,30407.73,84.68
38,2026-09-01,21,0,38,12582.74,28.1
38,2026-09-02,9,415,57,18927.25,198.78
38,2026-09-02,10,119,190,55534.2,289.43
38,2026-09-02,11,135,156,54424.48,176.57
38,2026-09-02,12,498,157,53226.74,321.85
38,2026-09-02,13,105,238,78221.41,337.0
38,2026-09-02,14,121,163,50121.4,162.3
38,2026-09-02,15,123,87,27001.03,132.35
38,2026-09-02,16,134,95,33409.18,132.13
38,2026-09-02,17,469,138,45273.7,306.47
38,2026-09-02,18,270,265,81339.55,393.78
38,2026-09-02,19,80,216,73458.26,223.38
38,2026-09-02,20,44,90,35499.94,94.33
38,2026-09-02,21,0,44,14932.16,31.5
38,2026-09-03,9,381,65,23637.03,172.07
38,2026-09-03,10,107,169,52240.24,248.45
38,2026-09-03,11,118,121,42132.42,147.13
38,2026-09-03,12,496,150,48922.78,296.67
38,2026-09-03,13,127,224,72484.6,351.38
38,2026-09-03,14,132,178,56785.28,176.62
38,2026-09-03,15,110,93,30619.81,135.88
38,2026-09-03,16,124,96,28984.22,128.72
38,2026-09-03,17,484,132,42366.82,299.67
38,2026-09-03,18,231,262,86016.97,386.42
38,2026-09-03,19,65,215,70204.87,198.68
38,2026-09-03,20,55,79,22185.48,85.77
38,2026-09-03,21,0,48,14118.66,39.27
38,2026-09-04,9,358,52,15797.77,161.33
38,2026-09-04,10,125,156,47471.37,251.57
38,2026-09-04,11,125,144,46708.32,166.1
38,2026-09-04,12,508,132,40767.01,316.78
38,2026-09-04,13,131,265,83981.15,358.5
38,2026-09-04,14,121,164,54381.37,174.55
38,2026-09-04,15,146,85,27222.2,136.5
38,2026-09-04,16,137,102,31453.69,165.98
38,2026-09-04,17,506,140,43596.87,328.52
38,2026-09-04,18,261,268,83989.59,411.97
38,2026-09-04,19,78,220,70201.39,231.52
38,2026-09-04,20,52,91,28059.12,94.35
38,2026-09-04,21,0,45,15407.94,32.27
38,2026-09-05,9,458,45,14759.94,206.68
38,2026-09-05,10,128,205,65038.79,317.42
38,2026-09-05,11,165,175,57861.8,182.78
38,2026-09-05,12,610,167,57127.02,383.4
38,2026-09-05,13,151,295,97088.92,419.42
38,2026-09-05,14,146,211,70939.05,201.75
38,2026-09-05,15,160,125,40252.45,167.37
38,2026-09-05,16,170,107,34162.5,174.2
38,2026-09-05,17,628,218,72958.51,376.9
38,2026-09-05,18,317,287,92028.12,482.85
38,2026-09-05,19,86,286,85959.28,289.63
38,2026-09-05,20,66,118,37840.27,116.13
38,2026-09-05,21,0,58,17871.25,44.43
38,2026-09-06,9,384,60,20510.19,173.93
38,2026-09-06,10,111,154,50055.86,273.15
38,2026-09-06,11,111,145,48810.55,147.43
38,2026-09-06,12,504,159,55650.87,300.48
38,2026-09-06,13,133,238,76149.76,345.05
38,2026-09-06,14,118,161,50850.53,171.38
38,2026-09-06,15,139,83,21424.42,142.87
38,2026-09-06,16,106,94,30415.93,138.85
38,2026-09-06,17,491,143,44307.72,305.8
38,2026-09-06,18,247,266,85564.93,397.38
38,2026-09-06,19,68,207,61882.7,212.68
38,2026-09-06,20,44,87,25522.2,75.83
38,2026-09-06,21,0,42,11119.29,34.05
38,2026-09-07,9,312,41,13226.7,142.12
38,2026-09-07,10,101,138,45396.98,226.67
38,2026-09-07,11,101,130,38798.05,117.65
38,2026-09-07,12,437,110,34737.36,260.1
38,2026-09-07,13,117,228,68795.37,292.48
38,2026-09-07,14,111,141,47768.55,139.93
38,2026-09-07,15,109,80,29127.94,111.88
38,2026-09-07,16,110,90,24459.73,118.35
38,2026-09-07,17,428,128,40157.16,263.23
38,2026-09-07,18,202,228,75974.31,341.38
38,2026-09-07,19,80,190,60451.03,191.15
38,2026-09-07,20,39,63,19522.91,78.12
38,2026-09-07,21,0,51,14520.95,33.07
38,2026-09-08,9,340,48,13039.72,160.23
38,2026-09-08,10,113,163,47345.85,230.75
38,2026-09-08,11,106,144,47829.68,138.27
38,2026-09-08,12,439,137,48863.87,257.65
38,2026-09-08,13,83,197,60363.3,275.87
38,2026-09-08,14,100,137,42439.95,129.72
38,2026-09-08,15,119,86,32000.73,117.33
38,2026-09-08,16,119,78,30786.59,120.1
38,2026-09-08,17,470,127,40463.65,283.83
38,2026-09-08,18,236,238,73213.78,376.72
38,2026-09-08,19,64,205,64469.59,204.87
38,2026-09-08,20,37,85,26131.86,79.37
38,2026-09-08,21,0,43,14737.82,26.68
38,2026-09-09,9,372,56,18528.86,170.63
38,2026-09-09,10,90,146,46077.82,240.28
38,2026-09-09,11,116,132,42087.88,140.12
38,2026-09-09,12,490,135,45264.69,285.73
38,2026-09-09,13,108,233,74874.68,325.82
38,2026-09-09,14,136,159,47918.15,166.45
38,2026-09-09,15,104,91,27585.77,138.78
38,2026-09-09,16,106,79,27022.71,123.48
38,2026-09-09,17,499,157,52766.79,288.58
38,2026-09-09,18,235,245,80016.4,373.67
38,2026-09-09,19,58,208,63208.4,213.73
38,2026-09-09,20,44,89,26919.39,72.45
38,2026-09-09,21,0,44,13647.62,31.07
38,2026-09-10,9,410,54,14624.02,184.3
38,2026-09-10,10,149,183,56347.94,303.8
38,2026-09-10,11,119,162,45517.89,177.57
38,2026-09-10,12,496,140,46374.41,310.32
38,2026-09-10,13,136,247,80126.19,356.78
38,2026-09-10,14,131,183,58973.37,186.97
38,2026-09-10,15,128,99,30706.91,146.62
38,2026-09-10,16,134,101,29606.51,142.75
38,2026-09-10,17,508,144,42684.65,319.73
38,2026-09-10,18,242,270,88756.27,385.13
38,2026-09-10,19,80,196,61891.98,213.27
38,2026-09-10,20,37,87,25684.03,86.07
38,2026-09-10,21,0,46,17081.61,28.97
38,2026-09-11,9,405,66,19926.7,182.85
38,2026-09-11,10,123,171,54571.17,278.22
38,2026-09-11,11,134,151,48766.58,159.67
38,2026-09-11,12,533,143,46359.79,336.15
38,2026-09-11,13,137,277,91661.09,372.03
38,2026-09-11,14,122,202,67674.54,172.12
38,2026-09-11,15,107,89,28700.15,121.78
38,2026-09-11,16,127,81,27164.26,115.32
38,2026-09-11,17,548,145,48141.72,333.13
38,2026-09-11,18,285,300,96401.99,455.43
38,2026-09-11,19,63,249,86963.95,229.83
38,2026-09-11,20,63,97,29156.75,82.48
38,2026-09-11,21,0,51,17634.29,40.67
38,2026-09-12,9,434,67,20980.99,196.35
38,2026-09-12,10,151,206,68646.75,303.78
38,2026-09-12,11,149,160,48163.98,181.3
38,2026-09-12,12,599,179,58585.6,365.23
38,2026-09-12,13,154,270,90406.77,418.17
38,2026-09-12,14,143,216,64436.45,219.47
38,2026-09-12,15,153,113,36136.71,162.0
38,2026-09-12,16,132,116,38611.97,153.0
38,2026-09-12,17,639,182,55199.71,390.58
38,2026-09-12,18,331,350,115300.18,511.33
38,2026-09-12,19,86,288,93113.97,264.67
38,2026-09-12,20,59,105,34459.24,102.68
38,2026-09-12,21,0,55,17331.13,42.25
38,2026-09-13,9,420,61,21754.75,190.62
38,2026-09-13,10,147,187,65066.42,286.68
38,2026-09-13,11,139,152,46714.16,185.43
38,2026-09-13,12,592,167,49271.19,365.05
38,2026-09-13,13,128,294,93590.94,397.75
38,2026-09-13,14,128,206,59060.65,188.4
38,2026-09-13,15,143,90,30021.5,144.97
38,2026-09-13,16,148,100,32668.82,176.95
38,2026-09-13,17,567,184,54897.99,354.9
38,2026-09-13,18,262,308,95230.48,443.83
38,2026-09-13,19,89,232,80494.0,240.53
38,2026-09-13,20,56,86,26675.75,98.85
38,2026-09-13,21,0,60,20361.63,41.82
38,2026-09-14,9,341,46,16248.65,157.72
38,2026-09-14,10,102,139,45461.81,240.23
38,2026-09-14,11,104,130,43019.5,146.92
38,2026-09-14,12,431,113,35991.94,267.12
38,2026-09-14,13,105,200,65261.39,302.45
38,2026-09-14,14,121,138,45464.91,156.32
38,2026-09-14,15,125,99,32929.53,133.0
38,2026-09-14,16,106,87,28285.91,128.45
38,2026-09-14,17,457,140,44533.98,281.6
38,2026-09-14,18,213,229,74001.86,356.85
38,2026-09-14,19,66,194,58516.61,188.18
38,2026-09-14,20,40,63,21651.55,75.33
38,2026-09-14,21,0,38,12039.59,29.0
38,2026-09-15,9,363,43,13329.53,173.07
38,2026-09-15,10,117,156,52206.43,268.25
38,2026-09-15,11,134,140,43464.98,170.47
38,2026-09-15,12,458,148,43693.3,296.57
38,2026-09-15,13,119,228,76222.94,310.63
38,2026-09-15,14,126,153,53289.76,164.53
38,2026-09-15,15,130,94,33311.35,135.97
38,2026-09-15,16,105,103,35189.05,133.7
38,2026-09-15,17,484,125,37667.14,301.73
38,2026-09-15,18,222,257,82091.05,382.43
38,2026-09-15,19,79,199,62279.57,203.2
38,2026-09-15,20,39,86,28701.8,79.27
38,2026-09-15,21,0,46,13461.68,30.4
38,2026-09-16,9,367,57,20478.44,156.15
38,2026-09-16,10,117,156,50132.28,255.2
38,2026-09-16,11,128,133,41545.87,157.02
38,2026-09-16,12,508,141,44409.47,304.57
38,2026-09-16,13,110,239,75819.5,346.32
38,2026-09-16,14,122,176,54579.74,171.13
38,2026-09-16,15,141,97,28613.97,138.42
38,2026-09-16,16,113,96,29304.16,150.77
38,2026-09-16,17,498,137,43377.06,309.23
38,2026-09-16,18,258,276,88383.19,417.17
38,2026-09-16,19,86,220,69835.08,234.0
38,2026-09-16,20,66,107,34122.16,88.35
38,2026-09-16,21,0,54,15505.18,39.3
38,2026-09-17,9,384,58,18710.66,175.15
38,2026-09-17,10,135,160,53010.75,271.6
38,2026-09-17,11,130,156,47118.62,173.4
38,2026-09-17,12,522,152,49699.81,315.87
38,2026-09-17,13,113,262,84174.32,351.67
38,2026-09-17,14,127,173,57690.86,165.05
38,2026-09-17,15,128,95,29248.02,141.57
38,2026-09-17,16,96,85,25869.98,125.88
38,2026-09-17,17,535,132,44844.16,309.15
38,2026-09-17,18,244,260,83282.42,415.5
38,2026-09-17,19,84,251,82256.43,231.95
38,2026-09-17,20,63,101,32726.57,86.47
38,2026-09-17,21,0,55,16388.33,39.85
38,2026-09-18,9,391,55,15878.93,177.82
38,2026-09-18,10,125,172,61636.26,284.78
38,2026-09-18,11,128,159,50673.7,171.63
38,2026-09-18,12,589,164,56757.39,356.02
38,2026-09-18,13,134,258,80639.94,397.3
38,2026-09-18,14,136,209,65235.82,181.57
38,2026-09-18,15,127,83,25278.02,138.03
38,2026-09-18,16,142,107,35366.39,141.93
38,2026-09-18,17,588,174,53917.53,359.33
38,2026-09-18,18,271,283,90982.39,462.93
38,2026-09-18,19,78,262,84152.12,239.7
38,2026-09-18,20,57,97,30548.53,96.82
38,2026-09-18,21,0,58,17973.02,38.2
38,2026-09-19,9,422,55,17056.83,185.22
38,2026-09-19,10,128,190,57048.7,293.58
38,2026-09-19,11,145,169,52860.38,168.05
38,2026-09-19,12,527,145,46357.49,327.08
38,2026-09-19,13,144,256,88634.15,378.93
38,2026-09-19,14,152,197,62706.87,211.17
38,2026-09-19,15,141,107,34263.24,163.85
38,2026-09-19,16,112,108,36204.0,157.63
38,2026-09-19,17,597,155,48262.03,340.93
38,2026-09-19,18,227,282,89823.12,462.32
38,2026-09-19,19,90,251,86953.19,231.53
38,2026-09-19,20,50,89,26142.79,95.85
38,2026-09-19,21,0,52,14362.21,37.42
38,2026-09-20,9,421,48,15718.22,195.7
38,2026-09-20,10,125,182,60027.59,295.75
38,2026-09-20,11,167,173,50937.96,179.68
38,2026-09-20,12,597,183,59717.44,373.5
38,2026-09-20,13,130,294,91497.31,405.82
38,2026-09-20,14,144,216,73687.39,181.53
38,2026-09-20,15,133,102,30804.52,147.65
38,2026-09-20,16,133,102,34049.17,157.17
38,2026-09-20,17,619,167,51241.86,376.32
38,2026-09-20,18,336,326,103234.92,510.53
38,2026-09-20,19,99,296,97769.94,291.15
38,2026-09-20,20,52,124,36260.85,107.63
38,2026-09-20,21,0,57,18202.26,36.38
39,2026-08-24,9,345,53,18696.39,150.93
39,2026-08-24,10,134,166,50728.63,248.08
39,2026-08-24,11,120,143,48504.0,156.97
39,2026-08-24,12,490,124,36580.13,301.58
39,2026-08-24,13,117,249,83761.46,357.3
39,2026-08-24,14,120,174,57388.71,177.45
39,2026-08-24,15,143,99,31623.61,144.45
39,2026-08-24,16,98,105,37806.62,120.42
39,2026-08-24,17,449,127,38215.38,263.53
39,2026-08-24,18,247,230,72780.29,379.03
39,2026-08-24,19,75,211,65224.37,216.5
39,2026-08-24,20,43,89,29787.54,78.55
39,2026-08-24,21,0,40,12521.73,27.87
39,2026-08-25,9,384,56,17224.33,178.78
39,2026-08-25,10,111,153,52357.07,257.63
39,2026-08-25,11,105,138,39729.27,145.35
39,2026-08-25,12,518,136,42889.61,307.87
39,2026-08-25,13,132,241,74999.95,362.87
39,2026-08-25,14,113,186,55914.24,180.53
39,2026-08-25,15,129,98,28942.72,138.63
39,2026-08-25,16,129,88,28019.39,140.48
39,2026-08-25,17,489,156,46226.14,305.12
39,2026-08-25,18,276,280,89077.19,403.93
39,2026-08-25,19,80,219,70422.3,213.67
39,2026-08-25,20,52,90,31200.7,99.97
39,2026-08-25,21,0,51,16734.81,41.3
39,2026-08-26,9,335,54,17557.69,148.15
39,2026-08-26,10,122,142,46519.36,237.37
39,2026-08-26,11,131,142,49209.32,153.52
39,2026-08-26,12,488,137,43191.45,303.9
39,2026-08-26,13,125,249,82090.78,333.53
39,2026-08-26,14,130,168,60621.64,180.63
39,2026-08-26,15,101,88,30909.84,124.2
39,2026-08-26,16,107,72,24964.96,115.87
39,2026-08-26,17,472,153,49818.47,293.78
39,2026-08-26,18,259,242,79736.91,389.7
39,2026-08-26,19,67,228,71749.79,222.27
39,2026-08-26,20,42,89,25351.7,66.38
39,2026-08-26,21,0,32,10014.06,24.98
39,2026-08-27,9,394,52,15754.42,176.18
39,2026-08-27,10,132,179,58904.79,275.73
39,2026-08-27,11,126,164,49683.11,172.85
39,2026-08-27,12,522,162,51797.36,316.87
39,2026-08-27,13,126,252,78714.25,358.22
39,2026-08-27,14,144,177,58053.88,189.58
39,2026-08-27,15,138,117,35777.96,157.47
39,2026-08-27,16,126,112,35931.1,134.38
39,2026-08-27,17,560,147,45215.07,329.55
39,2026-08-27,18,297,300,95645.98,455.22
39,2026-08-27,19,69,243,81242.09,242.97
39,2026-08-27,20,42,82,25660.41,89.62
39,2026-08-27,21,0,44,13886.61,35.53
39,2026-08-28,9,453,67,18918.0,210.68
39,2026-08-28,10,164,192,62014.16,338.33
39,2026-08-28,11,159,199,64375.75,210.92
39,2026-08-28,12,604,175,60437.45,375.92
39,2026-08-28,13,138,287,96272.33,420.58
39,2026-08-28,14,162,222,72369.35,216.93
39,2026-08-28,15,140,93,32231.11,164.67
39,2026-08-28,16,154,121,36717.26,161.37
39,2026-08-28,17,612,177,56358.19,372.1
39,2026-08-28,18,335,297,94760.69,493.38
39,2026-08-28,19,95,299,89950.9,280.92
39,2026-08-28,20,55,118,36160.03,104.22
39,2026-08-28,21,0,52,19791.67,36.2
39,2026-08-29,9,544,66,21479.35,249.18
39,2026-08-29,10,176,227,78862.28,383.28
39,2026-08-29,11,133,217,70004.32,211.53
39,2026-08-29,12,708,191,61877.35,411.9
39,2026-08-29,13,153,322,103235.31,478.1
39,2026-08-29,14,174,264,85104.4,228.93
39,2026-08-29,15,185,108,32000.35,179.9
39,2026-08-29,16,162,132,46008.56,183.78
39,2026-08-29,17,619,184,58718.23,388.45
39,2026-08-29,18,323,333,109062.7,498.58
39,2026-08-29,19,110,266,87921.94,271.22
39,2026-08-29,20,84,110,36026.41,123.98
39,2026-08-29,21,0,81,23943.8,57.25
39,2026-08-30,9,557,88,24351.21,245.57
39,2026-08-30,10,206,239,72650.25,390.27
39,2026-08-30,11,185,224,71354.88,253.4
39,2026-08-30,12,739,225,71736.52,455.7
39,2026-08-30,13,184,361,117392.39,495.53
39,2026-08-30,14,184,263,78309.94,248.68
39,2026-08-30,15,190,139,48187.72,197.37
39,2026-08-30,16,184,130,37906.84,197.02
39,2026-08-30,17,756,208,66486.26,449.67
39,2026-08-30,18,354,380,118248.96,608.9
39,2026-08-30,19,111,334,114003.66,308.47
39,2026-08-30,20,70,114,37708.9,125.22
39,2026-08-30,21,0,69,20470.14,49.07
39,2026-08-31,9,420,49,15374.5,188.28
39,2026-08-31,10,122,193,60128.9,304.05
39,2026-08-31,11,134,160,53358.41,157.92
39,2026-08-31,12,521,123,39370.97,326.17
39,2026-08-31,13,135,270,85642.74,364.17
39,2026-08-31,14,126,176,53884.86,176.83
39,2026-08-31,15,160,94,27847.03,169.17
39,2026-08-31,16,145,124,36790.11,179.72
39,2026-08-31,17,560,184,57981.92,335.53
39,2026-08-31,18,287,301,97374.23,451.03
39,2026-08-31,19,64,236,79160.5,232.7
39,2026-08-31,20,58,86,30367.51,85.6
39,2026-08-31,21,0,48,15185.08,34.3
39,2026-09-01,9,375,56,16818.17,171.17
39,2026-09-01,10,106,163,54891.51,253.35
39,2026-09-01,11,140,142,42478.86,163.53
39,2026-09-01,12,504,155,48590.92,310.83
39,2026-09-01,13,122,239,77335.68,349.12
39,2026-09-01,14,134,161,50122.01,176.22
39,2026-09-01,15,109,104,31850.6,134.03
39,2026-09-01,16,127,81,24789.07,130.2
39,2026-09-01,17,488,143,43862.24,308.82
39,2026-09-01,18,259,272,86544.13,397.13
39,2026-09-01,19,87,221,69318.42,221.08
39,2026-09-01,20,53,105,32963.61,94.92
39,2026-09-01,21,0,49,13441.15,35.63
39,2026-09-02,9,410,54,19219.34,190.77
39,2026-09-02,10,157,183,55663.98,301.82
39,2026-09-02,11,162,184,62053.13,206.62
39,2026-09-02,12,586,178,56340.63,360.7
39,2026-09-02,13,161,277,91868.06,409.22
39,2026-09-02,14,149,211,72902.37,206.02
39,2026-09-02,15,151,109,35555.68,165.38
39,2026-09-02,16,146,110,34108.41,164.22
39,2026-09-02,17,617,171,54868.55,377.67
39,2026-09-02,18,286,342,104315.82,474.67
39,2026-09-02,19,92,244,76355.29,243.9
39,2026-09-02,20,61,96,33147.44,101.2
39,2026-09-02,21,0,54,17426.52,45.47
39,2026-09-03,9,457,59,22071.5,214.63
39,2026-09-03,10,136,208,69833.89,312.48
39,2026-09-03,11,143,153,47180.73,174.32
39,2026-09-03,12,592,163,54030.67,364.8
39,2026-09-03,13,153,299,98378.41,414.23
39,2026-09-03,14,164,235,73590.34,204.37
39,2026-09-03,15,143,98,34516.53,170.68
39,2026-09-03,16,168,118,37749.68,168.53
39,2026-09-03,17,638,192,61206.1,388.25
39,2026-09-03,18,272,324,99700.37,509.07
39,2026-09-03,19,87,252,74216.75,251.45
39,2026-09-03,20,51,109,31844.08,104.32
39,2026-09-03,21,0,51,17359.38,37.28
39,2026-09-04,9,451,59,17550.1,207.95
39,2026-09-04,10,147,196,60646.39,314.1
39,2026-09-04,11,164,195,59192.7,205.1
39,2026-09-04,12,621,179,57068.5,370.58
39,2026-09-04,13,146,303,95117.74,418.7
39,2026-09-04,14,164,218,72783.13,219.23
39,2026-09-04,15,152,116,41719.29,162.52
39,2026-09-04,16,175,101,30795.75,189.48
39,2026-09-04,17,606,219,65108.94,403.68
39,2026-09-04,18,315,315,92709.72,498.37
39,2026-09-04,19,82,262,82071.75,253.85
39,2026-09-04,20,61,92,30664.34,104.32
39,2026-09-04,21,0,57,17055.14,45.48
39,2026-09-05,9,496,74,26333.37,225.17
39,2026-09-05,10,157,199,61214.25,347.53
39,2026-09-05,11,159,209,66242.28,196.5
39,2026-09-05,12,616,180,55519.91,379.37
39,2026-09-05,13,158,299,94966.8,443.12
39,2026-09-05,14,174,229,69374.93,229.98
39,2026-09-05,15,199,132,39020.77,204.67
39,2026-09-05,16,163,142,43248.56,195.68
39,2026-09-05,17,712,216,67821.3,436.03
39,2026-09-05,18,331,368,119188.73,558.58
39,2026-09-05,19,105,276,88509.71,308.83
39,2026-09-05,20,67,121,40700.77,136.02
39,2026-09-05,21,0,73,25898.17,56.17
39,2026-09-06,9,457,71,21617.22,203.08
39,2026-09-06,10,176,192,65551.77,331.12
39,2026-09-06,11,144,194,58184.89,204.6
39,2026-09-06,12,623,192,62473.92,379.12
39,2026-09-06,13,160,287,93399.69,426.98
39,2026-09-06,14,152,244,81046.49,203.58
39,2026-09-06,15,171,110,35533.4,170.9
39,2026-09-06,16,139,115,34479.83,179.98
39,2026-09-06,17,588,178,57640.32,361.6
39,2026-09-06,18,307,331,106498.02,464.53
39,2026-09-06,19,78,248,82458.27,240.72
39,2026-09-06,20,67,108,35708.96,94.45
39,2026-09-06,21,0,56,17074.86,43.13
39,2026-09-07,9,401,51,16942.96,187.12
39,2026-09-07,10,110,179,57260.76,273.07
39,2026-09-07,11,127,140,41296.72,158.07
39,2026-09-07,12,539,170,57838.67,315.67
39,2026-09-07,13,125,241,78771.58,351.25
39,2026-09-07,14,135,159,50565.18,179.72
39,2026-09-07,15,124,96,32651.06,150.53
39,2026-09-07,16,120,107,40320.39,144.78
39,2026-09-07,17,521,152,52766.78,320.5
39,2026-09-07,18,261,288,90663.88,401.45
39,2026-09-07,19,67,195,62219.01,200.18
39,2026-09-07,20,38,92,25856.73,82.35
39,2026-09-07,21,0,36,12421.9,26.82
39,2026-09-08,9,386,57,18439.97,161.7
39,2026-09-08,10,116,152,43446.17,275.42
39,2026-09-08,11,113,144,49169.9,155.15
39,2026-09-08,12,510,142,44037.13,307.75
39,2026-09-08,13,125,260,80598.37,346.32
39,2026-09-08,14,123,167,56455.22,161.55
39,2026-09-08,15,124,94,29555.11,131.8
39,2026-09-08,16,107,81,27704.91,126.62
39,2026-09-08,17,483,136,41675.68,293.93
39,2026-09-08,18,248,242,78732.17,406.93
39,2026-09-08,19,59,243,86808.91,217.27
39,2026-09-08,20,42,72,22178.56,73.5
39,2026-09-08,21,0,35,10578.96,31.93
39,2026-09-09,9,380,34,12090.33,169.83
39,2026-09-09,10,121,154,49851.78,283.8
39,2026-09-09,11,114,159,54175.34,161.57
39,2026-09-09,12,524,148,49630.76,301.38
39,2026-09-09,13,155,237,75797.92,373.52
39,2026-09-09,14,133,203,65050.1,189.18
39,2026-09-09,15,150,103,34984.19,155.85
39,2026-09-09,16,144,117,38071.88,160.9
39,2026-09-09,17,518,161,51728.13,328.08
39,2026-09-09,18,245,257,86554.56,407.75
39,2026-09-09,19,69,224,73690.81,214.18
39,2026-09-09,20,47,82,26145.17,81.7
39,2026-09-09,21,0,36,11174.03,26.47
39,2026-09-10,9,343,53,17235.35,150.58
39,2026-09-10,10,132,152,44305.02,255.13
39,2026-09-10,11,100,146,45802.87,151.2
39,2026-09-10,12,497,133,41228.88,280.6
39,2026-09-10,13,116,221,71898.98,331.22
39,2026-09-10,14,131,164,52957.46,174.75
39,2026-09-10,15,151,108,31348.35,156.82
39,2026-09-10,16,137,109,35919.05,159.7
39,2026-09-10,17,511,164,52999.91,307.28
39,2026-09-10,18,228,236,77095.35,397.15
39,2026-09-10,19,75,220,67412.06,221.47
39,2026-09-10,20,55,84,28819.6,89.7
39,2026-09-10,21,0,53,15561.77,37.73
39,2026-09-11,9,415,54,15793.37,189.93
39,2026-09-11,10,151,196,59313.85,292.1
39,2026-09-11,11,145,155,46378.62,182.13
39,2026-09-11,12,615,190,60687.46,384.93
39,2026-09-11,13,161,321,106320.67,415.43
39,2026-09-11,14,148,204,64397.75,215.72
39,2026-09-11,15,143,127,35466.86,163.38
39,2026-09-11,16,163,116,35936.4,155.38
39,2026-09-11,17,605,182,57703.45,383.95
39,2026-09-11,18,313,308,99666.06,483.5
39,2026-09-11,19,96,251,87829.0,270.35
39,2026-09-11,20,57,116,36513.26,103.85
39,2026-09-11,21,0,53,18429.72,44.75
39,2026-09-12,9,578,92,28015.21,261.87
39,2026-09-12,10,158,261,78836.25,378.57
39,2026-09-12,11,180,211,67175.69,225.63
39,2026-09-12,12,736,179,58314.42,445.57
39,2026-09-12,13,172,372,122771.12,499.12
39,2026-09-12,14,180,238,73092.52,255.93
39,2026-09-12,15,199,152,47642.59,209.13
39,2026-09-12,16,189,148,48718.06,197.42
39,2026-09-12,17,731,222,71068.45,454.88
39,2026-09-12,18,393,377,120982.87,603.47
39,2026-09-12,19,103,352,118889.8,331.75
39,2026-09-12,20,56,116,33912.44,117.65
39,2026-09-12,21,0,56,17877.44,42.87
39,2026-09-13,9,499,82,26190.72,220.17
39,2026-09-13,10,155,192,66042.48,344.57
39,2026-09-13,11,155,193,63635.41,210.53
39,2026-09-13,12,664,179,57318.53,400.48
39,2026-09-13,13,152,321,101512.07,440.3
39,2026-09-13,14,152,206,66492.8,210.85
39,2026-09-13,15,166,115,34089.3,187.33
39,2026-09-13,16,148,120,35117.99,173.6
39,2026-09-13,17,677,180,53239.42,407.33
39,2026-09-13,18,324,356,114289.71,540.15
39,2026-09-13,19,88,286,89955.93,273.82
39,2026-09-13,20,67,110,32090.68,111.03
39,2026-09-13,21,0,64,19631.26,50.62
39,2026-09-14,9,380,56,20082.58,178.18
39,2026-09-14,10,117,152,48438.92,238.65
39,2026-09-14,11,122,149,46046.54,151.62
39,2026-09-14,12,578,151,48636.22,337.5
39,2026-09-14,13,132,286,89411.54,404.1
39,2026-09-14,14,127,194,74369.98,187.73
39,2026-09-14,15,130,101,31909.82,138.4
39,2026-09-14,16,139,92,25598.19,150.87
39,2026-09-14,17,509,168,52056.33,313.7
39,2026-09-14,18,280,267,80661.78,404.68
39,2026-09-14,19,87,227,70257.85,235.33
39,2026-09-14,20,46,84,30021.51,88.77
39,2026-09-14,21,0,51,13652.61,36.38
39,2026-09-15,9,497,85,29817.35,217.32
39,2026-09-15,10,152,176,51290.43,341.38
39,2026-09-15,11,146,194,60492.46,198.13
39,2026-09-15,12,588,168,52511.74,372.45
39,2026-09-15,13,153,313,99060.91,405.82
39,2026-09-15,14,166,203,68521.95,210.25
39,2026-09-15,15,152,119,41708.96,175.18
39,2026-09-15,16,139,112,34425.48,162.83
39,2026-09-15,17,615,176,57123.23,377.75
39,2026-09-15,18,320,328,104870.28,502.47
39,2026-09-15,19,86,256,91952.47,284.43
39,2026-09-15,20,52,119,38377.78,113.18
39,2026-09-15,21,0,47,15437.01,34.78
39,2026-09-16,9,471,67,21342.89,214.47
39,2026-09-16,10,134,205,61370.45,315.25
39,2026-09-16,11,152,169,51264.27,193.63
39,2026-09-16,12,652,196,64193.39,386.88
39,2026-09-16,13,129,305,98876.57,426.0
39,2026-09-16,14,149,199,62470.32,199.63
39,2026-09-16,15,154,99,31476.11,160.68
39,2026-09-16,16,144,116,38541.47,167.27
39,2026-09-16,17,668,200,66270.41,400.5
39,2026-09-16,18,312,330,107675.32,513.63
39,2026-09-16,19,96,268,88693.38,284.2
39,2026-09-16,20,62,125,41943.47,113.73
39,2026-09-16,21,0,47,15158.83,41.32
39,2026-09-17,9,388,61,19057.64,181.73
39,2026-09-17,10,133,176,58213.69,260.52
39,2026-09-17,11,132,136,40515.94,174.25
39,2026-09-17,12,557,176,55950.57,361.22
39,2026-09-17,13,174,258,79579.16,394.08
39,2026-09-17,14,140,208,63696.29,211.98
39,2026-09-17,15,146,105,35232.7,171.58
39,2026-09-17,16,150,116,36928.34,157.48
39,2026-09-17,17,573,163,51758.73,364.25
39,2026-09-17,18,269,306,98368.62,448.48
39,2026-09-17,19,77,255,78723.45,228.87
39,2026-09-17,20,61,93,29005.74,86.83
39,2026-09-17,21,0,52,18135.3,38.78
39,2026-09-18,9,489,71,23684.41,218.87
39,2026-09-18,10,160,221,73747.1,350.22
39,2026-09-18,11,156,193,62363.62,214.12
39,2026-09-18,12,565,189,61151.22,341.17
39,2026-09-18,13,151,277,88896.7,379.78
39,2026-09-18,14,147,168,54244.08,211.92
39,2026-09-18,15,110,123,37180.54,145.43
39,2026-09-18,16,162,96,28085.82,149.67
39,2026-09-18,17,627,173,53894.77,387.28
39,2026-09-18,18,323,338,105827.39,484.83
39,2026-09-18,19,88,268,80789.38,275.98
39,2026-09-18,20,65,123,41971.38,110.87
39,2026-09-18,21,0,56,19980.54,45.65
39,2026-09-19,9,464,73,24703.79,212.88
39,2026-09-19,10,128,214,64734.31,297.37
39,2026-09-19,11,137,165,52592.7,172.92
39,2026-09-19,12,608,177,55877.89,364.35
39,2026-09-19,13,143,285,87857.08,403.18
39,2026-09-19,14,137,202,66560.85,186.63
39,2026-09-19,15,155,100,33571.58,164.5
39,2026-09-19,16,155,121,37450.55,162.4
39,2026-09-19,17,574,156,49987.03,352.13
39,2026-09-19,18,296,309,97976.38,471.58
39,2026-09-19,19,93,276,81553.58,253.38
39,2026-09-19,20,61,98,31130.89,95.85
39,2026-09-19,21,0,48,14895.72,34.02
39,2026-09-20,9,419,57,18711.63,194.3
39,2026-09-20,10,150,186,58738.24,296.42
39,2026-09-20,11,159,159,50716.62,188.17
39,2026-09-20,12,605,171,52695.92,367.63
39,2026-09-20,13,142,307,97499.09,408.65
39,2026-09-20,14,170,214,70807.15,214.97
39,2026-09-20,15,139,108,32126.52,179.68
39,2026-09-20,16,150,125,41611.77,165.8
39,2026-09-20,17,548,162,48520.19,349.73
39,2026-09-20,18,311,277,84007.08,459.55
39,2026-09-20,19,114,279,92994.07,276.67
39,2026-09-20,20,63,124,39237.92,115.65
39,2026-09-20,21,0,59,21142.83,51.72
40,2026-08-24,9,346,40,12125.89,153.98
40,2026-08-24,10,109,141,42497.1,256.77
40,2026-08-24,11,96,138,41949.49,138.03
40,2026-08-24,12,401,114,33188.8,238.28
40,2026-08-24,13,107,203,70298.72,282.55
40,2026-08-24,14,133,137,37950.08,148.45
40,2026-08-24,15,118,84,24481.83,131.78
40,2026-08-24,16,96,78,22682.66,113.63
40,2026-08-24,17,441,142,49084.86,264.22
40,2026-08-24,18,221,238,76077.18,345.12
40,2026-08-24,19,69,185,55944.99,178.57
40,2026-08-24,20,37,63,20110.72,73.98
40,2026-08-24,21,0,47,14450.03,27.35
40,2026-08-25,9,362,49,13675.95,160.33
40,2026-08-25,10,110,141,47295.28,264.57
40,2026-08-25,11,111,150,44749.68,148.45
40,2026-08-25,12,477,127,40328.84,288.98
40,2026-08-25,13,110,233,82186.69,327.98
40,2026-08-25,14,131,157,50310.87,165.5
40,2026-08-25,15,111,95,34172.56,130.37
40,2026-08-25,16,111,73,24804.24,128.92
40,2026-08-25,17,464,148,48723.6,290.78
40,2026-08-25,18,229,251,86612.08,356.4
40,2026-08-25,19,68,187,55766.27,192.67
40,2026-08-25,20,54,81,27231.79,79.6
40,2026-08-25,21,0,52,17737.1,38.53
40,2026-08-26,9,326,44,15564.85,144.57
40,2026-08-26,10,116,137,46024.49,234.35
40,2026-08-26,11,113,140,44988.06,150.13
40,2026-08-26,12,471,123,40325.42,278.72
40,2026-08-26,13,98,217,67904.62,331.67
40,2026-08-26,14,121,173,57995.95,158.78
40,2026-08-26,15,108,85,27318.04,129.12
40,2026-08-26,16,104,89,30247.81,117.88
40,2026-08-26,17,467,131,45005.89,290.23
40,2026-08-26,18,238,238,73456.87,360.1
40,2026-08-26,19,68,187,62614.88,209.55
40,2026-08-26,20,52,84,29600.48,90.7
40,2026-08-26,21,0,57,15069.99,42.22
40,2026-08-27,9,362,45,13226.28,160.82
40,2026-08-27,10,134,157,49166.36,263.07
40,2026-08-27,11,108,139,40861.91,158.4
40,2026-08-27,12,514,128,40783.07,300.6
40,2026-08-27,13,135,258,85386.44,377.65
40,2026-08-27,14,131,201,61949.46,193.97
40,2026-08-27,15,119,106,34676.07,137.2
40,2026-08-27,16,129,102,33037.87,134.8
40,2026-08-27,17,511,140,42743.74,318.38
40,2026-08-27,18,239,252,81154.86,405.93
40,2026-08-27,19,81,213,70774.22,216.37
40,2026-08-27,20,42,101,34283.88,86.85
40,2026-08-27,21,0,41,14039.81,30.93
40,2026-08-28,9,427,55,16216.76,194.47
40,2026-08-28,10,165,191,61660.86,326.53
40,2026-08-28,11,123,197,60034.09,190.7
40,2026-08-28,12,543,165,56696.36,323.32
40,2026-08-28,13,140,269,83870.71,357.7
40,2026-08-28,14,141,183,58201.61,187.27
40,2026-08-28,15,131,99,33748.24,144.25
40,2026-08-28,16,137,93,29566.13,143.08
40,2026-08-28,17,566,153,49817.54,341.78
40,2026-08-28,18,287,297,89370.02,470.42
40,2026-08-28,19,95,241,78611.17,270.63
40,2026-08-28,20,57,117,38842.87,116.68
40,2026-08-28,21,0,51,15108.77,33.37
40,2026-08-29,9,459,62,21334.68,209.42
40,2026-08-29,10,176,205,63131.18,336.43
40,2026-08-29,11,133,173,56114.7,193.27
40,2026-08-29,12,579,185,57729.53,353.73
40,2026-08-29,13,134,261,80647.55,391.92
40,2026-08-29,14,160,200,67287.34,210.85
40,2026-08-29,15,141,106,35372.01,168.07
40,2026-08-29,16,156,105,32522.65,171.42
40,2026-08-29,17,612,196,55951.12,377.2
40,2026-08-29,18,297,294,95946.43,473.57
40,2026-08-29,19,106,269,82912.45,276.55
40,2026-08-29,20,53,118,39260.19,113.73
40,2026-08-29,21,0,52,18248.66,42.32
40,2026-08-30,9,453,84,26589.69,201.08
40,2026-08-30,10,142,199,60528.76,305.65
40,2026-08-30,11,146,184,54985.97,182.75
40,2026-08-30,12,578,182,56214.89,342.1
40,2026-08-30,13,160,257,82341.68,380.22
40,2026-08-30,14,144,219,68308.27,209.9
40,2026-08-30,15,163,103,31920.34,162.18
40,2026-08-30,16,175,127,43428.92,183.08
40,2026-08-30,17,604,199,65637.0,371.72
40,2026-08-30,18,288,298,92529.04,474.8
40,2026-08-30,19,91,261,84746.37,260.95
40,2026-08-30,20,54,109,31858.13,109.12
40,2026-08-30,21,0,49,16079.2,40.65
40,2026-08-31,9,300,49,15438.82,142.23
40,2026-08-31,10,115,135,44402.87,221.87
40,2026-08-31,11,112,131,41517.69,145.15
40,2026-08-31,12,426,119,35599.13,261.17
40,2026-08-31,13,107,206,67406.11,286.33
40,2026-08-31,14,100,139,42722.85,137.13
40,2026-08-31,15,118,77,23511.71,119.1
40,2026-08-31,16,86,79,26926.91,107.98
40,2026-08-31,17,465,115,41922.44,272.52
40,2026-08-31,18,205,223,68050.14,355.05
40,2026-08-31,19,63,212,67053.15,194.2
40,2026-08-31,20,40,75,21341.07,75.48
40,2026-08-31,21,0,44,15046.29,30.6
40,2026-09-01,9,363,53,17220.04,162.62
40,2026-09-01,10,101,158,51145.36,235.78
40,2026-09-01,11,109,134,40705.11,133.58
40,2026-09-01,12,479,120,38876.02,279.82
40,2026-09-01,13,115,245,80740.15,328.42
40,2026-09-01,14,117,169,52912.62,152.35
40,2026-09-01,15,127,71,24649.37,137.93
40,2026-09-01,16,114,129,43117.19,132.35
40,2026-09-01,17,452,114,38672.11,267.58
40,2026-09-01,18,233,234,78152.76,364.95
40,2026-09-01,19,78,186,56930.97,212.83
40,2026-09-01,20,43,94,28916.79,90.23
40,2026-09-01,21,0,47,13755.77,33.03
40,2026-09-02,9,367,54,17837.4,173.62
40,2026-09-02,10,126,169,51939.68,264.52
40,2026-09-02,11,117,150,45170.24,158.52
40,2026-09-02,12,499,124,35553.91,301.93
40,2026-09-02,13,107,243,77057.49,337.2
40,2026-09-02,14,122,189,56430.72,158.95
40,2026-09-02,15,137,87,31533.03,125.28
40,2026-09-02,16,140,91,28445.11,143.48
40,2026-09-02,17,461,142,45409.13,295.72
40,2026-09-02,18,244,247,75808.89,378.82
40,2026-09-02,19,75,221,70856.79,207.27
40,2026-09-02,20,47,75,25206.73,77.88
40,2026-09-02,21,0,36,10186.81,27.98
40,2026-09-03,9,378,53,18584.43,168.33
40,2026-09-03,10,102,163,50051.08,263.85
40,2026-09-03,11,108,150,46332.94,149.25
40,2026-09-03,12,466,134,46915.8,286.48
40,2026-09-03,13,91,230,76965.08,305.03
40,2026-09-03,14,99,147,48917.58,128.65
40,2026-09-03,15,118,62,22667.93,106.02
40,2026-09-03,16,100,90,28316.16,117.13
40,2026-09-03,17,479,123,36362.43,281.78
40,2026-09-03,18,243,246,74704.1,385.23
40,2026-09-03,19,57,197,63803.46,210.73
40,2026-09-03,20,36,97,34233.31,79.37
40,2026-09-03,21,0,33,10003.44,23.32
40,2026-09-04,9,412,59,18155.35,177.12
40,2026-09-04,10,142,187,61967.56,295.8
40,2026-09-04,11,135,149,43963.76,181.85
40,2026-09-04,12,556,167,52542.48,345.9
40,2026-09-04,13,164,277,83381.36,380.27
40,2026-09-04,14,127,207,63994.58,200.5
40,2026-09-04,15,126,99,30397.6,134.62
40,2026-09-04,16,142,80,25136.44,149.48
40,2026-09-04,17,573,165,56267.95,352.43
40,2026-09-04,18,272,285,91256.99,443.67
40,2026-09-04,19,86,242,77617.95,238.07
40,2026-09-04,20,54,88,29174.98,100.35
40,2026-09-04,21,0,55,18374.81,43.57
40,2026-09-05,9,447,67,20925.02,205.37
40,2026-09-05,10,162,204,61247.68,327.9
40,2026-09-05,11,180,188,63178.53,209.95
40,2026-09-05,12,589,191,61626.2,369.32
40,2026-09-05,13,150,276,85572.74,402.82
40,2026-09-05,14,155,221,70432.91,211.2
40,2026-09-05,15,155,124,38766.54,160.42
40,2026-09-05,16,147,108,31914.5,168.07
40,2026-09-05,17,616,203,67528.64,393.73
40,2026-09-05,18,269,332,109721.21,457.18
40,2026-09-05,19,93,235,74038.63,237.42
40,2026-09-05,20,54,102,31916.5,96.28
40,2026-09-05,21,0,52,18000.96,43.12
40,2026-09-06,9,443,68,24927.45,203.43
40,2026-09-06,10,128,177,56035.06,311.4
40,2026-09-06,11,148,169,56018.48,191.03
40,2026-09-06,12,556,168,52659.22,342.93
40,2026-09-06,13,124,248,76955.65,397.33
40,2026-09-06,14,172,200,63263.59,207.82
40,2026-09-06,15,150,115,35915.22,169.33
40,2026-09-06,16,144,115,34919.89,152.48
40,2026-09-06,17,572,172,57632.08,349.97
40,2026-09-06,18,295,303,91502.86,459.32
40,2026-09-06,19,89,250,75003.95,251.8
40,2026-09-06,20,58,104,33023.35,113.13
40,2026-09-06,21,0,61,18714.36,44.78
40,2026-09-07,9,340,58,18554.09,153.07
40,2026-09-07,10,113,147,49474.26,226.97
40,2026-09-07,11,122,124,43101.25,130.9
40,2026-09-07,12,426,114,38122.18,280.48
40,2026-09-07,13,94,216,65133.97,302.82
40,2026-09-07,14,113,144,50375.37,137.33
40,2026-09-07,15,108,83,23676.28,116.18
40,2026-09-07,16,110,73,22958.2,127.08
40,2026-09-07,17,451,126,38944.04,277.8
40,2026-09-07,18,208,227,69632.74,361.95
40,2026-09-07,19,81,186,61631.01,188.62
40,2026-09-07,20,38,76,23347.1,73.53
40,2026-09-07,21,0,43,11664.54,30.67
40,2026-09-08,9,348,55,18627.41,159.27
40,2026-09-08,10,94,155,51276.99,226.38
40,2026-09-08,11,128,137,40211.28,146.78
40,2026-09-08,12,456,125,38543.25,301.65
40,2026-09-08,13,108,235,72924.32,314.05
40,2026-09-08,14,107,165,47197.15,147.3
40,2026-09-08,15,110,75,23360.28,113.08
40,2026-09-08,16,118,84,27050.46,121.83
40,2026-09-08,17,456,129,38505.64,284.13
40,2026-09-08,18,231,253,83467.63,372.02
40,2026-09-08,19,71,209,72516.06,212.18
40,2026-09-08,20,44,76,27754.89,82.83
40,2026-09-08,21,0,45,12577.19,30.75
40,2026-09-09,9,330,52,17179.93,146.6
40,2026-09-09,10,101,140,45633.48,227.53
40,2026-09-09,11,114,137,39134.07,135.65
40,2026-09-09,12,512,132,43149.56,298.83
40,2026-09-09,13,111,240,76895.68,348.9
40,2026-09-09,14,121,186,62908.12,159.03
40,2026-09-09,15,143,95,28162.29,146.2
40,2026-09-09,16,106,93,27456.86,141.77
40,2026-09-09,17,460,134,43220.31,277.53
40,2026-09-09,18,246,242,80973.74,373.88
40,2026-09-09,19,70,205,66278.2,202.53
40,2026-09-09,20,58,81,25931.24,84.28
40,2026-09-09,21,0,53,15577.28,44.35
40,2026-09-10,9,411,53,16015.79,195.35
40,2026-09-10,10,105,182,58732.52,270.17
40,2026-09-10,11,119,138,48816.27,149.02
40,2026-09-10,12,509,163,55123.58,308.05
40,2026-09-10,13,115,257,81553.5,331.93
40,2026-09-10,14,127,170,53623.13,159.97
40,2026-09-10,15,128,84,25604.87,130.13
40,2026-09-10,16,125,85,27452.96,143.9
40,2026-09-10,17,495,172,59985.92,314.93
40,2026-09-10,18,284,259,81464.86,399.3
40,2026-09-10,19,63,206,70444.81,228.75
40,2026-09-10,20,49,91,28654.41,88.67
40,2026-09-10,21,0,46,13850.02,34.4
40,2026-09-11,9,393,48,14362.25,173.28
40,2026-09-11,10,140,175,58608.91,292.67
40,2026-09-11,11,129,179,60593.47,181.73
40,2026-09-11,12,625,163,48862.94,346.73
40,2026-09-11,13,145,300,95728.26,419.05
40,2026-09-11,14,160,225,64392.34,214.05
40,2026-09-11,15,141,109,33309.97,173.97
40,2026-09-11,16,132,118,39650.85,157.08
40,2026-09-11,17,549,149,49224.91,323.18
40,2026-09-11,18,320,281,91984.76,462.2
40,2026-09-11,19,87,256,84193.56,276.22
40,2026-09-11,20,54,111,36722.55,103.5
40,2026-09-11,21,0,59,19982.28,37.18
40,2026-09-12,9,449,64,25687.21,205.83
40,2026-09-12,10,151,192,59548.82,309.45
40,2026-09-12,11,155,178,57778.67,209.3
40,2026-09-12,12,650,184,64060.77,407.22
40,2026-09-12,13,135,301,94412.29,442.08
40,2026-09-12,14,158,231,79385.62,209.5
40,2026-09-12,15,138,112,38741.16,165.73
40,2026-09-12,16,142,117,34938.82,155.78
40,2026-09-12,17,634,179,57094.53,373.5
40,2026-09-12,18,315,334,103840.18,497.85
40,2026-09-12,19,81,264,89639.55,265.98
40,2026-09-12,20,61,106,35529.89,109.5
40,2026-09-12,21,0,63,18957.95,45.65
40,2026-09-13,9,427,51,16851.06,191.1
40,2026-09-13,10,132,200,59464.92,302.28
40,2026-09-13,11,169,157,49916.83,190.58
40,2026-09-13,12,585,177,58554.0,370.9
40,2026-09-13,13,137,268,83015.79,423.9
40,2026-09-13,14,128,214,72377.56,192.95
40,2026-09-13,15,138,96,27210.36,151.32
40,2026-09-13,16,152,97,29066.48,159.45
40,2026-09-13,17,588,178,53467.01,383.87
40,2026-09-13,18,291,332,102138.47,476.53
40,2026-09-13,19,109,254,84672.64,260.77
40,2026-09-13,20,56,119,36565.1,109.13
40,2026-09-13,21,0,63,20808.77,42.48
40,2026-09-14,9,330,56,16773.74,151.63
40,2026-09-14,10,119,144,45806.41,235.33
40,2026-09-14,11,102,145,49361.56,134.13
40,2026-09-14,12,479,127,38668.19,281.37
40,2026-09-14,13,112,225,71238.62,324.18
40,2026-09-14,14,115,172,55463.56,158.0
40,2026-09-14,15,135,81,24832.93,129.07
40,2026-09-14,16,124,93,32055.45,142.95
40,2026-09-14,17,514,146,48083.26,323.52
40,2026-09-14,18,247,288,92033.45,419.4
40,2026-09-14,19,60,230,73871.17,202.62
40,2026-09-14,20,39,81,28707.71,64.88
40,2026-09-14,21,0,39,11690.81,29.82
40,2026-09-15,9,351,48,15148.77,164.7
40,2026-09-15,10,133,155,45695.82,249.13
40,2026-09-15,11,100,131,41238.5,149.73
40,2026-09-15,12,500,128,38216.01,301.97
40,2026-09-15,13,124,256,83296.05,333.02
40,2026-09-15,14,133,153,45193.41,172.6
40,2026-09-15,15,113,100,34576.16,147.43
40,2026-09-15,16,137,93,29990.21,144.6
40,2026-09-15,17,509,146,48085.07,308.43
40,2026-09-15,18,258,263,85303.66,415.8
40,2026-09-15,19,57,231,69300.1,224.02
40,2026-09-15,20,49,82,28202.57,81.78
40,2026-09-15,21,0,43,12571.53,33.57
40,2026-09-16,9,372,53,20603.79,169.72
40,2026-09-16,10,118,182,59312.54,241.82
40,2026-09-16,11,113,127,44029.3,140.82
40,2026-09-16,12,557,139,46012.55,323.95
40,2026-09-16,13,139,273,84162.68,381.82
40,2026-09-16,14,144,196,62585.32,190.53
40,2026-09-16,15,117,90,29071.11,151.32
40,2026-09-16,16,132,109,34190.27,134.65
40,2026-09-16,17,551,152,48238.92,336.77
40,2026-09-16,18,263,291,95099.77,442.98
40,2026-09-16,19,65,226,71912.9,225.03
40,2026-09-16,20,54,90,30560.49,88.63
40,2026-09-16,21,0,51,15290.81,35.37
40,2026-09-17,9,449,56,19514.88,205.43
40,2026-09-17,10,108,191,60496.4,306.3
40,2026-09-17,11,138,174,55208.87,161.17
40,2026-09-17,12,544,147,41225.77,327.47
40,2026-09-17,13,130,255,80583.72,360.0
40,2026-09-17,14,142,171,53478.42,189.92
40,2026-09-17,15,149,119,34629.31,165.22
40,2026-09-17,16,139,106,33582.78,158.23
40,2026-09-17,17,560,162,48513.83,334.33
40,2026-09-17,18,315,288,90560.01,455.05
40,2026-09-17,19,79,265,88765.15,260.42
40,2026-09-17,20,47,111,33733.14,94.9
40,2026-09-17,21,0,41,13100.82,30.35
40,2026-09-18,9,435,77,24361.0,196.75
40,2026-09-18,10,152,187,56859.83,291.83
40,2026-09-18,11,154,163,54400.89,202.48
40,2026-09-18,12,660,190,64240.94,411.6
40,2026-09-18,13,139,327,102523.38,448.55
40,2026-09-18,14,141,217,60760.65,203.52
40,2026-09-18,15,157,112,33961.16,167.77
40,2026-09-18,16,162,134,41714.21,173.73
40,2026-09-18,17,613,156,52197.4,368.07
40,2026-09-18,18,317,342,105534.77,497.72
40,2026-09-18,19,89,288,91330.38,283.03
40,2026-09-18,20,58,110,34215.07,99.7
40,2026-09-18,21,0,57,15487.29,40.27
40,2026-09-19,9,485,67,23052.62,226.48
40,2026-09-19,10,163,224,73013.26,337.53
40,2026-09-19,11,162,199,67273.54,208.32
40,2026-09-19,12,636,180,56842.12,389.53
40,2026-09-19,13,159,286,91277.13,457.28
40,2026-09-19,14,152,250,79157.8,231.98
40,2026-09-19,15,166,117,37496.42,161.57
40,2026-09-19,16,174,110,35042.88,189.9
40,2026-09-19,17,651,187,61698.56,423.88
40,2026-09-19,18,332,368,119045.28,540.83
40,2026-09-19,19,104,286,92595.37,306.27
40,2026-09-19,20,70,126,37481.51,127.58
40,2026-09-19,21,0,62,20006.93,43.63
40,2026-09-20,9,439,66,20275.63,195.02
40,2026-09-20,10,124,189,60999.87,292.48
40,2026-09-20,11,144,165,54298.24,171.87
40,2026-09-20,12,543,158,50010.64,329.68
40,2026-09-20,13,117,262,84254.38,379.13
40,2026-09-20,14,123,199,71468.89,167.72
40,2026-09-20,15,145,95,30356.73,148.52
40,2026-09-20,16,143,101,30471.07,156.9
40,2026-09-20,17,587,163,47981.05,362.6
40,2026-09-20,18,264,303,99600.43,473.47
40,2026-09-20,19,74,245,80405.48,219.5
40,2026-09-20,20,43,85,28648.68,82.62
40,2026-09-20,21,0,35,11115.03,33.0
41,2026-08-24,9,318,44,14469.78,140.37
41,2026-08-24,10,113,140,47897.47,218.72
41,2026-08-24,11,97,116,34450.69,144.63
41,2026-08-24,12,479,128,46001.85,292.07
41,2026-08-24,13,93,235,75271.68,323.17
41,2026-08-24,14,113,154,47348.92,147.05
41,2026-08-24,15,113,89,28103.39,119.18
41,2026-08-24,16,101,84,30433.12,120.72
41,2026-08-24,17,504,134,40066.54,291.15
41,2026-08-24,18,225,255,83485.92,371.8
41,2026-08-24,19,69,190,63381.98,192.75
41,2026-08-24,20,31,89,28832.79,79.35
41,2026-08-24,21,0,40,11840.11,25.5
41,2026-08-25,9,343,44,14793.45,155.38
41,2026-08-25,10,123,167,57078.33,260.05
41,2026-08-25,11,124,138,41338.06,156.97
41,2026-08-25,12,468,154,47386.01,301.67
41,2026-08-25,13,124,251,80497.36,332.85
41,2026-08-25,14,122,160,53107.96,160.13
41,2026-08-25,15,119,99,30895.65,130.35
41,2026-08-25,16,116,86,27024.99,118.97
41,2026-08-25,17,513,147,45880.77,302.22
41,2026-08-25,18,244,248,82952.01,406.07
41,2026-08-25,19,75,218,70772.39,217.57
41,2026-08-25,20,50,96,29043.33,85.32
41,2026-08-25,21,0,53,19259.77,37.87
41,2026-08-26,9,397,50,12110.84,171.5
41,2026-08-26,10,119,180,64304.08,277.17
41,2026-08-26,11,113,155,48393.63,155.47
41,2026-08-26,12,480,140,41120.12,282.83
41,2026-08-26,13,117,228,72505.56,336.57
41,2026-08-26,14,141,156,54144.99,170.63
41,2026-08-26,15,121,94,29676.02,152.4
41,2026-08-26,16,122,97,30859.85,152.98
41,2026-08-26,17,512,155,51754.11,319.67
41,2026-08-26,18,256,290,93480.35,414.87
41,2026-08-26,19,88,212,68535.6,220.37
41,2026-08-26,20,46,90,31184.3,89.0
41,2026-08-26,21,0,52,16342.7,30.18
41,2026-08-27,9,346,46,16954.55,148.43
41,2026-08-27,10,108,144,46237.65,244.6
41,2026-08-27,11,107,146,47281.04,140.82
41,2026-08-27,12,461,121,35903.6,281.12
41,2026-08-27,13,122,243,80376.21,324.67
41,2026-08-27,14,122,143,47151.38,165.32
41,2026-08-27,15,107,97,32147.17,131.67
41,2026-08-27,16,125,88,27479.78,119.72
41,2026-08-27,17,451,121,36758.79,286.48
41,2026-08-27,18,222,236,74460.1,362.58
41,2026-08-27,19,63,181,59062.36,191.5
41,2026-08-27,20,38,82,24596.55,67.97
41,2026-08-27,21,0,34,11726.03,31.65
41,2026-08-28,9,435,51,17103.49,200.72
41,2026-08-28,10,120,197,60050.83,299.9
41,2026-08-28,11,121,155,48865.15,168.68
41,2026-08-28,12,541,153,49046.83,320.55
41,2026-08-28,13,157,254,78309.73,385.63
41,2026-08-28,14,154,209,69991.78,219.0
41,2026-08-28,15,138,119,37823.21,174.37
41,2026-08-28,16,142,109,33074.66,163.4
41,2026-08-28,17,579,178,58518.69,377.3
41,2026-08-28,18,282,313,96476.35,459.9
41,2026-08-28,19,101,260,79520.53,250.5
41,2026-08-28,20,67,115,38720.4,111.22
41,2026-08-28,21,0,70,21371.55,47.42
41,2026-08-29,9,527,75,23874.35,232.75
41,2026-08-29,10,148,234,70928.75,356.6
41,2026-08-29,11,170,193,62774.53,196.6
41,2026-08-29,12,716,205,67634.34,435.33
41,2026-08-29,13,182,336,106474.43,481.9
41,2026-08-29,14,195,239,75650.37,254.58
41,2026-08-29,15,194,163,54902.85,206.82
41,2026-08-29,16,158,129,44683.79,181.48
41,2026-08-29,17,661,182,57119.39,407.87
41,2026-08-29,18,341,343,105632.47,548.1
41,2026-08-29,19,111,292,88313.49,305.33
41,2026-08-29,20,57,131,40765.64,125.77
41,2026-08-29,21,0,53,16461.71,42.75
41,2026-08-30,9,506,77,27592.68,229.98
41,2026-08-30,10,142,206,64992.83,343.78
41,2026-08-30,11,137,200,63498.93,201.1
41,2026-08-30,12,613,164,51575.91,368.0
41,2026-08-30,13,142,288,89263.51,404.27
41,2026-08-30,14,160,219,69983.96,209.38
41,2026-08-30,15,142,119,36345.16,165.67
41,2026-08-30,16,137,103,33271.62,156.68
41,2026-08-30,17,655,185,53419.12,391.13
41,2026-08-30,18,335,346,107156.74,536.82
41,2026-08-30,19,88,288,89456.47,292.47
41,2026-08-30,20,69,117,37606.99,102.75
41,2026-08-30,21,0,60,17248.2,52.2
41,2026-08-31,9,369,50,13903.53,172.12
41,2026-08-31,10,136,175,59813.73,278.93
41,2026-08-31,11,149,162,53536.19,172.33
41,2026-08-31,12,546,164,53395.02,347.4
41,2026-08-31,13,155,287,91381.3,370.33
41,2026-08-31,14,126,172,63204.18,185.95
41,2026-08-31,15,150,105,32752.62,151.87
41,2026-08-31,16,113,101,33285.18,155.48
41,2026-08-31,17,531,167,49565.28,307.78
41,2026-08-31,18,267,257,78996.05,428.07
41,2026-08-31,19,64,241,78645.62,231.43
41,2026-08-31,20,41,79,28021.5,68.78
41,2026-08-31,21,0,33,10144.16,28.65
41,2026-09-01,9,341,44,13995.19,158.57
41,2026-09-01,10,121,146,46843.76,248.83
41,2026-09-01,11,108,148,48069.42,151.7
41,2026-09-01,12,428,127,40308.71,255.9
41,2026-09-01,13,106,202,64174.17,306.48
41,2026-09-01,14,114,162,47042.18,151.95
41,2026-09-01,15,114,73,25386.84,121.82
41,2026-09-01,16,107,86,29062.37,120.93
41,2026-09-01,17,494,113,37274.36,293.75
41,2026-09-01,18,232,262,79121.31,393.08
41,2026-09-01,19,71,216,65822.52,203.4
41,2026-09-01,20,43,76,22699.59,71.47
41,2026-09-01,21,0,40,12890.44,29.75
41,2026-09-02,9,364,57,20804.87,167.75
41,2026-09-02,10,136,151,44995.41,251.33
41,2026-09-02,11,129,162,49763.03,176.38
41,2026-09-02,12,537,168,57337.95,339.77
41,2026-09-02,13,127,256,85260.16,353.07
41,2026-09-02,14,110,173,58535.14,166.78
41,2026-09-02,15,134,97,30534.02,130.02
41,2026-09-02,16,104,89,29583.01,133.1
41,2026-09-02,17,561,146,47093.59,340.92
41,2026-09-02,18,250,285,90837.56,433.88
41,2026-09-02,19,68,225,73088.86,211.33
41,2026-09-02,20,44,83,27722.02,77.03
41,2026-09-02,21,0,39,10986.32,28.72
41,2026-09-03,9,341,43,13050.16,148.77
41,2026-09-03,10,125,163,49982.03,249.22
41,2026-09-03,11,100,131,39658.57,154.2
41,2026-09-03,12,456,118,36469.08,289.78
41,2026-09-03,13,122,239,72643.27,337.18
41,2026-09-03,14,112,163,54686.47,156.42
41,2026-09-03,15,109,86,29580.25,116.83
41,2026-09-03,16,129,85,29806.35,137.78
41,2026-09-03,17,449,122,41713.43,293.93
41,2026-09-03,18,241,247,76747.73,379.68
41,2026-09-03,19,75,199,62435.36,212.63
41,2026-09-03,20,47,84,27342.62,81.48
41,2026-09-03,21,0,51,16961.85,36.78
41,2026-09-04,9,398,63,21851.49,188.15
41,2026-09-04,10,138,184,57100.88,267.35
41,2026-09-04,11,153,156,44092.87,180.2
41,2026-09-04,12,546,160,48453.28,354.62
41,2026-09-04,13,132,271,82307.86,374.57
41,2026-09-04,14,135,181,56180.1,200.02
41,2026-09-04,15,124,119,39434.63,148.72
41,2026-09-04,16,125,87,27850.42,141.77
41,2026-09-04,17,552,135,43206.46,322.22
41,2026-09-04,18,282,301,100048.63,445.0
41,2026-09-04,19,94,260,86544.9,252.57
41,2026-09-04,20,48,96,30837.45,97.67
41,2026-09-04,21,0,43,16001.38,31.05
41,2026-09-05,9,443,69,22380.3,202.93
41,2026-09-05,10,153,178,57874.24,306.32
41,2026-09-05,11,147,147,51691.59,187.7
41,2026-09-05,12,596,171,51212.59,364.35
41,2026-09-05,13,145,269,87965.54,414.97
41,2026-09-05,14,153,206,66365.97,216.72
41,2026-09-05,15,151,124,40733.4,183.57
41,2026-09-05,16,152,126,42181.31,169.78
41,2026-09-05,17,607,174,54638.19,384.77
41,2026-09-05,18,320,324,104305.18,487.05
41,2026-09-05,19,99,261,89277.21,278.67
41,2026-09-05,20,56,125,45462.71,108.2
41,2026-09-05,21,0,53,14714.51,41.82
41,2026-09-06,9,448,67,17181.76,198.12
41,2026-09-06,10,139,185,59236.85,308.77
41,2026-09-06,11,165,186,57006.04,192.77
41,2026-09-06,12,598,167,56198.41,378.98
41,2026-09-06,13,161,294,92541.33,423.43
41,2026-09-06,14,153,225,72555.36,207.6
41,2026-09-06,15,150,106,34391.13,171.93
41,2026-09-06,16,146,124,38491.75,171.3
41,2026-09-06,17,560,170,53933.55,350.22
41,2026-09-06,18,292,295,99526.62,459.32
41,2026-09-06,19,99,238,80009.33,243.05
41,2026-09-06,20,57,98,31274.8,104.2
41,2026-09-06,21,0,60,17760.04,42.33
41,2026-09-07,9,306,44,14427.83,137.73
41,2026-09-07,10,111,133,47183.61,219.25
41,2026-09-07,11,100,116,41460.88,133.35
41,2026-09-07,12,418,134,42518.45,258.33
41,2026-09-07,13,96,201,61701.65,278.58
41,2026-09-07,14,104,144,39998.59,136.6
41,2026-09-07,15,114,66,22042.5,120.5
41,2026-09-07,16,104,93,29526.06,121.08
41,2026-09-07,17,456,115,32777.33,277.4
41,2026-09-07,18,234,247,83346.17,359.68
41,2026-09-07,19,76,209,66001.29,209.18
41,2026-09-07,20,43,84,28777.34,83.22
41,2026-09-07,21,0,46,13260.11,32.4
41,2026-09-08,9,393,62,23078.01,187.0
41,2026-09-08,10,136,155,48126.18,268.6
41,2026-09-08,11,134,149,46939.1,175.7
41,2026-09-08,12,507,139,42179.87,307.2
41,2026-09-08,13,128,251,79679.45,365.45
41,2026-09-08,14,128,186,57929.38,189.3
41,2026-09-08,15,138,111,34116.34,146.43
41,2026-09-08,16,143,91,27959.47,155.33
41,2026-09-08,17,483,162,54011.92,317.82
41,2026-09-08,18,291,263,83180.42,409.98
41,2026-09-08,19,64,219,68924.15,231.13
41,2026-09-08,20,41,98,29500.62,89.97
41,2026-09-08,21,0,43,12676.57,28.92
41,2026-09-09,9,350,39,10490.34,155.37
41,2026-09-09,10,100,173,59015.02,229.62
41,2026-09-09,11,123,131,42367.29,141.47
41,2026-09-09,12,442,124,41194.8,282.48
41,2026-09-09,13,120,246,78837.93,302.9
41,2026-09-09,14,98,130,47408.94,150.4
41,2026-09-09,15,127,95,31126.06,119.93
41,2026-09-09,16,99,79,23724.98,119.63
41,2026-09-09,17,448,103,30264.26,272.88
41,2026-09-09,18,246,229,74883.46,376.92
41,2026-09-09,19,63,219,68224.86,214.17
41,2026-09-09,20,41,83,25141.07,81.55
41,2026-09-09,21,0,40,14392.65,30.47
41,2026-09-10,9,363,50,11832.38,162.32
41,2026-09-10,10,93,168,48773.49,244.18
41,2026-09-10,11,138,131,38473.79,152.6
41,2026-09-10,12,502,151,48018.07,323.05
41,2026-09-10,13,133,245,76435.72,350.15
41,2026-09-10,14,112,149,46009.33,174.87
41,2026-09-10,15,130,106,32809.01,137.58
41,2026-09-10,16,132,88,33083.03,139.02
41,2026-09-10,17,491,146,44574.7,313.58
41,2026-09-10,18,219,257,81097.25,393.32
41,2026-09-10,19,64,223,71279.75,187.92
41,2026-09-10,20,48,66,18112.11,69.12
41,2026-09-10,21,0,43,13303.94,33.17
41,2026-09-11,9,402,59,17911.15,186.78
41,2026-09-11,10,137,171,60639.51,276.97
41,2026-09-11,11,129,177,54477.23,183.1
41,2026-09-11,12,563,163,55573.16,340.48
41,2026-09-11,13,104,268,85909.01,368.13
41,2026-09-11,14,147,184,60831.56,180.8
41,2026-09-11,15,139,99,30208.17,155.57
41,2026-09-11,16,148,96,32602.84,155.78
41,2026-09-11,17,584,173,52932.73,356.6
41,2026-09-11,18,287,298,97398.02,469.33
41,2026-09-11,19,85,249,78258.83,252.28
41,2026-09-11,20,55,98,29524.16,100.33
41,2026-09-11,21,0,51,16228.03,35.15
41,2026-09-12,9,491,78,23526.32,226.95
41,2026-09-12,10,167,220,74141.56,337.25
41,2026-09-12,11,180,188,56895.68,220.1
41,2026-09-12,12,659,207,64632.28,410.53
41,2026-09-12,13,164,324,103598.75,440.52
41,2026-09-12,14,150,205,69881.15,223.92
41,2026-09-12,15,155,110,34101.24,172.42
41,2026-09-12,16,164,123,45730.06,176.92
41,2026-09-12,17,677,165,53525.59,402.88
41,2026-09-12,18,328,341,107005.58,540.57
41,2026-09-12,19,84,281,93804.69,285.15
41,2026-09-12,20,57,115,33140.03,106.95
41,2026-09-12,21,0,54,16065.78,37.02
41,2026-09-13,9,467,64,18113.28,203.62
41,2026-09-13,10,145,197,60985.23,313.35
41,2026-09-13,11,140,180,54232.96,180.68
41,2026-09-13,12,581,172,58665.52,369.4
41,2026-09-13,13,144,288,94988.91,401.02
41,2026-09-13,14,150,198,63738.13,195.93
41,2026-09-13,15,142,100,33027.82,169.63
41,2026-09-13,16,145,124,39703.06,159.15
41,2026-09-13,17,570,163,53700.53,350.62
41,2026-09-13,18,287,302,104036.06,462.28
41,2026-09-13,19,88,229,72065.14,253.93
41,2026-09-13,20,54,102,31569.4,103.87
41,2026-09-13,21,0,54,14752.23,37.0
41,2026-09-14,9,329,37,10222.71,153.8
41,2026-09-14,10,128,158,50718.51,248.77
41,2026-09-14,11,141,141,44996.28,169.03
41,2026-09-14,12,438,143,45647.84,281.68
41,2026-09-14,13,125,222,68625.32,324.08
41,2026-09-14,14,120,163,53402.22,169.55
41,2026-09-14,15,109,74,25616.7,129.7
41,2026-09-14,16,114,108,37079.22,126.08
41,2026-09-14,17,470,120,34903.36,283.55
41,2026-09-14,18,252,243,79560.78,396.3
41,2026-09-14,19,56,228,72974.09,201.28
41,2026-09-14,20,49,73,22890.44,76.17
41,2026-09-14,21,0,46,14320.11,36.32
41,2026-09-15,9,401,53,15388.61,180.92
41,2026-09-15,10,120,181,61562.91,269.58
41,2026-09-15,11,113,140,46593.99,154.43
41,2026-09-15,12,489,141,43219.36,295.77
41,2026-09-15,13,105,229,70826.08,319.97
41,2026-09-15,14,130,161,50476.43,166.1
41,2026-09-15,15,143,103,30616.59,145.62
41,2026-09-15,16,124,97,29243.64,150.58
41,2026-09-15,17,547,151,43672.02,324.78
41,2026-09-15,18,246,274,93054.07,406.88
41,2026-09-15,19,76,206,66917.88,222.83
41,2026-09-15,20,53,83,23853.82,95.15
41,2026-09-15,21,0,47,15321.51,36.08
41,2026-09-16,9,419,51,15445.32,191.52
41,2026-09-16,10,130,188,56638.67,275.88
41,2026-09-16,11,138,156,49718.61,169.35
41,2026-09-16,12,551,148,46142.16,337.6
41,2026-09-16,13,124,281,83738.61,368.38
41,2026-09-16,14,123,153,52744.19,178.92
41,2026-09-16,15,135,88,30321.24,141.17
41,2026-09-16,16,121,89,27623.91,150.92
41,2026-09-16,17,539,166,53042.12,321.05
41,2026-09-16,18,302,292,97672.44,450.55
41,2026-09-16,19,90,255,81334.37,250.35
41,2026-09-16,20,46,90,27865.2,99.58
41,2026-09-16,21,0,58,20585.51,34.72
41,2026-09-17,9,385,59,19234.97,184.5
41,2026-09-17,10,130,153,46979.64,264.0
41,2026-09-17,11,128,161,52317.3,170.28
41,2026-09-17,12,512,155,52561.01,304.97
41,2026-09-17,13,114,236,78248.49,341.35
41,2026-09-17,14,127,183,53666.26,169.4
41,2026-09-17,15,132,86,25163.75,141.97
41,2026-09-17,16,111,101,38315.99,132.85
41,2026-09-17,17,549,136,44016.73,320.12
41,2026-09-17,18,257,287,98823.82,414.98
41,2026-09-17,19,68,224,73647.03,221.57
41,2026-09-17,20,49,87,26351.02,85.52
41,2026-09-17,21,0,47,15362.13,33.88
41,2026-09-18,9,402,49,16480.42,190.17
41,2026-09-18,10,136,193,60216.56,274.22
41,2026-09-18,11,130,168,55548.49,176.97
41,2026-09-18,12,555,133,43369.89,331.22
41,2026-09-18,13,144,279,96584.09,391.03
41,2026-09-18,14,133,211,65185.78,193.9
41,2026-09-18,15,151,96,30030.46,150.45
41,2026-09-18,16,133,96,32822.64,158.03
41,2026-09-18,17,554,161,54314.57,336.15
41,2026-09-18,18,262,277,85387.84,439.13
41,2026-09-18,19,87,219,69942.97,242.07
41,2026-09-18,20,59,105,32828.26,97.88
41,2026-09-18,21,0,63,19220.67,41.97
41,2026-09-19,9,485,67,20442.39,218.32
41,2026-09-19,10,163,204,63561.37,344.95
41,2026-09-19,11,160,195,60134.61,209.93
41,2026-09-19,12,618,181,59975.32,396.9
41,2026-09-19,13,154,303,94989.45,423.93
41,2026-09-19,14,150,211,69508.21,217.27
41,2026-09-19,15,156,115,38725.19,173.52
41,2026-09-19,16,150,114,38163.51,168.65
41,2026-09-19,17,666,185,59409.33,408.4
41,2026-09-19,18,308,321,104755.08,521.45
41,2026-09-19,19,103,272,88322.12,286.17
41,2026-09-19,20,57,112,34101.26,117.08
41,2026-09-19,21,0,57,17298.78,38.87
41,2026-09-20,9,436,65,22398.64,197.35
41,2026-09-20,10,134,178,55932.21,296.6
41,2026-09-20,11,126,163,49446.61,169.83
41,2026-09-20,12,622,186,59952.3,358.98
41,2026-09-20,13,144,284,88991.43,413.22
41,2026-09-20,14,136,212,66594.77,191.38
41,2026-09-20,15,132,83,26382.49,142.0
41,2026-09-20,16,144,109,36715.55,166.12
41,2026-09-20,17,562,166,55564.47,354.62
41,2026-09-20,18,317,326,100516.6,458.48
41,2026-09-20,19,78,268,85310.89,261.63
41,2026-09-20,20,56,89,25730.13,93.82
41,2026-09-20,21,0,52,14912.43,34.87
42,2026-08-24,9,348,49,15040.7,159.93
42,2026-08-24,10,125,162,51936.94,241.18
42,2026-08-24,11,115,146,46335.83,147.52
42,2026-08-24,12,467,120,34185.06,283.95
42,2026-08-24,13,131,218,71398.4,337.7
42,2026-08-24,14,132,197,63162.82,179.5
42,2026-08-24,15,124,88,29797.63,141.43
42,2026-08-24,16,110,106,37253.3,127.75
42,2026-08-24,17,506,146,48708.59,293.38
42,2026-08-24,18,245,256,80384.09,386.15
42,2026-08-24,19,98,225,74408.56,221.53
42,2026-08-24,20,50,97,32912.9,103.03
42,2026-08-24,21,0,57,15680.26,39.87
42,2026-08-25,9,392,53,15066.99,173.52
42,2026-08-25,10,122,194,59343.65,263.75
42,2026-08-25,11,129,142,41484.26,152.57
42,2026-08-25,12,518,144,45846.24,321.23
42,2026-08-25,13,131,280,91102.17,363.17
42,2026-08-25,14,109,171,60853.76,176.8
42,2026-08-25,15,127,90,27954.5,132.22
42,2026-08-25,16,148,109,32926.75,156.85
42,2026-08-25,17,518,168,53366.45,321.37
42,2026-08-25,18,259,290,96774.55,416.6
42,2026-08-25,19,72,232,73126.4,224.33
42,2026-08-25,20,47,95,25935.76,85.75
42,2026-08-25,21,0,40,11842.39,29.82
42,2026-08-26,9,353,37,10747.98,161.9
42,2026-08-26,10,117,152,49193.02,240.05
42,2026-08-26,11,129,135,40609.36,160.25
42,2026-08-26,12,497,145,46311.39,316.28
42,2026-08-26,13,135,231,72362.43,358.23
42,2026-08-26,14,120,200,64126.34,186.42
42,2026-08-26,15,115,95,29041.47,123.9
42,2026-08-26,16,104,89,29500.28,123.78
42,2026-08-26,17,511,134,43665.71,278.08
42,2026-08-26,18,248,247,76808.29,419.08
42,2026-08-26,19,93,233,77645.6,230.15
42,2026-08-26,20,41,92,33236.84,86.2
42,2026-08-26,21,0,43,13237.94,29.15
42,2026-08-27,9,402,47,14750.35,182.88
42,2026-08-27,10,105,176,59581.14,271.77
42,2026-08-27,11,129,142,40066.91,156.78
42,2026-08-27,12,510,153,43362.66,317.42
42,2026-08-27,13,127,248,74023.05,346.0
42,2026-08-27,14,146,175,57322.84,186.95
42,2026-08-27,15,142,99,32342.63,159.68
42,2026-08-27,16,138,109,33505.98,163.43
42,2026-08-27,17,541,164,56634.82,317.08
42,2026-08-27,18,251,282,98142.21,413.82
42,2026-08-27,19,65,213,71917.65,222.2
42,2026-08-27,20,57,92,26068.35,83.72
42,2026-08-27,21,0,47,15289.14,34.93
42,2026-08-28,9,491,80,22606.12,230.47
42,2026-08-28,10,132,209,67353.51,322.85
42,2026-08-28,11,153,179,57705.98,172.57
42,2026-08-28,12,596,150,48290.98,372.18
42,2026-08-28,13,144,292,96141.76,409.23
42,2026-08-28,14,134,184,54539.52,197.68
42,2026-08-28,15,143,111,38454.32,151.82
42,2026-08-28,16,138,94,28430.27,169.72
42,2026-08-28,17,586,176,53861.58,360.67
42,2026-08-28,18,277,297,93800.55,458.55
42,2026-08-28,19,66,252,80326.8,231.67
42,2026-08-28,20,65,82,26577.79,92.32
42,2026-08-28,21,0,58,18220.78,41.95
42,2026-08-29,9,480,62,19774.1,216.8
42,2026-08-29,10,159,208,65277.4,337.6
42,2026-08-29,11,191,191,59809.29,231.15
42,2026-08-29,12,663,221,75635.27,427.15
42,2026-08-29,13,149,327,110111.39,456.92
42,2026-08-29,14,166,218,71927.81,205.28
42,2026-08-29,15,170,103,31720.98,182.3
42,2026-08-29,16,161,144,48442.81,183.83
42,2026-08-29,17,675,198,61397.7,410.37
42,2026-08-29,18,343,346,117089.86,542.93
42,2026-08-29,19,91,279,85832.51,309.67
42,2026-08-29,20,57,129,40294.67,110.72
42,2026-08-29,21,0,57,19522.5,40.12
42,2026-08-30,9,446,63,18106.0,209.6
42,2026-08-30,10,143,188,61079.14,310.78
42,2026-08-30,11,149,177,56674.32,184.88
42,2026-08-30,12,569,163,50295.53,365.78
42,2026-08-30,13,130,272,86162.4,386.33
42,2026-08-30,14,139,199,67385.66,178.98
42,2026-08-30,15,150,86,22454.65,149.48
42,2026-08-30,16,149,113,39372.52,172.57
42,2026-08-30,17,601,184,55703.79,362.22
42,2026-08-30,18,294,316,102202.25,494.47
42,2026-08-30,19,91,286,96076.71,269.65
42,2026-08-30,20,64,111,35441.55,102.77
42,2026-08-30,21,0,54,17956.56,45.17
42,2026-08-31,9,413,47,18072.84,191.62
42,2026-08-31,10,113,162,52051.22,293.07
42,2026-08-31,11,132,156,43733.53,175.93
42,2026-08-31,12,537,144,45186.24,334.45
42,2026-08-31,13,120,280,85212.3,370.07
42,2026-08-31,14,137,169,52295.39,178.32
42,2026-08-31,15,128,100,29797.26,150.72
42,2026-08-31,16,138,107,32842.38,148.93
42,2026-08-31,17,525,161,50889.83,314.0
42,2026-08-31,18,260,246,80425.38,422.5
42,2026-08-31,19,88,229,74598.01,257.07
42,2026-08-31,20,57,108,31799.64,100.85
42,2026-08-31,21,0,50,14652.72,35.87
42,2026-09-01,9,422,66,21346.0,183.88
42,2026-09-01,10,122,191,64571.89,284.8
42,2026-09-01,11,151,181,55774.46,177.75
42,2026-09-01,12,528,174,54744.13,320.52
42,2026-09-01,13,134,260,80371.62,358.83
42,2026-09-01,14,135,182,57552.25,184.95
42,2026-09-01,15,134,96,32595.54,143.9
42,2026-09-01,16,127,100,31753.94,137.37
42,2026-09-01,17,501,159,53449.36,309.65
42,2026-09-01,18,248,248,82115.34,380.65
42,2026-09-01,19,87,205,66447.62,228.07
42,2026-09-01,20,54,97,33834.21,96.37
42,2026-09-01,21,0,50,15863.83,40.08
42,2026-09-02,9,411,66,20757.67,196.82
42,2026-09-02,10,134,193,59533.28,271.13
42,2026-09-02,11,137,153,49179.57,164.47
42,2026-09-02,12,539,155,51940.7,335.33
42,2026-09-02,13,137,261,81304.99,380.28
42,2026-09-02,14,151,186,57611.34,186.82
42,2026-09-02,15,122,94,30455.41,151.83
42,2026-09-02,16,164,108,30884.57,164.28
42,2026-09-02,17,568,182,56647.53,356.75
42,2026-09-02,18,275,279,84346.54,470.4
42,2026-09-02,19,73,258,84205.91,241.08
42,2026-09-02,20,46,92,29476.36,90.9
42,2026-09-02,21,0,42,13350.81,31.3
42,2026-09-03,9,347,56,17083.83,163.55
42,2026-09-03,10,110,140,41731.68,237.13
42,2026-09-03,11,118,142,49866.67,145.7
42,2026-09-03,12,520,147,44745.53,306.87
42,2026-09-03,13,109,231,73596.67,352.35
42,2026-09-03,14,118,196,54014.76,167.35
42,2026-09-03,15,123,90,28428.34,124.15
42,2026-09-03,16,117,97,33016.4,127.28
42,2026-09-03,17,471,132,36887.0,290.8
42,2026-09-03,18,233,261,82108.54,388.47
42,2026-09-03,19,69,195,59416.87,193.48
42,2026-09-03,20,48,86,30293.38,74.5
42,2026-09-03,21,0,40,15041.11,34.08
42,2026-09-04,9,398,56,19213.13,183.88
42,2026-09-04,10,122,171,55269.09,279.25
42,2026-09-04,11,138,152,49499.2,164.93
42,2026-09-04,12,577,151,42477.21,338.13
42,2026-09-04,13,125,274,91291.12,391.33
42,2026-09-04,14,151,201,65656.96,189.98
42,2026-09-04,15,143,100,33525.34,159.0
42,2026-09-04,16,132,100,33351.68,156.95
42,2026-09-04,17,584,175,58478.13,345.6
42,2026-09-04,18,292,291,95427.68,445.53
42,2026-09-04,19,88,237,73622.8,255.12
42,2026-09-04,20,59,116,41227.83,101.62
42,2026-09-04,21,0,56,20652.39,42.73
42,2026-09-05,9,460,56,17917.31,202.22
42,2026-09-05,10,163,182,56937.14,349.65
42,2026-09-05,11,151,205,65635.4,217.4
42,2026-09-05,12,611,169,54472.85,374.57
42,2026-09-05,13,124,300,94141.7,409.03
42,2026-09-05,14,152,202,59737.09,186.95
42,2026-09-05,15,155,101,33122.96,157.03
42,2026-09-05,16,144,104,31801.07,177.63
42,2026-09-05,17,634,175,56532.38,375.5
42,2026-09-05,18,303,324,101490.61,502.02
42,2026-09-05,19,99,275,88123.45,284.37
42,2026-09-05,20,62,117,38965.54,117.77
42,2026-09-05,21,0,61,20812.19,46.67
42,2026-09-06,9,457,79,23149.9,212.87
42,2026-09-06,10,174,196,62260.14,326.93
42,2026-09-06,11,166,181,58493.38,218.32
42,2026-09-06,12,589,181,55379.26,383.18
42,2026-09-06,13,154,302,100310.23,414.03
42,2026-09-06,14,179,216,65575.86,215.17
42,2026-09-06,15,152,108,34836.97,180.6
42,2026-09-06,16,164,112,39645.87,180.15
42,2026-09-06,17,641,180,56445.13,406.67
42,2026-09-06,18,285,314,93123.02,486.92
42,2026-09-06,19,85,279,87217.21,259.55
42,2026-09-06,20,65,105,34724.08,89.97
42,2026-09-06,21,0,55,17071.63,36.43
42,2026-09-07,9,330,45,14811.18,143.03
42,2026-09-07,10,128,148,46255.74,239.65
42,2026-09-07,11,115,131,39207.13,150.43
42,2026-09-07,12,503,141,44842.66,291.92
42,2026-09-07,13,112,244,79692.89,325.88
42,2026-09-07,14,123,167,54309.31,155.18
42,2026-09-07,15,120,85,28489.16,130.92
42,2026-09-07,16,116,87,28692.72,127.88
42,2026-09-07,17,479,135,41594.74,285.82
42,2026-09-07,18,211,238,78097.49,375.33
42,2026-09-07,19,57,192,63445.25,178.43
42,2026-09-07,20,50,72,23617.99,69.55
42,2026-09-07,21,0,37,11664.29,30.9
42,2026-09-08,9,408,52,16047.28,178.48
42,2026-09-08,10,116,183,58107.18,285.7
42,2026-09-08,11,136,153,46514.41,164.38
42,2026-09-08,12,507,155,51359.55,314.58
42,2026-09-08,13,116,251,81576.87,325.03
42,2026-09-08,14,161,169,54583.93,179.7
42,2026-09-08,15,128,100,37609.22,165.32
42,2026-09-08,16,116,114,37831.77,153.05
42,2026-09-08,17,476,125,40070.53,304.98
42,2026-09-08,18,305,251,78132.55,406.67
42,2026-09-08,19,89,238,84621.32,261.22
42,2026-09-08,20,50,118,38141.93,104.5
42,2026-09-08,21,0,49,15264.93,33.02
42,2026-09-09,9,358,61,18635.82,156.38
42,2026-09-09,10,129,141,41201.84,254.08
42,2026-09-09,11,129,150,50875.99,170.18
42,2026-09-09,12,478,138,44946.92,312.62
42,2026-09-09,13,146,268,81910.47,344.07
42,2026-09-09,14,128,163,52174.48,182.7
42,2026-09-09,15,119,103,33692.6,144.65
42,2026-09-09,16,151,92,31966.14,149.18
42,2026-09-09,17,523,155,48513.92,340.93
42,2026-09-09,18,258,264,87892.66,434.57
42,2026-09-09,19,65,235,77332.85,214.03
42,2026-09-09,20,44,88,30490.69,81.35
42,2026-09-09,21,0,42,10365.16,30.07
42,2026-09-10,9,394,47,14112.88,180.77
42,2026-09-10,10,137,175,53856.28,291.35
42,2026-09-10,11,150,139,44839.09,177.37
42,2026-09-10,12,589,190,60359.59,364.75
42,2026-09-10,13,124,282,96060.13,386.93
42,2026-09-10,14,140,178,65065.19,169.63
42,2026-09-10,15,140,96,32256.79,164.25
42,2026-09-10,16,114,111,34367.16,148.82
42,2026-09-10,17,579,148,49160.17,333.53
42,2026-09-10,18,267,276,82119.92,446.07
42,2026-09-10,19,92,256,74793.34,247.95
42,2026-09-10,20,48,93,31746.04,97.2
42,2026-09-10,21,0,45,14620.93,33.25
42,2026-09-11,9,440,46,14181.65,197.65
42,2026-09-11,10,144,196,63812.31,319.85
42,2026-09-11,11,152,165,52225.56,190.73
42,2026-09-11,12,604,183,60969.89,351.37
42,2026-09-11,13,153,281,88503.02,414.0
42,2026-09-11,14,141,208,63388.07,207.67
42,2026-09-11,15,145,115,37621.92,145.35
42,2026-09-11,16,123,100,29517.48,141.92
42,2026-09-11,17,572,142,47729.21,344.9
42,2026-09-11,18,286,299,98814.1,465.9
42,2026-09-11,19,90,258,84886.13,246.48
42,2026-09-11,20,61,100,32127.53,102.98
42,2026-09-11,21,0,61,18843.02,44.62
42,2026-09-12,9,464,76,24222.26,200.97
42,2026-09-12,10,137,203,61945.26,310.73
42,2026-09-12,11,170,183,60036.53,210.48
42,2026-09-12,12,658,186,58189.99,395.13
42,2026-09-12,13,196,290,93926.4,468.88
42,2026-09-12,14,161,235,74431.14,246.73
42,2026-09-12,15,168,132,40272.5,184.32
42,2026-09-12,16,148,132,42326.72,166.95
42,2026-09-12,17,620,166,54980.62,382.32
42,2026-09-12,18,310,305,91169.46,489.75
42,2026-09-12,19,113,275,93652.74,282.73
42,2026-09-12,20,66,118,43858.17,125.67
42,2026-09-12,21,0,63,20526.86,47.87
42,2026-09-13,9,407,56,17268.9,190.18
42,2026-09-13,10,155,201,62960.61,300.88
42,2026-09-13,11,154,173,55111.17,188.97
42,2026-09-13,12,522,174,52390.92,333.33
42,2026-09-13,13,119,249,81510.21,361.42
42,2026-09-13,14,118,176,58592.88,173.62
42,2026-09-13,15,132,96,36176.59,142.53
42,2026-09-13,16,127,99,32804.13,135.4
42,2026-09-13,17,517,149,50206.82,304.75
42,2026-09-13,18,248,265,84484.72,401.7
42,2026-09-13,19,68,218,68959.26,227.73
42,2026-09-13,20,49,77,20869.05,91.07
42,2026-09-13,21,0,50,12593.26,37.75
42,2026-09-14,9,372,56,19003.14,174.37
42,2026-09-14,10,103,168,59126.93,262.48
42,2026-09-14,11,101,121,36828.78,131.57
42,2026-09-14,12,458,121,39205.68,260.28
42,2026-09-14,13,101,205,66325.66,318.9
42,2026-09-14,14,101,174,59290.57,146.32
42,2026-09-14,15,127,82,26939.77,126.78
42,2026-09-14,16,118,80,24867.32,133.37
42,2026-09-14,17,524,140,40485.96,310.92
42,2026-09-14,18,241,284,88922.23,405.8
42,2026-09-14,19,74,220,70459.1,216.52
42,2026-09-14,20,45,79,27372.48,80.6
42,2026-09-14,21,0,46,15023.06,33.22
42,2026-09-15,9,394,47,13886.85,184.88
42,2026-09-15,10,113,175,51478.81,271.92
42,2026-09-15,11,117,156,46965.85,147.95
42,2026-09-15,12,500,132,40542.66,309.42
42,2026-09-15,13,138,232,76374.74,347.13
42,2026-09-15,14,117,180,56827.12,176.35
42,2026-09-15,15,148,83,24442.39,132.7
42,2026-09-15,16,118,100,32153.15,153.82
42,2026-09-15,17,509,145,45716.97,301.65
42,2026-09-15,18,287,278,93343.94,425.13
42,2026-09-15,19,91,226,76867.52,242.9
42,2026-09-15,20,39,106,36028.13,99.95
42,2026-09-15,21,0,48,13247.67,31.77
42,2026-09-16,9,469,68,22042.57,219.12
42,2026-09-16,10,145,202,64546.83,334.63
42,2026-09-16,11,144,195,69765.52,193.27
42,2026-09-16,12,591,174,56695.3,359.52
42,2026-09-16,13,160,297,98906.06,402.07
42,2026-09-16,14,138,194,58083.89,205.1
42,2026-09-16,15,162,123,38171.61,164.93
42,2026-09-16,16,143,96,28777.63,160.77
42,2026-09-16,17,645,180,56975.04,394.37
42,2026-09-16,18,353,346,105972.43,538.75
42,2026-09-16,19,93,300,96145.58,298.57
42,2026-09-16,20,59,112,34904.6,110.37
42,2026-09-16,21,0,56,18095.17,42.35
42,2026-09-17,9,406,47,16120.94,187.95
42,2026-09-17,10,146,185,53032.66,284.78
42,2026-09-17,11,133,166,52185.99,176.2
42,2026-09-17,12,600,153,47668.76,342.6
42,2026-09-17,13,146,289,94032.26,422.72
42,2026-09-17,14,151,195,53511.01,220.68
42,2026-09-17,15,135,124,42108.56,158.77
42,2026-09-17,16,126,91,31318.14,150.85
42,2026-09-17,17,558,169,55513.15,342.18
42,2026-09-17,18,288,283,94787.63,440.38
42,2026-09-17,19,87,239,76179.23,240.4
42,2026-09-17,20,47,100,29322.88,95.52
42,2026-09-17,21,0,52,16542.83,32.88
42,2026-09-18,9,464,49,14267.95,212.85
42,2026-09-18,10,163,206,62314.71,342.15
42,2026-09-18,11,164,196,59321.59,214.68
42,2026-09-18,12,657,208,66194.76,391.35
42,2026-09-18,13,159,298,99612.53,436.8
42,2026-09-18,14,172,221,66592.44,233.68
42,2026-09-18,15,178,116,35569.16,188.5
42,2026-09-18,16,146,140,42235.55,187.77
42,2026-09-18,17,620,193,63190.6,381.92
42,2026-09-18,18,318,340,108784.55,484.45
42,2026-09-18,19,97,256,82477.93,268.63
42,2026-09-18,20,74,112,36169.13,118.23
42,2026-09-18,21,0,72,20620.11,45.67
42,2026-09-19,9,537,64,21762.87,239.02
42,2026-09-19,10,172,243,78760.01,400.33
42,2026-09-19,11,180,236,70948.25,225.05
42,2026-09-19,12,673,188,61884.29,398.4
42,2026-09-19,13,153,280,80701.5,470.62
42,2026-09-19,14,154,253,76724.2,221.03
42,2026-09-19,15,187,112,36953.85,181.7
42,2026-09-19,16,170,133,43087.68,197.53
42,2026-09-19,17,673,204,64592.59,409.85
42,2026-09-19,18,323,353,116957.11,537.15
42,2026-09-19,19,108,291,89821.14,296.95
42,2026-09-19,20,82,119,37410.19,136.25
42,2026-09-19,21,0,73,21998.07,56.22
42,2026-09-20,9,493,67,21613.89,231.08
42,2026-09-20,10,126,217,68431.41,326.57
42,2026-09-20,11,148,163,50654.53,188.3
42,2026-09-20,12,612,161,51202.78,386.92
42,2026-09-20,13,133,299,97946.38,416.93
42,2026-09-20,14,154,211,67374.38,206.4
42,2026-09-20,15,142,109,39633.87,158.43
42,2026-09-20,16,160,112,40215.1,158.55
42,2026-09-20,17,658,185,58787.86,413.03
42,2026-09-20,18,282,335,104489.32,496.72
42,2026-09-20,19,75,271,86807.29,240.13
42,2026-09-20,20,58,96,31489.24,90.18
42,2026-09-20,21,0,45,12764.01,38.32
43,2026-08-24,9,393,60,17831.08,181.1
43,2026-08-24,10,120,163,49493.66,287.33
43,2026-08-24,11,113,162,50767.19,157.5
43,2026-08-24,12,520,155,49345.96,309.67
43,2026-08-24,13,125,230,74288.05,342.13
43,2026-08-24,14,128,165,56086.93,174.75
43,2026-08-24,15,128,94,30327.59,139.28
43,2026-08-24,16,135,91,27471.58,143.87
43,2026-08-24,17,548,170,54551.07,330.67
43,2026-08-24,18,234,281,96196.55,413.05
43,2026-08-24,19,76,217,66025.96,216.3
43,2026-08-24,20,31,85,27921.55,76.67
43,2026-08-24,21,0,38,12728.53,25.15
43,2026-08-25,9,305,49,16362.54,133.13
43,2026-08-25,10,104,121,37914.14,216.85
43,2026-08-25,11,121,133,41314.17,153.42
43,2026-08-25,12,406,124,37453.8,275.07
43,2026-08-25,13,105,205,66639.38,295.52
43,2026-08-25,14,99,151,51734.57,148.88
43,2026-08-25,15,113,80,28421.25,117.63
43,2026-08-25,16,105,80,24466.59,120.1
43,2026-08-25,17,417,108,35878.78,249.63
43,2026-08-25,18,204,234,74636.46,324.15
43,2026-08-25,19,68,184,59854.58,172.08
43,2026-08-25,20,40,76,25091.57,72.7
43,2026-08-25,21,0,39,11367.95,23.93
43,2026-08-26,9,390,53,15280.08,177.9
43,2026-08-26,10,130,174,54545.8,280.38
43,2026-08-26,11,125,154,43874.71,159.07
43,2026-08-26,12,475,122,42042.35,305.03
43,2026-08-26,13,120,242,75335.92,318.53
43,2026-08-26,14,128,150,51131.02,167.8
43,2026-08-26,15,132,103,32679.97,143.97
43,2026-08-26,16,118,88,26389.73,139.58
43,2026-08-26,17,479,144,50337.76,283.6
43,2026-08-26,18,239,226,74152.27,387.88
43,2026-08-26,19,71,223,72648.73,220.9
43,2026-08-26,20,52,85,26762.21,91.1
43,2026-08-26,21,0,45,12756.97,35.58
43,2026-08-27,9,346,40,11198.77,157.37
43,2026-08-27,10,117,142,46572.45,255.75
43,2026-08-27,11,105,152,47534.26,148.78
43,2026-08-27,12,451,129,41810.91,263.98
43,2026-08-27,13,115,217,71947.26,300.15
43,2026-08-27,14,98,160,50373.67,151.1
43,2026-08-27,15,136,84,27454.12,131.08
43,2026-08-27,16,111,76,27200.17,145.63
43,2026-08-27,17,449,145,43337.78,280.73
43,2026-08-27,18,230,240,72649.65,360.28
43,2026-08-27,19,70,182,61704.69,205.92
43,2026-08-27,20,57,93,30564.52,77.75
43,2026-08-27,21,0,43,13995.08,34.23
43,2026-08-28,9,416,55,15161.62,185.87
43,2026-08-28,10,131,193,64040.03,280.93
43,2026-08-28,11,144,155,46290.11,183.85
43,2026-08-28,12,579,179,60316.05,363.92
43,2026-08-28,13,132,285,97684.33,386.0
43,2026-08-28,14,132,184,60451.11,185.43
43,2026-08-28,15,149,101,30895.1,149.57
43,2026-08-28,16,140,104,31616.72,155.52
43,2026-08-28,17,624,154,46748.59,377.4
43,2026-08-28,18,306,332,102763.58,504.13
43,2026-08-28,19,87,274,91787.63,262.18
43,2026-08-28,20,56,98,31015.07,104.98
43,2026-08-28,21,0,58,16847.45,44.03
43,2026-08-29,9,444,58,17474.4,195.57
43,2026-08-29,10,158,179,58984.1,326.23
43,2026-08-29,11,157,215,66797.62,204.58
43,2026-08-29,12,568,160,47232.47,348.5
43,2026-08-29,13,151,266,85543.09,399.43
43,2026-08-29,14,153,210,69700.53,204.65
43,2026-08-29,15,144,113,35012.66,163.8
43,2026-08-29,16,171,112,42130.05,172.75
43,2026-08-29,17,627,157,48617.93,399.03
43,2026-08-29,18,287,347,108347.39,505.95
43,2026-08-29,19,99,265,88948.26,271.07
43,2026-08-29,20,56,113,34027.7,106.8
43,2026-08-29,21,0,49,16391.63,35.73
43,2026-08-30,9,462,63,22730.27,208.72
43,2026-08-30,10,153,197,67178.97,327.37
43,2026-08-30,11,137,202,67117.95,195.3
43,2026-08-30,12,542,158,49782.35,341.25
43,2026-08-30,13,142,274,81603.12,376.05
43,2026-08-30,14,131,177,59812.34,191.52
43,2026-08-30,15,152,113,34782.0,152.25
43,2026-08-30,16,161,108,30687.6,171.33
43,2026-08-30,17,614,185,62660.37,383.27
43,2026-08-30,18,274,310,102529.28,481.37
43,2026-08-30,19,102,279,92431.06,256.47
43,2026-08-30,20,69,106,31446.23,108.25
43,2026-08-30,21,0,63,20687.56,52.25
43,2026-08-31,9,327,38,11308.76,151.05
43,2026-08-31,10,126,137,46886.46,242.32
43,2026-08-31,11,122,160,51954.56,167.32
43,2026-08-31,12,531,153,43544.8,320.92
43,2026-08-31,13,113,263,88112.07,348.23
43,2026-08-31,14,115,151,51200.62,164.7
43,2026-08-31,15,119,84,24966.51,128.78
43,2026-08-31,16,106,104,30575.91,128.98
43,2026-08-31,17,523,164,50340.91,294.47
43,2026-08-31,18,250,266,83615.23,389.4
43,2026-08-31,19,77,211,75970.73,220.13
43,2026-08-31,20,52,95,32273.54,92.45
43,2026-08-31,21,0,55,21122.05,36.07
43,2026-09-01,9,396,59,18875.89,182.48
43,2026-09-01,10,111,180,60435.24,253.12
43,2026-09-01,11,122,131,38478.36,152.78
43,2026-09-01,12,514,139,42256.05,311.08
43,2026-09-01,13,147,240,75072.33,375.8
43,2026-09-01,14,115,197,63336.81,169.83
43,2026-09-01,15,119,75,26737.45,130.22
43,2026-09-01,16,105,85,24401.38,130.05
43,2026-09-01,17,522,151,52303.53,309.12
43,2026-09-01,18,257,259,82198.39,401.85
43,2026-09-01,19,60,217,71882.97,222.4
43,2026-09-01,20,58,85,26056.57,77.37
43,2026-09-01,21,0,49,15895.27,39.32
43,2026-09-02,9,400,51,16931.51,183.77
43,2026-09-02,10,139,173,57140.08,292.2
43,2026-09-02,11,136,165,51917.69,175.3
43,2026-09-02,12,518,162,50873.76,326.08
43,2026-09-02,13,151,245,72695.89,370.03
43,2026-09-02,14,122,208,65521.68,189.08
43,2026-09-02,15,123,99,29681.84,137.33
43,2026-09-02,16,128,93,30683.48,143.13
43,2026-09-02,17,570,166,49598.91,329.7
43,2026-09-02,18,277,274,90116.53,455.4
43,2026-09-02,19,66,246,73691.76,250.25
43,2026-09-02,20,49,103,33290.96,87.78
43,2026-09-02,21,0,38,12225.67,32.02
43,2026-09-03,9,463,66,23856.43,205.35
43,2026-09-03,10,144,216,70867.52,320.52
43,2026-09-03,11,140,168,53788.48,183.85
43,2026-09-03,12,575,163,56269.88,363.55
43,2026-09-03,13,118,277,93846.28,377.85
43,2026-09-03,14,142,174,53762.29,182.05
43,2026-09-03,15,155,104,35591.7,163.23
43,2026-09-03,16,147,120,41117.51,158.12
43,2026-09-03,17,555,158,46212.08,362.08
43,2026-09-03,18,285,265,86742.51,456.98
43,2026-09-03,19,90,240,79131.71,255.93
43,2026-09-03,20,45,103,33553.13,102.17
43,2026-09-03,21,0,49,14374.23,36.03
43,2026-09-04,9,488,72,21779.48,229.75
43,2026-09-04,10,142,197,61551.25,322.42
43,2026-09-04,11,145,176,55116.59,181.2
43,2026-09-04,12,574,168,54074.77,359.65
43,2026-09-04,13,139,243,75605.01,411.07
43,2026-09-04,14,151,217,67948.96,207.85
43,2026-09-04,15,156,111,36354.17,166.92
43,2026-09-04,16,131,111,33813.05,151.47
43,2026-09-04,17,624,173,56341.92,371.1
43,2026-09-04,18,296,309,96972.98,495.5
43,2026-09-04,19,102,266,76791.41,281.38
43,2026-09-04,20,56,121,39806.05,117.28
43,2026-09-04,21,0,62,18167.75,39.88
43,2026-09-05,9,464,63,19209.29,209.53
43,2026-09-05,10,145,211,70100.77,323.72
43,2026-09-05,11,179,180,62895.57,202.52
43,2026-09-05,12,626,185,64373.91,396.28
43,2026-09-05,13,129,304,101978.08,425.3
43,2026-09-05,14,150,213,66008.6,191.25
43,2026-09-05,15,161,116,35297.26,167.05
43,2026-09-05,16,155,112,33365.4,169.02
43,2026-09-05,17,603,173,55587.85,385.68
43,2026-09-05,18,286,329,105404.68,468.8
43,2026-09-05,19,89,249,75850.38,255.48
43,2026-09-05,20,57,107,35454.1,111.13
43,2026-09-05,21,0,56,17808.72,35.87
43,2026-09-06,9,391,59,19829.29,178.98
43,2026-09-06,10,137,171,52333.43,277.87
43,2026-09-06,11,140,161,49397.08,172.57
43,2026-09-06,12,550,155,50757.73,330.92
43,2026-09-06,13,127,257,87159.66,385.88
43,2026-09-06,14,113,175,55631.5,170.05
43,2026-09-06,15,145,79,23051.49,151.95
43,2026-09-06,16,138,110,32899.34,165.97
43,2026-09-06,17,546,167,50426.08,334.97
43,2026-09-06,18,263,269,88164.97,432.08
43,2026-09-06,19,79,243,77553.59,236.7
43,2026-09-06,20,54,95,31571.68,96.73
43,2026-09-06,21,0,56,16131.62,39.53
43,2026-09-07,9,333,43,14009.51,142.65
43,2026-09-07,10,130,134,37957.01,248.87
43,2026-09-07,11,147,155,50206.0,182.02
43,2026-09-07,12,491,161,52532.49,322.68
43,2026-09-07,13,122,243,77500.81,331.22
43,2026-09-07,14,116,165,51260.86,152.83
43,2026-09-07,15,141,76,24497.2,142.38
43,2026-09-07,16,114,101,29167.65,152.92
43,2026-09-07,17,514,149,46946.61,319.43
43,2026-09-07,18,246,275,92046.36,400.97
43,2026-09-07,19,85,207,69841.37,220.73
43,2026-09-07,20,43,93,30318.23,92.43
43,2026-09-07,21,0,50,15529.0,34.73
43,2026-09-08,9,392,56,20687.23,176.52
43,2026-09-08,10,121,181,56043.26,272.68
43,2026-09-08,11,120,162,49570.05,154.25
43,2026-09-08,12,515,146,45573.09,313.87
43,2026-09-08,13,124,248,79439.63,331.72
43,2026-09-08,14,115,186,63872.98,163.83
43,2026-09-08,15,120,102,29725.92,130.45
43,2026-09-08,16,112,85,27417.72,126.7
43,2026-09-08,17,539,149,46669.89,315.48
43,2026-09-08,18,228,267,79790.73,417.83
43,2026-09-08,19,68,208,67502.13,215.38
43,2026-09-08,20,41,90,31316.59,77.38
43,2026-09-08,21,0,44,14409.78,30.53
43,2026-09-09,9,352,45,14563.64,153.85
43,2026-09-09,10,114,148,52114.59,245.85
43,2026-09-09,11,131,140,45381.86,166.75
43,2026-09-09,12,533,166,49704.75,318.6
43,2026-09-09,13,136,280,93060.2,373.38
43,2026-09-09,14,118,166,51522.95,158.12
43,2026-09-09,15,131,84,26431.84,138.95
43,2026-09-09,16,106,95,29296.78,133.92
43,2026-09-09,17,521,136,40822.63,310.82
43,2026-09-09,18,230,251,83691.81,395.57
43,2026-09-09,19,92,200,62073.9,213.15
43,2026-09-09,20,54,93,33572.41,91.67
43,2026-09-09,21,0,42,13472.35,40.67
43,2026-09-10,9,392,41,12743.08,174.77
43,2026-09-10,10,125,173,53558.78,281.15
43,2026-09-10,11,150,169,54261.45,186.62
43,2026-09-10,12,505,159,53349.64,329.47
43,2026-09-10,13,111,258,83343.24,341.45
43,2026-09-10,14,133,167,52684.79,158.1
43,2026-09-10,15,120,84,28046.65,148.85
43,2026-09-10,16,117,104,33150.98,135.03
43,2026-09-10,17,517,156,47525.67,317.08
43,2026-09-10,18,231,277,87933.39,386.6
43,2026-09-10,19,87,174,56340.11,216.95
43,2026-09-10,20,39,96,30902.82,94.45
43,2026-09-10,21,0,52,16775.35,36.62
43,2026-09-11,9,370,54,17909.1,168.33
43,2026-09-11,10,146,150,47802.88,263.28
43,2026-09-11,11,142,165,51338.65,171.78
43,2026-09-11,12,525,158,52152.48,337.37
43,2026-09-11,13,130,258,84506.08,360.32
43,2026-09-11,14,158,181,58159.72,191.55
43,2026-09-11,15,134,106,33542.45,162.32
43,2026-09-11,16,145,121,35616.68,166.27
43,2026-09-11,17,504,183,57332.28,312.8
43,2026-09-11,18,296,258,81572.97,421.65
43,2026-09-11,19,93,246,75401.06,245.17
43,2026-09-11,20,59,97,31874.36,100.55
43,2026-09-11,21,0,51,14766.72,43.55
43,2026-09-12,9,459,72,22959.57,201.02
43,2026-09-12,10,145,204,62669.68,319.83
43,2026-09-12,11,154,183,61083.65,182.78
43,2026-09-12,12,650,172,54848.87,409.38
43,2026-09-12,13,157,326,94927.53,461.57
43,2026-09-12,14,165,242,84237.52,221.2
43,2026-09-12,15,133,127,38152.86,164.88
43,2026-09-12,16,167,99,29233.85,163.83
43,2026-09-12,17,696,199,63434.12,432.27
43,2026-09-12,18,326,360,116174.31,538.28
43,2026-09-12,19,94,280,89195.25,291.45
43,2026-09-12,20,78,126,36533.9,118.13
43,2026-09-12,21,0,73,27008.82,57.12
43,2026-09-13,9,426,71,23893.49,196.17
43,2026-09-13,10,130,171,59015.63,294.48
43,2026-09-13,11,153,163,56773.81,193.32
43,2026-09-13,12,609,193,59802.56,370.37
43,2026-09-13,13,145,272,89494.85,408.87
43,2026-09-13,14,147,207,65772.07,197.68
43,2026-09-13,15,146,103,30806.5,158.45
43,2026-09-13,16,137,123,38808.53,156.48
43,2026-09-13,17,589,168,49864.7,362.03
43,2026-09-13,18,292,301,95561.42,454.37
43,2026-09-13,19,84,241,74138.8,265.45
43,2026-09-13,20,58,124,36135.86,102.42
43,2026-09-13,21,0,48,15622.51,40.4
43,2026-09-14,9,337,61,17325.57,159.87
43,2026-09-14,10,122,153,44283.01,235.15
43,2026-09-14,11,121,133,48088.53,154.28
43,2026-09-14,12,492,142,45516.13,298.73
43,2026-09-14,13,129,254,80354.25,345.15
43,2026-09-14,14,124,166,53640.39,163.75
43,2026-09-14,15,123,87,27655.1,140.53
43,2026-09-14,16,100,98,32706.91,122.52
43,2026-09-14,17,514,143,45375.17,301.82
43,2026-09-14,18,227,281,86488.77,392.53
43,2026-09-14,19,78,202,66897.87,195.82
43,2026-09-14,20,52,85,25673.89,79.68
43,2026-09-14,21,0,37,11568.47,33.43
43,2026-09-15,9,425,56,18604.85,201.33
43,2026-09-15,10,143,184,58720.86,302.42
43,2026-09-15,11,114,160,52940.11,161.95
43,2026-09-15,12,536,146,44048.02,317.82
43,2026-09-15,13,113,246,71989.7,353.28
43,2026-09-15,14,130,181,57396.32,178.7
43,2026-09-15,15,130,84,26698.31,135.85
43,2026-09-15,16,130,85,25805.31,145.9
43,2026-09-15,17,537,170,52678.98,321.32
43,2026-09-15,18,260,280,82707.47,413.12
43,2026-09-15,19,72,243,71910.54,219.47
43,2026-09-15,20,57,76,23965.48,90.72
43,2026-09-15,21,0,58,18922.27,37.87
43,2026-09-16,9,436,66,22113.77,190.52
43,2026-09-16,10,115,174,55945.02,284.58
43,2026-09-16,11,134,184,63495.29,168.48
43,2026-09-16,12,531,122,39200.14,316.28
43,2026-09-16,13,131,239,88065.66,368.12
43,2026-09-16,14,127,186,61415.28,197.75
43,2026-09-16,15,152,96,33821.7,164.67
43,2026-09-16,16,143,117,37920.99,153.92
43,2026-09-16,17,554,172,59820.51,339.18
43,2026-09-16,18,281,298,97141.38,436.25
43,2026-09-16,19,95,209,61542.53,259.83
43,2026-09-16,20,62,119,38106.51,109.98
43,2026-09-16,21,0,45,15540.04,38.97
43,2026-09-17,9,369,47,15260.53,174.4
43,2026-09-17,10,130,153,51378.91,269.8
43,2026-09-17,11,149,158,49578.05,178.0
43,2026-09-17,12,545,165,54824.41,331.22
43,2026-09-17,13,137,259,84461.33,386.78
43,2026-09-17,14,124,191,63784.72,191.65
43,2026-09-17,15,133,90,28169.98,138.48
43,2026-09-17,16,116,100,32739.74,139.78
43,2026-09-17,17,490,147,46843.7,301.08
43,2026-09-17,18,280,259,82521.53,403.1
43,2026-09-17,19,83,240,74421.93,240.75
43,2026-09-17,20,49,94,29870.8,89.05
43,2026-09-17,21,0,45,13349.53,33.67
43,2026-09-18,9,470,61,18782.26,205.7
43,2026-09-18,10,166,204,65324.51,341.15
43,2026-09-18,11,159,215,73892.82,208.27
43,2026-09-18,12,606,175,58699.92,382.12
43,2026-09-18,13,137,271,88000.93,416.35
43,2026-09-18,14,134,218,70522.41,196.43
43,2026-09-18,15,169,122,40525.1,163.9
43,2026-09-18,16,150,99,37789.74,165.43
43,2026-09-18,17,658,188,62970.32,401.33
43,2026-09-18,18,332,345,108056.31,540.42
43,2026-09-18,19,99,296,99015.11,294.03
43,2026-09-18,20,67,123,39041.4,121.03
43,2026-09-18,21,0,56,16645.51,45.45
43,2026-09-19,9,496,65,21767.85,232.43
43,2026-09-19,10,176,216,69814.59,360.07
43,2026-09-19,11,153,186,61060.93,206.08
43,2026-09-19,12,733,229,65769.65,434.83
43,2026-09-19,13,170,357,115921.41,490.73
43,2026-09-19,14,179,239,81628.29,243.97
43,2026-09-19,15,155,151,45725.1,175.4
43,2026-09-19,16,189,107,31386.82,182.25
43,2026-09-19,17,672,201,64711.34,425.75
43,2026-09-19,18,309,349,107358.13,538.7
43,2026-09-19,19,94,282,89467.56,275.43
43,2026-09-19,20,60,108,35631.19,111.45
43,2026-09-19,21,0,57,17877.06,42.8
43,2026-09-20,9,523,77,27649.69,240.72
43,2026-09-20,10,138,240,81373.53,336.9
43,2026-09-20,11,155,185,61820.33,194.22
43,2026-09-20,12,643,186,64136.2,403.28
43,2026-09-20,13,156,293,96637.76,419.2
43,2026-09-20,14,154,213,64891.55,209.9
43,2026-09-20,15,161,113,32670.48,172.47
43,2026-09-20,16,137,102,32117.75,159.23
43,2026-09-20,17,653,181,58597.25,382.7
43,2026-09-20,18,308,350,110761.42,518.48
43,2026-09-20,19,95,272,81990.38,273.97
43,2026-09-20,20,72,126,35541.96,114.28
43,2026-09-20,21,0,62,19227.17,43.42
44,2026-08-24,9,345,48,14247.2,157.6
44,2026-08-24,10,108,161,52441.01,234.25
44,2026-08-24,11,125,132,41947.4,143.37
44,2026-08-24,12,443,130,41169.28,284.27
44,2026-08-24,13,95,218,71701.81,309.8
44,2026-08-24,14,115,151,51047.93,148.5
44,2026-08-24,15,127,78,25029.36,140.0
44,2026-08-24,16,110,97,29943.31,144.85
44,2026-08-24,17,482,149,43789.48,290.28
44,2026-08-24,18,240,230,71597.17,372.95
44,2026-08-24,19,81,230,77876.1,207.72
44,2026-08-24,20,43,75,23137.39,81.32
44,2026-08-24,21,0,48,13812.18,29.32
44,2026-08-25,9,288,28,10209.43,136.32
44,2026-08-25,10,101,131,40387.54,206.88
44,2026-08-25,11,98,123,39553.69,125.35
44,2026-08-25,12,410,120,36374.11,245.45
44,2026-08-25,13,91,207,68787.25,270.1
44,2026-08-25,14,94,136,40090.76,140.42
44,2026-08-25,15,116,86,27834.72,118.67
44,2026-08-25,16,96,76,22585.96,118.87
44,2026-08-25,17,391,114,38393.55,251.92
44,2026-08-25,18,178,211,69581.99,318.02
44,2026-08-25,19,64,161,51388.11,160.5
44,2026-08-25,20,35,73,21223.29,66.55
44,2026-08-25,21,0,29,9588.46,24.1
44,2026-08-26,9,363,55,18054.57,158.0
44,2026-08-26,10,125,159,48601.0,242.3
44,2026-08-26,11,136,127,39938.74,169.03
44,2026-08-26,12,497,150,50041.02,312.27
44,2026-08-26,13,105,252,78514.53,338.65
44,2026-08-26,14,110,143,46489.53,160.92
44,2026-08-26,15,123,89,27054.31,137.07
44,2026-08-26,16,118,90,28415.05,128.93
44,2026-08-26,17,513,147,44949.5,309.12
44,2026-08-26,18,234,261,79998.31,395.72
44,2026-08-26,19,73,213,64857.21,214.27
44,2026-08-26,20,34,84,30088.02,69.48
44,2026-08-26,21,0,31,12278.03,26.53
44,2026-08-27,9,362,45,14124.23,168.3
44,2026-08-27,10,114,142,45060.45,254.9
44,2026-08-27,11,112,157,47984.39,153.12
44,2026-08-27,12,460,130,42452.17,283.52
44,2026-08-27,13,114,202,70132.92,334.03
44,2026-08-27,14,118,179,54996.61,178.28
44,2026-08-27,15,104,104,34978.96,121.2
44,2026-08-27,16,110,75,25972.07,112.72
44,2026-08-27,17,455,125,35081.4,275.52
44,2026-08-27,18,222,227,74353.48,356.88
44,2026-08-27,19,70,186,61860.01,204.75
44,2026-08-27,20,41,85,26468.41,75.88
44,2026-08-27,21,0,38,10645.43,28.63
44,2026-08-28,9,391,62,20900.15,175.1
44,2026-08-28,10,131,171,57093.64,272.9
44,2026-08-28,11,126,147,49037.77,175.37
44,2026-08-28,12,581,180,54715.82,357.75
44,2026-08-28,13,148,277,81076.26,375.05
44,2026-08-28,14,134,189,59690.71,188.95
44,2026-08-28,15,134,101,32712.48,145.9
44,2026-08-28,16,121,96,32462.43,144.18
44,2026-08-28,17,536,165,52538.4,322.42
44,2026-08-28,18,297,269,87926.31,440.48
44,2026-08-28,19,66,241,71723.7,237.48
44,2026-08-28,20,56,95,30856.32,87.47
44,2026-08-28,21,0,46,11602.26,34.82
44,2026-08-29,9,477,63,20368.6,212.47
44,2026-08-29,10,153,199,59515.22,349.58
44,2026-08-29,11,175,209,71148.51,203.32
44,2026-08-29,12,617,196,66929.05,373.08
44,2026-08-29,13,160,298,91917.88,429.03
44,2026-08-29,14,140,239,84761.05,219.07
44,2026-08-29,15,182,119,38243.77,172.77
44,2026-08-29,16,170,113,36573.31,180.03
44,2026-08-29,17,665,188,57733.35,402.8
44,2026-08-29,18,328,354,112700.48,539.42
44,2026-08-29,19,107,317,99037.08,290.92
44,2026-08-29,20,62,109,37821.25,110.28
44,2026-08-29,21,0,56,18544.2,48.15
44,2026-08-30,9,456,54,19815.81,210.63
44,2026-08-30,10,163,193,59253.63,338.65
44,2026-08-30,11,145,191,68799.61,205.9
44,2026-08-30,12,612,185,60052.22,366.35
44,2026-08-30,13,154,265,86823.15,425.5
44,2026-08-30,14,156,218,67410.84,229.68
44,2026-08-30,15,143,132,39313.35,163.43
44,2026-08-30,16,156,92,25497.96,163.2
44,2026-08-30,17,580,188,56424.21,366.92
44,2026-08-30,18,282,284,89046.23,453.68
44,2026-08-30,19,87,258,81035.5,253.67
44,2026-08-30,20,52,110,34022.38,99.98
44,2026-08-30,21,0,52,14745.36,33.83
44,2026-08-31,9,375,65,19535.17,172.55
44,2026-08-31,10,148,159,48144.31,261.82
44,2026-08-31,11,133,174,57225.68,175.07
44,2026-08-31,12,529,150,44921.12,329.53
44,2026-08-31,13,120,265,81079.48,360.87
44,2026-08-31,14,123,170,57404.82,167.32
44,2026-08-31,15,145,88,28347.71,143.95
44,2026-08-31,16,131,102,35597.55,146.48
44,2026-08-31,17,531,137,43261.14,317.52
44,2026-08-31,18,296,261,85999.12,463.55
44,2026-08-31,19,73,249,77494.59,258.0
44,2026-08-31,20,60,102,32332.38,94.88
44,2026-08-31,21,0,54,18492.82,41.03
44,2026-09-01,9,349,45,14924.59,145.27
44,2026-09-01,10,108,149,48252.65,251.07
44,2026-09-01,11,114,149,51464.08,150.3
44,2026-09-01,12,447,139,41821.52,267.9
44,2026-09-01,13,109,213,69121.99,305.15
44,2026-09-01,14,114,139,42712.2,154.42
44,2026-09-01,15,104,78,25727.39,126.27
44,2026-09-01,16,98,86,24219.46,121.77
44,2026-09-01,17,454,136,41953.95,266.67
44,2026-09-01,18,223,223,73536.07,343.45
44,2026-09-01,19,74,180,57753.34,191.42
44,2026-09-01,20,38,96,31684.9,78.67
44,2026-09-01,21,0,32,9293.22,22.6
44,2026-09-02,9,391,59,19568.82,177.53
44,2026-09-02,10,126,185,56996.14,273.62
44,2026-09-02,11,118,150,47915.76,159.78
44,2026-09-02,12,488,138,47300.46,293.45
44,2026-09-02,13,123,230,70959.9,334.12
44,2026-09-02,14,146,191,59314.38,167.4
44,2026-09-02,15,137,85,28105.62,149.77
44,2026-09-02,16,118,114,32000.03,143.47
44,2026-09-02,17,554,142,44615.32,318.9
44,2026-09-02,18,270,289,87073.56,435.23
44,2026-09-02,19,76,231,75861.05,246.37
44,2026-09-02,20,39,99,30947.37,95.35
44,2026-09-02,21,0,47,16695.42,29.13
44,2026-09-03,9,370,53,15335.0,167.77
44,2026-09-03,10,114,154,53829.79,244.95
44,2026-09-03,11,121,142,47408.26,156.58
44,2026-09-03,12,498,148,43967.89,298.03
44,2026-09-03,13,132,243,83565.73,334.87
44,2026-09-03,14,95,158,51795.56,165.6
44,2026-09-03,15,132,93,29942.54,121.15
44,2026-09-03,16,110,92,29502.81,129.03
44,2026-09-03,17,496,126,41066.04,306.02
44,2026-09-03,18,264,266,86928.12,418.38
44,2026-09-03,19,49,224,72135.11,212.98
44,2026-09-03,20,47,89,23452.87,75.03
44,2026-09-03,21,0,32,9383.62,28.72
44,2026-09-04,9,407,62,16313.66,174.55
44,2026-09-04,10,176,179,51098.22,293.77
44,2026-09-04,11,161,176,51618.7,211.62
44,2026-09-04,12,552,189,59003.94,350.53
44,2026-09-04,13,161,286,91048.96,399.05
44,2026-09-04,14,165,204,66700.18,204.4
44,2026-09-04,15,131,123,36841.06,155.13
44,2026-09-04,16,149,95,28200.07,150.27
44,2026-09-04,17,559,163,49960.55,345.2
44,2026-09-04,18,317,298,95732.24,454.38
44,2026-09-04,19,89,257,89178.19,269.65
44,2026-09-04,20,58,112,31832.01,105.17
44,2026-09-04,21,0,53,16122.98,43.7
44,2026-09-05,9,415,52,17350.58,192.68
44,2026-09-05,10,122,189,60030.07,292.0
44,2026-09-05,11,148,173,59529.94,171.58
44,2026-09-05,12,573,145,43630.83,344.13
44,2026-09-05,13,135,280,86279.65,397.72
44,2026-09-05,14,134,203,60064.84,194.62
44,2026-09-05,15,146,97,26744.04,150.43
44,2026-09-05,16,157,104,31491.2,181.08
44,2026-09-05,17,619,203,60493.02,374.57
44,2026-09-05,18,293,309,96687.96,479.83
44,2026-09-05,19,82,265,82869.94,251.47
44,2026-09-05,20,45,102,32279.52,93.33
44,2026-09-05,21,0,48,14649.8,33.68
44,2026-09-06,9,397,60,21651.03,179.73
44,2026-09-06,10,149,179,57430.74,287.68
44,2026-09-06,11,136,154,54015.54,182.72
44,2026-09-06,12,556,164,57056.09,335.42
44,2026-09-06,13,151,264,87586.62,380.88
44,2026-09-06,14,149,191,63690.14,200.38
44,2026-09-06,15,137,113,32050.4,159.58
44,2026-09-06,16,125,107,33812.44,143.62
44,2026-09-06,17,600,159,50068.75,339.57
44,2026-09-06,18,289,300,97065.23,474.7
44,2026-09-06,19,85,259,80711.25,250.25
44,2026-09-06,20,53,89,29073.91,94.25
44,2026-09-06,21,0,54,13730.66,33.4
44,2026-09-07,9,358,46,14030.88,157.22
44,2026-09-07,10,136,168,50048.63,255.55
44,2026-09-07,11,133,141,44615.77,166.45
44,2026-09-07,12,471,171,53663.98,304.75
44,2026-09-07,13,124,225,69467.55,321.02
44,2026-09-07,14,133,168,51112.86,179.82
44,2026-09-07,15,116,95,29635.77,136.65
44,2026-09-07,16,121,85,26985.07,139.22
44,2026-09-07,17,528,146,42140.03,314.1
44,2026-09-07,18,268,270,86456.25,425.8
44,2026-09-07,19,57,234,73099.14,218.97
44,2026-09-07,20,47,79,25857.53,75.48
44,2026-09-07,21,0,45,16185.01,28.75
44,2026-09-08,9,323,40,13274.25,147.32
44,2026-09-08,10,115,157,50881.58,231.48
44,2026-09-08,11,116,128,39569.02,135.13
44,2026-09-08,12,454,147,46590.52,278.25
44,2026-09-08,13,94,214,68687.59,290.82
44,2026-09-08,14,120,139,44008.43,151.37
44,2026-09-08,15,98,83,28475.64,119.63
44,2026-09-08,16,104,72,23229.92,109.2
44,2026-09-08,17,443,130,39828.33,290.92
44,2026-09-08,18,207,230,74879.16,354.1
44,2026-09-08,19,56,192,67409.42,174.6
44,2026-09-08,20,53,69,22500.18,73.1
44,2026-09-08,21,0,54,19155.56,35.17
44,2026-09-09,9,325,48,14511.47,144.15
44,2026-09-09,10,96,146,46173.85,231.57
44,2026-09-09,11,116,131,42038.84,135.23
44,2026-09-09,12,431,116,36378.66,267.53
44,2026-09-09,13,99,218,69697.59,298.6
44,2026-09-09,14,106,153,46173.06,142.12
44,2026-09-09,15,118,83,25098.4,131.27
44,2026-09-09,16,100,88,28351.34,124.38
44,2026-09-09,17,421,120,42095.26,252.4
44,2026-09-09,18,233,214,70155.42,359.08
44,2026-09-09,19,51,199,59854.08,204.65
44,2026-09-09,20,28,72,23911.54,65.03
44,2026-09-09,21,0,27,8329.21,19.28
44,2026-09-10,9,392,52,14430.08,180.02
44,2026-09-10,10,102,159,55286.61,275.15
44,2026-09-10,11,110,151,54139.11,145.95
44,2026-09-10,12,509,141,47875.25,299.73
44,2026-09-10,13,125,239,76778.33,360.18
44,2026-09-10,14,109,191,59429.91,174.38
44,2026-09-10,15,126,97,30464.13,133.28
44,2026-09-10,16,151,97,28026.95,152.77
44,2026-09-10,17,524,157,50613.38,328.03
44,2026-09-10,18,259,266,94843.43,419.23
44,2026-09-10,19,80,228,76286.9,230.8
44,2026-09-10,20,51,95,28739.67,93.35
44,2026-09-10,21,0,43,12861.94,33.22
44,2026-09-11,9,409,67,21665.57,186.68
44,2026-09-11,10,143,157,55171.55,287.73
44,2026-09-11,11,131,163,53856.05,182.03
44,2026-09-11,12,550,151,48165.01,344.63
44,2026-09-11,13,139,281,92958.79,386.5
44,2026-09-11,14,138,186,59590.43,186.87
44,2026-09-11,15,168,100,35338.78,171.88
44,2026-09-11,16,164,112,37019.64,176.47
44,2026-09-11,17,620,181,54497.56,384.68
44,2026-09-11,18,283,326,97045.68,499.32
44,2026-09-11,19,87,267,90612.57,276.07
44,2026-09-11,20,57,113,37530.04,105.1
44,2026-09-11,21,0,49,16370.79,43.48
44,2026-09-12,9,442,55,15112.19,195.5
44,2026-09-12,10,133,190,65612.52,303.65
44,2026-09-12,11,136,162,49392.71,179.07
44,2026-09-12,12,634,205,66344.44,376.28
44,2026-09-12,13,165,306,103126.5,429.48
44,2026-09-12,14,146,235,71659.16,222.0
44,2026-09-12,15,121,106,31176.38,161.1
44,2026-09-12,16,132,109,33618.56,138.32
44,2026-09-12,17,557,146,46060.4,326.18
44,2026-09-12,18,275,286,90656.73,461.3
44,2026-09-12,19,79,246,76187.95,249.83
44,2026-09-12,20,52,106,34648.91,93.6
44,2026-09-12,21,0,48,17183.39,32.37
44,2026-09-13,9,466,68,24538.47,208.52
44,2026-09-13,10,131,185,60997.7,325.73
44,2026-09-13,11,151,203,70924.21,196.67
44,2026-09-13,12,561,164,54119.67,334.68
44,2026-09-13,13,141,275,81183.64,380.0
44,2026-09-13,14,131,189,64195.42,194.03
44,2026-09-13,15,121,106,31445.82,133.57
44,2026-09-13,16,128,91,30554.95,139.7
44,2026-09-13,17,585,143,44884.25,354.38
44,2026-09-13,18,262,304,95532.1,477.98
44,2026-09-13,19,74,249,87835.24,243.98
44,2026-09-13,20,70,97,29452.4,89.28
44,2026-09-13,21,0,63,19745.99,42.75
44,2026-09-14,9,333,38,12489.56,151.8
44,2026-09-14,10,100,141,41751.33,245.93
44,2026-09-14,11,94,149,49619.13,130.53
44,2026-09-14,12,439,117,37264.75,248.52
44,2026-09-14,13,114,188,65596.82,311.92
44,2026-09-14,14,98,151,45137.99,163.72
44,2026-09-14,15,118,98,30590.24,115.27
44,2026-09-14,16,111,78,28188.33,125.62
44,2026-09-14,17,465,148,44913.29,281.13
44,2026-09-14,18,206,225,69758.49,371.57
44,2026-09-14,19,62,211,67559.94,196.62
44,2026-09-14,20,28,83,28064.26,63.9
44,2026-09-14,21,0,30,9127.32,18.32
44,2026-09-15,9,391,58,18820.4,169.88
44,2026-09-15,10,126,174,52155.4,254.75
44,2026-09-15,11,123,140,43963.52,163.87
44,2026-09-15,12,497,145,47228.52,317.7
44,2026-09-15,13,109,258,88728.96,329.25
44,2026-09-15,14,128,173,58367.72,156.1
44,2026-09-15,15,126,86,26287.25,136.45
44,2026-09-15,16,127,96,28574.36,134.43
44,2026-09-15,17,504,138,46086.88,319.9
44,2026-09-15,18,225,261,84564.02,396.75
44,2026-09-15,19,69,205,64353.76,204.27
44,2026-09-15,20,59,88,24215.12,80.63
44,2026-09-15,21,0,41,13615.77,43.45
44,2026-09-16,9,403,71,26624.8,187.87
44,2026-09-16,10,115,175,56798.58,250.08
44,2026-09-16,11,124,154,50296.85,150.98
44,2026-09-16,12,560,137,41446.2,337.82
44,2026-09-16,13,140,275,89661.18,391.43
44,2026-09-16,14,117,205,62816.02,185.3
44,2026-09-16,15,120,88,30020.54,136.28
44,2026-09-16,16,142,95,29877.82,146.97
44,2026-09-16,17,552,166,56657.19,346.23
44,2026-09-16,18,274,287,94830.44,422.97
44,2026-09-16,19,90,228,75336.83,248.1
44,2026-09-16,20,52,101,31704.66,100.33
44,2026-09-16,21,0,40,12088.89,33.47
44,2026-09-17,9,383,44,15127.04,178.68
44,2026-09-17,10,123,167,54777.82,272.2
44,2026-09-17,11,132,153,48761.81,164.02
44,2026-09-17,12,533,144,49591.22,329.3
44,2026-09-17,13,100,245,72365.77,355.38
44,2026-09-17,14,130,162,50510.9,165.98
44,2026-09-17,15,132,102,34039.7,145.85
44,2026-09-17,16,99,97,32713.86,127.93
44,2026-09-17,17,501,123,34940.48,299.93
44,2026-09-17,18,250,273,92415.15,396.6
44,2026-09-17,19,85,213,69421.5,224.92
44,2026-09-17,20,54,87,28219.88,96.03
44,2026-09-17,21,0,51,16903.67,38.43
44,2026-09-18,9,410,57,16192.3,186.78
44,2026-09-18,10,126,168,54500.16,276.37
44,2026-09-18,11,133,146,47569.81,171.82
44,2026-09-18,12,547,146,43797.3,340.4
44,2026-09-18,13,142,273,87732.27,375.78
44,2026-09-18,14,146,188,62918.2,187.37
44,2026-09-18,15,147,107,31215.74,160.98
44,2026-09-18,16,131,104,33114.59,159.68
44,2026-09-18,17,532,153,46453.64,321.35
44,2026-09-18,18,239,253,85826.92,416.47
44,2026-09-18,19,82,216,67585.12,231.63
44,2026-09-18,20,54,106,37445.39,96.25
44,2026-09-18,21,0,50,17821.48,33.67
44,2026-09-19,9,455,73,24757.31,207.0
44,2026-09-19,10,167,185,62415.09,323.07
44,2026-09-19,11,175,203,72181.06,213.2
44,2026-09-19,12,625,202,61351.25,387.77
44,2026-09-19,13,164,300,95843.89,421.88
44,2026-09-19,14,174,213,77698.97,227.53
44,2026-09-19,15,161,120,36488.32,180.88
44,2026-09-19,16,170,125,39607.14,189.45
44,2026-09-19,17,654,199,62787.13,399.93
44,2026-09-19,18,359,319,109908.08,540.85
44,2026-09-19,19,89,302,98231.77,289.88
44,2026-09-19,20,71,121,40355.67,112.52
44,2026-09-19,21,0,53,18081.2,46.9
44,2026-09-20,9,448,57,14600.61,203.55
44,2026-09-20,10,155,201,65400.68,333.43
44,2026-09-20,11,132,184,58473.49,197.03
44,2026-09-20,12,579,179,51727.89,355.53
44,2026-09-20,13,114,263,85948.09,367.42
44,2026-09-20,14,147,180,57426.94,180.83
44,2026-09-20,15,160,98,31472.78,168.98
44,2026-09-20,16,140,132,38913.24,173.15
44,2026-09-20,17,540,175,57053.58,335.95
44,2026-09-20,18,290,256,80987.47,437.4
44,2026-09-20,19,85,236,76176.05,241.55
44,2026-09-20,20,57,94,27195.98,93.53
44,2026-09-20,21,0,54,17463.62,41.1
45,2026-08-24,9,363,49,13984.82,169.38
45,2026-08-24,10,129,168,59198.99,263.8
45,2026-08-24,11,106,156,49959.43,158.87
45,2026-08-24,12,441,133,42305.55,273.77
45,2026-08-24,13,102,218,69565.72,299.93
45,2026-08-24,14,103,143,46511.21,144.0
45,2026-08-24,15,122,76,23895.2,129.08
45,2026-08-24,16,102,78,23086.27,137.55
45,2026-08-24,17,497,131,41786.45,311.85
45,2026-08-24,18,222,250,72189.44,394.13
45,2026-08-24,19,74,203,65163.41,215.22
45,2026-08-24,20,51,103,35268.96,81.93
45,2026-08-24,21,0,38,12073.27,32.0
45,2026-08-25,9,363,50,15671.67,169.38
45,2026-08-25,10,120,148,48087.48,246.42
45,2026-08-25,11,124,142,43347.83,167.8
45,2026-08-25,12,493,148,48216.15,303.17
45,2026-08-25,13,111,240,75874.91,329.32
45,2026-08-25,14,134,162,56083.04,158.8
45,2026-08-25,15,105,92,29084.93,129.05
45,2026-08-25,16,139,89,31203.97,134.6
45,2026-08-25,17,473,120,36254.54,312.8
45,2026-08-25,18,268,260,83616.87,409.42
45,2026-08-25,19,79,205,59364.65,219.35
45,2026-08-25,20,57,106,33089.89,97.57
45,2026-08-25,21,0,48,14528.11,37.22
45,2026-08-26,9,416,65,18904.34,183.72
45,2026-08-26,10,136,178,58568.32,282.18
45,2026-08-26,11,134,160,52827.02,173.9
45,2026-08-26,12,524,155,46888.11,321.58
45,2026-08-26,13,131,235,77321.08,367.53
45,2026-08-26,14,145,198,64909.35,205.12
45,2026-08-26,15,129,110,37288.34,143.67
45,2026-08-26,16,156,112,36386.77,148.72
45,2026-08-26,17,545,172,57076.06,352.5
45,2026-08-26,18,243,282,87325.84,420.98
45,2026-08-26,19,72,222,67261.08,224.4
45,2026-08-26,20,54,85,29597.16,91.22
45,2026-08-26,21,0,51,15640.7,43.65
45,2026-08-27,9,409,54,18754.61,181.73
45,2026-08-27,10,135,181,53629.8,282.48
45,2026-08-27,11,143,144,45261.89,181.77
45,2026-08-27,12,566,167,52420.78,366.62
45,2026-08-27,13,135,280,93142.29,400.93
45,2026-08-27,14,145,205,65318.59,203.65
45,2026-08-27,15,147,100,30050.62,156.43
45,2026-08-27,16,128,115,38172.53,147.02
45,2026-08-27,17,601,141,43288.07,349.73
45,2026-08-27,18,274,306,100541.87,459.27
45,2026-08-27,19,80,253,80925.71,233.43
45,2026-08-27,20,50,99,31309.44,81.22
45,2026-08-27,21,0,38,11219.73,33.82
45,2026-08-28,9,408,58,18455.3,182.17
45,2026-08-28,10,135,181,55350.12,270.07
45,2026-08-28,11,151,165,54173.24,167.28
45,2026-08-28,12,576,158,49092.04,354.02
45,2026-08-28,13,133,268,81461.38,395.78
45,2026-08-28,14,147,205,62505.97,191.87
45,2026-08-28,15,145,95,28523.91,161.13
45,2026-08-28,16,143,108,31870.39,161.5
45,2026-08-28,17,563,178,61056.06,344.85
45,2026-08-28,18,306,286,93487.66,472.93
45,2026-08-28,19,84,260,87134.62,263.12
45,2026-08-28,20,65,99,32109.87,101.95
45,2026-08-28,21,0,55,18115.01,38.95
45,2026-08-29,9,455,63,18300.68,209.12
45,2026-08-29,10,140,209,61688.29,313.12
45,2026-08-29,11,161,159,44832.3,192.18
45,2026-08-29,12,623,177,55924.09,378.52
45,2026-08-29,13,142,289,96030.83,429.45
45,2026-08-29,14,151,208,67370.26,223.0
45,2026-08-29,15,167,128,38629.81,180.88
45,2026-08-29,16,164,125,38784.78,171.47
45,2026-08-29,17,649,196,61985.46,389.68
45,2026-08-29,18,282,327,102985.99,492.63
45,2026-08-29,19,92,248,82071.67,263.57
45,2026-08-29,20,47,102,33528.25,103.77
45,2026-08-29,21,0,52,15862.58,31.17
45,2026-08-30,9,429,59,17059.51,194.52
45,2026-08-30,10,175,187,61381.65,321.4
45,2026-08-30,11,145,192,61184.95,208.67
45,2026-08-30,12,632,187,58656.08,383.78
45,2026-08-30,13,154,308,94718.9,438.12
45,2026-08-30,14,142,211,70626.7,217.3
45,2026-08-30,15,116,96,28186.93,138.88
45,2026-08-30,16,147,94,32532.98,144.18
45,2026-08-30,17,635,162,49387.98,383.43
45,2026-08-30,18,309,359,117517.7,515.07
45,2026-08-30,19,79,277,91643.25,262.75
45,2026-08-30,20,57,104,35213.56,104.58
45,2026-08-30,21,0,52,15947.29,38.57
45,2026-08-31,9,450,55,16597.05,209.35
45,2026-08-31,10,141,201,65401.28,303.02
45,2026-08-31,11,134,164,56065.17,175.82
45,2026-08-31,12,555,165,53259.8,345.68
45,2026-08-31,13,122,275,91020.31,363.43
45,2026-08-31,14,124,164,54060.79,168.3
45,2026-08-31,15,150,108,35760.91,160.07
45,2026-08-31,16,130,109,36219.56,145.97
45,2026-08-31,17,553,166,50033.6,331.82
45,2026-08-31,18,275,283,86704.39,449.85
45,2026-08-31,19,89,249,73831.55,260.68
45,2026-08-31,20,65,107,34716.75,106.8
45,2026-08-31,21,0,56,18657.86,42.83
45,2026-09-01,9,431,63,19679.14,198.67
45,2026-09-01,10,126,171,58883.35,292.63
45,2026-09-01,11,135,171,52527.57,176.33
45,2026-09-01,12,593,166,56150.29,357.62
45,2026-09-01,13,123,290,101963.42,410.47
45,2026-09-01,14,139,202,63333.71,170.72
45,2026-09-01,15,140,107,33453.44,150.48
45,2026-09-01,16,124,98,34984.16,139.13
45,2026-09-01,17,509,154,49946.76,318.2
45,2026-09-01,18,256,256,85332.53,408.45
45,2026-09-01,19,97,213,67856.81,249.62
45,2026-09-01,20,50,107,34964.46,104.75
45,2026-09-01,21,0,53,15842.12,40.58
45,2026-09-02,9,442,54,17468.04,206.27
45,2026-09-02,10,116,208,64062.77,299.92
45,2026-09-02,11,138,163,58103.33,162.3
45,2026-09-02,12,491,160,47500.3,307.4
45,2026-09-02,13,112,227,69091.0,317.38
45,2026-09-02,14,143,160,51536.28,171.87
45,2026-09-02,15,133,113,39643.98,155.17
45,2026-09-02,16,115,97,27297.52,138.58
45,2026-09-02,17,542,155,51627.23,323.33
45,2026-09-02,18,307,277,90257.29,447.37
45,2026-09-02,19,85,232,72408.21,265.82
45,2026-09-02,20,42,117,36784.34,95.4
45,2026-09-02,21,0,46,14158.53,31.77
45,2026-09-03,9,398,50,17320.47,173.88
45,2026-09-03,10,129,161,49486.63,280.23
45,2026-09-03,11,131,167,51885.54,176.2
45,2026-09-03,12,534,163,52419.97,328.33
45,2026-09-03,13,114,235,71034.89,362.87
45,2026-09-03,14,144,193,66500.1,178.82
45,2026-09-03,15,127,93,30942.73,145.9
45,2026-09-03,16,129,96,33259.07,145.03
45,2026-09-03,17,549,163,52498.12,338.63
45,2026-09-03,18,248,275,89601.99,424.35
45,2026-09-03,19,68,224,71777.81,215.47
45,2026-09-03,20,56,97,32372.29,81.87
45,2026-09-03,21,0,44,14298.6,29.57
45,2026-09-04,9,456,70,19755.53,200.87
45,2026-09-04,10,133,192,62664.21,298.2
45,2026-09-04,11,152,159,49024.5,183.27
45,2026-09-04,12,547,160,51252.55,350.92
45,2026-09-04,13,133,257,80404.2,381.73
45,2026-09-04,14,144,190,57618.67,199.3
45,2026-09-04,15,149,111,36432.07,156.27
45,2026-09-04,16,130,104,33176.56,160.28
45,2026-09-04,17,563,173,55340.68,336.27
45,2026-09-04,18,278,297,98571.93,460.0
45,2026-09-04,19,85,257,79570.64,247.28
45,2026-09-04,20,55,96,28313.85,93.73
45,2026-09-04,21,0,43,12930.16,39.52
45,2026-09-05,9,490,72,22220.25,221.55
45,2026-09-05,10,155,214,66197.7,335.93
45,2026-09-05,11,151,191,60304.77,197.55
45,2026-09-05,12,647,169,58364.76,375.12
45,2026-09-05,13,160,300,91355.5,444.03
45,2026-09-05,14,155,242,86132.82,222.07
45,2026-09-05,15,175,110,33285.58,174.55
45,2026-09-05,16,165,126,38969.08,180.55
45,2026-09-05,17,694,186,61192.2,432.03
45,2026-09-05,18,341,358,114087.21,545.98
45,2026-09-05,19,96,292,91251.68,303.88
45,2026-09-05,20,54,119,37895.2,114.38
45,2026-09-05,21,0,57,17651.13,39.78
45,2026-09-06,9,465,65,21838.0,211.08
45,2026-09-06,10,164,208,69197.16,329.85
45,2026-09-06,11,154,186,56442.09,214.53
45,2026-09-06,12,655,213,70098.49,385.53
45,2026-09-06,13,156,311,106233.78,433.22
45,2026-09-06,14,175,218,69540.69,218.57
45,2026-09-06,15,153,133,41738.5,183.82
45,2026-09-06,16,144,120,39885.36,171.17
45,2026-09-06,17,674,184,54546.34,397.1
45,2026-09-06,18,373,347,110929.24,565.53
45,2026-09-06,19,100,300,94625.35,315.28
45,2026-09-06,20,67,138,44198.53,120.18
45,2026-09-06,21,0,54,17738.64,43.15
45,2026-09-07,9,357,50,16144.53,157.05
45,2026-09-07,10,123,166,48455.29,254.7
45,2026-09-07,11,116,127,42218.42,159.53
45,2026-09-07,12,487,147,45117.94,316.92
45,2026-09-07,13,119,244,76294.34,319.52
45,2026-09-07,14,124,155,50636.53,161.98
45,2026-09-07,15,115,83,25399.84,126.07
45,2026-09-07,16,110,87,26388.67,127.55
45,2026-09-07,17,509,138,49492.29,295.77
45,2026-09-07,18,260,250,76375.89,427.83
45,2026-09-07,19,86,234,71537.34,236.15
45,2026-09-07,20,47,102,32939.85,99.47
45,2026-09-07,21,0,52,16602.49,33.53
45,2026-09-08,9,369,55,15678.37,164.42
45,2026-09-08,10,118,166,56984.92,246.12
45,2026-09-08,11,118,140,44422.13,151.6
45,2026-09-08,12,473,130,42972.29,297.17
45,2026-09-08,13,117,230,72218.37,334.83
45,2026-09-08,14,128,163,49056.4,174.68
45,2026-09-08,15,129,91,28679.53,143.87
45,2026-09-08,16,90,83,25168.58,119.32
45,2026-09-08,17,500,135,46330.51,289.28
45,2026-09-08,18,210,243,82128.81,378.38
45,2026-09-08,19,75,186,55471.72,192.6
45,2026-09-08,20,50,90,28662.25,91.27
45,2026-09-08,21,0,49,13787.84,34.85
45,2026-09-09,9,383,44,15271.72,186.07
45,2026-09-09,10,140,177,54591.27,292.57
45,2026-09-09,11,111,163,51772.02,169.47
45,2026-09-09,12,507,147,47232.16,310.98
45,2026-09-09,13,124,216,65879.12,352.9
45,2026-09-09,14,115,170,51188.72,176.42
45,2026-09-09,15,123,85,27564.36,134.02
45,2026-09-09,16,104,85,28060.31,126.88
45,2026-09-09,17,494,154,44838.92,299.05
45,2026-09-09,18,275,246,73394.08,399.15
45,2026-09-09,19,68,230,71252.93,234.03
45,2026-09-09,20,62,101,33547.78,90.37
45,2026-09-09,21,0,50,19815.82,37.58
45,2026-09-10,9,379,58,20673.53,173.28
45,2026-09-10,10,101,149,48091.61,249.47
45,2026-09-10,11,107,144,46654.65,158.82
45,2026-09-10,12,487,140,42620.46,278.27
45,2026-09-10,13,121,222,75248.87,321.82
45,2026-09-10,14,130,181,56179.97,178.08
45,2026-09-10,15,150,97,30679.48,152.55
45,2026-09-10,16,109,103,33000.75,153.88
45,2026-09-10,17,502,148,43418.19,293.73
45,2026-09-10,18,256,260,85529.02,400.72
45,2026-09-10,19,64,244,80483.48,221.03
45,2026-09-10,20,42,90,31766.92,82.55
45,2026-09-10,21,0,41,14664.49,32.95
45,2026-09-11,9,430,55,21528.18,193.88
45,2026-09-11,10,163,194,60351.55,314.25
45,2026-09-11,11,158,196,62201.4,192.78
45,2026-09-11,12,580,180,63442.89,389.65
45,2026-09-11,13,136,289,94124.23,388.45
45,2026-09-11,14,138,206,69233.78,189.63
45,2026-09-11,15,150,91,27649.43,161.78
45,2026-09-11,16,159,128,39536.37,168.07
45,2026-09-11,17,615,180,58966.41,368.08
45,2026-09-11,18,288,319,103390.1,481.85
45,2026-09-11,19,88,275,84349.24,258.27
45,2026-09-11,20,48,92,28183.36,92.65
45,2026-09-11,21,0,48,17917.43,27.18
45,2026-09-12,9,464,62,19138.91,201.47
45,2026-09-12,10,141,201,62864.03,320.62
45,2026-09-12,11,139,182,61020.83,192.35
45,2026-09-12,12,596,174,52372.38,368.55
45,2026-09-12,13,154,292,95666.66,434.37
45,2026-09-12,14,157,212,72287.05,208.6
45,2026-09-12,15,164,113,36599.01,171.77
45,2026-09-12,16,157,119,37800.79,171.45
45,2026-09-12,17,666,190,59261.81,407.35
45,2026-09-12,18,338,335,101065.91,549.38
45,2026-09-12,19,91,274,88568.44,298.88
45,2026-09-12,20,63,114,34526.69,111.93
45,2026-09-12,21,0,58,17941.0,43.7
45,2026-09-13,9,456,71,22433.54,208.43
45,2026-09-13,10,133,204,64870.83,299.22
45,2026-09-13,11,145,156,51011.04,187.07
45,2026-09-13,12,582,174,54954.21,366.27
45,2026-09-13,13,143,260,82995.19,402.08
45,2026-09-13,14,155,218,77698.27,196.48
45,2026-09-13,15,152,111,36831.02,164.02
45,2026-09-13,16,147,116,39818.51,170.98
45,2026-09-13,17,625,190,55636.49,379.55
45,2026-09-13,18,335,308,105983.68,521.68
45,2026-09-13,19,99,318,105117.15,299.5
45,2026-09-13,20,50,112,33778.1,97.88
45,2026-09-13,21,0,48,18820.61,34.85
45,2026-09-14,9,365,45,14793.72,167.15
45,2026-09-14,10,117,171,55665.06,253.43
45,2026-09-14,11,124,132,42830.43,159.72
45,2026-09-14,12,464,130,43790.29,286.82
45,2026-09-14,13,129,255,80768.69,324.37
45,2026-09-14,14,111,160,51608.91,166.13
45,2026-09-14,15,123,86,25542.37,134.37
45,2026-09-14,16,115,86,24812.74,130.52
45,2026-09-14,17,480,125,37522.97,289.6
45,2026-09-14,18,264,248,74494.31,392.38
45,2026-09-14,19,71,220,69238.47,236.1
45,2026-09-14,20,38,93,28291.85,88.85
45,2026-09-14,21,0,28,8831.09,27.95
45,2026-09-15,9,384,50,18061.1,183.93
45,2026-09-15,10,123,166,52748.79,265.22
45,2026-09-15,11,121,144,47275.98,157.5
45,2026-09-15,12,475,150,45284.45,295.92
45,2026-09-15,13,131,244,75856.11,326.6
45,2026-09-15,14,126,168,56314.09,165.18
45,2026-09-15,15,116,90,27316.57,137.22
45,2026-09-15,16,110,86,27815.03,131.83
45,2026-09-15,17,471,137,41493.55,290.63
45,2026-09-15,18,223,207,60476.18,387.07
45,2026-09-15,19,71,223,70131.89,219.97
45,2026-09-15,20,45,81,22733.14,82.02
45,2026-09-15,21,0,45,14795.54,32.75
45,2026-09-16,9,444,66,21760.38,199.78
45,2026-09-16,10,147,188,60852.77,327.27
45,2026-09-16,11,153,182,54466.22,198.0
45,2026-09-16,12,550,153,49626.01,358.05
45,2026-09-16,13,123,290,93246.26,370.85
45,2026-09-16,14,143,155,52675.5,187.07
45,2026-09-16,15,146,113,37424.21,156.9
45,2026-09-16,16,136,108,31162.14,149.33
45,2026-09-16,17,610,170,53946.37,364.52
45,2026-09-16,18,265,306,97947.97,478.42
45,2026-09-16,19,72,244,76568.89,231.48
45,2026-09-16,20,50,85,26651.14,83.47
45,2026-09-16,21,0,44,12879.74,29.35
45,2026-09-17,9,406,48,14408.51,182.95
45,2026-09-17,10,116,181,59196.53,288.85
45,2026-09-17,11,130,169,53391.36,154.28
45,2026-09-17,12,554,134,47630.8,324.12
45,2026-09-17,13,110,273,86003.95,379.53
45,2026-09-17,14,128,187,61220.62,165.87
45,2026-09-17,15,132,91,29785.09,147.9
45,2026-09-17,16,134,112,36361.68,154.97
45,2026-09-17,17,614,172,55214.01,368.85
45,2026-09-17,18,291,318,100938.0,479.57
45,2026-09-17,19,92,263,85131.55,266.35
45,2026-09-17,20,63,111,35825.82,105.65
45,2026-09-17,21,0,54,18272.39,38.87
45,2026-09-18,9,476,67,22369.31,211.83
45,2026-09-18,10,145,215,67850.34,326.93
45,2026-09-18,11,172,185,60694.55,202.4
45,2026-09-18,12,608,184,59068.68,386.13
45,2026-09-18,13,146,313,105825.87,421.98
45,2026-09-18,14,166,217,70219.39,203.15
45,2026-09-18,15,173,105,34519.13,183.25
45,2026-09-18,16,140,124,39815.82,177.57
45,2026-09-18,17,650,188,56426.82,385.23
45,2026-09-18,18,310,333,111148.52,503.33
45,2026-09-18,19,90,265,79148.92,264.87
45,2026-09-18,20,62,98,30305.71,112.4
45,2026-09-18,21,0,47,15340.79,43.17
45,2026-09-19,9,458,59,20292.96,211.23
45,2026-09-19,10,113,199,61822.95,314.27
45,2026-09-19,11,153,177,55774.71,178.57
45,2026-09-19,12,576,157,47921.33,341.52
45,2026-09-19,13,145,293,89559.95,389.1
45,2026-09-19,14,142,211,65228.69,190.72
45,2026-09-19,15,148,100,27991.02,147.53
45,2026-09-19,16,135,106,33501.6,158.63
45,2026-09-19,17,610,166,55848.38,366.83
45,2026-09-19,18,285,307,97821.09,473.48
45,2026-09-19,19,108,246,72252.36,269.25
45,2026-09-19,20,60,106,33273.52,114.83
45,2026-09-19,21,0,59,16909.57,43.27
45,2026-09-20,9,479,72,22485.66,209.28
45,2026-09-20,10,164,217,69985.26,335.92
45,2026-09-20,11,156,202,64647.79,190.58
45,2026-09-20,12,602,165,52941.03,373.48
45,2026-09-20,13,150,311,101589.75,417.72
45,2026-09-20,14,183,214,68977.39,219.4
45,2026-09-20,15,133,120,44205.56,185.95
45,2026-09-20,16,145,118,37252.34,158.32
45,2026-09-20,17,631,152,44210.99,379.58
45,2026-09-20,18,277,321,102286.99,494.13
45,2026-09-20,19,101,276,87828.74,254.45
45,2026-09-20,20,65,105,32759.46,122.35
45,2026-09-20,21,0,73,22775.32,51.4
46,2026-08-24,9,383,58,19391.93,174.35
46,2026-08-24,10,103,162,51325.36,256.28
46,2026-08-24,11,114,153,45789.16,145.53
46,2026-08-24,12,472,124,38880.16,286.63
46,2026-08-24,13,133,228,75157.67,341.3
46,2026-08-24,14,104,158,53224.81,163.93
46,2026-08-24,15,109,84,26930.53,121.58
46,2026-08-24,16,133,83,25429.92,129.53
46,2026-08-24,17,508,148,48334.52,314.08
46,2026-08-24,18,219,271,88521.89,389.17
46,2026-08-24,19,69,202,61885.06,200.05
46,2026-08-24,20,49,92,27619.18,80.65
46,2026-08-24,21,0,45,15270.42,34.17
46,2026-08-25,9,370,49,11445.48,164.1
46,2026-08-25,10,104,159,53065.39,249.23
46,2026-08-25,11,116,129,42798.25,138.52
46,2026-08-25,12,502,124,37795.49,308.85
46,2026-08-25,13,116,257,83274.54,347.38
46,2026-08-25,14,112,158,51073.85,160.13
46,2026-08-25,15,120,84,29365.47,141.45
46,2026-08-25,16,118,89,28655.89,131.88
46,2026-08-25,17,508,132,40517.96,300.92
46,2026-08-25,18,257,260,83959.83,421.27
46,2026-08-25,19,68,233,75789.51,226.28
46,2026-08-25,20,43,86,28952.96,89.72
46,2026-08-25,21,0,42,11799.52,27.52
46,2026-08-26,9,388,53,18177.08,167.87
46,2026-08-26,10,100,175,55442.08,267.47
46,2026-08-26,11,114,133,40398.25,139.52
46,2026-08-26,12,489,144,48540.2,299.38
46,2026-08-26,13,130,231,80486.66,340.93
46,2026-08-26,14,118,164,55878.0,173.38
46,2026-08-26,15,120,102,34752.18,132.28
46,2026-08-26,16,116,76,22972.47,128.9
46,2026-08-26,17,525,144,44770.26,327.03
46,2026-08-26,18,257,294,100456.47,418.3
46,2026-08-26,19,70,223,69938.21,206.18
46,2026-08-26,20,37,85,27469.2,76.75
46,2026-08-26,21,0,42,16980.6,34.72
46,2026-08-27,9,382,50,15412.64,173.17
46,2026-08-27,10,128,172,53270.67,278.98
46,2026-08-27,11,112,162,52835.06,162.75
46,2026-08-27,12,484,130,40623.79,287.62
46,2026-08-27,13,137,223,68086.31,348.98
46,2026-08-27,14,111,203,64765.61,172.97
46,2026-08-27,15,116,85,24303.55,122.72
46,2026-08-27,16,117,82,25728.5,132.47
46,2026-08-27,17,463,146,43344.26,300.55
46,2026-08-27,18,267,235,76182.75,398.75
46,2026-08-27,19,73,233,74101.45,233.27
46,2026-08-27,20,49,96,29567.63,94.8
46,2026-08-27,21,0,47,19404.12,32.47
46,2026-08-28,9,380,51,16357.12,158.88
46,2026-08-28,10,126,164,54757.24,266.23
46,2026-08-28,11,123,146,50684.85,167.7
46,2026-08-28,12,504,147,44197.43,302.28
46,2026-08-28,13,147,241,80231.92,362.62
46,2026-08-28,14,144,190,57642.01,198.33
46,2026-08-28,15,140,110,34632.94,149.78
46,2026-08-28,16,163,117,36862.94,161.27
46,2026-08-28,17,594,175,56349.58,357.8
46,2026-08-28,18,260,282,92201.69,461.67
46,2026-08-28,19,63,247,76502.31,237.7
46,2026-08-28,20,60,94,32684.83,90.28
46,2026-08-28,21,0,46,13965.42,40.82
46,2026-08-29,9,444,65,23444.93,198.97
46,2026-08-29,10,150,188,63972.73,303.3
46,2026-08-29,11,164,181,57461.52,198.4
46,2026-08-29,12,672,194,62402.12,405.33
46,2026-08-29,13,149,303,94551.23,438.0
46,2026-08-29,14,158,223,73556.73,206.68
46,2026-08-29,15,171,106,33756.88,178.17
46,2026-08-29,16,173,139,41600.44,196.98
46,2026-08-29,17,662,203,63861.73,410.02
46,2026-08-29,18,346,362,113114.3,525.53
46,2026-08-29,19,95,276,86264.39,300.52
46,2026-08-29,20,66,126,36531.71,112.38
46,2026-08-29,21,0,63,20416.69,51.4
46,2026-08-30,9,452,60,20129.75,207.77
46,2026-08-30,10,124,195,64469.89,305.13
46,2026-08-30,11,167,144,46195.7,195.58
46,2026-08-30,12,632,194,61246.93,394.78
46,2026-08-30,13,160,301,101429.83,444.7
46,2026-08-30,14,159,240,78839.23,231.93
46,2026-08-30,15,152,123,36832.43,183.35
46,2026-08-30,16,146,113,34339.16,156.25
46,2026-08-30,17,611,188,62190.11,364.68
46,2026-08-30,18,295,319,102480.48,474.17
46,2026-08-30,19,105,248,80576.88,266.75
46,2026-08-30,20,57,110,32653.73,117.03
46,2026-08-30,21,0,60,17173.19,41.95
46,2026-08-31,9,357,52,16359.88,164.15
46,2026-08-31,10,111,161,49840.63,240.68
46,2026-08-31,11,119,140,42970.2,147.65
46,2026-08-31,12,482,139,44778.82,285.72
46,2026-08-31,13,113,233,78079.9,327.08
46,2026-08-31,14,125,180,59127.44,163.28
46,2026-08-31,15,109,81,28902.54,124.65
46,2026-08-31,16,134,86,29680.64,134.35
46,2026-08-31,17,498,156,43896.92,312.43
46,2026-08-31,18,220,257,82469.78,382.38
46,2026-08-31,19,66,202,66257.22,191.57
46,2026-08-31,20,56,74,23345.36,79.93
46,2026-08-31,21,0,42,13758.84,38.05
46,2026-09-01,9,432,49,13802.38,193.73
46,2026-09-01,10,127,207,67554.56,304.48
46,2026-09-01,11,159,165,50731.51,182.85
46,2026-09-01,12,575,167,51760.45,371.33
46,2026-09-01,13,133,282,88234.03,382.58
46,2026-09-01,14,152,195,60354.96,188.17
46,2026-09-01,15,145,95,30059.88,171.22
46,2026-09-01,16,134,133,45323.54,155.33
46,2026-09-01,17,562,165,51128.57,339.38
46,2026-09-01,18,286,287,93022.07,456.58
46,2026-09-01,19,78,252,76510.86,245.6
46,2026-09-01,20,52,96,33826.6,100.17
46,2026-09-01,21,0,53,16793.65,39.03
46,2026-09-02,9,384,50,15595.16,177.05
46,2026-09-02,10,125,176,54928.13,271.05
46,2026-09-02,11,127,157,54952.31,166.22
46,2026-09-02,12,509,168,55297.6,313.88
46,2026-09-02,13,121,243,80847.32,338.8
46,2026-09-02,14,130,185,56145.92,171.47
46,2026-09-02,15,128,84,22909.88,131.2
46,2026-09-02,16,119,87,28857.42,129.53
46,2026-09-02,17,490,142,45262.77,300.88
46,2026-09-02,18,246,231,74609.01,409.0
46,2026-09-02,19,84,231,72868.37,213.35
46,2026-09-02,20,56,93,29424.68,87.58
46,2026-09-02,21,0,44,17980.65,39.6
46,2026-09-03,9,383,47,11666.19,172.42
46,2026-09-03,10,93,160,51271.24,257.25
46,2026-09-03,11,157,145,46139.63,164.82
46,2026-09-03,12,515,156,47617.75,328.43
46,2026-09-03,13,121,254,74411.1,334.83
46,2026-09-03,14,143,167,53469.06,181.42
46,2026-09-03,15,99,94,31312.62,130.63
46,2026-09-03,16,123,88,26751.73,129.28
46,2026-09-03,17,528,142,49265.64,320.32
46,2026-09-03,18,236,269,83017.11,402.4
46,2026-09-03,19,74,226,72339.09,219.33
46,2026-09-03,20,29,79,21073.99,74.78
46,2026-09-03,21,0,37,10996.35,32.13
46,2026-09-04,9,394,58,17564.39,178.48
46,2026-09-04,10,132,183,61735.56,274.48
46,2026-09-04,11,134,156,49963.47,162.8
46,2026-09-04,12,530,159,51003.08,316.37
46,2026-09-04,13,108,246,80686.37,350.3
46,2026-09-04,14,134,176,58382.29,176.65
46,2026-09-04,15,124,91,28380.43,142.18
46,2026-09-04,16,116,98,28221.43,126.48
46,2026-09-04,17,550,136,42871.67,329.03
46,2026-09-04,18,284,270,86568.21,455.23
46,2026-09-04,19,79,247,78492.07,249.48
46,2026-09-04,20,49,101,32827.38,94.68
46,2026-09-04,21,0,49,14676.65,34.8
46,2026-09-05,9,495,66,22955.35,228.62
46,2026-09-05,10,166,219,70121.77,338.98
46,2026-09-05,11,161,187,60989.42,197.95
46,2026-09-05,12,636,193,64073.93,410.12
46,2026-09-05,13,161,310,93192.65,436.83
46,2026-09-05,14,161,223,70743.04,221.27
46,2026-09-05,15,168,131,38398.8,182.02
46,2026-09-05,16,145,117,41050.5,172.53
46,2026-09-05,17,699,189,63077.93,412.82
46,2026-09-05,18,349,358,117194.37,580.82
46,2026-09-05,19,86,314,99169.96,298.87
46,2026-09-05,20,62,111,34245.94,107.73
46,2026-09-05,21,0,54,17998.33,43.45
46,2026-09-06,9,454,77,22024.64,197.32
46,2026-09-06,10,149,173,60196.3,321.22
46,2026-09-06,11,152,195,60867.78,202.52
46,2026-09-06,12,588,150,45554.78,376.52
46,2026-09-06,13,140,297,98595.58,422.42
46,2026-09-06,14,165,204,63159.9,204.47
46,2026-09-06,15,140,113,34493.83,173.05
46,2026-09-06,16,145,122,39707.04,152.32
46,2026-09-06,17,626,185,58440.08,375.5
46,2026-09-06,18,300,333,104134.92,492.57
46,2026-09-06,19,100,271,86869.76,273.92
46,2026-09-06,20,66,116,38168.12,111.0
46,2026-09-06,21,0,55,17508.65,44.43
46,2026-09-07,9,391,58,16909.22,176.6
46,2026-09-07,10,118,173,52081.16,269.4
46,2026-09-07,11,140,139,41983.8,165.42
46,2026-09-07,12,519,155,53260.26,334.13
46,2026-09-07,13,100,245,82255.23,350.38
46,2026-09-07,14,136,176,51685.93,175.07
46,2026-09-07,15,131,95,29555.49,144.12
46,2026-09-07,16,150,100,31763.5,153.53
46,2026-09-07,17,500,163,52307.0,309.8
46,2026-09-07,18,262,261,84047.61,397.68
46,2026-09-07,19,63,215,67294.02,218.37
46,2026-09-07,20,75,88,26578.16,96.7
46,2026-09-07,21,0,63,20875.77,40.62
46,2026-09-08,9,328,44,13455.42,148.55
46,2026-09-08,10,116,147,43799.71,230.63
46,2026-09-08,11,109,124,41431.53,145.43
46,2026-09-08,12,421,119,36549.15,272.72
46,2026-09-08,13,105,204,65165.27,293.2
46,2026-09-08,14,119,142,45458.47,139.03
46,2026-09-08,15,115,96,29892.35,127.72
46,2026-09-08,16,113,95,28027.21,123.07
46,2026-09-08,17,489,129,38779.45,298.43
46,2026-09-08,18,208,245,74822.46,361.87
46,2026-09-08,19,61,193,60410.47,190.62
46,2026-09-08,20,38,69,21697.29,68.82
46,2026-09-08,21,0,40,14625.35,31.2
46,2026-09-09,9,347,47,14847.13,160.02
46,2026-09-09,10,121,143,45538.37,252.03
46,2026-09-09,11,106,147,47178.26,149.05
46,2026-09-09,12,465,126,39705.08,276.75
46,2026-09-09,13,108,204,62758.5,304.05
46,2026-09-09,14,134,161,57060.97,166.28
46,2026-09-09,15,106,90,26530.15,123.93
46,2026-09-09,16,106,76,25102.22,120.93
46,2026-09-09,17,468,125,40164.39,288.45
46,2026-09-09,18,261,255,81667.72,380.43
46,2026-09-09,19,73,211,70944.15,220.0
46,2026-09-09,20,43,89,28825.76,84.52
46,2026-09-09,21,0,45,14950.0,31.55
46,2026-09-10,9,326,48,18398.3,146.28
46,2026-09-10,10,101,129,43983.25,223.87
46,2026-09-10,11,101,123,35710.99,139.5
46,2026-09-10,12,423,128,39233.39,251.55
46,2026-09-10,13,108,182,58747.12,302.85
46,2026-09-10,14,125,149,42553.44,155.68
46,2026-09-10,15,129,92,29249.69,133.8
46,2026-09-10,16,110,94,28419.55,124.7
46,2026-09-10,17,525,133,40748.39,296.27
46,2026-09-10,18,264,249,72672.41,415.92
46,2026-09-10,19,63,221,73199.24,226.97
46,2026-09-10,20,40,90,27062.67,83.75
46,2026-09-10,21,0,46,16747.99,31.18
46,2026-09-11,9,416,53,15749.76,191.05
46,2026-09-11,10,142,193,59944.96,305.1
46,2026-09-11,11,123,164,51813.02,172.63
46,2026-09-11,12,522,156,48394.76,315.77
46,2026-09-11,13,133,237,76681.27,348.83
46,2026-09-11,14,146,185,60332.76,185.33
46,2026-09-11,15,127,97,34075.2,143.95
46,2026-09-11,16,117,95,28490.74,148.02
46,2026-09-11,17,549,130,38910.78,321.17
46,2026-09-11,18,277,292,97033.11,452.75
46,2026-09-11,19,91,232,82362.62,251.3
46,2026-09-11,20,64,108,31192.09,113.45
46,2026-09-11,21,0,62,20107.66,45.98
46,2026-09-12,9,489,92,32011.34,224.95
46,2026-09-12,10,146,223,66294.9,318.68
46,2026-09-12,11,155,160,49906.78,186.45
46,2026-09-12,12,589,172,51505.17,363.42
46,2026-09-12,13,151,298,98114.47,400.55
46,2026-09-12,14,154,215,64156.65,201.9
46,2026-09-12,15,167,101,34350.74,178.35
46,2026-09-12,16,152,127,42829.13,182.65
46,2026-09-12,17,658,193,62260.92,397.65
46,2026-09-12,18,322,337,109848.64,534.05
46,2026-09-12,19,79,293,95951.26,271.25
46,2026-09-12,20,53,112,34914.12,114.82
46,2026-09-12,21,0,54,17393.33,36.85
46,2026-09-13,9,444,60,20489.77,205.35
46,2026-09-13,10,150,204,67402.81,317.85
46,2026-09-13,11,165,192,59513.85,196.07
46,2026-09-13,12,610,171,56605.78,392.85
46,2026-09-13,13,147,287,93232.82,421.42
46,2026-09-13,14,164,224,78708.4,212.22
46,2026-09-13,15,128,104,30606.78,152.92
46,2026-09-13,16,154,101,30011.41,152.17
46,2026-09-13,17,621,176,60182.67,382.92
46,2026-09-13,18,289,307,101159.38,484.67
46,2026-09-13,19,82,273,91441.18,269.85
46,2026-09-13,20,56,108,37140.28,104.13
46,2026-09-13,21,0,53,18185.21,40.62
46,2026-09-14,9,358,36,8720.56,159.1
46,2026-09-14,10,105,178,62089.25,253.42
46,2026-09-14,11,115,122,36647.24,151.97
46,2026-09-14,12,445,152,41774.74,289.8
46,2026-09-14,13,84,226,70654.99,289.12
46,2026-09-14,14,110,132,42869.18,138.07
46,2026-09-14,15,112,74,23279.9,121.25
46,2026-09-14,16,100,78,23321.02,120.97
46,2026-09-14,17,455,118,36115.58,268.28
46,2026-09-14,18,262,233,70714.26,375.88
46,2026-09-14,19,65,206,66103.72,214.83
46,2026-09-14,20,51,86,30547.96,91.68
46,2026-09-14,21,0,52,14840.15,34.3
46,2026-09-15,9,409,46,14328.4,196.73
46,2026-09-15,10,121,193,62902.59,292.52
46,2026-09-15,11,135,170,53391.9,169.95
46,2026-09-15,12,557,160,55119.57,324.97
46,2026-09-15,13,123,231,75261.96,356.87
46,2026-09-15,14,137,179,55821.16,191.2
46,2026-09-15,15,124,108,29420.57,148.2
46,2026-09-15,16,135,80,25390.9,146.83
46,2026-09-15,17,562,168,56204.71,341.83
46,2026-09-15,18,243,276,87891.84,442.0
46,2026-09-15,19,66,257,84844.41,213.15
46,2026-09-15,20,46,80,26204.76,73.45
46,2026-09-15,21,0,40,13609.52,33.9
46,2026-09-16,9,429,53,17745.01,198.9
46,2026-09-16,10,129,198,68224.36,312.38
46,2026-09-16,11,140,155,49201.35,171.22
46,2026-09-16,12,523,150,50088.77,330.92
46,2026-09-16,13,123,271,85652.99,359.37
46,2026-09-16,14,148,204,64690.03,179.93
46,2026-09-16,15,124,90,27917.08,143.83
46,2026-09-16,16,136,110,38039.93,143.27
46,2026-09-16,17,527,133,39016.05,320.02
46,2026-09-16,18,250,286,92807.59,433.83
46,2026-09-16,19,85,220,71889.65,226.18
46,2026-09-16,20,53,94,29025.34,88.65
46,2026-09-16,21,0,50,14113.6,37.5
46,2026-09-17,9,415,78,28467.06,184.55
46,2026-09-17,10,145,178,52827.19,279.43
46,2026-09-17,11,155,157,51786.84,190.08
46,2026-09-17,12,550,178,58750.42,359.02
46,2026-09-17,13,120,268,82908.29,354.77
46,2026-09-17,14,138,186,59183.47,173.48
46,2026-09-17,15,156,96,28124.57,159.97
46,2026-09-17,16,145,113,35681.88,169.97
46,2026-09-17,17,589,187,59727.61,358.72
46,2026-09-17,18,274,290,94110.5,451.45
46,2026-09-17,19,93,255,86084.18,236.55
46,2026-09-17,20,56,90,27098.72,106.12
46,2026-09-17,21,0,60,23263.9,47.25
46,2026-09-18,9,488,71,24106.23,213.23
46,2026-09-18,10,157,208,69559.0,330.93
46,2026-09-18,11,149,176,53401.33,201.9
46,2026-09-18,12,643,177,56676.77,390.98
46,2026-09-18,13,154,333,109495.74,433.68
46,2026-09-18,14,150,214,65676.24,207.83
46,2026-09-18,15,124,110,34330.54,148.88
46,2026-09-18,16,151,99,32783.7,149.13
46,2026-09-18,17,583,154,49001.29,381.52
46,2026-09-18,18,291,309,96546.21,466.97
46,2026-09-18,19,97,254,80504.52,262.92
46,2026-09-18,20,62,120,39591.01,112.3
46,2026-09-18,21,0,58,18975.76,43.28
46,2026-09-19,9,507,52,18291.96,233.57
46,2026-09-19,10,163,243,75798.13,367.87
46,2026-09-19,11,138,193,61186.46,197.08
46,2026-09-19,12,638,199,63392.06,391.93
46,2026-09-19,13,134,288,91736.45,429.65
46,2026-09-19,14,161,222,66952.09,209.92
46,2026-09-19,15,152,109,36598.72,188.35
46,2026-09-19,16,176,127,38829.05,172.05
46,2026-09-19,17,653,175,57991.8,417.63
46,2026-09-19,18,300,344,110952.68,503.52
46,2026-09-19,19,116,262,84008.53,283.38
46,2026-09-19,20,62,121,42484.95,120.18
46,2026-09-19,21,0,55,16893.03,45.65
46,2026-09-20,9,450,49,14198.4,203.65
46,2026-09-20,10,133,192,61721.1,297.77
46,2026-09-20,11,145,169,53556.08,185.67
46,2026-09-20,12,647,168,51476.55,379.28
46,2026-09-20,13,134,294,95782.69,436.02
46,2026-09-20,14,164,209,62498.48,219.62
46,2026-09-20,15,151,112,31971.51,169.38
46,2026-09-20,16,128,121,37970.87,156.32
46,2026-09-20,17,611,173,56876.66,356.95
46,2026-09-20,18,292,298,103711.79,477.3
46,2026-09-20,19,83,248,87003.45,279.77
46,2026-09-20,20,59,116,36725.49,116.52
46,2026-09-20,21,0,50,16451.95,42.23
47,2026-08-24,9,429,53,14926.0,201.55
47,2026-08-24,10,139,209,61324.03,293.23
47,2026-08-24,11,150,152,42922.33,178.77
47,2026-08-24,12,552,170,52863.64,328.68
47,2026-08-24,13,98,240,77778.94,356.1
47,2026-08-24,14,144,179,61990.49,183.03
47,2026-08-24,15,149,100,33779.67,159.12
47,2026-08-24,16,136,108,34958.16,160.93
47,2026-08-24,17,546,163,54737.24,344.3
47,2026-08-24,18,252,282,88683.85,433.13
47,2026-08-24,19,86,243,75246.13,230.7
47,2026-08-24,20,32,90,28347.46,89.13
47,2026-08-24,21,0,37,11313.25,25.53
47,2026-08-25,9,346,51,16630.39,148.37
47,2026-08-25,10,106,146,47153.21,235.5
47,2026-08-25,11,116,133,43182.6,146.12
47,2026-08-25,12,457,127,42234.64,278.93
47,2026-08-25,13,102,221,69223.3,318.45
47,2026-08-25,14,111,163,52674.4,147.77
47,2026-08-25,15,115,89,28937.95,122.68
47,2026-08-25,16,108,80,28088.24,129.97
47,2026-08-25,17,485,146,44665.54,297.72
47,2026-08-25,18,235,259,89805.42,385.67
47,2026-08-25,19,80,201,59867.2,206.22
47,2026-08-25,20,49,80,24078.52,78.55
47,2026-08-25,21,0,42,14743.13,39.38
47,2026-08-26,9,422,58,17785.84,195.9
47,2026-08-26,10,135,201,63572.19,285.48
47,2026-08-26,11,122,156,51111.94,163.55
47,2026-08-26,12,551,155,44136.55,319.7
47,2026-08-26,13,127,258,86404.54,385.3
47,2026-08-26,14,136,194,60208.29,180.7
47,2026-08-26,15,126,98,29212.9,145.12
47,2026-08-26,16,116,95,25911.17,134.65
47,2026-08-26,17,558,157,53722.04,324.18
47,2026-08-26,18,255,258,83073.52,436.58
47,2026-08-26,19,98,258,77796.27,243.65
47,2026-08-26,20,45,91,31491.2,88.83
47,2026-08-26,21,0,42,12343.11,34.35
47,2026-08-27,9,384,63,21291.49,180.03
47,2026-08-27,10,136,163,55949.54,274.2
47,2026-08-27,11,110,163,51094.09,159.0
47,2026-08-27,12,482,138,46140.07,288.85
47,2026-08-27,13,128,220,66358.49,335.12
47,2026-08-27,14,126,181,58939.02,173.35
47,2026-08-27,15,119,84,27178.75,148.62
47,2026-08-27,16,97,93,31918.35,129.03
47,2026-08-27,17,519,135,43191.35,307.97
47,2026-08-27,18,259,252,80502.69,412.75
47,2026-08-27,19,60,225,73926.47,213.15
47,2026-08-27,20,46,76,23390.61,80.65
47,2026-08-27,21,0,46,14536.6,34.07
47,2026-08-28,9,429,62,22868.33,191.52
47,2026-08-28,10,138,187,57991.87,295.65
47,2026-08-28,11,150,165,54952.58,192.97
47,2026-08-28,12,597,174,57550.66,372.62
47,2026-08-28,13,146,303,90765.37,416.23
47,2026-08-28,14,142,201,64791.02,199.58
47,2026-08-28,15,125,112,36142.55,147.55
47,2026-08-28,16,123,87,28831.38,138.17
47,2026-08-28,17,533,143,46854.25,324.33
47,2026-08-28,18,315,270,80716.34,464.62
47,2026-08-28,19,90,268,80372.72,274.52
47,2026-08-28,20,59,122,40252.72,102.52
47,2026-08-28,21,0,50,13276.91,32.83
47,2026-08-29,9,450,69,21843.82,210.75
47,2026-08-29,10,151,209,68132.73,303.07
47,2026-08-29,11,134,162,46411.16,187.35
47,2026-08-29,12,593,176,56765.34,357.17
47,2026-08-29,13,160,300,94369.53,420.75
47,2026-08-29,14,132,227,75862.81,204.78
47,2026-08-29,15,165,98,31990.89,162.4
47,2026-08-29,16,167,117,33680.75,180.18
47,2026-08-29,17,635,189,59473.96,401.73
47,2026-08-29,18,328,326,102118.78,536.03
47,2026-08-29,19,103,291,90048.09,293.52
47,2026-08-29,20,59,140,42829.23,116.1
47,2026-08-29,21,0,50,17064.58,41.95
47,2026-08-30,9,456,68,21178.76,209.05
47,2026-08-30,10,158,186,58685.67,333.67
47,2026-08-30,11,165,200,64758.82,203.67
47,2026-08-30,12,644,204,69222.6,408.45
47,2026-08-30,13,128,309,95689.92,426.17
47,2026-08-30,14,181,224,67297.56,214.87
47,2026-08-30,15,177,109,34845.16,198.6
47,2026-08-30,16,159,147,48289.39,180.25
47,2026-08-30,17,685,193,60296.5,414.9
47,2026-08-30,18,330,346,104297.22,526.38
47,2026-08-30,19,99,295,97499.13,283.57
47,2026-08-30,20,60,109,33016.25,105.77
47,2026-08-30,21,0,61,18667.77,41.72
47,2026-08-31,9,399,48,17065.57,178.45
47,2026-08-31,10,132,191,61301.36,297.27
47,2026-08-31,11,142,159,51209.85,169.88
47,2026-08-31,12,573,152,48373.78,355.98
47,2026-08-31,13,148,302,100672.77,399.43
47,2026-08-31,14,152,204,66464.52,208.38
47,2026-08-31,15,155,123,40655.46,163.75
47,2026-08-31,16,129,117,36032.74,146.13
47,2026-08-31,17,574,176,59359.73,331.1
47,2026-08-31,18,258,279,96965.91,440.18
47,2026-08-31,19,93,238,74298.46,244.58
47,2026-08-31,20,58,117,35405.14,111.02
47,2026-08-31,21,0,56,21188.99,36.82
47,2026-09-01,9,408,59,21027.59,179.42
47,2026-09-01,10,123,170,52451.33,288.8
47,2026-09-01,11,160,178,51824.93,177.17
47,2026-09-01,12,563,147,50468.23,362.92
47,2026-09-01,13,145,273,88112.82,396.07
47,2026-09-01,14,142,195,69094.38,196.22
47,2026-09-01,15,144,120,43160.13,165.75
47,2026-09-01,16,107,101,32011.68,140.12
47,2026-09-01,17,533,147,46904.03,328.28
47,2026-09-01,18,251,262,76978.72,412.93
47,2026-09-01,19,71,207,61075.82,224.53
47,2026-09-01,20,52,93,27930.09,88.58
47,2026-09-01,21,0,42,14191.95,30.97
47,2026-09-02,9,407,71,20436.58,181.38
47,2026-09-02,10,142,172,53575.6,275.85
47,2026-09-02,11,112,155,54672.01,175.57
47,2026-09-02,12,530,169,54473.13,315.5
47,2026-09-02,13,130,234,76536.91,358.23
47,2026-09-02,14,147,189,60991.34,200.82
47,2026-09-02,15,129,111,32775.12,153.23
47,2026-09-02,16,124,91,27959.88,138.17
47,2026-09-02,17,526,161,53345.3,323.02
47,2026-09-02,18,270,268,80563.43,425.0
47,2026-09-02,19,92,243,74671.6,237.08
47,2026-09-02,20,43,92,26607.62,98.93
47,2026-09-02,21,0,54,15444.87,33.03
47,2026-09-03,9,420,56,18074.63,184.27
47,2026-09-03,10,117,179,59287.38,287.62
47,2026-09-03,11,143,161,53017.3,168.87
47,2026-09-03,12,559,153,46098.17,350.45
47,2026-09-03,13,124,286,90256.57,388.92
47,2026-09-03,14,139,185,60104.49,169.48
47,2026-09-03,15,123,98,30206.69,133.93
47,2026-09-03,16,142,99,29068.08,145.17
47,2026-09-03,17,570,167,57773.54,364.17
47,2026-09-03,18,266,308,101311.65,436.88
47,2026-09-03,19,89,226,74307.37,231.55
47,2026-09-03,20,54,88,27953.93,94.3
47,2026-09-03,21,0,57,18359.1,39.32
47,2026-09-04,9,432,61,24937.58,200.62
47,2026-09-04,10,149,209,69875.2,302.73
47,2026-09-04,11,122,168,52130.9,175.35
47,2026-09-04,12,606,168,51348.29,360.28
47,2026-09-04,13,132,287,91967.01,414.92
47,2026-09-04,14,127,206,63577.2,191.23
47,2026-09-04,15,145,109,36095.85,163.85
47,2026-09-04,16,162,117,38309.96,160.88
47,2026-09-04,17,564,166,52315.29,360.98
47,2026-09-04,18,310,293,93147.06,475.08
47,2026-09-04,19,91,268,83849.8,255.33
47,2026-09-04,20,60,107,36083.37,105.78
47,2026-09-04,21,0,57,19712.33,43.83
47,2026-09-05,9,418,58,20406.93,184.92
47,2026-09-05,10,143,178,60807.07,296.35
47,2026-09-05,11,147,170,57070.62,185.87
47,2026-09-05,12,552,142,50168.18,329.25
47,2026-09-05,13,147,264,90458.88,398.52
47,2026-09-05,14,129,210,67733.46,208.63
47,2026-09-05,15,139,105,30127.59,156.55
47,2026-09-05,16,130,112,35335.87,147.97
47,2026-09-05,17,602,159,48750.74,343.23
47,2026-09-05,18,305,286,92650.21,495.22
47,2026-09-05,19,84,275,88338.61,266.62
47,2026-09-05,20,71,113,36505.8,104.8
47,2026-09-05,21,0,64,18676.72,41.28
47,2026-09-06,9,464,64,20281.81,212.43
47,2026-09-06,10,148,201,66356.88,328.05
47,2026-09-06,11,137,182,58331.0,181.05
47,2026-09-06,12,575,153,45853.27,322.17
47,2026-09-06,13,152,262,83206.49,400.62
47,2026-09-06,14,154,222,67688.82,211.25
47,2026-09-06,15,163,115,34406.02,177.4
47,2026-09-06,16,151,113,37992.38,168.13
47,2026-09-06,17,575,156,49072.44,361.7
47,2026-09-06,18,298,333,103206.82,458.68
47,2026-09-06,19,84,244,77546.74,258.8
47,2026-09-06,20,74,114,35719.57,110.33
47,2026-09-06,21,0,62,22684.27,48.75
47,2026-09-07,9,331,45,12969.52,154.13
47,2026-09-07,10,126,145,43364.17,236.48
47,2026-09-07,11,110,144,48496.07,153.25
47,2026-09-07,12,500,143,47491.74,297.27
47,2026-09-07,13,127,228,74002.85,343.58
47,2026-09-07,14,128,170,53459.29,178.45
47,2026-09-07,15,141,97,31427.23,148.52
47,2026-09-07,16,134,99,31051.83,141.02
47,2026-09-07,17,536,152,49508.57,323.02
47,2026-09-07,18,250,277,82717.5,411.15
47,2026-09-07,19,80,219,69906.36,218.05
47,2026-09-07,20,59,82,27668.25,85.43
47,2026-09-07,21,0,58,17747.2,40.1
47,2026-09-08,9,293,40,13235.2,139.95
47,2026-09-08,10,103,139,44430.06,203.88
47,2026-09-08,11,131,107,34100.36,145.7
47,2026-09-08,12,419,132,41909.75,273.07
47,2026-09-08,13,88,194,63128.73,285.2
47,2026-09-08,14,113,149,51414.64,143.38
47,2026-09-08,15,104,68,22498.95,118.52
47,2026-09-08,16,110,84,30162.29,123.78
47,2026-09-08,17,481,123,41166.34,288.28
47,2026-09-08,18,232,242,82637.04,389.47
47,2026-09-08,19,64,212,64409.94,206.63
47,2026-09-08,20,37,70,21688.34,76.63
47,2026-09-08,21,0,40,13423.7,27.62
47,2026-09-09,9,400,56,17200.32,175.82
47,2026-09-09,10,122,167,55939.39,281.53
47,2026-09-09,11,118,158,43895.93,155.12
47,2026-09-09,12,499,154,50977.66,296.05
47,2026-09-09,13,124,232,77163.62,325.08
47,2026-09-09,14,113,179,58568.84,167.8
47,2026-09-09,15,137,94,33805.63,145.6
47,2026-09-09,16,113,103,34722.34,131.28
47,2026-09-09,17,538,138,48815.38,336.6
47,2026-09-09,18,240,284,89963.05,415.97
47,2026-09-09,19,66,217,70775.74,214.07
47,2026-09-09,20,58,85,29322.18,84.3
47,2026-09-09,21,0,51,15681.85,43.2
47,2026-09-10,9,358,42,16183.15,165.45
47,2026-09-10,10,102,157,48785.42,242.67
47,2026-09-10,11,113,123,42496.56,142.73
47,2026-09-10,12,477,120,41937.27,289.9
47,2026-09-10,13,116,209,64583.28,318.3
47,2026-09-10,14,131,166,56273.21,171.88
47,2026-09-10,15,109,89,29099.51,139.13
47,2026-09-10,16,115,92,30121.24,120.55
47,2026-09-10,17,473,141,44319.78,296.05
47,2026-09-10,18,241,241,75333.56,370.0
47,2026-09-10,19,76,217,72807.06,218.63
47,2026-09-10,20,51,88,30929.16,81.37
47,2026-09-10,21,0,51,16883.34,36.9
47,2026-09-11,9,425,61,20300.8,199.95
47,2026-09-11,10,144,206,66322.49,283.4
47,2026-09-11,11,132,150,50425.26,172.13
47,2026-09-11,12,616,161,48599.12,364.73
47,2026-09-11,13,128,297,96499.56,406.82
47,2026-09-11,14,136,206,64470.1,188.32
47,2026-09-11,15,124,108,35862.79,134.47
47,2026-09-11,16,141,98,30447.57,144.6
47,2026-09-11,17,613,182,64923.09,369.75
47,2026-09-11,18,287,303,96857.4,470.73
47,2026-09-11,19,78,255,84454.95,248.63
47,2026-09-11,20,54,101,30705.06,93.13
47,2026-09-11,21,0,46,17249.27,31.58
47,2026-09-12,9,406,57,17583.15,174.27
47,2026-09-12,10,161,188,61510.26,302.75
47,2026-09-12,11,134,174,55448.09,185.6
47,2026-09-12,12,612,161,58383.52,366.35
47,2026-09-12,13,123,297,100170.56,401.75
47,2026-09-12,14,142,210,71354.24,187.02
47,2026-09-12,15,164,105,33088.28,156.67
47,2026-09-12,16,166,108,33886.14,184.38
47,2026-09-12,17,566,187,64131.99,375.48
47,2026-09-12,18,271,295,96999.86,456.35
47,2026-09-12,19,80,228,70354.16,246.6
47,2026-09-12,20,75,91,28648.22,97.17
47,2026-09-12,21,0,65,19837.16,56.82
47,2026-09-13,9,436,52,17758.07,202.0
47,2026-09-13,10,143,211,65976.95,313.35
47,2026-09-13,11,147,168,52929.28,186.4
47,2026-09-13,12,529,174,52310.43,344.77
47,2026-09-13,13,144,255,77823.96,357.35
47,2026-09-13,14,158,188,58392.99,191.08
47,2026-09-13,15,130,106,33416.34,152.72
47,2026-09-13,16,123,110,35451.52,145.67
47,2026-09-13,17,590,156,49513.58,347.18
47,2026-09-13,18,294,294,98173.31,474.55
47,2026-09-13,19,94,286,92119.37,252.23
47,2026-09-13,20,52,108,33594.87,99.88
47,2026-09-13,21,0,48,15140.16,35.1
47,2026-09-14,9,422,54,13789.8,190.03
47,2026-09-14,10,116,191,59826.35,284.22
47,2026-09-14,11,127,140,45310.4,166.1
47,2026-09-14,12,532,161,50118.56,328.6
47,2026-09-14,13,115,248,79602.38,376.17
47,2026-09-14,14,143,200,62583.0,184.07
47,2026-09-14,15,126,102,32561.29,132.57
47,2026-09-14,16,115,88,29445.96,123.1
47,2026-09-14,17,558,153,49239.63,329.85
47,2026-09-14,18,247,278,84404.03,438.67
47,2026-09-14,19,70,221,67947.94,219.42
47,2026-09-14,20,41,95,31556.25,79.08
47,2026-09-14,21,0,35,11045.79,26.98
47,2026-09-15,9,393,67,18897.34,175.33
47,2026-09-15,10,134,174,52549.17,278.23
47,2026-09-15,11,140,158,51452.01,174.8
47,2026-09-15,12,517,173,56656.5,332.78
47,2026-09-15,13,128,237,78529.1,343.7
47,2026-09-15,14,127,173,51398.31,186.72
47,2026-09-15,15,145,109,34959.26,152.68
47,2026-09-15,16,120,103,32972.82,145.57
47,2026-09-15,17,555,161,53505.03,334.53
47,2026-09-15,18,235,269,86177.21,426.4
47,2026-09-15,19,78,242,82311.92,216.27
47,2026-09-15,20,70,86,28066.98,87.7
47,2026-09-15,21,0,59,17591.71,43.0
47,2026-09-16,9,413,59,22966.98,189.47
47,2026-09-16,10,139,181,57686.17,289.82
47,2026-09-16,11,146,170,54418.48,177.33
47,2026-09-16,12,594,156,52205.56,373.18
47,2026-09-16,13,161,313,98346.21,403.45
47,2026-09-16,14,163,214,66250.91,220.07
47,2026-09-16,15,161,141,42388.81,180.9
47,2026-09-16,16,137,115,40640.38,161.72
47,2026-09-16,17,626,183,62092.59,389.95
47,2026-09-16,18,311,322,100151.17,495.22
47,2026-09-16,19,78,270,81422.29,256.75
47,2026-09-16,20,63,100,34162.56,106.78
47,2026-09-16,21,0,58,18111.07,46.83
47,2026-09-17,9,405,57,20131.82,192.98
47,2026-09-17,10,120,179,60779.59,283.07
47,2026-09-17,11,127,145,46930.44,164.87
47,2026-09-17,12,548,149,49684.32,340.3
47,2026-09-17,13,131,268,84280.57,368.7
47,2026-09-17,14,132,192,58120.67,184.48
47,2026-09-17,15,151,105,32486.76,158.02
47,2026-09-17,16,117,109,30619.22,155.7
47,2026-09-17,17,552,145,47382.23,321.57
47,2026-09-17,18,298,293,94541.22,469.12
47,2026-09-17,19,72,245,80248.24,251.18
47,2026-09-17,20,46,100,28669.19,87.5
47,2026-09-17,21,0,49,14483.81,33.72
47,2026-09-18,9,514,76,24820.86,213.67
47,2026-09-18,10,197,230,70522.11,378.22
47,2026-09-18,11,166,219,75765.57,244.22
47,2026-09-18,12,675,213,66163.25,411.8
47,2026-09-18,13,154,312,100408.83,442.85
47,2026-09-18,14,129,230,77878.68,216.12
47,2026-09-18,15,169,103,30818.92,171.18
47,2026-09-18,16,180,126,37924.3,185.37
47,2026-09-18,17,714,208,67705.61,439.73
47,2026-09-18,18,349,372,114749.93,558.78
47,2026-09-18,19,95,292,97389.67,285.78
47,2026-09-18,20,52,120,41286.25,109.82
47,2026-09-18,21,0,61,18890.38,41.05
47,2026-09-19,9,495,57,16834.41,233.83
47,2026-09-19,10,157,224,68385.94,340.37
47,2026-09-19,11,154,182,57077.36,214.12
47,2026-09-19,12,659,207,67013.59,390.32
47,2026-09-19,13,183,295,93315.87,460.63
47,2026-09-19,14,165,239,74785.91,240.83
47,2026-09-19,15,157,122,34212.99,171.45
47,2026-09-19,16,146,124,39322.52,167.47
47,2026-09-19,17,636,167,53402.45,373.72
47,2026-09-19,18,319,324,106318.14,498.67
47,2026-09-19,19,105,275,81933.69,281.93
47,2026-09-19,20,64,122,36736.93,123.38
47,2026-09-19,21,0,61,20699.48,45.63
47,2026-09-20,9,416,62,18858.82,190.95
47,2026-09-20,10,151,165,56042.99,298.6
47,2026-09-20,11,163,182,58104.84,194.87
47,2026-09-20,12,628,172,51309.23,398.3
47,2026-09-20,13,130,325,103604.09,421.3
47,2026-09-20,14,125,196,63340.9,177.53
47,2026-09-20,15,152,78,25858.86,141.77
47,2026-09-20,16,141,90,29425.03,162.83
47,2026-09-20,17,660,182,56955.53,399.02
47,2026-09-20,18,330,315,96795.92,558.05
47,2026-09-20,19,93,320,101897.94,284.43
47,2026-09-20,20,53,116,36843.18,100.42
47,2026-09-20,21,0,45,14014.33,30.45
48,2026-08-24,9,377,47,14622.4,171.07
48,2026-08-24,10,126,167,56324.17,269.5
48,2026-08-24,11,125,157,48945.83,170.8
48,2026-08-24,12,456,148,45886.0,282.78
48,2026-08-24,13,115,224,74737.23,327.72
48,2026-08-24,14,123,172,50724.29,155.97
48,2026-08-24,15,130,88,28720.51,135.6
48,2026-08-24,16,140,97,34018.46,136.0
48,2026-08-24,17,517,150,45575.8,321.2
48,2026-08-24,18,236,279,90225.5,418.83
48,2026-08-24,19,80,218,74095.14,227.72
48,2026-08-24,20,51,94,34526.39,92.98
48,2026-08-24,21,0,45,14650.06,34.5
48,2026-08-25,9,357,52,15148.06,166.3
48,2026-08-25,10,113,149,49271.21,242.1
48,2026-08-25,11,129,135,39393.95,153.33
48,2026-08-25,12,466,134,41973.66,300.03
48,2026-08-25,13,114,219,66008.56,317.77
48,2026-08-25,14,117,147,45976.51,162.57
48,2026-08-25,15,128,86,28498.61,142.7
48,2026-08-25,16,117,107,37600.9,134.4
48,2026-08-25,17,509,124,44842.79,310.65
48,2026-08-25,18,241,258,88050.58,403.45
48,2026-08-25,19,90,217,70036.73,219.27
48,2026-08-25,20,56,89,31185.73,94.77
48,2026-08-25,21,0,58,17299.19,36.2
48,2026-08-26,9,389,53,17681.95,170.57
48,2026-08-26,10,110,153,45952.0,271.3
48,2026-08-26,11,115,152,54482.63,151.95
48,2026-08-26,12,570,171,56137.02,332.55
48,2026-08-26,13,120,251,81654.44,364.92
48,2026-08-26,14,123,197,65080.71,169.38
48,2026-08-26,15,143,108,34056.19,136.93
48,2026-08-26,16,155,92,29128.3,151.1
48,2026-08-26,17,509,167,57369.49,328.22
48,2026-08-26,18,255,279,90035.43,407.33
48,2026-08-26,19,64,219,66575.47,212.35
48,2026-08-26,20,58,80,27531.34,77.2
48,2026-08-26,21,0,38,15852.82,32.53
48,2026-08-27,9,353,47,13024.85,154.98
48,2026-08-27,10,126,165,55508.48,241.72
48,2026-08-27,11,126,129,42129.11,147.18
48,2026-08-27,12,529,151,45991.52,321.63
48,2026-08-27,13,109,262,79935.54,352.88
48,2026-08-27,14,115,162,50859.27,156.95
48,2026-08-27,15,129,84,25053.55,134.3
48,2026-08-27,16,115,96,28389.38,146.37
48,2026-08-27,17,516,158,52433.72,299.85
48,2026-08-27,18,262,257,76997.52,430.78
48,2026-08-27,19,56,233,77763.28,220.03
48,2026-08-27,20,49,82,23737.65,76.37
48,2026-08-27,21,0,42,13371.27,34.07
48,2026-08-28,9,410,50,15032.16,180.37
48,2026-08-28,10,133,193,54748.86,292.23
48,2026-08-28,11,143,149,43705.77,169.37
48,2026-08-28,12,550,174,55592.64,331.78
48,2026-08-28,13,115,263,82464.04,375.0
48,2026-08-28,14,134,193,58551.89,179.73
48,2026-08-28,15,130,94,29307.25,141.97
48,2026-08-28,16,148,110,33756.36,150.65
48,2026-08-28,17,477,148,49306.61,305.02
48,2026-08-28,18,256,235,71936.75,399.38
48,2026-08-28,19,80,226,71655.29,242.55
48,2026-08-28,20,59,102,31667.8,105.35
48,2026-08-28,21,0,56,18566.2,41.67
48,2026-08-29,9,511,94,31507.0,227.22
48,2026-08-29,10,156,206,61008.16,329.85
48,2026-08-29,11,166,187,63122.6,217.22
48,2026-08-29,12,640,164,56023.29,391.25
48,2026-08-29,13,141,308,100803.82,447.65
48,2026-08-29,14,145,220,67760.74,207.67
48,2026-08-29,15,187,117,40166.24,180.47
48,2026-08-29,16,160,126,41345.67,184.85
48,2026-08-29,17,715,209,68062.83,435.53
48,2026-08-29,18,314,361,116204.63,550.73
48,2026-08-29,19,108,290,95069.09,283.27
48,2026-08-29,20,67,106,33255.33,114.23
48,2026-08-29,21,0,68,24444.39,52.72
48,2026-08-30,9,480,88,30814.87,215.35
48,2026-08-30,10,139,211,66744.45,309.43
48,2026-08-30,11,167,172,56120.16,190.93
48,2026-08-30,12,625,194,65522.91,394.05
48,2026-08-30,13,151,309,97489.49,437.25
48,2026-08-30,14,151,222,67902.44,207.2
48,2026-08-30,15,168,119,34986.29,182.17
48,2026-08-30,16,158,121,43713.69,186.38
48,2026-08-30,17,622,194,62994.79,387.22
48,2026-08-30,18,303,332,111740.21,497.85
48,2026-08-30,19,98,249,77983.13,283.83
48,2026-08-30,20,55,121,36396.33,112.73
48,2026-08-30,21,0,49,16122.16,39.78
48,2026-08-31,9,433,56,18892.34,198.7
48,2026-08-31,10,139,193,55449.41,296.92
48,2026-08-31,11,139,162,52299.34,186.73
48,2026-08-31,12,562,186,62499.58,344.82
48,2026-08-31,13,126,259,82862.74,358.2
48,2026-08-31,14,138,176,62017.0,182.6
48,2026-08-31,15,147,98,31005.47,157.05
48,2026-08-31,16,127,127,39724.59,157.45
48,2026-08-31,17,585,159,45797.07,350.15
48,2026-08-31,18,269,294,101436.1,457.77
48,2026-08-31,19,81,246,79151.13,227.32
48,2026-08-31,20,63,99,35693.6,101.67
48,2026-08-31,21,0,59,16683.2,43.42
48,2026-09-01,9,399,65,19766.53,194.73
48,2026-09-01,10,123,177,57625.12,258.05
48,2026-09-01,11,145,160,56143.05,163.52
48,2026-09-01,12,505,160,47708.32,311.53
48,2026-09-01,13,120,232,76274.27,326.72
48,2026-09-01,14,113,178,62932.02,161.77
48,2026-09-01,15,125,82,27677.71,124.35
48,2026-09-01,16,115,82,26188.44,139.18
48,2026-09-01,17,553,161,48424.19,323.95
48,2026-09-01,18,273,266,82576.4,442.43
48,2026-09-01,19,79,251,81099.32,232.72
48,2026-09-01,20,41,78,23918.67,82.87
48,2026-09-01,21,0,47,13345.76,32.27
48,2026-09-02,9,421,69,23108.76,191.55
48,2026-09-02,10,132,167,52996.05,282.93
48,2026-09-02,11,126,153,47992.82,172.05
48,2026-09-02,12,554,144,49069.45,331.2
48,2026-09-02,13,138,254,82421.89,403.27
48,2026-09-02,14,130,219,70581.07,200.67
48,2026-09-02,15,145,104,35045.62,159.88
48,2026-09-02,16,145,113,38504.96,146.15
48,2026-09-02,17,593,163,49389.4,355.52
48,2026-09-02,18,255,289,94355.05,459.98
48,2026-09-02,19,79,241,79080.37,249.97
48,2026-09-02,20,42,100,34864.84,91.52
48,2026-09-02,21,0,43,13993.11,30.93
48,2026-09-03,9,401,61,16724.05,183.05
48,2026-09-03,10,125,172,56271.93,269.12
48,2026-09-03,11,123,136,43535.15,158.75
48,2026-09-03,12,455,152,51283.08,289.3
48,2026-09-03,13,116,215,68561.75,315.58
48,2026-09-03,14,130,168,58245.07,169.38
48,2026-09-03,15,130,98,32630.3,144.95
48,2026-09-03,16,107,89,29937.46,134.53
48,2026-09-03,17,507,146,45439.41,303.87
48,2026-09-03,18,256,240,72493.79,405.45
48,2026-09-03,19,68,221,72509.46,224.6
48,2026-09-03,20,43,97,30302.58,89.78
48,2026-09-03,21,0,45,13958.32,34.53
48,2026-09-04,9,431,61,20159.23,203.8
48,2026-09-04,10,139,180,60256.13,286.72
48,2026-09-04,11,139,166,52965.6,179.83
48,2026-09-04,12,626,162,52702.34,395.77
48,2026-09-04,13,126,310,96982.91,423.07
48,2026-09-04,14,132,198,62850.68,173.63
48,2026-09-04,15,160,96,32012.05,156.8
48,2026-09-04,16,139,108,37483.8,163.28
48,2026-09-04,17,564,150,51242.04,366.05
48,2026-09-04,18,286,289,95983.21,454.83
48,2026-09-04,19,80,254,85400.09,243.98
48,2026-09-04,20,51,104,33524.87,103.98
48,2026-09-04,21,0,52,16399.92,39.3
48,2026-09-05,9,529,67,19418.79,239.25
48,2026-09-05,10,157,238,72146.41,354.97
48,2026-09-05,11,185,191,63565.54,223.87
48,2026-09-05,12,640,201,65642.47,409.42
48,2026-09-05,13,160,316,104886.24,452.25
48,2026-09-05,14,160,225,69112.41,226.38
48,2026-09-05,15,181,123,38753.42,182.83
48,2026-09-05,16,160,130,43629.07,185.72
48,2026-09-05,17,687,209,69659.58,415.85
48,2026-09-05,18,346,345,106930.82,543.02
48,2026-09-05,19,73,301,97301.85,279.92
48,2026-09-05,20,67,110,31328.74,103.82
48,2026-09-05,21,0,59,17968.59,46.13
48,2026-09-06,9,398,51,15929.32,187.02
48,2026-09-06,10,132,179,59517.52,278.58
48,2026-09-06,11,132,166,53495.18,170.12
48,2026-09-06,12,615,158,46959.39,366.87
48,2026-09-06,13,129,284,91008.16,414.47
48,2026-09-06,14,128,205,69265.38,194.57
48,2026-09-06,15,131,100,33678.39,140.65
48,2026-09-06,16,111,105,34460.12,135.08
48,2026-09-06,17,537,132,43470.8,320.17
48,2026-09-06,18,300,280,89922.03,451.55
48,2026-09-06,19,72,253,80269.55,253.78
48,2026-09-06,20,67,95,33376.03,95.82
48,2026-09-06,21,0,55,19317.67,53.32
48,2026-09-07,9,373,59,17537.1,173.18
48,2026-09-07,10,107,168,53724.43,239.72
48,2026-09-07,11,121,130,44300.76,139.6
48,2026-09-07,12,486,126,36052.03,286.2
48,2026-09-07,13,98,248,77203.64,328.07
48,2026-09-07,14,136,167,53906.48,156.73
48,2026-09-07,15,116,79,28627.3,142.55
48,2026-09-07,16,104,93,31279.06,140.13
48,2026-09-07,17,501,153,49444.24,322.0
48,2026-09-07,18,252,274,88132.65,402.15
48,2026-09-07,19,59,208,67185.23,209.65
48,2026-09-07,20,48,85,26731.75,71.58
48,2026-09-07,21,0,41,11811.39,29.02
48,2026-09-08,9,324,42,12625.86,145.17
48,2026-09-08,10,105,133,42348.13,240.62
48,2026-09-08,11,112,120,42690.29,148.58
48,2026-09-08,12,486,135,38810.75,291.77
48,2026-09-08,13,107,231,76398.01,329.72
48,2026-09-08,14,110,176,59577.04,160.07
48,2026-09-08,15,122,83,26102.93,127.45
48,2026-09-08,16,96,80,24157.88,127.1
48,2026-09-08,17,460,137,45172.51,273.02
48,2026-09-08,18,228,232,71528.85,379.87
48,2026-09-08,19,86,222,71098.97,215.93
48,2026-09-08,20,33,73,23050.85,76.95
48,2026-09-08,21,0,35,9228.05,29.33
48,2026-09-09,9,336,49,14253.42,151.13
48,2026-09-09,10,113,157,45921.57,239.22
48,2026-09-09,11,116,127,39056.11,155.18
48,2026-09-09,12,476,118,38760.76,294.53
48,2026-09-09,13,114,225,68236.51,329.2
48,2026-09-09,14,104,165,50826.52,142.45
48,2026-09-09,15,96,73,25647.76,106.67
48,2026-09-09,16,118,80,26883.46,113.33
48,2026-09-09,17,505,122,38646.86,299.57
48,2026-09-09,18,215,240,76925.69,396.13
48,2026-09-09,19,75,201,67056.37,213.92
48,2026-09-09,20,45,82,23072.52,84.97
48,2026-09-09,21,0,43,15143.5,30.93
48,2026-09-10,9,370,53,15503.9,163.7
48,2026-09-10,10,127,153,50881.53,260.33
48,2026-09-10,11,110,143,43123.16,158.08
48,2026-09-10,12,456,141,46435.12,281.5
48,2026-09-10,13,104,228,74151.44,302.45
48,2026-09-10,14,115,155,49795.33,154.4
48,2026-09-10,15,126,74,26178.53,129.15
48,2026-09-10,16,117,97,34566.06,133.95
48,2026-09-10,17,463,132,43918.21,289.05
48,2026-09-10,18,245,252,79514.33,390.7
48,2026-09-10,19,88,237,73612.85,223.35
48,2026-09-10,20,41,78,25762.1,90.57
48,2026-09-10,21,0,45,20132.11,34.85
48,2026-09-11,9,378,46,13691.7,164.75
48,2026-09-11,10,128,159,53118.83,276.83
48,2026-09-11,11,129,151,47271.74,184.57
48,2026-09-11,12,594,182,60675.62,369.57
48,2026-09-11,13,117,277,95111.64,381.73
48,2026-09-11,14,163,193,60459.28,193.78
48,2026-09-11,15,149,92,28666.28,175.02
48,2026-09-11,16,153,134,43544.52,175.52
48,2026-09-11,17,588,174,55354.88,367.68
48,2026-09-11,18,281,265,85066.4,475.98
48,2026-09-11,19,72,271,83945.21,263.08
48,2026-09-11,20,54,100,31878.43,88.13
48,2026-09-11,21,0,45,15868.97,34.67
48,2026-09-12,9,434,69,21460.32,191.63
48,2026-09-12,10,152,191,57996.49,307.18
48,2026-09-12,11,140,177,55153.58,195.25
48,2026-09-12,12,601,180,58915.46,365.87
48,2026-09-12,13,147,290,95738.3,407.2
48,2026-09-12,14,129,207,67814.55,196.37
48,2026-09-12,15,171,106,37723.03,161.58
48,2026-09-12,16,148,121,34509.43,180.8
48,2026-09-12,17,591,183,60333.19,349.82
48,2026-09-12,18,298,289,91099.73,470.95
48,2026-09-12,19,95,265,81930.59,290.62
48,2026-09-12,20,77,115,37589.95,119.82
48,2026-09-12,21,0,74,23360.7,53.22
48,2026-09-13,9,452,75,24643.8,195.42
48,2026-09-13,10,146,185,61536.94,316.32
48,2026-09-13,11,156,162,50347.75,203.33
48,2026-09-13,12,591,197,59696.85,377.22
48,2026-09-13,13,154,303,93366.47,385.32
48,2026-09-13,14,161,177,51683.52,200.15
48,2026-09-13,15,167,107,33311.19,183.35
48,2026-09-13,16,141,109,33710.35,167.12
48,2026-09-13,17,574,174,55505.4,372.25
48,2026-09-13,18,292,319,95854.71,464.05
48,2026-09-13,19,80,257,82279.77,253.9
48,2026-09-13,20,52,105,33658.13,94.12
48,2026-09-13,21,0,42,15465.24,32.0
48,2026-09-14,9,372,54,15691.7,179.28
48,2026-09-14,10,117,162,51113.3,247.85
48,2026-09-14,11,117,143,48108.32,148.6
48,2026-09-14,12,489,158,53574.07,295.45
48,2026-09-14,13,113,226,67083.01,321.2
48,2026-09-14,14,119,163,54051.72,171.48
48,2026-09-14,15,119,92,28975.73,127.6
48,2026-09-14,16,131,98,34908.73,129.0
48,2026-09-14,17,521,149,50711.98,326.28
48,2026-09-14,18,255,287,94202.88,407.83
48,2026-09-14,19,65,202,65610.26,215.45
48,2026-09-14,20,41,107,32998.89,74.82
48,2026-09-14,21,0,32,13133.89,24.8
48,2026-09-15,9,434,63,22117.21,194.37
48,2026-09-15,10,116,191,60685.59,300.2
48,2026-09-15,11,151,168,55434.28,170.03
48,2026-09-15,12,568,154,48874.7,353.28
48,2026-09-15,13,145,282,88463.01,373.08
48,2026-09-15,14,139,187,57534.42,185.28
48,2026-09-15,15,150,112,36966.91,155.42
48,2026-09-15,16,148,98,31905.34,167.25
48,2026-09-15,17,529,175,56395.17,338.8
48,2026-09-15,18,262,267,82357.09,427.63
48,2026-09-15,19,92,229,71953.89,239.05
48,2026-09-15,20,37,103,35944.12,94.68
48,2026-09-15,21,0,43,12623.26,23.3
48,2026-09-16,9,423,59,18058.24,183.13
48,2026-09-16,10,140,174,54104.47,305.57
48,2026-09-16,11,121,188,58290.88,179.85
48,2026-09-16,12,530,152,44339.17,321.18
48,2026-09-16,13,128,272,86648.18,366.68
48,2026-09-16,14,143,171,51093.97,170.48
48,2026-09-16,15,167,106,33636.89,172.28
48,2026-09-16,16,145,127,42318.72,175.3
48,2026-09-16,17,548,175,56570.09,345.15
48,2026-09-16,18,268,275,85771.15,439.33
48,2026-09-16,19,83,230,75520.62,232.93
48,2026-09-16,20,47,101,29964.26,88.47
48,2026-09-16,21,0,42,15124.33,25.78
48,2026-09-17,9,450,51,14292.2,203.93
48,2026-09-17,10,119,182,54898.27,324.33
48,2026-09-17,11,154,177,55110.09,183.03
48,2026-09-17,12,567,170,52577.55,367.95
48,2026-09-17,13,130,298,96220.97,383.88
48,2026-09-17,14,163,184,59251.58,195.0
48,2026-09-17,15,106,109,32970.03,145.32
48,2026-09-17,16,153,93,29164.29,135.52
48,2026-09-17,17,572,153,55433.52,360.6
48,2026-09-17,18,286,314,98997.65,458.5
48,2026-09-17,19,96,238,76422.96,267.18
48,2026-09-17,20,57,114,35035.66,112.1
48,2026-09-17,21,0,55,18299.64,42.58
48,2026-09-18,9,469,70,22235.17,203.15
48,2026-09-18,10,148,190,62184.53,319.5
48,2026-09-18,11,159,186,63982.92,202.02
48,2026-09-18,12,609,194,60336.67,384.63
48,2026-09-18,13,153,283,87757.22,413.43
48,2026-09-18,14,144,223,73649.02,205.8
48,2026-09-18,15,153,111,38144.05,169.12
48,2026-09-18,16,138,111,36312.71,153.93
48,2026-09-18,17,629,167,52047.47,376.48
48,2026-09-18,18,306,317,104381.18,506.73
48,2026-09-18,19,78,285,90389.58,251.08
48,2026-09-18,20,71,100,29068.49,93.53
48,2026-09-18,21,0,69,20069.95,48.5
48,2026-09-19,9,506,60,20234.51,220.45
48,2026-09-19,10,155,223,70247.27,365.73
48,2026-09-19,11,190,196,65003.7,231.68
48,2026-09-19,12,672,200,59741.77,419.38
48,2026-09-19,13,163,337,103392.46,473.85
48,2026-09-19,14,155,233,73400.91,232.75
48,2026-09-19,15,178,128,41043.48,186.93
48,2026-09-19,16,138,122,41281.55,170.87
48,2026-09-19,17,663,183,59878.68,385.32
48,2026-09-19,18,325,360,112412.8,526.03
48,2026-09-19,19,92,280,87341.58,276.2
48,2026-09-19,20,59,113,35630.91,94.93
48,2026-09-19,21,0,52,18074.33,38.95
48,2026-09-20,9,456,65,20237.23,210.43
48,2026-09-20,10,149,202,64575.43,309.53
48,2026-09-20,11,150,173,58232.89,197.08
48,2026-09-20,12,615,189,66127.56,379.95
48,2026-09-20,13,151,285,91012.31,404.27
48,2026-09-20,14,160,194,70415.15,208.82
48,2026-09-20,15,158,136,42721.09,176.0
48,2026-09-20,16,146,120,43360.68,156.95
48,2026-09-20,17,589,148,47126.72,371.27
48,2026-09-20,18,283,315,105493.83,477.18
48,2026-09-20,19,85,224,72236.48,267.47
48,2026-09-20,20,53,110,30552.09,94.58
48,2026-09-20,21,0,54,17829.87,33.72
49,2026-08-24,9,341,46,15609.36,149.97
49,2026-08-24,10,106,156,53863.41,234.63
49,2026-08-24,11,112,120,38563.67,152.83
49,2026-08-24,12,456,129,41555.67,278.05
49,2026-08-24,13,116,221,69659.87,313.52
49,2026-08-24,14,107,164,54598.06,149.87
49,2026-08-24,15,97,85,27503.84,110.48
49,2026-08-24,16,109,69,20695.97,114.87
49,2026-08-24,17,455,118,36209.35,271.73
49,2026-08-24,18,256,235,73982.25,364.43
49,2026-08-24,19,72,222,69995.94,210.93
49,2026-08-24,20,51,98,32222.43,95.72
49,2026-08-24,21,0,42,11786.37,29.95
49,2026-08-25,9,336,53,19396.79,144.73
49,2026-08-25,10,106,136,43826.82,238.03
49,2026-08-25,11,122,147,49084.51,147.32
49,2026-08-25,12,420,133,41583.75,258.0
49,2026-08-25,13,110,197,62148.52,283.1
49,2026-08-25,14,124,156,54093.13,161.05
49,2026-08-25,15,93,87,26492.79,119.93
49,2026-08-25,16,128,81,26972.1,120.82
49,2026-08-25,17,497,141,49381.26,310.7
49,2026-08-25,18,218,260,86753.98,380.55
49,2026-08-25,19,71,195,63656.31,206.9
49,2026-08-25,20,53,90,27230.9,91.33
49,2026-08-25,21,0,45,15115.94,33.03
49,2026-08-26,9,371,53,15858.98,168.45
49,2026-08-26,10,120,154,48528.43,259.0
49,2026-08-26,11,127,160,50677.25,160.28
49,2026-08-26,12,474,130,43495.83,298.52
49,2026-08-26,13,117,220,68556.83,313.02
49,2026-08-26,14,133,175,52314.53,176.62
49,2026-08-26,15,137,89,28308.76,148.97
49,2026-08-26,16,120,102,36589.48,144.2
49,2026-08-26,17,494,158,45957.92,301.38
49,2026-08-26,18,267,237,72912.08,402.6
49,2026-08-26,19,91,240,73180.35,236.18
49,2026-08-26,20,63,85,26738.22,103.4
49,2026-08-26,21,0,58,19308.53,41.27
49,2026-08-27,9,395,48,16853.13,171.85
49,2026-08-27,10,129,189,65034.75,272.6
49,2026-08-27,11,135,162,51984.26,169.12
49,2026-08-27,12,497,160,51174.85,302.23
49,2026-08-27,13,127,237,73022.85,341.85
49,2026-08-27,14,131,184,61632.23,170.65
49,2026-08-27,15,119,82,24843.58,136.72
49,2026-08-27,16,114,95,30615.38,128.87
49,2026-08-27,17,526,135,45024.78,297.43
49,2026-08-27,18,285,251,75716.85,433.35
49,2026-08-27,19,67,235,78860.25,235.88
49,2026-08-27,20,44,93,32123.01,84.95
49,2026-08-27,21,0,48,15860.6,33.27
49,2026-08-28,9,450,70,21965.49,206.8
49,2026-08-28,10,144,198,62611.61,299.98
49,2026-08-28,11,148,170,54601.98,201.03
49,2026-08-28,12,602,188,62190.32,364.82
49,2026-08-28,13,138,290,93047.84,409.17
49,2026-08-28,14,146,194,62348.11,186.23
49,2026-08-28,15,111,96,30626.06,142.38
49,2026-08-28,16,148,102,35711.94,142.65
49,2026-08-28,17,609,181,61530.36,383.32
49,2026-08-28,18,296,319,109694.13,483.82
49,2026-08-28,19,100,260,82860.77,256.82
49,2026-08-28,20,65,108,34748.22,111.73
49,2026-08-28,21,0,60,19099.88,46.63
49,2026-08-29,9,489,76,21448.72,211.95
49,2026-08-29,10,136,203,61802.74,320.68
49,2026-08-29,11,173,181,58306.5,193.7
49,2026-08-29,12,631,190,66106.01,384.77
49,2026-08-29,13,159,313,92814.91,439.77
49,2026-08-29,14,160,217,74628.0,216.95
49,2026-08-29,15,202,121,42932.34,204.13
49,2026-08-29,16,171,147,43234.79,198.67
49,2026-08-29,17,679,184,59081.72,401.05
49,2026-08-29,18,351,374,120170.6,559.68
49,2026-08-29,19,94,286,91542.58,317.18
49,2026-08-29,20,69,131,40565.67,120.92
49,2026-08-29,21,0,67,22767.17,52.53
49,2026-08-30,9,498,71,22296.58,226.63
49,2026-08-30,10,137,203,60301.42,339.62
49,2026-08-30,11,138,181,58978.14,192.72
49,2026-08-30,12,614,174,52077.75,371.18
49,2026-08-30,13,147,296,91562.75,413.82
49,2026-08-30,14,157,218,66740.04,213.35
49,2026-08-30,15,166,114,37371.91,169.9
49,2026-08-30,16,164,131,41083.21,176.85
49,2026-08-30,17,581,172,54814.81,367.77
49,2026-08-30,18,291,323,101699.66,474.52
49,2026-08-30,19,98,255,76347.58,244.55
49,2026-08-30,20,74,98,29493.87,109.67
49,2026-08-30,21,0,60,19620.2,48.75
49,2026-08-31,9,385,59,18103.59,170.57
49,2026-08-31,10,127,157,45514.7,267.92
49,2026-08-31,11,116,148,44285.66,155.92
49,2026-08-31,12,454,140,42631.74,277.72
49,2026-08-31,13,135,231,74679.26,315.12
49,2026-08-31,14,93,152,48454.94,159.55
49,2026-08-31,15,141,98,35679.99,124.83
49,2026-08-31,16,118,72,23842.42,135.85
49,2026-08-31,17,474,162,48728.74,291.48
49,2026-08-31,18,243,232,79296.1,372.78
49,2026-08-31,19,68,209,69319.3,215.98
49,2026-08-31,20,45,94,30996.77,77.63
49,2026-08-31,21,0,36,11393.89,26.67
49,2026-09-01,9,407,49,14391.06,187.05
49,2026-09-01,10,93,186,61887.41,266.93
49,2026-09-01,11,124,141,43141.25,146.38
49,2026-09-01,12,497,137,42044.65,302.4
49,2026-09-01,13,126,242,75227.89,345.0
49,2026-09-01,14,123,188,58002.35,170.28
49,2026-09-01,15,123,77,25186.46,139.28
49,2026-09-01,16,134,120,38288.77,142.48
49,2026-09-01,17,512,158,51891.98,319.25
49,2026-09-01,18,228,280,89597.59,400.7
49,2026-09-01,19,88,218,71759.03,202.45
49,2026-09-01,20,56,88,32354.77,95.42
49,2026-09-01,21,0,54,18267.17,43.8
49,2026-09-02,9,420,53,15584.49,185.18
49,2026-09-02,10,125,193,61359.35,291.38
49,2026-09-02,11,131,149,48973.41,167.47
49,2026-09-02,12,531,148,45224.77,308.0
49,2026-09-02,13,118,240,77601.27,360.72
49,2026-09-02,14,131,181,55540.3,184.13
49,2026-09-02,15,135,86,30164.9,145.63
49,2026-09-02,16,110,101,31172.0,136.97
49,2026-09-02,17,511,124,37215.77,316.02
49,2026-09-02,18,245,260,82935.44,416.62
49,2026-09-02,19,79,232,73693.88,215.73
49,2026-09-02,20,49,90,29004.96,83.68
49,2026-09-02,21,0,43,13407.48,31.57
49,2026-09-03,9,415,57,16483.35,186.6
49,2026-09-03,10,145,194,66023.85,298.87
49,2026-09-03,11,150,169,50603.21,185.1
49,2026-09-03,12,561,158,50629.79,352.88
49,2026-09-03,13,142,277,83447.58,387.83
49,2026-09-03,14,133,205,62451.3,198.4
49,2026-09-03,15,132,99,31942.32,141.42
49,2026-09-03,16,136,99,31715.86,148.38
49,2026-09-03,17,563,150,51703.98,342.43
49,2026-09-03,18,264,291,89547.25,460.8
49,2026-09-03,19,78,246,80425.21,230.55
49,2026-09-03,20,55,96,29600.22,95.63
49,2026-09-03,21,0,50,16070.35,35.15
49,2026-09-04,9,419,60,22562.94,187.58
49,2026-09-04,10,151,201,60245.8,287.78
49,2026-09-04,11,143,171,56211.85,185.8
49,2026-09-04,12,589,180,57846.92,358.63
49,2026-09-04,13,164,269,88611.33,393.92
49,2026-09-04,14,153,200,68031.64,220.33
49,2026-09-04,15,155,117,40845.93,166.97
49,2026-09-04,16,173,111,35649.16,173.15
49,2026-09-04,17,543,189,58444.65,350.7
49,2026-09-04,18,296,309,102161.53,455.5
49,2026-09-04,19,88,246,80204.73,239.72
49,2026-09-04,20,68,103,30792.32,109.28
49,2026-09-04,21,0,70,23593.56,44.3
49,2026-09-05,9,429,60,21073.43,196.37
49,2026-09-05,10,130,193,59162.17,299.43
49,2026-09-05,11,142,151,46192.05,184.72
49,2026-09-05,12,577,149,49011.69,335.13
49,2026-09-05,13,129,270,86922.41,398.25
49,2026-09-05,14,147,184,54751.69,195.87
49,2026-09-05,15,143,109,37474.4,160.75
49,2026-09-05,16,148,111,34813.76,163.6
49,2026-09-05,17,606,177,60631.23,369.25
49,2026-09-05,18,316,305,101074.73,476.43
49,2026-09-05,19,84,279,91035.39,290.13
49,2026-09-05,20,59,118,41783.94,104.53
49,2026-09-05,21,0,55,17129.38,44.55
49,2026-09-06,9,446,62,21897.89,200.17
49,2026-09-06,10,155,198,62248.44,311.92
49,2026-09-06,11,146,166,56605.03,191.38
49,2026-09-06,12,632,189,58756.68,375.08
49,2026-09-06,13,148,299,95802.27,423.48
49,2026-09-06,14,169,228,71794.3,216.62
49,2026-09-06,15,180,121,38368.97,186.95
49,2026-09-06,16,165,145,43340.23,191.13
49,2026-09-06,17,647,179,52615.78,404.8
49,2026-09-06,18,303,322,102607.89,521.43
49,2026-09-06,19,82,274,90815.62,272.65
49,2026-09-06,20,55,105,36427.84,101.48
49,2026-09-06,21,0,52,19910.32,40.67
49,2026-09-07,9,356,50,16148.56,165.65
49,2026-09-07,10,119,153,50315.63,243.68
49,2026-09-07,11,102,138,43287.19,143.38
49,2026-09-07,12,434,137,43490.46,268.42
49,2026-09-07,13,109,222,74041.72,288.73
49,2026-09-07,14,92,150,47942.9,130.3
49,2026-09-07,15,106,72,20850.61,113.2
49,2026-09-07,16,115,76,21336.51,112.67
49,2026-09-07,17,451,129,37655.66,278.8
49,2026-09-07,18,227,249,77962.48,366.58
49,2026-09-07,19,71,181,60795.87,214.77
49,2026-09-07,20,39,93,28798.61,89.9
49,2026-09-07,21,0,39,12286.22,30.3
49,2026-09-08,9,357,48,14040.42,163.9
49,2026-09-08,10,107,170,54592.5,246.82
49,2026-09-08,11,109,128,39823.07,148.08
49,2026-09-08,12,489,131,44051.23,289.13
49,2026-09-08,13,116,225,69805.22,332.9
49,2026-09-08,14,98,173,56185.49,144.62
49,2026-09-08,15,121,79,27903.32,116.77
49,2026-09-08,16,117,79,29748.62,130.38
49,2026-09-08,17,427,135,45037.28,272.82
49,2026-09-08,18,225,239,76423.1,356.13
49,2026-09-08,19,73,215,68787.28,186.57
49,2026-09-08,20,42,62,18771.13,80.3
49,2026-09-08,21,0,46,15281.72,35.62
49,2026-09-09,9,357,64,19387.96,167.15
49,2026-09-09,10,106,159,50183.83,234.23
49,2026-09-09,11,126,123,40202.28,140.37
49,2026-09-09,12,472,127,38979.85,295.8
49,2026-09-09,13,110,230,75401.09,317.88
49,2026-09-09,14,112,154,52957.32,161.78
49,2026-09-09,15,93,74,25286.09,110.55
49,2026-09-09,16,127,81,25391.5,122.05
49,2026-09-09,17,481,137,40660.49,299.98
49,2026-09-09,18,225,253,81389.69,384.38
49,2026-09-09,19,54,212,63165.66,193.1
49,2026-09-09,20,49,75,25596.79,70.82
49,2026-09-09,21,0,37,10198.46,32.63
49,2026-09-10,9,362,52,17281.95,174.93
49,2026-09-10,10,105,164,49059.06,257.33
49,2026-09-10,11,113,142,41540.52,141.38
49,2026-09-10,12,461,141,45133.1,298.92
49,2026-09-10,13,131,224,71029.01,321.22
49,2026-09-10,14,127,162,55995.66,164.15
49,2026-09-10,15,145,82,27228.36,138.77
49,2026-09-10,16,110,90,25337.3,141.62
49,2026-09-10,17,512,156,53340.81,315.47
49,2026-09-10,18,237,261,84330.28,399.68
49,2026-09-10,19,64,225,70228.71,199.58
49,2026-09-10,20,50,68,20930.47,80.5
49,2026-09-10,21,0,46,14641.67,38.4
49,2026-09-11,9,462,63,18388.31,214.7
49,2026-09-11,10,168,218,69149.15,332.12
49,2026-09-11,11,134,186,59348.43,193.03
49,2026-09-11,12,562,144,44502.11,333.33
49,2026-09-11,13,147,270,82857.76,416.73
49,2026-09-11,14,157,224,77392.04,214.82
49,2026-09-11,15,129,110,33897.69,155.78
49,2026-09-11,16,143,101,33186.95,154.08
49,2026-09-11,17,652,171,52258.65,383.9
49,2026-09-11,18,298,331,108785.96,503.53
49,2026-09-11,19,111,263,84816.12,278.67
49,2026-09-11,20,63,128,39905.38,120.95
49,2026-09-11,21,0,59,17637.01,43.68
49,2026-09-12,9,479,58,16620.18,218.78
49,2026-09-12,10,154,200,66469.68,344.6
49,2026-09-12,11,166,209,68636.64,195.02
49,2026-09-12,12,586,173,54791.32,377.45
49,2026-09-12,13,146,300,95297.55,400.87
49,2026-09-12,14,142,202,72800.87,191.42
49,2026-09-12,15,147,108,32026.86,162.23
49,2026-09-12,16,163,116,36743.26,161.43
49,2026-09-12,17,639,186,62377.12,401.92
49,2026-09-12,18,313,352,108585.38,504.65
49,2026-09-12,19,86,271,92761.27,272.67
49,2026-09-12,20,53,104,32471.06,96.15
49,2026-09-12,21,0,51,16110.48,42.97
49,2026-09-13,9,481,50,13799.89,223.15
49,2026-09-13,10,169,217,70511.83,343.07
49,2026-09-13,11,146,217,64600.83,201.17
49,2026-09-13,12,657,186,57103.08,394.65
49,2026-09-13,13,136,318,102072.87,425.48
49,2026-09-13,14,186,196,61655.27,226.47
49,2026-09-13,15,157,145,48163.61,168.63
49,2026-09-13,16,164,108,36233.7,170.15
49,2026-09-13,17,605,182,53510.07,391.37
49,2026-09-13,18,322,339,111625.71,512.33
49,2026-09-13,19,121,258,81212.48,288.85
49,2026-09-13,20,65,150,50453.14,136.67
49,2026-09-13,21,0,62,19779.12,43.47
49,2026-09-14,9,394,60,17482.11,169.17
49,2026-09-14,10,117,170,50949.05,259.75
49,2026-09-14,11,135,143,46285.36,165.72
49,2026-09-14,12,509,168,58535.82,328.23
49,2026-09-14,13,124,255,82174.87,346.77
49,2026-09-14,14,114,178,60739.0,173.93
49,2026-09-14,15,125,77,26378.19,134.75
49,2026-09-14,16,132,101,32445.11,146.92
49,2026-09-14,17,512,142,46900.26,306.42
49,2026-09-14,18,266,264,80057.04,435.98
49,2026-09-14,19,65,218,67970.53,222.2
49,2026-09-14,20,48,87,29429.16,80.62
49,2026-09-14,21,0,43,13049.08,30.52
49,2026-09-15,9,370,55,18091.64,178.63
49,2026-09-15,10,131,155,50217.69,268.87
49,2026-09-15,11,127,154,46785.55,173.9
49,2026-09-15,12,468,165,53259.25,292.42
49,2026-09-15,13,117,208,63289.66,320.35
49,2026-09-15,14,111,190,65166.47,159.2
49,2026-09-15,15,119,79,25255.65,112.92
49,2026-09-15,16,108,75,21888.06,125.05
49,2026-09-15,17,437,146,44855.91,263.57
49,2026-09-15,18,266,238,76117.61,365.45
49,2026-09-15,19,65,175,50456.23,213.77
49,2026-09-15,20,46,104,31701.37,83.82
49,2026-09-15,21,0,47,13643.37,34.12
49,2026-09-16,9,389,48,13416.14,174.8
49,2026-09-16,10,130,171,52889.91,285.25
49,2026-09-16,11,135,157,49737.09,184.73
49,2026-09-16,12,492,160,53877.18,311.98
49,2026-09-16,13,104,251,81459.42,332.53
49,2026-09-16,14,125,169,54561.38,154.45
49,2026-09-16,15,143,82,27078.69,141.37
49,2026-09-16,16,135,104,31895.39,154.22
49,2026-09-16,17,546,141,46537.62,329.75
49,2026-09-16,18,253,286,96512.31,440.52
49,2026-09-16,19,80,235,74229.73,239.73
49,2026-09-16,20,53,91,30442.48,90.05
49,2026-09-16,21,0,47,14566.45,35.3
49,2026-09-17,9,372,58,17960.51,174.43
49,2026-09-17,10,127,173,52230.0,255.63
49,2026-09-17,11,130,124,40205.42,158.85
49,2026-09-17,12,492,151,46314.82,309.18
49,2026-09-17,13,135,227,70988.22,342.2
49,2026-09-17,14,120,170,55021.7,176.95
49,2026-09-17,15,149,99,31480.07,145.93
49,2026-09-17,16,120,93,28073.91,143.92
49,2026-09-17,17,477,135,41327.41,291.32
49,2026-09-17,18,246,231,72144.0,402.1
49,2026-09-17,19,70,214,70339.35,228.75
49,2026-09-17,20,54,93,28899.79,88.07
49,2026-09-17,21,0,53,17918.42,38.63
49,2026-09-18,9,455,54,20727.3,209.92
49,2026-09-18,10,148,209,65716.64,319.72
49,2026-09-18,11,122,168,51437.85,184.5
49,2026-09-18,12,549,148,44414.13,324.82
49,2026-09-18,13,137,269,85474.53,379.67
49,2026-09-18,14,145,188,60952.49,190.77
49,2026-09-18,15,134,98,31389.24,154.98
49,2026-09-18,16,155,110,34655.88,154.72
49,2026-09-18,17,621,188,59606.15,369.32
49,2026-09-18,18,295,305,97899.62,474.68
49,2026-09-18,19,78,251,79261.06,244.52
49,2026-09-18,20,42,100,31999.05,90.13
49,2026-09-18,21,0,44,13975.52,29.12
49,2026-09-19,9,449,61,17696.31,203.98
49,2026-09-19,10,147,207,67820.66,320.03
49,2026-09-19,11,155,172,56500.65,197.03
49,2026-09-19,12,577,167,53465.19,357.02
49,2026-09-19,13,147,287,92154.81,398.72
49,2026-09-19,14,172,220,70523.82,212.58
49,2026-09-19,15,149,122,42422.94,167.2
49,2026-09-19,16,149,113,36701.16,168.07
49,2026-09-19,17,579,178,58943.27,352.4
49,2026-09-19,18,280,298,94929.92,452.93
49,2026-09-19,19,94,244,78111.63,260.67
49,2026-09-19,20,62,122,41391.31,114.38
49,2026-09-19,21,0,55,17356.5,35.78
49,2026-09-20,9,432,62,20170.58,193.1
49,2026-09-20,10,160,207,61312.76,318.55
49,2026-09-20,11,127,158,51933.02,177.52
49,2026-09-20,12,586,156,48759.75,365.1
49,2026-09-20,13,128,276,87740.6,396.78
49,2026-09-20,14,137,188,61680.6,179.78
49,2026-09-20,15,159,109,34594.8,167.7
49,2026-09-20,16,131,108,34848.25,172.08
49,2026-09-20,17,552,164,54443.05,341.03
49,2026-09-20,18,258,278,91943.49,436.48
49,2026-09-20,19,93,227,77316.95,249.07
49,2026-09-20,20,54,111,34248.89,99.97
49,2026-09-20,21,0,47,16642.28,34.05
50,2026-08-24,9,353,44,13386.27,158.37
50,2026-08-24,10,120,161,45782.59,250.9
50,2026-08-24,11,124,142,46822.36,159.65
50,2026-08-24,12,490,143,49538.53,299.8
50,2026-08-24,13,89,252,79202.59,329.67
50,2026-08-24,14,118,150,46652.4,140.05
50,2026-08-24,15,126,73,21780.35,124.47
50,2026-08-24,16,110,90,29065.68,133.53
50,2026-08-24,17,471,152,45673.31,287.82
50,2026-08-24,18,225,233,75954.63,369.37
50,2026-08-24,19,69,204,63315.46,190.77
50,2026-08-24,20,53,91,29019.15,80.42
50,2026-08-24,21,0,45,15819.61,32.32
50,2026-08-25,9,329,57,18802.01,151.32
50,2026-08-25,10,102,136,43226.89,206.43
50,2026-08-25,11,104,118,37554.39,128.82
50,2026-08-25,12,429,116,35722.37,272.8
50,2026-08-25,13,120,206,64847.95,300.9
50,2026-08-25,14,113,159,51438.05,158.55
50,2026-08-25,15,92,92,30555.43,115.87
50,2026-08-25,16,113,60,19248.25,108.27
50,2026-08-25,17,447,132,39653.4,284.33
50,2026-08-25,18,208,241,80437.53,351.9
50,2026-08-25,19,59,184,57733.6,165.83
50,2026-08-25,20,45,67,19610.58,70.27
50,2026-08-25,21,0,38,12419.1,28.5
50,2026-08-26,9,381,45,13754.88,174.23
50,2026-08-26,10,90,153,49936.07,268.95
50,2026-08-26,11,113,143,46434.46,136.18
50,2026-08-26,12,456,126,39176.46,267.92
50,2026-08-26,13,123,232,77576.85,323.17
50,2026-08-26,14,117,166,49087.0,163.25
50,2026-08-26,15,114,91,27518.92,128.08
50,2026-08-26,16,113,84,22123.51,122.67
50,2026-08-26,17,460,125,37303.78,288.47
50,2026-08-26,18,250,242,82647.93,374.38
50,2026-08-26,19,82,222,77349.28,217.75
50,2026-08-26,20,51,85,29031.56,95.5
50,2026-08-26,21,0,56,16898.97,38.92
50,2026-08-27,9,357,52,15378.24,157.05
50,2026-08-27,10,136,151,49214.67,262.27
50,2026-08-27,11,114,163,52228.09,160.02
50,2026-08-27,12,511,158,57259.78,309.5
50,2026-08-27,13,132,224,75208.2,344.33
50,2026-08-27,14,138,187,63189.38,178.42
50,2026-08-27,15,139,99,33561.22,152.9
50,2026-08-27,16,117,111,35571.94,145.25
50,2026-08-27,17,467,132,43876.63,277.37
50,2026-08-27,18,259,249,80878.01,381.27
50,2026-08-27,19,81,217,70715.09,234.12
50,2026-08-27,20,49,108,37790.3,90.27
50,2026-08-27,21,0,45,15810.9,31.83
50,2026-08-28,9,443,51,16248.42,189.9
50,2026-08-28,10,130,194,62764.69,314.87
50,2026-08-28,11,148,179,56165.4,175.08
50,2026-08-28,12,576,158,50442.63,358.92
50,2026-08-28,13,173,263,84468.77,439.65
50,2026-08-28,14,138,229,80150.31,222.13
50,2026-08-28,15,158,113,37467.16,165.42
50,2026-08-28,16,131,110,29655.39,167.88
50,2026-08-28,17,588,196,65078.39,358.92
50,2026-08-28,18,313,310,96487.87,441.93
50,2026-08-28,19,82,226,70010.63,259.6
50,2026-08-28,20,58,100,32605.54,105.5
50,2026-08-28,21,0,56,18952.99,38.67
50,2026-08-29,9,438,73,24711.19,189.58
50,2026-08-29,10,148,177,53883.59,302.85
50,2026-08-29,11,179,191,59926.76,209.93
50,2026-08-29,12,646,182,55640.99,395.3
50,2026-08-29,13,126,305,96722.16,425.28
50,2026-08-29,14,154,219,67898.81,209.32
50,2026-08-29,15,185,116,35997.76,184.73
50,2026-08-29,16,139,127,37027.14,176.38
50,2026-08-29,17,626,186,61645.23,373.33
50,2026-08-29,18,294,333,106135.31,476.27
50,2026-08-29,19,109,239,72755.24,275.73
50,2026-08-29,20,60,126,39820.38,120.42
50,2026-08-29,21,0,57,18022.16,45.28
50,2026-08-30,9,434,54,16537.07,198.52
50,2026-08-30,10,142,203,64388.85,304.25
50,2026-08-30,11,171,171,54180.37,196.45
50,2026-08-30,12,577,172,53765.36,376.67
50,2026-08-30,13,139,281,84427.5,420.35
50,2026-08-30,14,122,227,75786.8,186.82
50,2026-08-30,15,137,87,30083.38,133.22
50,2026-08-30,16,154,102,31541.61,161.4
50,2026-08-30,17,607,178,60161.39,376.7
50,2026-08-30,18,300,275,91028.68,488.08
50,2026-08-30,19,84,253,80999.56,280.3
50,2026-08-30,20,69,123,38599.29,121.68
50,2026-08-30,21,0,54,17385.25,43.88
50,2026-08-31,9,448,66,19219.35,195.0
50,2026-08-31,10,97,192,60315.85,284.03
50,2026-08-31,11,128,153,47193.98,153.3
50,2026-08-31,12,513,137,44019.23,314.77
50,2026-08-31,13,133,270,87578.4,348.93
50,2026-08-31,14,149,202,64248.11,182.45
50,2026-08-31,15,126,96,31458.66,137.37
50,2026-08-31,16,132,102,30132.52,140.95
50,2026-08-31,17,544,162,49190.6,319.68
50,2026-08-31,18,277,253,84816.4,439.37
50,2026-08-31,19,93,255,85193.14,254.73
50,2026-08-31,20,45,85,25290.42,94.98
50,2026-08-31,21,0,44,13408.09,37.92
50,2026-09-01,9,385,57,21089.59,171.82
50,2026-09-01,10,125,180,55323.52,265.13
50,2026-09-01,11,125,139,41504.47,154.35
50,2026-09-01,12,555,160,48120.09,347.23
50,2026-09-01,13,121,288,95248.26,371.08
50,2026-09-01,14,133,185,56903.7,176.97
50,2026-09-01,15,119,79,24412.46,138.42
50,2026-09-01,16,128,99,32947.17,140.3
50,2026-09-01,17,548,146,46588.83,331.25
50,2026-09-01,18,247,276,83714.65,417.13
50,2026-09-01,19,78,247,80031.77,207.8
50,2026-09-01,20,31,78,25333.52,71.33
50,2026-09-01,21,0,40,14462.15,25.17
50,2026-09-02,9,377,47,12974.6,162.67
50,2026-09-02,10,136,169,52793.69,279.3
50,2026-09-02,11,134,155,52168.84,173.87
50,2026-09-02,12,517,157,47506.09,314.85
50,2026-09-02,13,109,232,71770.36,343.92
50,2026-09-02,14,123,186,60324.76,172.35
50,2026-09-02,15,110,81,24993.58,127.65
50,2026-09-02,16,123,72,21112.61,136.45
50,2026-09-02,17,536,174,57533.82,320.2
50,2026-09-02,18,275,276,84031.19,420.38
50,2026-09-02,19,70,224,69923.81,215.48
50,2026-09-02,20,37,87,30678.05,73.93
50,2026-09-02,21,0,28,8073.97,26.6
50,2026-09-03,9,386,56,17895.2,170.93
50,2026-09-03,10,126,153,50253.7,272.1
50,2026-09-03,11,137,153,44537.08,176.52
50,2026-09-03,12,477,143,48874.13,297.47
50,2026-09-03,13,112,244,76459.34,333.97
50,2026-09-03,14,128,182,64517.05,164.67
50,2026-09-03,15,113,81,26696.52,132.55
50,2026-09-03,16,132,85,28206.52,145.33
50,2026-09-03,17,514,138,45831.49,328.03
50,2026-09-03,18,261,286,92403.02,415.0
50,2026-09-03,19,87,206,66150.66,220.27
50,2026-09-03,20,44,99,33670.67,98.73
50,2026-09-03,21,0,46,16443.44,30.18
50,2026-09-04,9,457,77,21974.91,212.6
50,2026-09-04,10,121,207,64225.28,291.75
50,2026-09-04,11,150,153,49467.68,167.55
50,2026-09-04,12,541,164,54584.71,352.95
50,2026-09-04,13,156,267,89077.62,374.7
50,2026-09-04,14,122,182,53223.57,190.77
50,2026-09-04,15,146,98,28964.72,160.6
50,2026-09-04,16,130,105,30941.13,153.78
50,2026-09-04,17,565,165,52151.18,336.08
50,2026-09-04,18,262,303,94051.03,450.72
50,2026-09-04,19,76,240,80506.47,229.6
50,2026-09-04,20,42,95,31601.82,83.07
50,2026-09-04,21,0,39,11972.6,34.35
50,2026-09-05,9,524,68,21966.63,245.25
50,2026-09-05,10,160,230,71190.8,365.1
50,2026-09-05,11,198,207,60863.18,228.97
50,2026-09-05,12,696,218,75971.85,430.45
50,2026-09-05,13,157,326,101182.95,476.12
50,2026-09-05,14,166,223,81831.75,228.0
50,2026-09-05,15,158,140,46277.68,185.13
50,2026-09-05,16,173,127,39521.88,195.07
50,2026-09-05,17,695,207,66031.12,418.22
50,2026-09-05,18,353,358,117780.87,567.48
50,2026-09-05,19,104,306,93052.92,310.7
50,2026-09-05,20,60,145,47380.47,122.9
50,2026-09-05,21,0,58,18593.96,40.43
50,2026-09-06,9,458,66,22363.66,204.8
50,2026-09-06,10,139,185,60058.61,311.38
50,2026-09-06,11,150,177,51398.17,178.05
50,2026-09-06,12,637,176,64126.76,383.32
50,2026-09-06,13,150,297,100193.94,433.52
50,2026-09-06,14,161,227,70156.03,220.38
50,2026-09-06,15,142,120,41278.84,178.35
50,2026-09-06,16,135,117,40316.54,162.4
50,2026-09-06,17,658,193,61785.98,387.07
50,2026-09-06,18,338,328,102299.45,526.67
50,2026-09-06,19,100,301,97250.98,292.55
50,2026-09-06,20,61,114,41864.08,110.7
50,2026-09-06,21,0,64,16268.29,43.95
50,2026-09-07,9,319,51,16040.78,149.8
50,2026-09-07,10,105,131,43643.6,228.37
50,2026-09-07,11,118,136,42903.53,144.53
50,2026-09-07,12,476,136,43094.74,292.23
50,2026-09-07,13,120,229,76775.24,335.75
50,2026-09-07,14,104,168,53717.44,164.68
50,2026-09-07,15,109,92,29644.18,111.47
50,2026-09-07,16,125,66,24721.95,126.18
50,2026-09-07,17,474,147,48293.67,294.03
50,2026-09-07,18,217,240,76667.5,362.8
50,2026-09-07,19,72,199,66921.57,207.12
50,2026-09-07,20,51,87,32426.16,84.95
50,2026-09-07,21,0,51,15272.9,35.35
50,2026-09-08,9,358,46,15347.33,156.93
50,2026-09-08,10,101,158,51603.41,245.77
50,2026-09-08,11,107,131,45296.54,135.92
50,2026-09-08,12,463,113,36483.64,287.02
50,2026-09-08,13,119,205,65676.02,326.32
50,2026-09-08,14,107,169,57150.15,165.83
50,2026-09-08,15,125,77,22213.86,123.4
50,2026-09-08,16,112,92,29676.0,136.22
50,2026-09-08,17,484,170,52613.79,289.92
50,2026-09-08,18,213,227,71236.26,361.37
50,2026-09-08,19,62,200,62372.69,174.92
50,2026-09-08,20,55,71,21199.12,79.33
50,2026-09-08,21,0,50,16512.64,35.2
50,2026-09-09,9,384,51,15635.48,175.73
50,2026-09-09,10,134,173,52986.74,282.72
50,2026-09-09,11,131,160,50178.42,180.4
50,2026-09-09,12,551,168,51188.53,338.98
50,2026-09-09,13,115,252,81723.16,362.5
50,2026-09-09,14,120,186,59589.98,176.6
50,2026-09-09,15,124,89,28741.35,135.57
50,2026-09-09,16,108,88,29438.93,124.97
50,2026-09-09,17,549,139,41670.46,321.07
50,2026-09-09,18,251,266,91271.99,435.92
50,2026-09-09,19,70,231,74471.2,224.88
50,2026-09-09,20,53,91,30573.9,90.62
50,2026-09-09,21,0,44,14878.94,38.97
50,2026-09-10,9,360,51,17702.81,162.7
50,2026-09-10,10,117,150,46434.65,253.75
50,2026-09-10,11,117,142,47147.9,163.67
50,2026-09-10,12,479,147,53951.42,298.23
50,2026-09-10,13,112,238,77628.16,309.13
50,2026-09-10,14,123,148,51497.48,159.77
50,2026-09-10,15,120,88,28271.95,140.38
50,2026-09-10,16,121,88,25336.16,133.8
50,2026-09-10,17,493,144,47419.42,292.03
50,2026-09-10,18,234,268,86909.68,389.85
50,2026-09-10,19,75,208,67295.23,198.8
50,2026-09-10,20,48,81,26940.29,79.67
50,2026-09-10,21,0,41,12356.84,31.6
50,2026-09-11,9,453,58,17840.4,202.35
50,2026-09-11,10,132,211,68746.25,309.12
50,2026-09-11,11,137,160,58103.53,184.42
50,2026-09-11,12,562,166,54546.1,347.32
50,2026-09-11,13,139,272,86734.6,381.92
50,2026-09-11,14,148,190,68341.06,194.62
50,2026-09-11,15,150,108,36720.85,162.5
50,2026-09-11,16,160,115,33154.38,170.62
50,2026-09-11,17,589,185,58107.81,372.68
50,2026-09-11,18,283,285,90177.4,466.32
50,2026-09-11,19,71,254,82856.1,248.48
50,2026-09-11,20,61,85,29995.08,99.48
50,2026-09-11,21,0,62,19440.88,45.48
50,2026-09-12,9,470,58,17554.28,213.97
50,2026-09-12,10,180,213,69297.12,345.97
50,2026-09-12,11,142,193,60817.82,212.57
50,2026-09-12,12,633,178,58846.08,388.1
50,2026-09-12,13,162,309,100296.09,437.0
50,2026-09-12,14,156,220,69871.83,216.62
50,2026-09-12,15,155,128,40075.33,164.85
50,2026-09-12,16,154,105,34929.93,164.3
50,2026-09-12,17,632,172,60296.91,387.68
50,2026-09-12,18,315,312,97373.95,536.73
50,2026-09-12,19,105,294,95135.05,292.62
50,2026-09-12,20,49,102,30382.66,98.42
50,2026-09-12,21,0,48,14167.49,36.58
50,2026-09-13,9,451,62,18653.43,209.62
50,2026-09-13,10,145,217,69116.94,296.27
50,2026-09-13,11,159,157,54415.22,182.12
50,2026-09-13,12,618,163,55074.27,396.82
50,2026-09-13,13,125,302,94906.73,424.48
50,2026-09-13,14,142,219,70294.12,191.72
50,2026-09-13,15,154,101,28950.61,151.38
50,2026-09-13,16,136,106,33437.85,161.45
50,2026-09-13,17,615,150,45807.81,362.95
50,2026-09-13,18,309,308,104676.27,502.95
50,2026-09-13,19,102,280,90226.61,288.22
50,2026-09-13,20,56,127,40848.12,118.57
50,2026-09-13,21,0,50,12892.18,38.18
50,2026-09-14,9,366,50,14511.76,171.85
50,2026-09-14,10,89,185,56759.5,237.15
50,2026-09-14,11,132,124,37902.16,137.22
50,2026-09-14,12,455,130,39803.4,275.05
50,2026-09-14,13,103,231,73798.64,307.3
50,2026-09-14,14,103,153,50140.56,145.45
50,2026-09-14,15,96,74,22409.79,107.75
50,2026-09-14,16,108,72,24477.85,107.63
50,2026-09-14,17,467,136,38867.58,272.85
50,2026-09-14,18,264,219,71946.73,381.62
50,2026-09-14,19,87,227,75259.95,242.6
50,2026-09-14,20,48,98,31113.92,92.47
50,2026-09-14,21,0,52,15312.08,37.68
50,2026-09-15,9,379,66,18895.28,179.03
50,2026-09-15,10,129,163,52298.19,244.35
50,2026-09-15,11,103,130,41810.57,163.67
50,2026-09-15,12,507,135,40728.85,291.2
50,2026-09-15,13,134,244,74872.73,356.88
50,2026-09-15,14,118,194,61731.08,191.73
50,2026-09-15,15,119,88,29227.56,133.48
50,2026-09-15,16,102,100,32085.19,119.58
50,2026-09-15,17,522,140,46491.5,287.17
50,2026-09-15,18,266,265,84501.67,410.57
50,2026-09-15,19,79,213,70286.93,229.32
50,2026-09-15,20,62,106,37524.02,109.88
50,2026-09-15,21,0,61,17981.65,43.1
50,2026-09-16,9,392,47,12321.0,183.57
50,2026-09-16,10,125,173,51749.87,280.3
50,2026-09-16,11,109,149,45782.01,152.12
50,2026-09-16,12,500,145,44898.12,300.3
50,2026-09-16,13,141,240,74850.45,349.68
50,2026-09-16,14,130,201,66309.7,194.57
50,2026-09-16,15,135,107,37751.41,133.83
50,2026-09-16,16,136,90,29045.16,151.95
50,2026-09-16,17,530,160,50689.37,331.3
50,2026-09-16,18,278,280,90644.63,429.03
50,2026-09-16,19,90,229,71097.82,242.27
50,2026-09-16,20,55,108,33616.09,103.4
50,2026-09-16,21,0,50,16699.27,36.95
50,2026-09-17,9,356,50,13571.4,162.93
50,2026-09-17,10,126,154,53200.09,258.73
50,2026-09-17,11,110,137,48098.31,146.08
50,2026-09-17,12,464,139,43959.02,281.63
50,2026-09-17,13,123,231,73368.49,319.87
50,2026-09-17,14,120,153,51494.38,159.67
50,2026-09-17,15,133,87,26755.57,141.23
50,2026-09-17,16,126,87,27582.73,138.5
50,2026-09-17,17,528,153,46257.48,321.25
50,2026-09-17,18,247,265,81788.51,429.57
50,2026-09-17,19,68,238,71619.35,215.9
50,2026-09-17,20,52,85,25957.78,89.18
50,2026-09-17,21,0,53,16324.93,33.4
50,2026-09-18,9,441,65,23786.05,211.77
50,2026-09-18,10,125,172,56368.63,298.77
50,2026-09-18,11,131,175,52790.24,167.8
50,2026-09-18,12,528,140,43131.39,328.4
50,2026-09-18,13,111,266,89953.25,375.82
50,2026-09-18,14,143,180,57405.39,172.02
50,2026-09-18,15,139,86,28331.73,159.12
50,2026-09-18,16,145,117,35116.71,159.87
50,2026-09-18,17,563,178,56510.42,355.42
50,2026-09-18,18,274,305,100731.46,440.13
50,2026-09-18,19,81,231,71777.28,220.38
50,2026-09-18,20,47,85,26886.09,86.1
50,2026-09-18,21,0,45,13482.93,31.38
50,2026-09-19,9,427,53,17861.67,198.68
50,2026-09-19,10,151,190,58878.01,313.8
50,2026-09-19,11,162,193,63067.25,189.77
50,2026-09-19,12,623,192,61071.15,389.13
50,2026-09-19,13,148,318,97891.9,412.73
50,2026-09-19,14,159,186,63487.18,207.47
50,2026-09-19,15,168,123,38437.59,166.48
50,2026-09-19,16,167,120,40825.08,189.27
50,2026-09-19,17,635,173,56475.15,399.13
50,2026-09-19,18,273,324,107585.03,500.3
50,2026-09-19,19,105,273,84480.28,267.12
50,2026-09-19,20,81,110,33075.31,110.7
50,2026-09-19,21,0,70,21925.03,51.1
50,2026-09-20,9,458,68,24016.86,217.75
50,2026-09-20,10,124,206,71571.29,307.25
50,2026-09-20,11,165,163,47600.43,192.05
50,2026-09-20,12,617,188,60344.21,374.45
50,2026-09-20,13,134,282,90481.73,419.53
50,2026-09-20,14,157,219,64208.6,212.48
50,2026-09-20,15,155,109,39234.09,163.52
50,2026-09-20,16,143,113,34301.98,164.68
50,2026-09-20,17,604,157,52281.04,380.53
50,2026-09-20,18,317,329,113467.16,489.28
50,2026-09-20,19,100,259,84464.05,266.6
50,2026-09-20,20,70,119,39676.43,119.3
50,2026-09-20,21,0,67,20727.67,46.22
