store_id,date,hour,customers,tickets,sales_mxn,occupancy
1,2026-09-28,9,340.25,46.0,13975.28,152.04
1,2026-09-28,10,106.25,144.75,44383.53,236.61
1,2026-09-28,11,114.5,140.25,45727.16,141.68
1,2026-09-28,12,495.5,143.0,45284.32,297.61
1,2026-09-28,13,111.25,251.75,79676.15,328.54
1,2026-09-28,14,131.5,156.5,50945.41,161.49
1,2026-09-28,15,118.25,98.0,32147.63,138.57
1,2026-09-28,16,114.75,93.75,28997.58,131.44
1,2026-09-28,17,492.5,132.0,42023.55,306.1
1,2026-09-28,18,238.5,265.25,85647.08,388.43
1,2026-09-28,19,79.25,205.75,68435.6,212.73
1,2026-09-28,20,46.5,89.25,29171.19,87.56
1,2026-09-28,21,0.0,43.25,13989.93,31.56
2,2026-09-28,9,404.0,50.0,16384.48,183.6
2,2026-09-28,10,115.75,169.75,54053.06,283.06
2,2026-09-28,11,122.75,161.5,52015.55,163.69
2,2026-09-28,12,507.25,138.0,44282.56,307.67
2,2026-09-28,13,118.75,251.0,81233.36,339.79
2,2026-09-28,14,132.25,167.75,54686.58,175.32
2,2026-09-28,15,116.0,94.75,29920.84,134.27
2,2026-09-28,16,120.25,86.0,27718.36,134.0
2,2026-09-28,17,537.25,152.25,52205.94,322.51
2,2026-09-28,18,262.0,269.75,85900.88,422.67
2,2026-09-28,19,80.0,233.25,73142.78,228.29
2,2026-09-28,20,48.0,93.0,28955.38,89.72
2,2026-09-28,21,0.0,45.25,12906.35,34.09
3,2026-09-28,9,388.0,54.75,18448.17,176.24
3,2026-09-28,10,118.5,164.5,50755.68,275.67
3,2026-09-28,11,114.75,153.25,47276.91,151.24
3,2026-09-28,12,496.75,136.25,45940.11,287.62
3,2026-09-28,13,131.75,234.25,73660.83,350.47
3,2026-09-28,14,123.75,182.25,56822.79,177.55
3,2026-09-28,15,113.75,95.0,29521.84,133.51
3,2026-09-28,16,140.0,94.75,30283.34,134.09
3,2026-09-28,17,527.0,146.5,46628.68,327.68
3,2026-09-28,18,243.75,276.5,88071.03,420.98
3,2026-09-28,19,80.75,220.25,69393.38,216.28
3,2026-09-28,20,51.5,95.75,30525.8,91.81
3,2026-09-28,21,0.0,48.5,16070.89,35.65
4,2026-09-28,9,366.25,48.5,16081.62,168.03
4,2026-09-28,10,107.0,160.0,51678.12,259.7
4,2026-09-28,11,126.0,148.0,47385.0,155.05
4,2026-09-28,12,498.5,141.0,45460.14,310.04
4,2026-09-28,13,112.5,237.5,75757.28,342.76
4,2026-09-28,14,120.5,174.0,53854.71,162.5
4,2026-09-28,15,129.75,91.75,28851.82,132.9
4,2026-09-28,16,128.25,90.0,27825.46,139.52
4,2026-09-28,17,479.5,144.75,48103.65,300.04
4,2026-09-28,18,241.5,256.5,79745.17,395.11
4,2026-09-28,19,71.5,208.25,69318.73,211.26
4,2026-09-28,20,53.0,88.25,26951.36,88.12
4,2026-09-28,21,0.0,47.25,15919.6,38.22
5,2026-09-28,9,369.75,49.75,15553.23,169.19
5,2026-09-28,10,124.5,166.25,52604.1,256.76
5,2026-09-28,11,132.5,152.0,49141.63,166.92
5,2026-09-28,12,500.75,149.75,48783.74,311.32
5,2026-09-28,13,118.5,244.5,75939.81,343.85
5,2026-09-28,14,135.25,172.75,56516.1,176.76
5,2026-09-28,15,127.75,99.0,32227.23,144.4
5,2026-09-28,16,126.75,99.75,32606.41,136.73
5,2026-09-28,17,521.0,153.5,50325.79,314.48
5,2026-09-28,18,250.0,264.5,82452.74,412.19
5,2026-09-28,19,77.25,217.5,68637.74,219.36
5,2026-09-28,20,48.5,95.75,33158.71,89.9
5,2026-09-28,21,0.0,45.25,13502.24,33.88
6,2026-09-28,9,376.75,48.0,14701.06,171.0
6,2026-09-28,10,128.75,163.5,50627.61,271.11
6,2026-09-28,11,135.5,158.75,52642.71,169.16
6,2026-09-28,12,516.5,148.75,47188.74,326.0
6,2026-09-28,13,126.75,255.0,81405.04,359.44
6,2026-09-28,14,122.0,184.5,57308.15,176.63
6,2026-09-28,15,141.0,94.0,29855.47,140.93
6,2026-09-28,16,133.75,99.25,31327.64,146.36
6,2026-09-28,17,550.5,161.75,52954.64,336.65
6,2026-09-28,18,270.5,289.75,91283.31,438.04
6,2026-09-28,19,75.0,238.75,75148.1,236.36
6,2026-09-28,20,51.75,100.75,30823.48,87.09
6,2026-09-28,21,0.0,45.5,14859.54,35.97
7,2026-09-28,9,429.0,57.0,18514.34,194.32
7,2026-09-28,10,136.25,186.0,58809.87,305.19
7,2026-09-28,11,138.5,173.0,54401.01,182.48
7,2026-09-28,12,566.75,166.75,53194.74,346.64
7,2026-09-28,13,137.25,277.25,89684.23,382.21
7,2026-09-28,14,141.0,187.75,60313.03,196.93
7,2026-09-28,15,125.75,110.75,35778.7,151.28
7,2026-09-28,16,137.75,98.0,32164.4,149.99
7,2026-09-28,17,570.0,160.5,51940.82,339.94
7,2026-09-28,18,275.25,287.25,93995.22,455.25
7,2026-09-28,19,78.0,227.75,72008.04,244.44
7,2026-09-28,20,55.5,106.5,36925.67,98.79
7,2026-09-28,21,0.0,50.25,16070.86,37.44
8,2026-09-28,9,362.25,50.75,16815.63,163.41
8,2026-09-28,10,116.0,156.5,51768.94,255.7
8,2026-09-28,11,122.75,146.0,50166.22,162.69
8,2026-09-28,12,495.75,142.75,45221.5,298.19
8,2026-09-28,13,112.75,232.5,77340.11,334.92
8,2026-09-28,14,131.25,177.0,58329.76,165.09
8,2026-09-28,15,124.75,91.0,28886.16,135.34
8,2026-09-28,16,119.25,97.25,29408.18,134.74
8,2026-09-28,17,497.5,134.75,43854.38,305.98
8,2026-09-28,18,245.75,258.25,81756.22,402.53
8,2026-09-28,19,65.5,211.75,68210.95,210.54
8,2026-09-28,20,48.5,88.0,28891.12,80.22
8,2026-09-28,21,0.0,40.25,12800.21,31.6
9,2026-09-28,9,366.5,50.75,16269.39,165.11
9,2026-09-28,10,111.25,172.25,54711.45,252.19
9,2026-09-28,11,111.5,130.5,39362.48,146.02
9,2026-09-28,12,479.0,134.75,43379.02,291.69
9,2026-09-28,13,114.25,231.0,74483.81,328.58
9,2026-09-28,14,121.25,165.5,52790.93,163.74
9,2026-09-28,15,115.5,87.75,27646.19,129.95
9,2026-09-28,16,118.75,82.75,26562.14,128.74
9,2026-09-28,17,498.25,148.75,48808.21,306.71
9,2026-09-28,18,236.75,257.25,84558.7,385.84
9,2026-09-28,19,69.75,196.0,64800.78,211.14
9,2026-09-28,20,50.0,95.25,29846.64,86.0
9,2026-09-28,21,0.0,41.25,13153.23,30.0
10,2026-09-28,9,376.25,53.0,16609.05,172.78
10,2026-09-28,10,119.75,165.75,53357.01,262.06
10,2026-09-28,11,121.5,137.25,45228.18,152.73
10,2026-09-28,12,503.0,142.5,47048.06,309.0
10,2026-09-28,13,121.75,248.25,80176.17,349.73
10,2026-09-28,14,125.5,171.75,53501.54,168.56
10,2026-09-28,15,127.75,86.0,28351.45,140.02
10,2026-09-28,16,122.75,102.75,32176.3,138.49
10,2026-09-28,17,497.25,144.0,45327.2,303.16
10,2026-09-28,18,246.25,268.5,85108.4,394.03
10,2026-09-28,19,76.75,204.5,69653.08,213.77
10,2026-09-28,20,50.5,92.25,29519.26,87.12
10,2026-09-28,21,0.0,41.75,13534.88,32.96
11,2026-09-28,9,361.5,50.75,16083.33,163.06
11,2026-09-28,10,115.5,165.5,52737.06,251.81
11,2026-09-28,11,123.25,149.75,46574.88,154.8
11,2026-09-28,12,485.75,141.5,45540.44,302.22
11,2026-09-28,13,115.5,230.0,73777.25,329.93
11,2026-09-28,14,125.0,177.5,55505.29,167.68
11,2026-09-28,15,129.0,92.5,30421.21,132.5
11,2026-09-28,16,124.5,91.0,29716.75,141.85
11,2026-09-28,17,497.5,143.5,45043.89,313.39
11,2026-09-28,18,231.75,257.25,82319.78,398.41
11,2026-09-28,19,66.0,219.0,68241.12,208.1
11,2026-09-28,20,48.5,81.0,27291.19,77.04
11,2026-09-28,21,0.0,45.5,14107.38,32.84
12,2026-09-28,9,457.75,70.5,22206.21,206.96
12,2026-09-28,10,146.75,188.5,61264.8,313.89
12,2026-09-28,11,146.25,179.25,59415.14,194.57
12,2026-09-28,12,561.75,163.0,51903.93,353.99
12,2026-09-28,13,139.75,269.75,89006.74,382.95
12,2026-09-28,14,142.75,198.5,62487.79,194.26
12,2026-09-28,15,137.25,98.75,30100.73,157.18
12,2026-09-28,16,146.0,106.25,33053.6,157.56
12,2026-09-28,17,575.0,171.25,55480.41,349.12
12,2026-09-28,18,271.25,296.0,93647.2,451.28
12,2026-09-28,19,84.75,238.5,77695.37,245.34
12,2026-09-28,20,56.25,103.25,31739.49,97.33
12,2026-09-28,21,0.0,53.25,17183.32,39.29
13,2026-09-28,9,361.5,54.0,17218.03,160.77
13,2026-09-28,10,125.25,162.25,54442.51,248.97
13,2026-09-28,11,120.75,139.5,45316.08,155.34
13,2026-09-28,12,489.5,135.25,42891.2,301.48
13,2026-09-28,13,116.25,240.75,78374.82,334.38
13,2026-09-28,14,112.25,162.5,52238.17,164.04
13,2026-09-28,15,137.25,83.25,26695.19,138.68
13,2026-09-28,16,123.0,94.0,30582.17,140.48
13,2026-09-28,17,500.5,152.0,48524.78,311.04
13,2026-09-28,18,244.0,258.75,83106.12,404.09
13,2026-09-28,19,79.25,216.75,67487.74,211.58
13,2026-09-28,20,48.0,91.75,29548.48,88.04
13,2026-09-28,21,0.0,47.25,15617.79,34.91
14,2026-09-28,9,370.25,53.0,16913.13,172.28
14,2026-09-28,10,111.5,158.5,48955.64,254.31
14,2026-09-28,11,132.75,142.5,46137.45,148.92
14,2026-09-28,12,504.25,141.75,45793.5,314.01
14,2026-09-28,13,115.75,250.5,80910.9,346.18
14,2026-09-28,14,131.0,170.25,55896.62,170.19
14,2026-09-28,15,122.25,93.75,29700.54,140.1
14,2026-09-28,16,118.25,96.5,32758.31,132.65
14,2026-09-28,17,501.5,143.25,44498.43,310.6
14,2026-09-28,18,250.0,261.0,82579.25,399.28
14,2026-09-28,19,69.0,215.0,66996.96,212.04
14,2026-09-28,20,47.0,89.25,28943.57,79.9
14,2026-09-28,21,0.0,43.75,14750.71,31.89
15,2026-09-28,9,309.75,39.0,12291.58,139.61
15,2026-09-28,10,111.0,148.25,47437.56,219.62
15,2026-09-28,11,112.5,123.25,41214.28,139.17
15,2026-09-28,12,437.0,130.5,40406.03,267.83
15,2026-09-28,13,99.25,209.5,67084.54,293.86
15,2026-09-28,14,114.25,152.5,49700.99,150.49
15,2026-09-28,15,98.25,77.25,24068.35,119.6
15,2026-09-28,16,117.0,82.0,25988.61,119.56
15,2026-09-28,17,462.0,132.5,42467.08,285.7
15,2026-09-28,18,209.75,233.5,76403.18,366.75
15,2026-09-28,19,64.5,191.0,60915.6,195.23
15,2026-09-28,20,45.25,78.75,24434.46,79.22
15,2026-09-28,21,0.0,45.75,13563.95,31.24
16,2026-09-28,9,430.0,62.0,20447.46,193.9
16,2026-09-28,10,129.5,188.5,60249.4,292.2
16,2026-09-28,11,133.0,162.25,51152.14,165.11
16,2026-09-28,12,554.25,157.25,50699.41,334.85
16,2026-09-28,13,141.5,269.75,83235.23,381.49
16,2026-09-28,14,137.75,195.0,61439.27,194.07
16,2026-09-28,15,139.25,106.0,33755.87,149.39
16,2026-09-28,16,143.25,100.25,31450.5,151.12
16,2026-09-28,17,575.25,175.0,55363.41,349.55
16,2026-09-28,18,283.0,287.75,91251.19,455.1
16,2026-09-28,19,90.0,252.75,78870.75,251.07
16,2026-09-28,20,60.0,102.5,32524.95,100.86
16,2026-09-28,21,0.0,52.25,15768.24,40.81
17,2026-09-28,9,352.5,52.0,15728.82,157.41
17,2026-09-28,10,118.5,149.25,47631.15,247.29
17,2026-09-28,11,119.5,140.75,44070.28,155.99
17,2026-09-28,12,507.0,154.25,50196.36,312.9
17,2026-09-28,13,121.5,235.0,74928.83,343.57
17,2026-09-28,14,117.25,174.75,56103.76,174.09
17,2026-09-28,15,127.75,96.0,30595.95,132.76
17,2026-09-28,16,112.75,90.0,29069.14,130.85
17,2026-09-28,17,497.25,147.0,48176.94,297.9
17,2026-09-28,18,250.5,254.0,78742.1,396.28
17,2026-09-28,19,75.5,218.25,72190.3,219.53
17,2026-09-28,20,47.75,87.5,28864.73,85.01
17,2026-09-28,21,0.0,42.75,14331.76,33.25
18,2026-09-28,9,352.75,54.0,17126.24,162.56
18,2026-09-28,10,111.75,165.25,53679.26,239.57
18,2026-09-28,11,117.25,127.0,42175.44,147.07
18,2026-09-28,12,475.75,132.5,40947.88,282.28
18,2026-09-28,13,110.25,232.25,77076.67,323.41
18,2026-09-28,14,110.25,160.75,50472.89,155.05
18,2026-09-28,15,129.0,85.0,28833.18,123.61
18,2026-09-28,16,116.5,89.75,29971.8,131.08
18,2026-09-28,17,480.75,138.75,45809.9,293.55
18,2026-09-28,18,239.0,244.0,80981.46,385.58
18,2026-09-28,19,68.5,205.5,65724.67,205.79
18,2026-09-28,20,42.25,80.0,26094.01,84.53
18,2026-09-28,21,0.0,43.0,13541.31,33.7
19,2026-09-28,9,335.75,42.0,13817.5,157.26
19,2026-09-28,10,117.0,155.5,49674.41,241.88
19,2026-09-28,11,103.25,129.75,41026.79,143.5
19,2026-09-28,12,445.0,130.5,41792.9,269.55
19,2026-09-28,13,106.75,223.0,70752.23,304.5
19,2026-09-28,14,106.5,154.0,46996.3,151.13
19,2026-09-28,15,105.25,82.75,26340.97,115.55
19,2026-09-28,16,108.0,76.75,25024.9,116.53
19,2026-09-28,17,466.25,136.5,45000.12,280.67
19,2026-09-28,18,223.0,227.25,70719.25,371.92
19,2026-09-28,19,69.0,201.25,65162.24,206.76
19,2026-09-28,20,43.0,78.75,24341.64,76.37
19,2026-09-28,21,0.0,42.25,13235.74,29.7
20,2026-09-28,9,354.5,50.75,16131.84,158.1
20,2026-09-28,10,108.75,149.25,47376.72,239.49
20,2026-09-28,11,121.5,131.75,42474.85,152.49
20,2026-09-28,12,482.0,147.75,47538.24,294.5
20,2026-09-28,13,115.75,229.5,75987.48,328.75
20,2026-09-28,14,122.75,163.75,54158.96,168.65
20,2026-09-28,15,124.75,91.75,30574.51,135.54
20,2026-09-28,16,116.5,90.0,29543.16,135.69
20,2026-09-28,17,483.25,144.5,48597.15,290.55
20,2026-09-28,18,244.0,257.5,83935.0,384.44
20,2026-09-28,19,64.25,199.0,62967.48,205.9
20,2026-09-28,20,44.0,91.0,30178.9,76.29
20,2026-09-28,21,0.0,36.5,11931.6,27.78
21,2026-09-28,9,343.5,48.75,14861.76,154.2
21,2026-09-28,10,113.0,147.25,45521.95,239.2
21,2026-09-28,11,112.25,140.5,44000.37,145.31
21,2026-09-28,12,455.25,127.0,39846.98,276.52
21,2026-09-28,13,103.25,224.0,69958.48,315.77
21,2026-09-28,14,99.75,159.25,52559.74,149.5
21,2026-09-28,15,111.25,72.0,23468.92,117.26
21,2026-09-28,16,113.75,79.0,24478.19,122.6
21,2026-09-28,17,457.25,134.5,41039.2,275.53
21,2026-09-28,18,219.25,239.0,76049.06,359.32
21,2026-09-28,19,60.75,192.25,60962.02,196.13
21,2026-09-28,20,42.75,76.0,25243.4,76.46
21,2026-09-28,21,0.0,44.25,15055.66,31.2
22,2026-09-28,9,422.5,55.25,18366.87,190.42
22,2026-09-28,10,136.25,189.5,57987.89,296.12
22,2026-09-28,11,132.25,166.75,52227.99,179.78
22,2026-09-28,12,574.75,170.5,54659.29,342.1
22,2026-09-28,13,133.25,267.25,83885.92,391.77
22,2026-09-28,14,145.75,198.0,60533.98,193.22
22,2026-09-28,15,140.5,105.25,33541.13,154.87
22,2026-09-28,16,132.25,97.0,31056.35,149.78
22,2026-09-28,17,565.25,152.75,49664.93,344.74
22,2026-09-28,18,286.75,292.75,95363.43,454.96
22,2026-09-28,19,83.25,254.25,78982.77,249.69
22,2026-09-28,20,57.0,104.5,35344.8,93.91
22,2026-09-28,21,0.0,49.75,14259.84,36.14
23,2026-09-28,9,363.5,50.75,15892.56,163.23
23,2026-09-28,10,116.0,155.0,52247.0,255.23
23,2026-09-28,11,112.75,141.5,45217.15,148.78
23,2026-09-28,12,468.0,134.5,40235.9,287.69
23,2026-09-28,13,116.0,227.5,71422.8,315.64
23,2026-09-28,14,121.25,157.75,51736.55,162.89
23,2026-09-28,15,123.25,91.5,28538.25,133.46
23,2026-09-28,16,113.25,88.25,28687.02,136.14
23,2026-09-28,17,495.75,145.75,48341.77,302.26
23,2026-09-28,18,235.25,249.0,79253.75,384.41
23,2026-09-28,19,71.25,214.0,69930.59,211.0
23,2026-09-28,20,44.0,84.0,25809.16,81.13
23,2026-09-28,21,0.0,43.0,13672.9,31.3
24,2026-09-28,9,367.25,52.25,17199.32,171.77
24,2026-09-28,10,112.5,166.25,53737.09,250.61
24,2026-09-28,11,127.75,127.25,41397.08,150.29
24,2026-09-28,12,494.5,144.75,45649.39,313.61
24,2026-09-28,13,128.25,241.25,75801.76,352.38
24,2026-09-28,14,124.5,175.25,57335.87,171.94
24,2026-09-28,15,120.5,93.5,31129.26,135.15
24,2026-09-28,16,113.0,93.0,30598.25,127.63
24,2026-09-28,17,503.5,147.0,47426.6,300.75
24,2026-09-28,18,254.75,260.5,81863.53,401.62
24,2026-09-28,19,72.75,217.0,69399.06,216.26
24,2026-09-28,20,51.25,90.25,29751.98,86.16
24,2026-09-28,21,0.0,45.75,14749.48,34.07
25,2026-09-28,9,407.5,64.75,21066.08,185.37
25,2026-09-28,10,135.0,175.5,58916.16,279.14
25,2026-09-28,11,137.75,168.25,53876.74,175.72
25,2026-09-28,12,550.25,142.0,45472.84,332.46
25,2026-09-28,13,142.25,267.5,85749.45,384.99
25,2026-09-28,14,130.75,193.25,64104.39,193.14
25,2026-09-28,15,142.25,108.0,32962.18,152.68
25,2026-09-28,16,130.0,104.75,33710.51,148.78
25,2026-09-28,17,550.5,166.75,52727.94,336.47
25,2026-09-28,18,274.25,275.75,87445.52,431.7
25,2026-09-28,19,82.5,231.25,72507.42,243.45
25,2026-09-28,20,51.25,100.25,31846.78,94.52
25,2026-09-28,21,0.0,51.25,16366.56,36.67
26,2026-09-28,9,364.0,48.75,15613.49,161.15
26,2026-09-28,10,121.25,167.25,52484.78,251.56
26,2026-09-28,11,125.25,138.25,44677.85,163.97
26,2026-09-28,12,483.25,146.0,46407.4,302.24
26,2026-09-28,13,115.75,231.75,72594.18,329.45
26,2026-09-28,14,121.5,164.75,53033.99,163.1
26,2026-09-28,15,117.0,87.25,25716.5,130.96
26,2026-09-28,16,113.25,91.5,28238.39,129.94
26,2026-09-28,17,526.0,145.5,47418.9,311.2
26,2026-09-28,18,244.25,262.5,85942.88,407.61
26,2026-09-28,19,73.25,214.0,65900.56,221.53
26,2026-09-28,20,47.5,93.25,30771.99,88.34
26,2026-09-28,21,0.0,41.5,13013.78,32.93
27,2026-09-28,9,376.25,55.25,18360.46,169.76
27,2026-09-28,10,130.25,167.75,54226.69,269.46
27,2026-09-28,11,121.25,145.25,49660.36,166.49
27,2026-09-28,12,492.0,148.75,47488.79,302.4
27,2026-09-28,13,120.25,242.25,79849.08,341.39
27,2026-09-28,14,131.0,161.5,51925.68,168.54
27,2026-09-28,15,121.5,97.25,32799.98,140.01
27,2026-09-28,16,113.0,89.75,26998.94,136.35
27,2026-09-28,17,501.25,139.5,45569.44,303.14
27,2026-09-28,18,249.25,253.75,80916.33,400.42
27,2026-09-28,19,72.0,219.25,70048.47,221.13
27,2026-09-28,20,52.0,96.75,31214.12,88.73
27,2026-09-28,21,0.0,47.5,14965.43,35.12
28,2026-09-28,9,406.75,53.75,17936.44,180.4
28,2026-09-28,10,130.5,179.0,56598.82,286.44
28,2026-09-28,11,133.75,168.5,53323.68,182.24
28,2026-09-28,12,516.5,155.5,52586.62,317.42
28,2026-09-28,13,130.0,240.5,74457.86,351.49
28,2026-09-28,14,129.75,188.25,61633.43,179.54
28,2026-09-28,15,126.5,95.5,30380.61,143.73
28,2026-09-28,16,138.25,98.5,32924.82,143.95
28,2026-09-28,17,535.75,149.75,46491.32,333.82
28,2026-09-28,18,259.0,291.75,93129.22,427.42
28,2026-09-28,19,75.25,222.0,69855.19,227.38
28,2026-09-28,20,46.5,92.0,29332.98,86.71
28,2026-09-28,21,0.0,42.0,12324.34,29.08
29,2026-09-28,9,413.5,55.75,18016.18,187.14
29,2026-09-28,10,139.0,176.5,54958.84,296.31
29,2026-09-28,11,143.25,162.25,51522.04,185.42
29,2026-09-28,12,549.0,164.0,54644.64,345.78
29,2026-09-28,13,135.75,262.75,84458.11,377.88
29,2026-09-28,14,138.25,202.25,64153.76,192.49
29,2026-09-28,15,153.0,101.75,33390.26,155.78
29,2026-09-28,16,136.75,108.0,34465.13,155.51
29,2026-09-28,17,571.0,164.0,53153.19,356.12
29,2026-09-28,18,277.5,297.75,95696.35,458.39
29,2026-09-28,19,83.25,241.5,77709.06,243.68
29,2026-09-28,20,56.25,99.75,31730.52,96.6
29,2026-09-28,21,0.0,51.75,16448.71,37.31
30,2026-09-28,9,360.25,48.75,13836.0,161.81
30,2026-09-28,10,112.0,156.75,51842.76,251.0
30,2026-09-28,11,128.5,135.75,42275.6,156.95
30,2026-09-28,12,471.5,137.5,44217.58,299.15
30,2026-09-28,13,119.75,231.0,73135.29,329.1
30,2026-09-28,14,116.5,164.5,55520.25,168.49
30,2026-09-28,15,128.5,95.0,31296.82,135.42
30,2026-09-28,16,115.5,89.5,27914.01,127.1
30,2026-09-28,17,486.75,135.75,46317.1,288.21
30,2026-09-28,18,241.5,251.0,77975.02,394.76
30,2026-09-28,19,67.25,216.0,66673.14,213.31
30,2026-09-28,20,46.25,84.25,27620.79,80.14
30,2026-09-28,21,0.0,45.25,13805.51,32.78
31,2026-09-28,9,337.75,46.5,14426.57,152.01
31,2026-09-28,10,110.0,154.5,50417.8,232.62
31,2026-09-28,11,109.75,132.5,41621.72,139.45
31,2026-09-28,12,436.0,122.75,39328.78,266.6
31,2026-09-28,13,111.0,212.25,66122.49,301.53
31,2026-09-28,14,112.5,155.25,47651.6,156.22
31,2026-09-28,15,116.5,82.25,27333.52,125.98
31,2026-09-28,16,103.75,84.5,27238.0,124.59
31,2026-09-28,17,443.25,134.75,42179.88,268.52
31,2026-09-28,18,233.5,225.0,71049.28,355.56
31,2026-09-28,19,62.25,194.75,58843.47,194.42
31,2026-09-28,20,50.0,85.25,25775.44,74.97
31,2026-09-28,21,0.0,40.25,12344.1,32.26
32,2026-09-28,9,378.5,49.75,16419.31,169.26
32,2026-09-28,10,126.75,163.0,54458.75,269.88
32,2026-09-28,11,115.0,152.25,49973.0,158.57
32,2026-09-28,12,493.75,144.0,45001.18,294.98
32,2026-09-28,13,127.5,233.75,75979.34,340.66
32,2026-09-28,14,125.25,173.5,55672.44,175.68
32,2026-09-28,15,129.75,95.75,29113.38,142.85
32,2026-09-28,16,118.25,84.25,24910.78,137.71
32,2026-09-28,17,490.25,148.5,45792.39,302.06
32,2026-09-28,18,243.0,265.75,80697.32,391.97
32,2026-09-28,19,73.25,206.5,67744.47,212.83
32,2026-09-28,20,48.5,90.5,28410.14,86.16
32,2026-09-28,21,0.0,47.5,16744.22,35.02
33,2026-09-28,9,440.25,57.75,18541.95,199.68
33,2026-09-28,10,140.0,198.0,64114.24,307.58
33,2026-09-28,11,145.25,164.25,51594.63,185.12
33,2026-09-28,12,609.25,176.25,54997.58,371.0
33,2026-09-28,13,134.25,287.25,91282.28,411.28
33,2026-09-28,14,146.25,216.5,69039.9,196.06
33,2026-09-28,15,156.25,107.5,32983.37,158.59
33,2026-09-28,16,147.75,114.5,35925.43,167.55
33,2026-09-28,17,590.25,177.75,59543.76,367.17
33,2026-09-28,18,301.25,313.0,102128.48,474.27
33,2026-09-28,19,85.25,261.0,81772.86,260.72
33,2026-09-28,20,50.0,98.25,31454.22,96.44
33,2026-09-28,21,0.0,51.5,16879.65,37.41
34,2026-09-28,9,422.25,57.25,18594.61,189.16
34,2026-09-28,10,133.5,185.75,61465.4,297.26
34,2026-09-28,11,128.25,162.25,48336.62,174.2
34,2026-09-28,12,547.5,146.5,44224.36,330.02
34,2026-09-28,13,137.75,276.5,86858.74,383.94
34,2026-09-28,14,138.0,192.25,62005.39,189.98
34,2026-09-28,15,132.75,100.5,32193.6,152.66
34,2026-09-28,16,134.0,100.5,32590.46,150.72
34,2026-09-28,17,582.5,171.0,55069.72,351.44
34,2026-09-28,18,270.25,287.75,92776.97,456.06
34,2026-09-28,19,85.75,245.0,80130.72,244.95
34,2026-09-28,20,56.25,100.25,31182.79,98.26
34,2026-09-28,21,0.0,55.0,18340.36,40.06
35,2026-09-28,9,377.75,50.25,15172.82,172.68
35,2026-09-28,10,116.25,168.5,54436.96,265.83
35,2026-09-28,11,123.5,144.0,44126.38,155.47
35,2026-09-28,12,497.25,135.25,42836.37,304.57
35,2026-09-28,13,119.0,249.5,81652.84,339.56
35,2026-09-28,14,130.5,168.25,53527.52,173.86
35,2026-09-28,15,129.25,101.75,33301.33,139.24
35,2026-09-28,16,133.0,94.75,31894.56,139.04
35,2026-09-28,17,513.75,156.5,49920.41,319.8
35,2026-09-28,18,244.25,253.0,78723.7,413.48
35,2026-09-28,19,69.0,225.25,70482.99,220.35
35,2026-09-28,20,51.5,94.75,33267.11,87.17
35,2026-09-28,21,0.0,45.25,15075.97,33.3
36,2026-09-28,9,368.25,52.75,16702.5,166.11
36,2026-09-28,10,112.25,149.5,48043.0,255.42
36,2026-09-28,11,118.75,144.0,44472.45,153.31
36,2026-09-28,12,465.5,139.75,45639.17,291.16
36,2026-09-28,13,118.5,230.0,73293.81,321.81
36,2026-09-28,14,126.25,166.0,52127.38,167.9
36,2026-09-28,15,124.75,100.5,32285.46,134.9
36,2026-09-28,16,118.75,89.25,29392.88,133.07
36,2026-09-28,17,483.25,141.25,46200.76,297.56
36,2026-09-28,18,240.75,256.0,81361.09,390.49
36,2026-09-28,19,67.75,206.75,69282.56,212.42
36,2026-09-28,20,48.0,80.5,26430.71,83.44
36,2026-09-28,21,0.0,48.75,15535.02,33.65
37,2026-09-28,9,343.5,53.0,17787.28,155.78
37,2026-09-28,10,123.0,147.25,46104.56,241.32
37,2026-09-28,11,108.25,141.25,44208.34,151.96
37,2026-09-28,12,476.0,142.5,45360.0,285.06
37,2026-09-28,13,111.25,214.25,66097.04,322.98
37,2026-09-28,14,106.0,163.25,51531.97,156.62
37,2026-09-28,15,114.75,85.5,28351.92,123.84
37,2026-09-28,16,102.0,81.25,25226.94,120.85
37,2026-09-28,17,461.0,129.5,41014.01,274.7
37,2026-09-28,18,229.5,231.25,74295.25,365.57
37,2026-09-28,19,66.25,200.0,61394.76,194.74
37,2026-09-28,20,44.25,75.0,23785.58,78.44
37,2026-09-28,21,0.0,39.5,12656.21,28.09
38,2026-09-28,9,339.75,50.0,16660.87,153.95
38,2026-09-28,10,112.75,148.25,47652.47,240.03
38,2026-09-28,11,101.5,131.75,41589.59,139.61
38,2026-09-28,12,460.75,125.75,39827.22,276.25
38,2026-09-28,13,105.5,224.0,69997.96,312.56
38,2026-09-28,14,116.25,148.0,47510.93,152.3
38,2026-09-28,15,113.5,91.25,30550.92,120.91
38,2026-09-28,16,112.75,82.25,25737.6,122.43
38,2026-09-28,17,463.5,134.5,43172.44,285.04
38,2026-09-28,18,220.5,244.5,80382.5,364.13
38,2026-09-28,19,70.5,197.0,62512.18,196.18
38,2026-09-28,20,39.25,71.75,23486.52,74.88
38,2026-09-28,21,0.0,40.5,11972.06,29.78
39,2026-09-28,9,386.5,52.25,17774.11,176.13
39,2026-09-28,10,120.75,172.5,54139.3,265.96
39,2026-09-28,11,125.75,148.0,47301.42,156.14
39,2026-09-28,12,532.0,142.0,45606.5,320.23
39,2026-09-28,13,127.25,261.5,84396.83,369.21
39,2026-09-28,14,127.0,175.75,59052.18,180.43
39,2026-09-28,15,139.25,97.5,31007.88,150.64
39,2026-09-28,16,125.5,107.0,35128.83,148.95
39,2026-09-28,17,509.75,157.75,50255.1,308.32
39,2026-09-28,18,268.75,271.5,85370.04,409.05
39,2026-09-28,19,73.25,217.25,69215.43,221.18
39,2026-09-28,20,46.25,87.75,29008.32,83.82
39,2026-09-28,21,0.0,43.75,13445.33,31.34
40,2026-09-28,9,329.0,50.75,15723.14,150.23
40,2026-09-28,10,114.0,141.75,45545.16,235.24
40,2026-09-28,11,108.0,134.5,43982.5,137.05
40,2026-09-28,12,433.0,118.5,36394.57,265.32
40,2026-09-28,13,105.0,212.5,68519.36,298.97
40,2026-09-28,14,115.25,148.0,46627.96,145.23
40,2026-09-28,15,119.75,81.25,24125.69,124.03
40,2026-09-28,16,104.0,80.75,26155.8,122.91
40,2026-09-28,17,467.75,132.25,44508.65,284.52
40,2026-09-28,18,220.25,244.0,76448.38,370.38
40,2026-09-28,19,68.25,203.25,64625.08,191.0
40,2026-09-28,20,38.5,73.75,23376.65,71.97
40,2026-09-28,21,0.0,43.25,13212.92,29.61
41,2026-09-28,9,330.5,43.75,13255.96,151.0
41,2026-09-28,10,122.0,151.5,51403.33,241.42
41,2026-09-28,11,121.75,133.75,43611.01,154.84
41,2026-09-28,12,470.25,142.25,46890.79,294.87
41,2026-09-28,13,117.25,236.25,74244.99,324.04
41,2026-09-28,14,115.75,158.25,50988.48,159.79
41,2026-09-28,15,121.5,83.5,27128.8,130.31
41,2026-09-28,16,108.0,96.5,32580.9,130.84
41,2026-09-28,17,490.25,134.0,39328.13,289.97
41,2026-09-28,18,244.5,250.5,81347.23,388.96
41,2026-09-28,19,66.25,217.0,70250.74,208.66
41,2026-09-28,20,41.0,81.25,27130.52,76.88
41,2026-09-28,21,0.0,41.25,12391.12,30.72
42,2026-09-28,9,365.75,49.25,16731.96,167.24
42,2026-09-28,10,117.25,160.0,52342.71,259.1
42,2026-09-28,11,115.75,138.5,41526.32,151.36
42,2026-09-28,12,491.25,131.5,40854.91,292.65
42,2026-09-28,13,116.0,236.75,75657.31,338.14
42,2026-09-28,14,123.25,176.75,57264.52,164.83
42,2026-09-28,15,124.75,88.75,28755.96,137.46
42,2026-09-28,16,120.5,95.0,30913.93,134.48
42,2026-09-28,17,508.5,145.5,45419.78,301.03
42,2026-09-28,18,239.25,256.0,81957.3,397.44
42,2026-09-28,19,79.25,216.5,70727.73,218.39
42,2026-09-28,20,50.5,89.0,28925.75,88.51
42,2026-09-28,21,0.0,47.5,14255.08,34.96
43,2026-09-28,9,347.5,50.5,15118.73,158.67
43,2026-09-28,10,124.5,146.75,44655.04,253.42
43,2026-09-28,11,125.75,152.5,50254.07,165.28
43,2026-09-28,12,508.5,152.75,47734.84,313.0
43,2026-09-28,13,122.25,247.5,80063.8,341.68
43,2026-09-28,14,120.75,161.75,53047.2,164.01
43,2026-09-28,15,127.75,85.25,26861.6,137.74
43,2026-09-28,16,113.75,98.5,29980.51,137.07
43,2026-09-28,17,524.75,156.5,49303.44,311.6
43,2026-09-28,18,239.25,275.75,89586.73,398.99
43,2026-09-28,19,79.0,209.25,69683.98,213.24
43,2026-09-28,20,44.5,89.5,29046.8,85.31
43,2026-09-28,21,0.0,45.0,15237.01,32.34
44,2026-09-28,9,352.75,49.25,15075.7,159.79
44,2026-09-28,10,123.0,157.25,48096.32,249.39
44,2026-09-28,11,121.25,149.0,48352.0,153.85
44,2026-09-28,12,470.5,142.0,44254.78,291.77
44,2026-09-28,13,113.25,224.0,71961.42,325.9
44,2026-09-28,14,117.25,160.0,51175.9,164.84
44,2026-09-28,15,126.5,89.75,28400.77,133.97
44,2026-09-28,16,118.25,90.5,30178.56,139.04
44,2026-09-28,17,501.5,145.0,43525.98,300.76
44,2026-09-28,18,252.5,246.5,78452.76,408.47
44,2026-09-28,19,68.25,231.0,74007.44,220.33
44,2026-09-28,20,44.5,84.75,27347.89,78.9
44,2026-09-28,21,0.0,44.25,14404.33,29.36
45,2026-09-28,9,383.75,49.75,15380.03,175.73
45,2026-09-28,10,127.5,176.5,57180.16,268.74
45,2026-09-28,11,120.0,144.75,47768.36,163.49
45,2026-09-28,12,486.75,143.75,46118.4,305.8
45,2026-09-28,13,118.0,248.0,79412.26,326.81
45,2026-09-28,14,115.5,155.5,50704.36,160.1
45,2026-09-28,15,127.5,88.25,27649.58,137.4
45,2026-09-28,16,114.25,90.0,27626.81,135.4
45,2026-09-28,17,509.75,140.0,44708.83,307.26
45,2026-09-28,18,255.25,257.75,77441.01,416.05
45,2026-09-28,19,80.0,226.5,69942.69,237.04
45,2026-09-28,20,50.25,101.25,32804.35,94.26
45,2026-09-28,21,0.0,43.5,14041.18,34.08
46,2026-09-28,9,372.25,51.0,15345.4,168.55
46,2026-09-28,10,109.25,168.5,53834.1,254.94
46,2026-09-28,11,122.0,138.5,41847.6,152.64
46,2026-09-28,12,479.5,142.5,44673.5,299.07
46,2026-09-28,13,107.5,233.0,76536.95,326.97
46,2026-09-28,14,118.75,161.5,51726.84,160.09
46,2026-09-28,15,115.25,83.5,27167.12,127.9
46,2026-09-28,16,129.25,86.75,27548.77,134.6
46,2026-09-28,17,490.25,146.25,45163.5,301.15
46,2026-09-28,18,240.75,255.5,81438.38,386.28
46,2026-09-28,19,65.75,206.25,65385.0,206.2
46,2026-09-28,20,57.75,85.0,27022.66,87.24
46,2026-09-28,21,0.0,50.5,16186.3,36.78
47,2026-09-28,9,395.25,50.0,14687.72,181.04
47,2026-09-28,10,128.25,184.0,56453.98,277.8
47,2026-09-28,11,132.25,148.75,46984.66,167.0
47,2026-09-28,12,539.25,156.5,49711.93,327.63
47,2026-09-28,13,122.0,254.5,83014.24,368.82
47,2026-09-28,14,141.75,188.25,61124.32,188.48
47,2026-09-28,15,142.75,105.5,34605.91,150.99
47,2026-09-28,16,128.5,103.0,32872.17,142.8
47,2026-09-28,17,553.5,161.0,53211.29,332.07
47,2026-09-28,18,251.75,279.0,88192.82,430.78
47,2026-09-28,19,82.25,230.25,71849.72,228.19
47,2026-09-28,20,47.5,96.0,30744.28,91.16
47,2026-09-28,21,0.0,46.5,15323.81,32.36
48,2026-09-28,9,388.75,54.0,16685.89,180.56
48,2026-09-28,10,122.25,172.5,54152.83,263.5
48,2026-09-28,11,125.5,148.0,48413.56,161.43
48,2026-09-28,12,498.25,154.5,49502.92,302.31
48,2026-09-28,13,113.0,239.25,75471.66,333.8
48,2026-09-28,14,129.0,169.5,55174.87,166.7
48,2026-09-28,15,128.0,89.25,29332.25,140.7
48,2026-09-28,16,125.5,103.75,34982.71,140.64
48,2026-09-28,17,531.0,152.75,47882.27,329.91
48,2026-09-28,18,253.0,283.5,93499.28,421.64
48,2026-09-28,19,71.25,218.5,71510.44,220.04
48,2026-09-28,20,50.75,96.25,32487.66,85.26
48,2026-09-28,21,0.0,44.25,14069.63,32.94
49,2026-09-28,9,369.0,53.75,16835.9,163.84
49,2026-09-28,10,117.25,159.0,50160.7,251.5
49,2026-09-28,11,116.25,137.25,43105.47,154.46
49,2026-09-28,12,463.25,143.5,46553.42,288.1
49,2026-09-28,13,121.0,232.25,75138.93,316.03
49,2026-09-28,14,101.5,161.0,52933.72,153.41
49,2026-09-28,15,117.25,83.0,27603.16,120.82
49,2026-09-28,16,118.5,79.5,24580.0,127.58
49,2026-09-28,17,473.0,137.75,42373.5,287.11
49,2026-09-28,18,248.0,245.0,77824.47,384.94
49,2026-09-28,19,69.0,207.5,67020.41,215.97
49,2026-09-28,20,45.75,93.0,30361.74,85.97
49,2026-09-28,21,0.0,40.0,12128.89,29.36
50,2026-09-28,9,371.5,52.75,15789.54,168.76
50,2026-09-28,10,102.75,167.25,51625.38,250.11
50,2026-09-28,11,125.5,138.75,43705.51,148.68
50,2026-09-28,12,483.5,136.5,44113.98,295.46
50,2026-09-28,13,111.25,245.5,79338.72,330.41
50,2026-09-28,14,118.5,168.25,53689.63,158.16
50,2026-09-28,15,114.25,83.75,26323.24,120.26
50,2026-09-28,16,118.75,82.5,27099.5,127.07
50,2026-09-28,17,489.0,149.25,45506.29,293.6
50,2026-09-28,18,245.75,236.25,77346.32,388.29
50,2026-09-28,19,80.25,221.25,72672.53,223.8
50,2026-09-28,20,49.25,90.25,29462.41,88.2
50,2026-09-28,21,0.0,48.0,14953.17,35.82
1,2026-09-29,9,342.25,46.25,14682.69,154.44
1,2026-09-29,10,110.25,147.75,46232.96,242.93
1,2026-09-29,11,118.5,126.25,42345.59,146.09
1,2026-09-29,12,448.0,139.75,43488.87,284.75
1,2026-09-29,13,118.5,218.5,71967.06,309.07
1,2026-09-29,14,116.0,156.25,50852.54,163.56
1,2026-09-29,15,110.25,86.5,26993.72,128.07
1,2026-09-29,16,114.0,92.25,27948.32,119.04
1,2026-09-29,17,457.5,132.75,42391.88,280.04
1,2026-09-29,18,235.5,238.75,74706.03,369.66
1,2026-09-29,19,73.0,209.75,69564.91,208.07
1,2026-09-29,20,46.5,85.0,24590.16,83.71
1,2026-09-29,21,0.0,41.5,13197.5,34.07
2,2026-09-29,9,367.0,53.0,17319.58,164.49
2,2026-09-29,10,127.0,166.5,50202.6,258.24
2,2026-09-29,11,130.5,140.5,46032.86,160.59
2,2026-09-29,12,500.0,150.75,49940.33,312.05
2,2026-09-29,13,120.5,232.25,73348.89,336.38
2,2026-09-29,14,134.5,176.5,55369.82,183.8
2,2026-09-29,15,118.75,95.5,30909.66,136.22
2,2026-09-29,16,126.75,93.0,28843.25,137.1
2,2026-09-29,17,531.0,145.5,46380.08,315.26
2,2026-09-29,18,268.0,269.0,86247.57,429.29
2,2026-09-29,19,71.0,235.25,77421.65,236.15
2,2026-09-29,20,49.75,90.5,31879.28,86.08
2,2026-09-29,21,0.0,44.5,14325.98,34.74
3,2026-09-29,9,361.0,49.75,15772.66,166.48
3,2026-09-29,10,115.0,162.75,51260.29,253.8
3,2026-09-29,11,114.25,136.0,43011.49,149.02
3,2026-09-29,12,493.75,146.75,45947.57,298.29
3,2026-09-29,13,124.25,223.75,70257.78,335.19
3,2026-09-29,14,115.0,171.75,54637.46,173.37
3,2026-09-29,15,121.75,99.25,30433.88,129.79
3,2026-09-29,16,119.25,92.75,30780.56,131.44
3,2026-09-29,17,492.25,142.25,46256.82,296.56
3,2026-09-29,18,263.5,246.0,81217.87,400.64
3,2026-09-29,19,66.5,220.0,66915.14,220.73
3,2026-09-29,20,51.0,89.25,28219.28,84.08
3,2026-09-29,21,0.0,42.0,13532.5,34.36
4,2026-09-29,9,355.5,53.0,16724.27,164.62
4,2026-09-29,10,119.0,156.0,50640.57,254.66
4,2026-09-29,11,123.0,148.75,48386.79,156.26
4,2026-09-29,12,486.5,139.25,43973.61,300.74
4,2026-09-29,13,116.75,221.0,68971.61,338.89
4,2026-09-29,14,126.5,179.5,58784.56,173.29
4,2026-09-29,15,113.0,91.25,30467.78,134.82
4,2026-09-29,16,120.25,91.0,30144.8,129.65
4,2026-09-29,17,494.75,144.75,46559.86,302.2
4,2026-09-29,18,237.25,252.75,82119.33,392.5
4,2026-09-29,19,76.75,211.25,67453.63,211.61
4,2026-09-29,20,49.25,91.0,28767.62,89.13
4,2026-09-29,21,0.0,47.25,14892.53,33.3
5,2026-09-29,9,360.75,52.0,16346.4,165.14
5,2026-09-29,10,113.5,156.0,50222.55,253.24
5,2026-09-29,11,124.5,149.25,47241.93,157.56
5,2026-09-29,12,477.5,139.75,44060.32,288.0
5,2026-09-29,13,106.5,224.75,71630.19,327.08
5,2026-09-29,14,120.75,167.0,50329.15,159.12
5,2026-09-29,15,123.5,82.0,26046.85,131.74
5,2026-09-29,16,125.5,97.0,30767.5,136.14
5,2026-09-29,17,514.0,142.5,43913.04,315.8
5,2026-09-29,18,229.75,263.75,81930.98,399.38
5,2026-09-29,19,66.75,212.5,68004.62,207.42
5,2026-09-29,20,48.5,87.25,26498.69,79.85
5,2026-09-29,21,0.0,43.75,14887.22,32.56
6,2026-09-29,9,421.0,66.5,19815.26,192.0
6,2026-09-29,10,136.5,171.5,55807.33,292.71
6,2026-09-29,11,127.0,166.0,53367.8,174.77
6,2026-09-29,12,544.0,148.75,48954.29,337.02
6,2026-09-29,13,127.0,261.5,84226.54,373.14
6,2026-09-29,14,142.5,187.5,59575.41,185.94
6,2026-09-29,15,138.25,103.0,32070.65,148.88
6,2026-09-29,16,140.0,106.25,35151.41,150.31
6,2026-09-29,17,563.25,165.25,52514.08,348.66
6,2026-09-29,18,267.25,280.25,88491.46,447.76
6,2026-09-29,19,76.5,245.5,78295.45,233.74
6,2026-09-29,20,58.75,91.0,28228.36,90.9
6,2026-09-29,21,0.0,56.5,18233.92,42.24
7,2026-09-29,9,409.25,60.0,20191.01,186.85
7,2026-09-29,10,129.25,175.25,58945.04,277.83
7,2026-09-29,11,119.75,150.75,45742.73,163.35
7,2026-09-29,12,507.5,141.25,44410.76,309.49
7,2026-09-29,13,131.75,241.25,74837.43,352.82
7,2026-09-29,14,126.25,185.25,61505.29,179.65
7,2026-09-29,15,130.0,93.25,29974.79,137.24
7,2026-09-29,16,121.5,91.25,28981.66,141.57
7,2026-09-29,17,526.5,145.75,48092.47,315.36
7,2026-09-29,18,253.0,268.5,86480.91,423.56
7,2026-09-29,19,80.25,238.25,75792.95,222.28
7,2026-09-29,20,47.0,91.25,30107.86,85.94
7,2026-09-29,21,0.0,44.75,14393.74,32.4
8,2026-09-29,9,386.75,55.5,18260.95,174.97
8,2026-09-29,10,119.5,168.5,54015.82,267.98
8,2026-09-29,11,130.75,148.75,47112.99,160.68
8,2026-09-29,12,529.75,158.0,49278.88,325.67
8,2026-09-29,13,115.25,259.75,84032.68,347.74
8,2026-09-29,14,128.75,164.5,50818.02,166.43
8,2026-09-29,15,132.0,93.25,30309.79,143.36
8,2026-09-29,16,116.75,95.75,29465.13,136.6
8,2026-09-29,17,514.0,145.25,46700.4,308.1
8,2026-09-29,18,251.75,259.25,84030.41,406.69
8,2026-09-29,19,77.25,220.5,71111.58,222.39
8,2026-09-29,20,42.25,94.75,32540.77,86.82
8,2026-09-29,21,0.0,39.25,11720.57,30.62
9,2026-09-29,9,372.5,53.0,17768.82,173.02
9,2026-09-29,10,124.5,169.25,55637.0,255.52
9,2026-09-29,11,127.75,147.0,46566.79,160.12
9,2026-09-29,12,505.75,146.25,45459.47,312.39
9,2026-09-29,13,118.25,246.5,80296.29,345.19
9,2026-09-29,14,122.75,177.75,57891.66,172.66
9,2026-09-29,15,123.25,93.75,27606.43,134.18
9,2026-09-29,16,119.75,87.75,27915.56,133.26
9,2026-09-29,17,492.5,151.0,50159.48,300.92
9,2026-09-29,18,246.0,256.5,82400.47,391.93
9,2026-09-29,19,71.5,207.75,68327.02,217.04
9,2026-09-29,20,48.0,89.5,30166.36,90.94
9,2026-09-29,21,0.0,44.75,13959.99,35.98
10,2026-09-29,9,380.75,50.0,16985.95,172.78
10,2026-09-29,10,130.25,170.5,54650.56,271.11
10,2026-09-29,11,131.25,156.25,51194.34,166.22
10,2026-09-29,12,508.5,153.0,50262.05,309.53
10,2026-09-29,13,129.5,233.75,76457.76,353.59
10,2026-09-29,14,126.75,187.5,60946.28,178.61
10,2026-09-29,15,128.5,85.25,26994.83,149.06
10,2026-09-29,16,125.25,97.25,29387.46,140.96
10,2026-09-29,17,514.5,159.25,50766.25,317.59
10,2026-09-29,18,248.0,267.5,87683.88,407.54
10,2026-09-29,19,73.5,213.25,68786.08,215.98
10,2026-09-29,20,44.75,88.5,28169.96,85.36
10,2026-09-29,21,0.0,40.75,11893.88,29.98
11,2026-09-29,9,382.75,55.0,17961.76,173.2
11,2026-09-29,10,129.0,173.0,55149.76,269.24
11,2026-09-29,11,118.5,152.5,47863.43,158.68
11,2026-09-29,12,493.5,133.5,43444.31,296.38
11,2026-09-29,13,118.75,242.0,77203.24,343.88
11,2026-09-29,14,120.0,173.5,58089.32,166.41
11,2026-09-29,15,132.25,90.0,28658.5,134.84
11,2026-09-29,16,111.0,90.75,29817.48,135.97
11,2026-09-29,17,506.75,134.75,42011.57,307.77
11,2026-09-29,18,246.5,262.5,83339.98,403.23
11,2026-09-29,19,72.25,225.0,69515.57,213.32
11,2026-09-29,20,56.75,86.25,28485.22,89.19
11,2026-09-29,21,0.0,51.75,17593.8,37.39
12,2026-09-29,9,443.5,61.0,19927.97,207.93
12,2026-09-29,10,140.0,201.0,65887.11,305.45
12,2026-09-29,11,142.5,169.75,53304.88,188.02
12,2026-09-29,12,588.25,167.0,54081.0,357.49
12,2026-09-29,13,147.0,291.0,94403.89,400.4
12,2026-09-29,14,151.5,207.25,68784.5,204.26
12,2026-09-29,15,158.25,111.75,35171.48,173.89
12,2026-09-29,16,140.5,119.25,37944.65,162.02
12,2026-09-29,17,600.75,167.25,50858.3,360.94
12,2026-09-29,18,295.5,314.25,99151.47,480.84
12,2026-09-29,19,97.5,265.25,88203.85,262.3
12,2026-09-29,20,55.5,97.5,30853.3,107.1
12,2026-09-29,21,0.0,59.5,18663.27,43.15
13,2026-09-29,9,395.75,52.75,17376.69,177.41
13,2026-09-29,10,129.75,181.25,57909.13,273.34
13,2026-09-29,11,128.0,147.5,44299.39,164.1
13,2026-09-29,12,520.25,158.0,50015.19,315.08
13,2026-09-29,13,123.0,243.75,78698.49,351.37
13,2026-09-29,14,141.75,177.25,56688.8,183.85
13,2026-09-29,15,132.25,105.0,34252.87,148.9
13,2026-09-29,16,128.25,98.75,29617.01,142.4
13,2026-09-29,17,522.5,154.0,48638.15,320.46
13,2026-09-29,18,260.75,272.75,90306.29,417.81
13,2026-09-29,19,77.5,225.5,72607.97,226.63
13,2026-09-29,20,48.75,90.75,29384.82,91.32
13,2026-09-29,21,0.0,50.25,16869.89,34.53
14,2026-09-29,9,384.5,57.0,17809.47,174.53
14,2026-09-29,10,129.5,165.75,52751.44,265.01
14,2026-09-29,11,126.25,152.25,48143.06,164.77
14,2026-09-29,12,499.25,148.0,48954.52,311.29
14,2026-09-29,13,118.0,242.5,74296.26,342.02
14,2026-09-29,14,127.0,172.75,54566.93,170.11
14,2026-09-29,15,123.25,93.0,30830.48,137.5
14,2026-09-29,16,119.75,92.25,29759.8,130.74
14,2026-09-29,17,521.25,147.25,48842.45,319.01
14,2026-09-29,18,249.25,261.25,82602.74,408.55
14,2026-09-29,19,69.0,218.0,70630.84,223.76
14,2026-09-29,20,44.25,81.25,26264.34,82.27
14,2026-09-29,21,0.0,44.5,13623.73,30.87
15,2026-09-29,9,334.5,43.75,13976.76,155.78
15,2026-09-29,10,107.25,153.25,48635.63,235.64
15,2026-09-29,11,119.0,139.25,47123.49,151.18
15,2026-09-29,12,454.5,141.75,46297.38,278.62
15,2026-09-29,13,113.5,215.0,67530.54,306.24
15,2026-09-29,14,110.5,157.25,52926.38,154.94
15,2026-09-29,15,114.25,79.25,23945.54,128.68
15,2026-09-29,16,109.0,85.0,26139.16,126.52
15,2026-09-29,17,456.5,125.5,38274.85,278.65
15,2026-09-29,18,215.0,236.0,78285.35,365.92
15,2026-09-29,19,61.25,197.0,62002.84,191.56
15,2026-09-29,20,43.25,78.5,27172.38,73.84
15,2026-09-29,21,0.0,38.25,12410.58,31.92
16,2026-09-29,9,420.5,59.25,17421.13,192.16
16,2026-09-29,10,127.5,179.5,56956.11,291.84
16,2026-09-29,11,129.0,164.25,51712.1,168.1
16,2026-09-29,12,580.75,158.0,49942.32,346.01
16,2026-09-29,13,131.75,290.0,94919.41,384.77
16,2026-09-29,14,154.25,187.5,60709.02,196.76
16,2026-09-29,15,135.25,111.5,34872.48,159.59
16,2026-09-29,16,140.0,109.25,34322.59,152.13
16,2026-09-29,17,584.25,164.5,52085.05,358.07
16,2026-09-29,18,299.5,314.0,101755.46,476.17
16,2026-09-29,19,90.25,252.25,80787.05,257.32
16,2026-09-29,20,51.0,109.0,36374.6,100.27
16,2026-09-29,21,0.0,50.75,15397.81,37.72
17,2026-09-29,9,376.75,54.75,17168.28,175.46
17,2026-09-29,10,118.25,160.5,53024.37,259.3
17,2026-09-29,11,124.25,152.0,47538.5,155.55
17,2026-09-29,12,493.25,142.0,46917.8,302.59
17,2026-09-29,13,122.0,243.5,79812.89,339.23
17,2026-09-29,14,136.25,170.0,56042.72,171.21
17,2026-09-29,15,125.0,100.75,34065.01,144.36
17,2026-09-29,16,117.5,94.5,29928.53,137.14
17,2026-09-29,17,518.75,147.0,48595.53,315.09
17,2026-09-29,18,249.0,266.5,85702.56,407.78
17,2026-09-29,19,70.75,217.5,72387.92,220.22
17,2026-09-29,20,56.25,94.0,30064.39,88.16
17,2026-09-29,21,0.0,47.0,14925.35,36.34
18,2026-09-29,9,346.75,51.5,16576.0,156.64
18,2026-09-29,10,104.75,148.25,47007.01,239.49
18,2026-09-29,11,111.0,127.75,41281.06,144.85
18,2026-09-29,12,448.75,130.75,43159.9,273.29
18,2026-09-29,13,109.25,204.5,66368.4,311.97
18,2026-09-29,14,109.75,162.5,51465.66,150.91
18,2026-09-29,15,108.0,81.0,26881.42,122.28
18,2026-09-29,16,112.5,88.25,28805.46,118.37
18,2026-09-29,17,453.75,127.0,38507.59,277.62
18,2026-09-29,18,226.5,246.25,78036.94,358.91
18,2026-09-29,19,66.25,182.5,58878.26,202.21
18,2026-09-29,20,43.5,85.5,27241.29,81.06
18,2026-09-29,21,0.0,42.75,13940.24,30.64
19,2026-09-29,9,326.25,50.0,15325.67,148.8
19,2026-09-29,10,115.75,136.25,42240.64,234.72
19,2026-09-29,11,109.5,128.5,41995.81,148.77
19,2026-09-29,12,449.0,131.0,42721.57,276.09
19,2026-09-29,13,117.75,215.0,66892.04,313.91
19,2026-09-29,14,114.75,164.25,54660.9,161.04
19,2026-09-29,15,113.25,87.25,27495.63,125.01
19,2026-09-29,16,107.75,85.75,26171.43,120.46
19,2026-09-29,17,464.25,124.75,41872.42,279.88
19,2026-09-29,18,228.0,241.25,79482.86,374.15
19,2026-09-29,19,68.0,207.25,65946.64,202.2
19,2026-09-29,20,49.25,82.75,26668.14,78.24
19,2026-09-29,21,0.0,44.25,15019.21,32.72
20,2026-09-29,9,382.5,57.25,18796.19,167.22
20,2026-09-29,10,131.5,163.0,52084.44,269.22
20,2026-09-29,11,122.75,154.5,47842.96,166.44
20,2026-09-29,12,495.25,141.25,43511.2,299.35
20,2026-09-29,13,124.5,245.25,79278.0,331.68
20,2026-09-29,14,136.0,168.25,52134.96,170.79
20,2026-09-29,15,128.25,102.25,32891.62,145.32
20,2026-09-29,16,135.75,94.0,29084.58,143.65
20,2026-09-29,17,525.25,160.25,52731.53,333.49
20,2026-09-29,18,252.75,277.25,87222.67,421.53
20,2026-09-29,19,75.75,227.75,74491.59,221.84
20,2026-09-29,20,46.75,88.5,30423.09,86.64
20,2026-09-29,21,0.0,42.25,14729.55,34.81
21,2026-09-29,9,328.75,50.5,16099.02,148.0
21,2026-09-29,10,110.5,141.25,47309.29,229.6
21,2026-09-29,11,108.25,120.75,36808.72,141.99
21,2026-09-29,12,433.25,119.75,37992.7,264.84
21,2026-09-29,13,101.0,214.5,68685.78,307.8
21,2026-09-29,14,110.75,149.25,47686.86,154.24
21,2026-09-29,15,106.75,87.75,26130.58,114.83
21,2026-09-29,16,117.25,76.25,23996.31,121.3
21,2026-09-29,17,466.0,141.0,44774.48,285.84
21,2026-09-29,18,228.75,239.75,77519.18,375.12
21,2026-09-29,19,69.25,204.25,66131.67,203.14
21,2026-09-29,20,39.75,81.0,28731.95,74.53
21,2026-09-29,21,0.0,35.25,11987.37,28.42
22,2026-09-29,9,416.75,54.0,17918.92,185.02
22,2026-09-29,10,128.75,181.5,56415.29,287.79
22,2026-09-29,11,129.5,160.75,51148.21,166.3
22,2026-09-29,12,553.5,153.0,49422.11,330.55
22,2026-09-29,13,135.5,266.25,85292.06,383.4
22,2026-09-29,14,132.75,202.75,66813.66,191.72
22,2026-09-29,15,137.25,108.75,34274.36,151.4
22,2026-09-29,16,142.0,102.25,33268.59,159.59
22,2026-09-29,17,569.75,169.0,56190.42,354.26
22,2026-09-29,18,282.5,296.75,96937.64,456.63
22,2026-09-29,19,84.5,259.75,83513.65,249.23
22,2026-09-29,20,58.5,102.75,34119.36,95.83
22,2026-09-29,21,0.0,51.25,16668.53,37.44
23,2026-09-29,9,357.25,47.25,14928.75,162.43
23,2026-09-29,10,112.25,162.5,52727.92,245.45
23,2026-09-29,11,113.0,137.25,45985.16,146.39
23,2026-09-29,12,500.0,127.0,38763.65,297.29
23,2026-09-29,13,120.25,238.5,75869.98,349.47
23,2026-09-29,14,117.25,179.5,59086.71,170.05
23,2026-09-29,15,130.75,88.5,27755.76,136.29
23,2026-09-29,16,117.25,97.0,31225.37,133.13
23,2026-09-29,17,508.5,135.5,43560.12,312.21
23,2026-09-29,18,233.5,268.75,85731.64,391.71
23,2026-09-29,19,79.0,212.25,67664.61,213.28
23,2026-09-29,20,42.5,90.25,30655.36,83.88
23,2026-09-29,21,0.0,40.75,12610.33,30.37
24,2026-09-29,9,373.75,50.25,15604.92,170.84
24,2026-09-29,10,117.25,171.5,56257.09,267.98
24,2026-09-29,11,126.25,139.75,44414.85,156.45
24,2026-09-29,12,510.25,144.75,47177.77,313.32
24,2026-09-29,13,118.0,247.5,83222.83,351.69
24,2026-09-29,14,125.5,177.0,56884.12,172.56
24,2026-09-29,15,120.5,87.0,27973.03,134.85
24,2026-09-29,16,109.75,90.5,28478.78,126.05
24,2026-09-29,17,512.5,142.5,46173.29,301.69
24,2026-09-29,18,243.75,257.5,83021.18,405.81
24,2026-09-29,19,85.25,220.5,70398.69,224.42
24,2026-09-29,20,44.0,93.5,29663.12,89.24
24,2026-09-29,21,0.0,45.75,15374.1,31.26
25,2026-09-29,9,384.5,54.75,15873.29,175.03
25,2026-09-29,10,125.0,172.25,55450.58,267.29
25,2026-09-29,11,125.5,152.25,47835.56,159.86
25,2026-09-29,12,495.0,142.5,44739.19,308.5
25,2026-09-29,13,117.0,245.75,79530.02,337.64
25,2026-09-29,14,129.75,160.75,50863.01,168.17
25,2026-09-29,15,132.5,95.0,29192.77,144.21
25,2026-09-29,16,114.75,99.75,32808.95,137.17
25,2026-09-29,17,528.75,155.5,48578.56,311.0
25,2026-09-29,18,246.5,265.0,82561.34,408.49
25,2026-09-29,19,74.0,222.25,71418.06,221.15
25,2026-09-29,20,43.5,95.25,30999.05,86.66
25,2026-09-29,21,0.0,45.0,14377.5,34.6
26,2026-09-29,9,367.75,53.0,16886.54,167.23
26,2026-09-29,10,123.5,163.25,50169.7,256.66
26,2026-09-29,11,128.0,146.75,47023.25,160.49
26,2026-09-29,12,499.25,139.0,43700.44,304.7
26,2026-09-29,13,110.5,237.75,73526.02,340.75
26,2026-09-29,14,114.25,169.5,53068.75,162.99
26,2026-09-29,15,127.75,88.25,28683.32,129.62
26,2026-09-29,16,122.0,94.5,29478.37,134.18
26,2026-09-29,17,498.0,149.75,46889.98,305.49
26,2026-09-29,18,245.5,250.25,79924.55,389.04
26,2026-09-29,19,74.0,213.0,68160.08,215.73
26,2026-09-29,20,50.0,89.5,30497.11,86.55
26,2026-09-29,21,0.0,44.5,13412.61,32.6
27,2026-09-29,9,398.0,53.75,18684.4,178.54
27,2026-09-29,10,122.75,184.25,58236.56,272.86
27,2026-09-29,11,132.75,153.75,48059.22,160.54
27,2026-09-29,12,511.25,152.75,49750.26,312.69
27,2026-09-29,13,123.5,242.0,74139.46,347.9
27,2026-09-29,14,122.25,181.5,57426.22,180.8
27,2026-09-29,15,131.25,93.75,30255.37,134.97
27,2026-09-29,16,121.5,94.75,31184.94,137.11
27,2026-09-29,17,533.0,149.0,48167.96,324.83
27,2026-09-29,18,267.0,281.25,90515.02,429.64
27,2026-09-29,19,76.0,229.0,71701.0,231.89
27,2026-09-29,20,52.25,93.25,29510.92,93.75
27,2026-09-29,21,0.0,53.0,16075.89,35.95
28,2026-09-29,9,356.25,47.75,14522.68,163.76
28,2026-09-29,10,117.0,159.75,51280.79,247.02
28,2026-09-29,11,123.75,139.5,44569.74,151.66
28,2026-09-29,12,480.75,141.5,45884.22,303.39
28,2026-09-29,13,124.75,241.5,74332.0,330.34
28,2026-09-29,14,127.0,171.75,53407.93,165.19
28,2026-09-29,15,131.75,87.75,27842.58,136.22
28,2026-09-29,16,119.5,94.25,29349.9,142.42
28,2026-09-29,17,491.0,145.75,47311.46,293.2
28,2026-09-29,18,232.75,253.75,81927.2,394.93
28,2026-09-29,19,77.0,212.0,66503.31,217.4
28,2026-09-29,20,48.0,92.0,29162.44,87.36
28,2026-09-29,21,0.0,45.75,13271.19,30.77
29,2026-09-29,9,406.25,52.25,17907.68,181.18
29,2026-09-29,10,146.25,178.75,56341.89,295.44
29,2026-09-29,11,131.0,174.5,56005.18,181.48
29,2026-09-29,12,551.5,163.5,51799.44,337.83
29,2026-09-29,13,125.75,259.0,81111.84,377.82
29,2026-09-29,14,135.75,185.75,58444.7,181.96
29,2026-09-29,15,142.25,96.0,29626.46,152.57
29,2026-09-29,16,134.5,105.25,33055.57,152.49
29,2026-09-29,17,563.0,161.5,50199.02,346.84
29,2026-09-29,18,276.75,290.25,93374.84,456.12
29,2026-09-29,19,83.25,237.75,74210.24,251.57
29,2026-09-29,20,49.5,94.75,31466.03,95.34
29,2026-09-29,21,0.0,49.5,15489.98,34.38
30,2026-09-29,9,355.5,56.75,19449.86,160.92
30,2026-09-29,10,119.5,156.0,47192.9,246.7
30,2026-09-29,11,118.5,141.25,45271.06,151.47
30,2026-09-29,12,487.25,146.75,45474.44,295.33
30,2026-09-29,13,105.5,232.75,73489.17,320.97
30,2026-09-29,14,117.75,162.25,52553.06,146.49
30,2026-09-29,15,116.0,80.0,25157.16,124.86
30,2026-09-29,16,113.75,86.75,26300.0,126.56
30,2026-09-29,17,481.75,137.25,45339.0,294.23
30,2026-09-29,18,241.25,248.25,76825.95,383.66
30,2026-09-29,19,76.75,209.5,64985.69,211.42
30,2026-09-29,20,42.5,87.25,25937.96,87.16
30,2026-09-29,21,0.0,43.0,13871.16,30.96
31,2026-09-29,9,331.0,43.0,13355.07,151.24
31,2026-09-29,10,107.25,144.25,46387.12,231.33
31,2026-09-29,11,120.25,131.25,43822.18,147.37
31,2026-09-29,12,466.5,130.75,40541.48,291.71
31,2026-09-29,13,99.75,228.0,72691.78,311.77
31,2026-09-29,14,114.5,151.75,50205.98,148.14
31,2026-09-29,15,112.75,80.25,24787.66,125.96
31,2026-09-29,16,116.0,82.5,25862.05,123.03
31,2026-09-29,17,445.75,140.25,44873.93,272.41
31,2026-09-29,18,230.0,228.75,70802.4,360.5
31,2026-09-29,19,74.25,189.75,60052.83,208.69
31,2026-09-29,20,43.75,86.75,27595.52,81.29
31,2026-09-29,21,0.0,41.5,14825.15,30.08
32,2026-09-29,9,359.25,46.0,14283.01,159.17
32,2026-09-29,10,118.25,159.0,52831.02,256.88
32,2026-09-29,11,105.25,141.75,45278.06,146.4
32,2026-09-29,12,490.25,133.0,43025.25,293.73
32,2026-09-29,13,116.5,229.25,71336.81,337.27
32,2026-09-29,14,124.25,165.75,52727.29,171.35
32,2026-09-29,15,127.75,98.75,30171.03,138.66
32,2026-09-29,16,121.75,91.0,28274.64,136.08
32,2026-09-29,17,481.75,145.5,48471.71,295.17
32,2026-09-29,18,264.5,259.75,84285.07,388.24
32,2026-09-29,19,70.0,208.5,67033.81,226.22
32,2026-09-29,20,47.5,95.25,30384.14,86.79
32,2026-09-29,21,0.0,44.25,13562.15,32.25
33,2026-09-29,9,451.5,68.5,22432.58,205.68
33,2026-09-29,10,130.25,190.0,60476.81,305.76
33,2026-09-29,11,150.5,172.25,56552.36,184.5
33,2026-09-29,12,572.25,164.25,52577.72,354.4
33,2026-09-29,13,133.5,275.25,88445.34,386.54
33,2026-09-29,14,144.75,196.0,64428.8,190.38
33,2026-09-29,15,143.5,103.0,32734.17,159.27
33,2026-09-29,16,135.25,104.25,35388.96,150.17
33,2026-09-29,17,593.25,165.25,51864.45,358.28
33,2026-09-29,18,296.5,307.25,97022.96,472.29
33,2026-09-29,19,77.75,249.25,78943.85,256.57
33,2026-09-29,20,57.75,106.0,34149.94,99.28
33,2026-09-29,21,0.0,49.25,14677.24,40.14
34,2026-09-29,9,430.75,59.75,19190.6,194.63
34,2026-09-29,10,131.5,198.25,67397.86,295.5
34,2026-09-29,11,137.0,159.75,50967.04,174.65
34,2026-09-29,12,552.5,154.25,50265.44,343.06
34,2026-09-29,13,127.5,275.75,88429.82,377.73
34,2026-09-29,14,141.75,187.75,60326.62,185.6
34,2026-09-29,15,141.25,97.0,31683.72,148.94
34,2026-09-29,16,148.25,99.75,32276.47,159.57
34,2026-09-29,17,570.0,180.25,60535.69,352.14
34,2026-09-29,18,281.75,290.25,95898.35,454.12
34,2026-09-29,19,86.25,254.0,81563.32,256.7
34,2026-09-29,20,50.75,104.25,34369.15,96.95
34,2026-09-29,21,0.0,48.0,15782.03,34.55
35,2026-09-29,9,357.75,50.75,15731.22,167.68
35,2026-09-29,10,129.25,158.75,50437.59,254.15
35,2026-09-29,11,124.0,144.0,46325.8,158.68
35,2026-09-29,12,506.25,146.75,48282.34,311.01
35,2026-09-29,13,116.25,243.25,76600.79,348.92
35,2026-09-29,14,121.5,176.0,56402.7,170.12
35,2026-09-29,15,113.75,92.5,29742.93,128.45
35,2026-09-29,16,127.25,90.75,28536.31,130.35
35,2026-09-29,17,499.5,141.75,43621.44,302.51
35,2026-09-29,18,262.0,265.0,83624.94,408.64
35,2026-09-29,19,75.75,220.0,71397.13,224.5
35,2026-09-29,20,49.0,95.75,31018.73,89.14
35,2026-09-29,21,0.0,43.75,13869.19,33.77
36,2026-09-29,9,347.75,50.25,16236.12,156.31
36,2026-09-29,10,114.0,154.25,48890.82,245.8
36,2026-09-29,11,117.25,140.5,44934.99,151.24
36,2026-09-29,12,482.75,137.0,43293.99,295.91
36,2026-09-29,13,107.75,238.5,75861.74,327.75
36,2026-09-29,14,113.5,164.25,52445.17,154.58
36,2026-09-29,15,118.0,84.5,26732.74,125.26
36,2026-09-29,16,112.5,86.5,27329.31,126.07
36,2026-09-29,17,479.5,133.5,44785.26,290.26
36,2026-09-29,18,233.75,244.5,76694.09,380.76
36,2026-09-29,19,59.25,205.75,65470.49,202.88
36,2026-09-29,20,39.25,82.5,25422.36,74.09
36,2026-09-29,21,0.0,37.75,10648.55,27.74
37,2026-09-29,9,321.75,44.75,15067.74,149.01
37,2026-09-29,10,103.25,144.0,47015.67,227.54
37,2026-09-29,11,108.5,123.25,40563.07,133.07
37,2026-09-29,12,459.75,130.0,40999.93,275.86
37,2026-09-29,13,107.25,226.75,74621.32,309.6
37,2026-09-29,14,115.25,148.25,47400.52,152.01
37,2026-09-29,15,113.5,87.0,28610.32,127.62
37,2026-09-29,16,101.25,84.25,26671.13,122.68
37,2026-09-29,17,468.5,123.25,40711.4,272.59
37,2026-09-29,18,219.75,238.5,76138.32,371.2
37,2026-09-29,19,61.0,206.25,67574.32,195.17
37,2026-09-29,20,39.25,83.0,25845.44,75.75
37,2026-09-29,21,0.0,35.75,11500.87,26.82
38,2026-09-29,9,339.75,46.0,14200.46,161.19
38,2026-09-29,10,108.25,155.75,49173.19,238.82
38,2026-09-29,11,115.75,131.75,43378.78,144.74
38,2026-09-29,12,445.25,135.5,42586.72,273.14
38,2026-09-29,13,103.25,214.75,69962.93,298.77
38,2026-09-29,14,105.0,146.25,47634.5,141.56
38,2026-09-29,15,117.0,83.0,29151.21,123.47
38,2026-09-29,16,108.25,85.5,30129.04,121.05
38,2026-09-29,17,454.75,127.75,41149.67,275.18
38,2026-09-29,18,215.0,233.75,72461.25,356.32
38,2026-09-29,19,72.25,192.0,59429.27,197.22
38,2026-09-29,20,39.0,87.75,29296.16,78.95
38,2026-09-29,21,0.0,40.5,13324.53,26.56
39,2026-09-29,9,410.5,63.5,20574.96,182.24
39,2026-09-29,10,121.25,161.0,50496.3,281.94
39,2026-09-29,11,126.0,154.5,47967.62,165.54
39,2026-09-29,12,530.0,150.25,47007.35,324.73
39,2026-09-29,13,133.0,263.25,82998.73,366.03
39,2026-09-29,14,134.0,179.25,57753.36,182.14
39,2026-09-29,15,128.5,103.75,33014.35,144.91
39,2026-09-29,16,125.5,90.5,28734.71,140.03
39,2026-09-29,17,518.75,152.75,47221.82,321.4
39,2026-09-29,18,275.75,280.5,89805.94,427.62
39,2026-09-29,19,78.0,234.75,79625.52,234.11
39,2026-09-29,20,49.75,96.5,31180.16,95.39
39,2026-09-29,21,0.0,45.5,14047.98,35.91
40,2026-09-29,9,356.0,51.25,16168.04,161.73
40,2026-09-29,10,109.5,152.25,48853.36,243.96
40,2026-09-29,11,112.0,138.0,41726.14,144.64
40,2026-09-29,12,478.0,125.0,38991.03,293.1
40,2026-09-29,13,114.25,242.25,79786.8,325.87
40,2026-09-29,14,122.0,161.0,48903.51,159.44
40,2026-09-29,15,115.25,85.25,29189.59,132.2
40,2026-09-29,16,120.0,94.75,31240.52,131.93
40,2026-09-29,17,470.25,134.25,43496.6,287.73
40,2026-09-29,18,237.75,250.25,83384.03,377.29
40,2026-09-29,19,68.5,203.25,63628.35,210.42
40,2026-09-29,20,47.5,83.25,28026.51,83.61
40,2026-09-29,21,0.0,46.75,14160.4,33.97
41,2026-09-29,9,369.5,50.75,16813.82,170.47
41,2026-09-29,10,125.0,162.25,53402.8,261.76
41,2026-09-29,11,119.75,143.75,45735.14,159.7
41,2026-09-29,12,473.0,140.25,43273.49,290.14
41,2026-09-29,13,115.75,233.25,73794.26,331.19
41,2026-09-29,14,123.5,167.25,52138.99,166.87
41,2026-09-29,15,128.5,96.5,30253.86,136.06
41,2026-09-29,16,122.5,90.0,28322.62,136.45
41,2026-09-29,17,509.25,143.25,45209.77,309.64
41,2026-09-29,18,253.25,261.75,84576.95,404.0
41,2026-09-29,19,71.5,214.75,68109.24,218.73
41,2026-09-29,20,46.75,88.25,26274.34,85.48
41,2026-09-29,21,0.0,45.75,15037.07,33.16
42,2026-09-29,9,404.0,54.5,16586.78,180.19
42,2026-09-29,10,118.25,185.75,58375.38,276.54
42,2026-09-29,11,133.25,158.0,47684.74,160.66
42,2026-09-29,12,513.25,151.25,48123.14,316.44
42,2026-09-29,13,129.75,255.75,82356.35,348.54
42,2026-09-29,14,130.5,175.5,57454.26,179.45
42,2026-09-29,15,134.25,92.25,30650.41,143.54
42,2026-09-29,16,127.25,105.75,33666.4,150.27
42,2026-09-29,17,501.0,149.25,48150.83,309.41
42,2026-09-29,18,274.75,266.75,87591.6,407.26
42,2026-09-29,19,84.75,225.25,75265.72,239.13
42,2026-09-29,20,47.5,104.0,33485.01,96.64
42,2026-09-29,21,0.0,46.75,14054.7,33.67
43,2026-09-29,9,379.5,55.0,18632.63,173.36
43,2026-09-29,10,119.75,166.5,53278.38,261.27
43,2026-09-29,11,119.25,146.5,45575.67,155.6
43,2026-09-29,12,492.75,138.75,42332.74,304.46
43,2026-09-29,13,122.25,234.75,73285.26,339.08
43,2026-09-29,14,114.75,178.75,59085.17,165.31
43,2026-09-29,15,120.5,85.25,27895.73,128.54
43,2026-09-29,16,113.0,83.75,25522.75,130.69
43,2026-09-29,17,503.75,144.5,46882.8,298.89
43,2026-09-29,18,237.25,260.0,79833.26,389.24
43,2026-09-29,19,67.0,213.0,67787.55,207.33
43,2026-09-29,20,49.0,81.75,26607.55,79.54
43,2026-09-29,21,0.0,47.5,15148.82,32.91
44,2026-09-29,9,337.75,42.75,14307.17,149.7
44,2026-09-29,10,112.5,152.75,47919.29,236.04
44,2026-09-29,11,112.75,135.0,43637.58,143.66
44,2026-09-29,12,452.0,137.75,43003.67,277.32
44,2026-09-29,13,100.75,223.0,73831.45,298.83
44,2026-09-29,14,114.0,146.75,46294.78,150.58
44,2026-09-29,15,111.0,83.25,27081.25,125.26
44,2026-09-29,16,106.25,82.5,24652.42,121.07
44,2026-09-29,17,448.0,129.5,41565.68,282.35
44,2026-09-29,18,208.25,231.25,75640.31,353.08
44,2026-09-29,19,65.75,184.5,60226.16,182.7
44,2026-09-29,20,46.25,81.5,24905.87,74.74
44,2026-09-29,21,0.0,39.0,12913.25,31.33
45,2026-09-29,9,386.75,54.5,17272.57,179.1
45,2026-09-29,10,121.75,162.75,54176.14,262.6
45,2026-09-29,11,124.5,149.25,46893.38,163.31
45,2026-09-29,12,508.5,148.5,48155.8,313.47
45,2026-09-29,13,120.5,251.0,81478.2,350.3
45,2026-09-29,14,131.75,173.75,56196.81,167.34
45,2026-09-29,15,122.5,95.0,29633.62,140.16
45,2026-09-29,16,115.75,89.0,29792.94,131.22
45,2026-09-29,17,488.25,136.5,43506.34,302.73
45,2026-09-29,18,239.25,241.5,77888.6,395.83
45,2026-09-29,19,80.5,206.75,63206.27,220.38
45,2026-09-29,20,50.5,96.0,29862.44,93.9
45,2026-09-29,21,0.0,48.75,14738.4,36.35
46,2026-09-29,9,384.75,47.0,13257.92,175.78
46,2026-09-29,10,117.0,176.5,56830.56,269.22
46,2026-09-29,11,129.75,147.0,47088.3,159.19
46,2026-09-29,12,513.75,142.5,45306.16,319.47
46,2026-09-29,13,119.25,243.5,77983.95,345.01
46,2026-09-29,14,130.0,168.5,53177.11,169.63
46,2026-09-29,15,126.0,95.75,29684.57,147.15
46,2026-09-29,16,125.0,99.25,31849.38,139.28
46,2026-09-29,17,530.25,148.5,46657.67,320.14
46,2026-09-29,18,248.5,267.0,84924.05,420.43
46,2026-09-29,19,68.25,233.75,74388.81,218.91
46,2026-09-29,20,44.75,82.75,27670.4,83.04
46,2026-09-29,21,0.0,43.75,14207.01,32.91
47,2026-09-29,9,360.0,54.25,17447.63,160.77
47,2026-09-29,10,116.5,157.25,49145.94,251.6
47,2026-09-29,11,136.75,144.0,45139.98,160.95
47,2026-09-29,12,489.0,144.75,47817.28,311.92
47,2026-09-29,13,115.75,231.25,74748.49,335.86
47,2026-09-29,14,123.25,170.0,56145.43,168.52
47,2026-09-29,15,127.0,96.5,32389.07,139.91
47,2026-09-29,16,111.25,92.0,30808.76,134.86
47,2026-09-29,17,513.5,144.25,46560.24,312.2
47,2026-09-29,18,238.25,258.0,83899.6,403.62
47,2026-09-29,19,73.25,215.5,66916.22,213.41
47,2026-09-29,20,52.0,82.25,25440.98,82.86
47,2026-09-29,21,0.0,45.75,14987.62,35.24
48,2026-09-29,9,378.5,55.5,17414.42,175.14
48,2026-09-29,10,114.25,162.5,52482.51,260.24
48,2026-09-29,11,134.25,145.75,48415.39,158.86
48,2026-09-29,12,506.25,145.75,44341.86,314.15
48,2026-09-29,13,121.5,241.0,76785.96,336.82
48,2026-09-29,14,119.75,172.0,56505.0,167.42
48,2026-09-29,15,131.25,90.75,29811.54,137.48
48,2026-09-29,16,119.0,91.75,29963.14,141.98
48,2026-09-29,17,512.75,149.25,48708.66,311.6
48,2026-09-29,18,251.0,255.75,81128.23,413.34
48,2026-09-29,19,86.75,229.75,73547.23,226.74
48,2026-09-29,20,41.75,85.75,28524.84,87.32
48,2026-09-29,21,0.0,45.75,13124.06,30.28
49,2026-09-29,9,367.5,51.25,16479.98,168.58
49,2026-09-29,10,109.25,161.75,52631.1,255.16
49,2026-09-29,11,120.5,142.5,44708.6,153.92
49,2026-09-29,12,468.5,141.5,45234.72,285.49
49,2026-09-29,13,117.25,218.0,67617.82,320.34
49,2026-09-29,14,114.0,176.75,58361.86,158.79
49,2026-09-29,15,114.0,80.5,26209.56,122.22
49,2026-09-29,16,121.75,88.75,29224.39,129.68
49,2026-09-29,17,468.25,145.0,47791.61,291.58
49,2026-09-29,18,234.25,254.25,82223.07,375.71
49,2026-09-29,19,74.25,200.75,63664.71,202.42
49,2026-09-29,20,49.25,86.0,27514.54,87.72
49,2026-09-29,21,0.0,48.0,15577.05,36.64
50,2026-09-29,9,362.75,56.5,18533.55,164.78
50,2026-09-29,10,114.25,159.25,50613.0,240.42
50,2026-09-29,11,109.75,129.5,41541.49,145.69
50,2026-09-29,12,488.5,131.0,40263.74,299.56
50,2026-09-29,13,123.5,235.75,75161.24,338.79
50,2026-09-29,14,117.75,176.75,56805.74,173.27
50,2026-09-29,15,113.75,84.0,26602.33,127.79
50,2026-09-29,16,113.75,87.75,28489.15,126.09
50,2026-09-29,17,500.25,147.0,46336.88,298.17
50,2026-09-29,18,233.5,252.25,79972.53,385.24
50,2026-09-29,19,69.5,211.0,67606.25,194.47
50,2026-09-29,20,48.25,80.5,25916.81,82.7
50,2026-09-29,21,0.0,47.25,15343.88,32.99
1,2026-09-30,9,360.0,45.0,14697.71,165.66
1,2026-09-30,10,127.67,166.33,51722.43,260.7
1,2026-09-30,11,113.33,150.33,47109.54,155.67
1,2026-09-30,12,511.67,153.0,49740.63,308.39
1,2026-09-30,13,122.33,249.0,79594.01,342.79
1,2026-09-30,14,114.0,168.67,55222.26,160.93
1,2026-09-30,15,122.67,85.0,25709.94,124.3
1,2026-09-30,16,118.67,87.0,26624.79,130.66
1,2026-09-30,17,485.67,150.0,45501.33,296.62
1,2026-09-30,18,253.0,247.67,77875.27,388.18
1,2026-09-30,19,75.67,219.33,69656.3,216.68
1,2026-09-30,20,43.67,86.0,28631.33,84.87
1,2026-09-30,21,0.0,47.0,14054.31,32.06
2,2026-09-30,9,409.33,61.33,19307.36,185.21
2,2026-09-30,10,129.0,172.0,53803.55,287.41
2,2026-09-30,11,136.0,163.67,53388.57,174.36
2,2026-09-30,12,528.33,149.67,50740.83,325.99
2,2026-09-30,13,134.67,248.67,77039.51,375.99
2,2026-09-30,14,144.33,201.0,63444.14,191.1
2,2026-09-30,15,136.33,104.0,32873.13,154.72
2,2026-09-30,16,136.67,103.67,33298.67,146.14
2,2026-09-30,17,551.33,163.33,54602.39,342.8
2,2026-09-30,18,262.33,286.33,94434.79,428.43
2,2026-09-30,19,82.0,229.33,72657.96,229.49
2,2026-09-30,20,55.67,87.67,26852.75,95.16
2,2026-09-30,21,0.0,59.0,20987.48,43.13
3,2026-09-30,9,377.33,54.33,15987.4,170.05
3,2026-09-30,10,113.33,168.33,52714.75,266.31
3,2026-09-30,11,121.67,146.33,46446.8,152.62
3,2026-09-30,12,505.67,131.33,45200.02,302.85
3,2026-09-30,13,127.67,249.0,79546.28,352.73
3,2026-09-30,14,123.33,186.67,62296.73,174.39
3,2026-09-30,15,124.0,96.0,31274.79,134.74
3,2026-09-30,16,128.33,91.67,30289.68,136.89
3,2026-09-30,17,503.0,143.0,46627.21,317.93
3,2026-09-30,18,255.33,268.33,87812.17,406.15
3,2026-09-30,19,71.33,214.0,67822.76,218.95
3,2026-09-30,20,47.67,94.0,30309.92,84.55
3,2026-09-30,21,0.0,42.33,14310.79,29.56
4,2026-09-30,9,379.67,52.33,16794.69,169.44
4,2026-09-30,10,120.0,166.0,53935.34,268.34
4,2026-09-30,11,123.33,151.33,48456.59,157.01
4,2026-09-30,12,506.67,149.0,45922.02,314.68
4,2026-09-30,13,111.33,237.0,74188.83,342.22
4,2026-09-30,14,132.67,171.33,55915.78,171.16
4,2026-09-30,15,134.0,97.0,32013.98,140.83
4,2026-09-30,16,122.33,98.33,30840.64,142.24
4,2026-09-30,17,519.33,144.33,45199.24,311.44
4,2026-09-30,18,248.0,268.0,88465.95,401.61
4,2026-09-30,19,72.67,210.0,66030.45,212.83
4,2026-09-30,20,51.67,88.0,26372.25,87.29
4,2026-09-30,21,0.0,45.67,14124.09,34.83
5,2026-09-30,9,381.0,45.67,13593.22,173.8
5,2026-09-30,10,130.0,176.0,52812.04,273.43
5,2026-09-30,11,134.0,155.33,52777.5,173.08
5,2026-09-30,12,497.0,142.0,46039.59,307.61
5,2026-09-30,13,123.67,259.0,81615.02,352.24
5,2026-09-30,14,128.67,165.33,52260.2,181.7
5,2026-09-30,15,136.0,90.33,29046.26,151.11
5,2026-09-30,16,127.0,103.33,32452.06,149.22
5,2026-09-30,17,508.0,149.67,49364.87,313.79
5,2026-09-30,18,249.0,263.33,85811.78,412.02
5,2026-09-30,19,74.33,212.33,68525.25,220.83
5,2026-09-30,20,49.0,86.67,27119.72,89.07
5,2026-09-30,21,0.0,48.33,14827.8,36.93
6,2026-09-30,9,413.0,59.33,19010.87,183.07
6,2026-09-30,10,122.33,168.67,58338.26,284.04
6,2026-09-30,11,136.0,152.33,48221.26,170.36
6,2026-09-30,12,557.0,155.33,49979.87,340.14
6,2026-09-30,13,126.67,266.67,87058.3,377.19
6,2026-09-30,14,136.0,197.0,62869.19,182.62
6,2026-09-30,15,135.67,96.33,31061.72,147.15
6,2026-09-30,16,139.33,106.67,34233.68,147.56
6,2026-09-30,17,577.67,162.67,53902.79,354.13
6,2026-09-30,18,276.67,310.0,98928.36,451.78
6,2026-09-30,19,80.67,234.67,78239.9,247.39
6,2026-09-30,20,48.0,90.0,28422.86,94.53
6,2026-09-30,21,0.0,44.33,14397.37,34.66
7,2026-09-30,9,427.67,54.67,17011.42,196.72
7,2026-09-30,10,142.33,197.33,63818.41,298.52
7,2026-09-30,11,141.67,156.33,50593.23,176.11
7,2026-09-30,12,593.33,168.33,52790.62,360.63
7,2026-09-30,13,128.0,281.0,92623.69,395.57
7,2026-09-30,14,138.67,202.0,63389.79,191.85
7,2026-09-30,15,143.33,95.33,29580.76,146.93
7,2026-09-30,16,140.0,101.33,33273.34,154.12
7,2026-09-30,17,595.67,166.67,52080.35,357.38
7,2026-09-30,18,298.0,318.0,102268.84,484.58
7,2026-09-30,19,90.0,257.67,80820.65,261.51
7,2026-09-30,20,52.67,113.33,36620.61,100.95
7,2026-09-30,21,0.0,50.67,15625.53,37.11
8,2026-09-30,9,374.33,49.0,16965.11,165.73
8,2026-09-30,10,118.33,158.33,50695.99,269.28
8,2026-09-30,11,118.0,143.33,44765.5,157.16
8,2026-09-30,12,520.67,158.0,50660.62,311.13
8,2026-09-30,13,130.33,243.33,77468.38,353.96
8,2026-09-30,14,125.0,186.67,61349.99,176.15
8,2026-09-30,15,138.67,96.33,32694.62,144.48
8,2026-09-30,16,119.33,98.67,31879.69,143.56
8,2026-09-30,17,545.33,160.67,54396.78,327.26
8,2026-09-30,18,258.67,275.0,89708.77,421.66
8,2026-09-30,19,65.67,236.67,74243.52,230.02
8,2026-09-30,20,54.67,88.33,29076.23,83.79
8,2026-09-30,21,0.0,45.0,14581.74,35.3
9,2026-09-30,9,373.0,56.33,16034.28,165.9
9,2026-09-30,10,109.67,172.67,54626.13,249.52
9,2026-09-30,11,133.33,134.67,43693.07,159.22
9,2026-09-30,12,473.33,138.67,45738.0,297.84
9,2026-09-30,13,111.0,241.0,78348.7,326.97
9,2026-09-30,14,129.0,170.33,57244.36,164.6
9,2026-09-30,15,121.0,95.0,29640.93,133.25
9,2026-09-30,16,122.33,89.67,29469.9,133.98
9,2026-09-30,17,494.33,148.67,44654.0,300.15
9,2026-09-30,18,263.0,259.67,83269.69,405.51
9,2026-09-30,19,76.67,215.67,69630.5,223.55
9,2026-09-30,20,50.0,94.67,29747.77,90.03
9,2026-09-30,21,0.0,44.0,12450.18,34.33
10,2026-09-30,9,382.33,47.33,15366.4,174.61
10,2026-09-30,10,132.0,174.67,53915.32,274.91
10,2026-09-30,11,131.67,158.0,53813.13,169.34
10,2026-09-30,12,506.33,159.33,51717.35,315.82
10,2026-09-30,13,119.0,241.33,78880.76,343.52
10,2026-09-30,14,131.0,184.0,61833.53,176.38
10,2026-09-30,15,145.67,99.33,30197.74,149.37
10,2026-09-30,16,128.67,104.0,33923.56,153.35
10,2026-09-30,17,523.33,170.0,54443.53,320.82
10,2026-09-30,18,240.0,262.67,84598.75,407.56
10,2026-09-30,19,69.0,212.67,67342.25,216.0
10,2026-09-30,20,54.0,86.33,28421.67,92.54
10,2026-09-30,21,0.0,52.0,17440.49,36.44
11,2026-09-30,9,364.0,55.33,19453.01,167.13
11,2026-09-30,10,118.0,151.33,48096.74,252.35
11,2026-09-30,11,127.33,145.67,49049.45,160.42
11,2026-09-30,12,510.33,146.0,47933.66,311.08
11,2026-09-30,13,122.67,233.33,77858.22,353.75
11,2026-09-30,14,141.0,181.67,56732.84,180.35
11,2026-09-30,15,131.0,104.67,32388.85,149.73
11,2026-09-30,16,126.0,98.33,31749.81,144.11
11,2026-09-30,17,521.0,156.67,50855.1,322.62
11,2026-09-30,18,263.33,248.67,80747.42,422.64
11,2026-09-30,19,61.0,236.0,76741.14,219.48
11,2026-09-30,20,57.33,86.67,27217.85,82.3
11,2026-09-30,21,0.0,49.67,14854.11,37.74
12,2026-09-30,9,444.67,66.0,21357.54,199.93
12,2026-09-30,10,153.0,193.0,60167.67,319.01
12,2026-09-30,11,142.33,175.33,56283.71,193.32
12,2026-09-30,12,599.67,166.33,52993.66,361.8
12,2026-09-30,13,149.67,289.0,95838.84,421.24
12,2026-09-30,14,149.33,217.0,69078.94,207.51
12,2026-09-30,15,158.0,113.0,33711.36,164.64
12,2026-09-30,16,154.0,109.33,33204.79,175.03
12,2026-09-30,17,626.33,187.33,58073.39,380.19
12,2026-09-30,18,296.33,315.33,100371.01,502.77
12,2026-09-30,19,83.67,264.33,83486.65,271.73
12,2026-09-30,20,55.0,109.0,35735.37,104.68
12,2026-09-30,21,0.0,54.0,19194.62,42.13
13,2026-09-30,9,373.67,53.67,16014.99,168.96
13,2026-09-30,10,114.0,161.33,53152.91,252.86
13,2026-09-30,11,125.67,135.0,45298.68,151.61
13,2026-09-30,12,511.33,157.33,51918.29,311.7
13,2026-09-30,13,116.67,253.0,79969.16,345.47
13,2026-09-30,14,129.33,169.33,53398.08,170.9
13,2026-09-30,15,139.67,92.67,28534.2,142.52
13,2026-09-30,16,138.33,96.33,31479.3,159.02
13,2026-09-30,17,518.33,154.0,48887.41,320.32
13,2026-09-30,18,257.0,288.67,92622.55,417.26
13,2026-09-30,19,94.33,217.0,65083.78,229.98
13,2026-09-30,20,44.0,101.33,32347.8,98.5
13,2026-09-30,21,0.0,49.0,15408.31,32.9
14,2026-09-30,9,412.33,54.67,17613.73,180.07
14,2026-09-30,10,126.33,175.33,54435.72,289.27
14,2026-09-30,11,130.33,161.33,48703.46,171.32
14,2026-09-30,12,535.33,157.0,53292.01,325.25
14,2026-09-30,13,114.0,248.67,82121.07,347.86
14,2026-09-30,14,115.0,176.33,56949.69,166.01
14,2026-09-30,15,121.33,89.0,29108.95,124.42
14,2026-09-30,16,132.67,96.67,30334.77,134.36
14,2026-09-30,17,548.33,147.67,48988.09,336.31
14,2026-09-30,18,256.33,278.0,90224.88,430.68
14,2026-09-30,19,84.33,237.0,74377.73,227.48
14,2026-09-30,20,52.33,89.0,27058.23,89.37
14,2026-09-30,21,0.0,53.0,15807.57,35.4
15,2026-09-30,9,378.0,57.0,19301.28,176.22
15,2026-09-30,10,123.0,169.0,57671.88,261.98
15,2026-09-30,11,115.33,150.0,48634.0,156.67
15,2026-09-30,12,499.67,128.33,40339.82,309.02
15,2026-09-30,13,123.33,248.33,77612.4,347.26
15,2026-09-30,14,130.0,177.67,56262.46,171.67
15,2026-09-30,15,127.33,98.67,31563.38,142.09
15,2026-09-30,16,109.33,87.0,30173.89,130.66
15,2026-09-30,17,501.0,150.67,48561.75,304.49
15,2026-09-30,18,269.67,255.0,81202.38,411.47
15,2026-09-30,19,69.33,224.0,70475.54,227.32
15,2026-09-30,20,53.67,91.67,29473.41,88.16
15,2026-09-30,21,0.0,44.0,14741.2,32.87
16,2026-09-30,9,420.67,54.33,16483.96,187.78
16,2026-09-30,10,143.0,188.33,59508.49,302.23
16,2026-09-30,11,161.0,168.33,52818.81,192.77
16,2026-09-30,12,586.67,172.33,56567.21,366.86
16,2026-09-30,13,143.0,292.67,92359.16,405.38
16,2026-09-30,14,146.67,214.0,70990.15,197.83
16,2026-09-30,15,143.33,97.67,32902.49,157.28
16,2026-09-30,16,134.33,108.67,35862.42,160.52
16,2026-09-30,17,609.0,170.67,55413.49,364.35
16,2026-09-30,18,290.33,306.67,96203.17,477.66
16,2026-09-30,19,92.0,246.67,78886.4,264.98
16,2026-09-30,20,55.33,108.33,35376.74,106.31
16,2026-09-30,21,0.0,53.0,16929.48,40.01
17,2026-09-30,9,385.0,50.33,16106.31,173.94
17,2026-09-30,10,123.33,173.33,57587.0,273.06
17,2026-09-30,11,115.0,147.67,44875.69,154.49
17,2026-09-30,12,512.67,145.0,45927.52,307.19
17,2026-09-30,13,126.67,240.33,74917.06,352.92
17,2026-09-30,14,127.67,193.67,61047.28,179.58
17,2026-09-30,15,130.67,93.67,29296.83,138.22
17,2026-09-30,16,116.33,95.67,28347.43,136.51
17,2026-09-30,17,482.67,149.33,47019.6,292.93
17,2026-09-30,18,251.33,248.67,79322.16,392.05
17,2026-09-30,19,80.33,217.0,68404.8,223.04
17,2026-09-30,20,50.33,91.0,28269.14,94.62
17,2026-09-30,21,0.0,46.33,14992.27,37.12
18,2026-09-30,9,366.0,50.67,17749.43,166.03
18,2026-09-30,10,119.67,159.67,50794.45,252.41
18,2026-09-30,11,121.0,138.67,47174.37,161.71
18,2026-09-30,12,495.0,156.67,50504.56,297.45
18,2026-09-30,13,124.33,234.33,75486.32,335.56
18,2026-09-30,14,114.67,167.33,57740.13,163.37
18,2026-09-30,15,136.0,86.33,27839.28,135.5
18,2026-09-30,16,128.33,90.67,29691.72,142.34
18,2026-09-30,17,488.33,148.0,46479.38,307.76
18,2026-09-30,18,268.33,261.67,81229.25,397.58
18,2026-09-30,19,71.33,211.33,68687.36,224.48
18,2026-09-30,20,41.33,95.67,30162.63,83.03
18,2026-09-30,21,0.0,37.67,11350.62,29.82
19,2026-09-30,9,352.0,45.33,13371.21,162.06
19,2026-09-30,10,111.33,164.0,51796.8,242.61
19,2026-09-30,11,116.0,140.33,44835.47,147.06
19,2026-09-30,12,463.67,131.33,42824.97,285.83
19,2026-09-30,13,115.33,221.33,73033.39,322.92
19,2026-09-30,14,105.67,163.67,53468.87,155.19
19,2026-09-30,15,125.67,81.0,26901.84,122.54
19,2026-09-30,16,114.33,88.0,27356.42,136.22
19,2026-09-30,17,497.67,142.33,40478.31,297.46
19,2026-09-30,18,234.67,262.33,86938.36,387.01
19,2026-09-30,19,81.67,208.33,63854.18,215.96
19,2026-09-30,20,41.33,88.33,28049.34,86.52
19,2026-09-30,21,0.0,40.0,13611.45,27.57
20,2026-09-30,9,400.0,57.0,17885.12,179.37
20,2026-09-30,10,119.0,168.33,52358.52,265.9
20,2026-09-30,11,133.0,154.33,50349.69,168.21
20,2026-09-30,12,536.0,152.67,45396.34,327.31
20,2026-09-30,13,111.33,261.67,85073.22,359.85
20,2026-09-30,14,131.67,177.33,56418.8,170.98
20,2026-09-30,15,137.33,100.0,33857.41,146.65
20,2026-09-30,16,126.33,101.0,32506.25,143.31
20,2026-09-30,17,529.67,148.0,45028.97,321.05
20,2026-09-30,18,271.67,270.67,83391.82,430.96
20,2026-09-30,19,93.67,239.67,76821.67,239.58
20,2026-09-30,20,47.33,98.33,33533.55,103.06
20,2026-09-30,21,0.0,46.33,14106.98,32.46
21,2026-09-30,9,358.33,42.33,14114.02,155.06
21,2026-09-30,10,110.0,162.0,51245.32,248.3
21,2026-09-30,11,112.67,125.33,39875.71,147.46
21,2026-09-30,12,468.33,136.33,42827.62,290.44
21,2026-09-30,13,114.67,225.33,73334.16,323.05
21,2026-09-30,14,118.0,160.0,52356.62,163.08
21,2026-09-30,15,116.0,88.33,28471.37,128.54
21,2026-09-30,16,100.0,75.67,23075.28,124.98
21,2026-09-30,17,497.33,137.0,44310.61,292.28
21,2026-09-30,18,242.67,251.33,78380.64,394.78
21,2026-09-30,19,70.33,214.67,69103.66,219.57
21,2026-09-30,20,47.33,88.33,28188.11,82.7
21,2026-09-30,21,0.0,47.33,15742.1,32.34
22,2026-09-30,9,415.0,61.0,19951.6,185.47
22,2026-09-30,10,142.33,184.33,59103.2,297.79
22,2026-09-30,11,134.33,162.0,55241.5,179.66
22,2026-09-30,12,552.33,163.0,52847.57,325.45
22,2026-09-30,13,128.67,264.0,88721.69,375.3
22,2026-09-30,14,144.33,184.67,59425.12,189.88
22,2026-09-30,15,134.67,107.0,34061.39,154.54
22,2026-09-30,16,134.0,104.67,34294.01,150.14
22,2026-09-30,17,581.33,166.67,55237.53,354.72
22,2026-09-30,18,285.33,287.33,91486.41,461.13
22,2026-09-30,19,69.67,244.0,76100.19,245.99
22,2026-09-30,20,55.67,97.67,31990.1,95.73
22,2026-09-30,21,0.0,49.33,16159.78,38.51
23,2026-09-30,9,375.0,49.0,15304.4,167.82
23,2026-09-30,10,118.67,161.67,51525.25,262.17
23,2026-09-30,11,116.67,138.67,41962.51,157.3
23,2026-09-30,12,487.0,144.33,46320.67,300.7
23,2026-09-30,13,109.0,228.33,71767.27,325.14
23,2026-09-30,14,132.67,171.0,51165.5,168.77
23,2026-09-30,15,122.67,87.0,26724.81,141.74
23,2026-09-30,16,115.0,87.67,27761.65,133.63
23,2026-09-30,17,489.33,145.33,46161.28,304.83
23,2026-09-30,18,228.67,242.33,78634.25,382.22
23,2026-09-30,19,70.67,208.0,67105.78,209.27
23,2026-09-30,20,48.67,85.67,27140.65,82.33
23,2026-09-30,21,0.0,41.33,13377.95,29.75
24,2026-09-30,9,378.67,51.33,14844.84,170.42
24,2026-09-30,10,123.67,172.33,57831.67,257.18
24,2026-09-30,11,134.0,139.33,42233.35,167.5
24,2026-09-30,12,508.67,163.67,50535.99,316.27
24,2026-09-30,13,123.67,242.0,77826.95,352.53
24,2026-09-30,14,121.67,178.33,56072.86,178.31
24,2026-09-30,15,123.33,95.67,32242.62,139.14
24,2026-09-30,16,122.67,90.33,28490.54,133.4
24,2026-09-30,17,495.0,154.33,48100.75,298.42
24,2026-09-30,18,250.67,245.0,76270.88,387.48
24,2026-09-30,19,79.67,223.33,72566.85,224.83
24,2026-09-30,20,47.67,85.0,26581.14,87.72
24,2026-09-30,21,0.0,43.67,12972.97,33.2
25,2026-09-30,9,422.0,61.0,18443.83,192.32
25,2026-09-30,10,133.67,186.33,60008.49,288.29
25,2026-09-30,11,134.33,160.0,47092.64,180.78
25,2026-09-30,12,551.67,152.33,49577.68,338.44
25,2026-09-30,13,122.67,261.0,84308.36,369.73
25,2026-09-30,14,139.0,180.33,56752.87,187.16
25,2026-09-30,15,135.0,99.33,32071.1,157.17
25,2026-09-30,16,147.67,113.67,35731.79,153.81
25,2026-09-30,17,559.0,171.0,53997.12,339.75
25,2026-09-30,18,277.0,282.0,92191.27,441.66
25,2026-09-30,19,77.0,245.67,80420.53,240.4
25,2026-09-30,20,59.0,95.67,28855.89,98.11
25,2026-09-30,21,0.0,54.0,18396.93,42.07
26,2026-09-30,9,351.67,46.67,14968.11,160.2
26,2026-09-30,10,126.67,154.0,48018.83,255.26
26,2026-09-30,11,124.67,151.33,48875.1,161.69
26,2026-09-30,12,503.33,150.0,46439.59,297.55
26,2026-09-30,13,116.0,240.67,75624.67,335.76
26,2026-09-30,14,127.0,166.33,54422.05,161.81
26,2026-09-30,15,122.67,89.33,28010.82,133.13
26,2026-09-30,16,129.67,98.0,29836.93,139.9
26,2026-09-30,17,529.33,150.33,46956.74,318.12
26,2026-09-30,18,258.67,276.0,88329.68,424.67
26,2026-09-30,19,77.0,231.33,73623.45,226.9
26,2026-09-30,20,48.33,88.0,29533.1,83.46
26,2026-09-30,21,0.0,45.33,14263.81,34.42
27,2026-09-30,9,403.33,63.0,20815.41,184.03
27,2026-09-30,10,132.0,174.0,51558.88,276.73
27,2026-09-30,11,134.67,161.33,51149.28,178.65
27,2026-09-30,12,556.33,173.33,58161.01,341.27
27,2026-09-30,13,139.33,261.0,85848.38,386.97
27,2026-09-30,14,122.67,201.67,62266.26,188.56
27,2026-09-30,15,137.33,95.67,30918.8,140.74
27,2026-09-30,16,138.0,101.67,32856.02,152.43
27,2026-09-30,17,534.33,164.33,54917.14,330.17
27,2026-09-30,18,270.0,269.33,84434.12,430.33
27,2026-09-30,19,69.0,233.67,75577.25,238.39
27,2026-09-30,20,51.67,96.67,29618.13,85.89
27,2026-09-30,21,0.0,50.33,15483.9,33.71
28,2026-09-30,9,370.67,46.0,16201.37,165.82
28,2026-09-30,10,109.0,159.0,50966.11,254.3
28,2026-09-30,11,129.0,143.67,46291.09,158.58
28,2026-09-30,12,504.33,147.33,44619.51,311.13
28,2026-09-30,13,122.0,248.33,81956.27,341.88
28,2026-09-30,14,118.0,180.0,56616.35,164.4
28,2026-09-30,15,127.33,81.67,25745.62,132.45
28,2026-09-30,16,115.0,90.33,28137.15,130.59
28,2026-09-30,17,493.0,137.67,44641.99,294.81
28,2026-09-30,18,244.0,250.0,78385.75,392.34
28,2026-09-30,19,74.0,202.67,64590.77,219.17
28,2026-09-30,20,54.0,92.67,29519.79,90.35
28,2026-09-30,21,0.0,50.0,16233.91,36.71
29,2026-09-30,9,460.0,59.33,20964.36,206.79
29,2026-09-30,10,141.33,214.0,71237.22,317.04
29,2026-09-30,11,146.67,173.33,56775.58,183.78
29,2026-09-30,12,577.33,163.0,51506.07,357.38
29,2026-09-30,13,140.0,273.67,86143.25,404.81
29,2026-09-30,14,147.33,209.33,65742.04,201.15
29,2026-09-30,15,153.67,111.0,35690.26,162.75
29,2026-09-30,16,139.0,105.33,33758.97,161.46
29,2026-09-30,17,609.0,179.0,56925.23,371.06
29,2026-09-30,18,310.0,319.0,98793.81,488.57
29,2026-09-30,19,96.33,261.33,85653.09,269.94
29,2026-09-30,20,58.67,112.0,37464.18,107.5
29,2026-09-30,21,0.0,59.67,19998.92,41.0
30,2026-09-30,9,361.67,54.33,16952.44,164.2
30,2026-09-30,10,116.67,162.67,51366.87,249.64
30,2026-09-30,11,122.33,138.67,43432.64,155.93
30,2026-09-30,12,464.67,137.0,44529.06,290.65
30,2026-09-30,13,121.33,226.67,73151.72,321.49
30,2026-09-30,14,128.67,155.33,48558.55,166.75
30,2026-09-30,15,127.33,93.67,30300.2,143.39
30,2026-09-30,16,121.33,99.67,32453.8,139.18
30,2026-09-30,17,511.67,146.67,47749.85,304.35
30,2026-09-30,18,258.33,266.0,87029.29,412.7
30,2026-09-30,19,61.0,224.0,72511.77,216.21
30,2026-09-30,20,47.0,80.33,26483.13,77.09
30,2026-09-30,21,0.0,46.0,15313.36,34.17
31,2026-09-30,9,345.67,46.67,14451.07,151.61
31,2026-09-30,10,113.67,155.67,51022.82,238.5
31,2026-09-30,11,116.33,134.67,43925.37,145.5
31,2026-09-30,12,474.67,129.33,39541.82,288.02
31,2026-09-30,13,102.0,232.33,71902.23,318.17
31,2026-09-30,14,127.0,157.0,50322.22,158.41
31,2026-09-30,15,122.33,94.33,29771.69,134.94
31,2026-09-30,16,114.67,89.33,27668.43,126.46
31,2026-09-30,17,462.0,135.0,45646.65,281.71
31,2026-09-30,18,235.0,230.33,72619.42,375.61
31,2026-09-30,19,67.0,208.67,65162.63,204.35
31,2026-09-30,20,42.33,80.67,26454.75,80.05
31,2026-09-30,21,0.0,42.33,14409.62,30.21
32,2026-09-30,9,386.67,52.67,17950.23,171.66
32,2026-09-30,10,122.67,172.33,55657.17,271.58
32,2026-09-30,11,117.0,148.33,47130.16,152.41
32,2026-09-30,12,507.67,132.33,42113.2,305.14
32,2026-09-30,13,131.33,248.0,81282.24,351.55
32,2026-09-30,14,144.33,169.67,52210.38,187.45
32,2026-09-30,15,122.0,108.33,33004.33,150.32
32,2026-09-30,16,118.67,92.0,30029.31,127.93
32,2026-09-30,17,544.33,151.33,48757.94,328.07
32,2026-09-30,18,279.0,289.33,92399.56,441.2
32,2026-09-30,19,75.33,237.67,70466.04,241.13
32,2026-09-30,20,51.67,89.0,27810.23,89.98
32,2026-09-30,21,0.0,49.0,15336.12,34.88
33,2026-09-30,9,430.67,64.33,19969.04,196.42
33,2026-09-30,10,142.67,181.33,56531.38,299.19
33,2026-09-30,11,139.33,177.67,57783.41,180.03
33,2026-09-30,12,585.0,162.0,51986.37,355.94
33,2026-09-30,13,145.0,286.0,90967.89,405.07
33,2026-09-30,14,143.0,207.33,68827.53,189.7
33,2026-09-30,15,156.0,103.0,31284.21,162.8
33,2026-09-30,16,146.0,108.0,33932.79,170.7
33,2026-09-30,17,565.33,172.67,54521.13,343.2
33,2026-09-30,18,276.33,292.67,94113.46,457.84
33,2026-09-30,19,91.0,241.33,76106.58,240.24
33,2026-09-30,20,51.33,103.33,33989.06,96.1
33,2026-09-30,21,0.0,53.0,16368.22,37.04
34,2026-09-30,9,430.0,56.0,18646.8,194.36
34,2026-09-30,10,133.67,190.33,62277.7,307.55
34,2026-09-30,11,129.33,166.0,54407.0,170.55
34,2026-09-30,12,541.0,156.0,49405.63,322.33
34,2026-09-30,13,141.33,264.67,81329.49,374.63
34,2026-09-30,14,128.0,189.0,61725.37,185.38
34,2026-09-30,15,139.67,99.0,30962.81,145.8
34,2026-09-30,16,126.67,98.0,30916.35,142.69
34,2026-09-30,17,571.67,153.0,47019.3,338.08
34,2026-09-30,18,267.67,288.67,93902.26,467.32
34,2026-09-30,19,91.33,253.0,80735.92,244.89
34,2026-09-30,20,60.33,96.0,31490.01,104.03
34,2026-09-30,21,0.0,59.67,19818.07,42.87
35,2026-09-30,9,384.67,57.33,18320.81,169.41
35,2026-09-30,10,118.33,167.33,53795.85,261.68
35,2026-09-30,11,119.0,145.0,44632.83,159.18
35,2026-09-30,12,523.33,151.0,48051.41,315.86
35,2026-09-30,13,118.0,245.67,81595.21,357.29
35,2026-09-30,14,129.33,179.0,57325.25,176.63
35,2026-09-30,15,120.33,95.33,28441.03,135.05
35,2026-09-30,16,133.67,97.33,30345.8,137.22
35,2026-09-30,17,515.67,140.33,44566.46,318.9
35,2026-09-30,18,252.0,263.67,84673.49,405.28
35,2026-09-30,19,64.0,222.33,71284.03,218.25
35,2026-09-30,20,53.33,89.33,28060.44,86.03
35,2026-09-30,21,0.0,46.67,15244.51,37.44
36,2026-09-30,9,344.33,46.67,16546.02,155.23
36,2026-09-30,10,111.67,144.0,47518.85,241.78
36,2026-09-30,11,119.67,135.67,44022.25,153.28
36,2026-09-30,12,485.67,142.67,45881.85,297.04
36,2026-09-30,13,120.0,228.0,76623.72,337.67
36,2026-09-30,14,124.67,173.0,55385.32,170.25
36,2026-09-30,15,124.67,96.0,29385.93,131.88
36,2026-09-30,16,134.0,91.0,29030.33,140.1
36,2026-09-30,17,487.0,143.33,45616.12,299.58
36,2026-09-30,18,228.67,255.67,80322.67,389.92
36,2026-09-30,19,81.0,213.67,69783.44,211.74
36,2026-09-30,20,39.0,82.67,27087.89,83.94
36,2026-09-30,21,0.0,41.0,14200.18,31.6
37,2026-09-30,9,345.0,45.33,14985.4,154.43
37,2026-09-30,10,107.0,150.33,48980.09,242.88
37,2026-09-30,11,106.33,136.33,43713.19,146.16
37,2026-09-30,12,435.67,126.0,40897.31,260.14
37,2026-09-30,13,102.0,206.33,68800.86,305.05
37,2026-09-30,14,117.33,154.67,50340.14,158.04
37,2026-09-30,15,110.33,90.33,28722.15,124.98
37,2026-09-30,16,106.33,88.33,27227.71,120.89
37,2026-09-30,17,469.0,130.67,45233.31,282.58
37,2026-09-30,18,228.33,244.0,77650.14,374.77
37,2026-09-30,19,73.33,195.33,62603.4,204.17
37,2026-09-30,20,46.67,86.33,28384.33,83.45
37,2026-09-30,21,0.0,47.67,14931.2,35.88
38,2026-09-30,9,371.67,53.33,17602.56,173.68
38,2026-09-30,10,109.67,155.33,47470.65,256.6
38,2026-09-30,11,121.67,143.33,47914.55,157.16
38,2026-09-30,12,473.33,140.67,46068.22,293.96
38,2026-09-30,13,105.67,234.0,75697.8,324.67
38,2026-09-30,14,125.0,159.0,50421.23,159.52
38,2026-09-30,15,120.0,90.33,28130.06,130.78
38,2026-09-30,16,118.67,82.67,26987.08,131.16
38,2026-09-30,17,460.0,143.33,46763.06,285.74
38,2026-09-30,18,249.33,244.67,75340.12,375.14
38,2026-09-30,19,68.33,208.67,67116.1,216.24
38,2026-09-30,20,44.0,90.0,29688.44,82.75
38,2026-09-30,21,0.0,45.33,14589.3,31.8
39,2026-09-30,9,375.0,47.33,16289.12,169.58
39,2026-09-30,10,133.33,159.67,50678.37,274.33
39,2026-09-30,11,135.67,161.67,55145.93,173.9
39,2026-09-30,12,532.67,154.33,49720.95,321.99
39,2026-09-30,13,147.0,254.33,83252.25,372.09
39,2026-09-30,14,137.33,194.0,66191.37,191.94
39,2026-09-30,15,134.0,100.0,33816.57,148.48
39,2026-09-30,16,132.33,99.67,32381.75,147.0
39,2026-09-30,17,535.67,161.67,52138.38,333.18
39,2026-09-30,18,263.33,280.33,90202.43,424.04
39,2026-09-30,19,76.0,232.0,73931.96,226.78
39,2026-09-30,20,50.0,89.0,28214.77,83.09
39,2026-09-30,21,0.0,40.67,12871.54,32.31
40,2026-09-30,9,341.0,50.0,16860.73,154.93
40,2026-09-30,10,114.33,148.67,47865.88,242.13
40,2026-09-30,11,114.67,142.33,43097.46,148.1
40,2026-09-30,12,494.0,126.33,39676.3,293.16
40,2026-09-30,13,105.33,233.33,73952.6,339.26
40,2026-09-30,14,121.33,182.67,59111.6,158.92
40,2026-09-30,15,129.33,89.0,29004.45,133.53
40,2026-09-30,16,116.67,91.0,28716.59,134.38
40,2026-09-30,17,462.67,135.67,44545.11,287.83
40,2026-09-30,18,242.67,242.33,76746.5,370.93
40,2026-09-30,19,71.0,204.33,66583.29,206.45
40,2026-09-30,20,52.33,80.0,26912.82,84.29
40,2026-09-30,21,0.0,48.67,13611.36,38.18
41,2026-09-30,9,370.33,48.67,14468.68,164.87
41,2026-09-30,10,118.33,168.0,56104.84,252.71
41,2026-09-30,11,121.67,149.33,46841.32,157.77
41,2026-09-30,12,486.33,144.0,46550.96,301.69
41,2026-09-30,13,121.33,243.33,78867.88,330.85
41,2026-09-30,14,116.33,153.0,53363.02,162.6
41,2026-09-30,15,127.33,95.33,30445.37,134.12
41,2026-09-30,16,108.33,88.33,28055.95,135.24
41,2026-09-30,17,507.0,134.67,43037.32,311.16
41,2026-09-30,18,250.67,268.0,86400.46,408.56
41,2026-09-30,19,73.0,218.67,69949.77,215.29
41,2026-09-30,20,43.67,85.33,28015.8,82.53
41,2026-09-30,21,0.0,43.67,13907.22,29.79
42,2026-09-30,9,374.0,54.67,16713.82,171.7
42,2026-09-30,10,126.67,162.0,49976.05,255.09
42,2026-09-30,11,131.67,146.0,46888.31,164.97
42,2026-09-30,12,504.67,146.0,47733.0,321.41
42,2026-09-30,13,139.33,253.33,78525.96,360.86
42,2026-09-30,14,133.0,183.0,57970.72,185.31
42,2026-09-30,15,118.67,97.33,31063.16,140.13
42,2026-09-30,16,139.67,96.33,30783.66,145.75
42,2026-09-30,17,534.0,157.0,49609.05,325.25
42,2026-09-30,18,260.33,263.33,83015.83,441.35
42,2026-09-30,19,77.0,242.0,79728.12,228.42
42,2026-09-30,20,43.67,90.67,31067.96,86.15
42,2026-09-30,21,0.0,42.33,12317.97,30.17
43,2026-09-30,9,380.67,49.67,15591.74,171.84
43,2026-09-30,10,127.67,165.0,54600.16,272.81
43,2026-09-30,11,130.67,153.0,47058.09,167.04
43,2026-09-30,12,508.67,150.0,47540.29,316.57
43,2026-09-30,13,135.67,255.67,80364.0,353.98
43,2026-09-30,14,122.67,174.67,56058.55,171.67
43,2026-09-30,15,128.67,95.33,29597.88,140.08
43,2026-09-30,16,117.33,92.0,28790.0,138.88
43,2026-09-30,17,523.33,148.67,46919.77,308.04
43,2026-09-30,18,248.67,250.33,82653.54,412.95
43,2026-09-30,19,76.33,223.0,69471.46,228.1
43,2026-09-30,20,51.67,93.67,31208.53,90.18
43,2026-09-30,21,0.0,41.67,12818.33,36.09
44,2026-09-30,9,359.67,54.0,17378.29,159.89
44,2026-09-30,10,115.67,163.33,50590.33,249.16
44,2026-09-30,11,123.33,136.0,43297.78,154.68
44,2026-09-30,12,472.0,134.67,44573.38,291.08
44,2026-09-30,13,109.0,233.33,73057.34,323.79
44,2026-09-30,14,120.67,162.33,50658.99,156.81
44,2026-09-30,15,126.0,85.67,26752.78,139.37
44,2026-09-30,16,112.0,97.33,29588.81,132.26
44,2026-09-30,17,496.0,136.33,43886.69,293.47
44,2026-09-30,18,245.67,254.67,79075.76,396.68
44,2026-09-30,19,66.67,214.33,66857.45,221.76
44,2026-09-30,20,33.67,85.0,28315.64,76.62
44,2026-09-30,21,0.0,35.0,12434.22,24.98
45,2026-09-30,9,413.67,54.33,17214.7,192.02
45,2026-09-30,10,130.67,187.67,59074.12,291.56
45,2026-09-30,11,127.67,162.0,54234.12,168.56
45,2026-09-30,12,507.33,154.0,47206.86,313.32
45,2026-09-30,13,122.33,226.0,70763.73,345.94
45,2026-09-30,14,134.33,176.0,55878.12,184.47
45,2026-09-30,15,128.33,102.67,34832.23,144.29
45,2026-09-30,16,125.0,98.0,30581.53,138.06
45,2026-09-30,17,527.0,160.33,51180.74,324.96
45,2026-09-30,18,275.0,268.33,83659.07,422.5
45,2026-09-30,19,75.0,228.0,70307.41,241.42
45,2026-09-30,20,52.67,101.0,33309.76,92.33
45,2026-09-30,21,0.0,49.0,16538.35,37.67
46,2026-09-30,9,373.0,50.0,16206.46,168.31
46,2026-09-30,10,115.33,164.67,51969.53,263.52
46,2026-09-30,11,115.67,145.67,47509.61,151.6
46,2026-09-30,12,487.67,146.0,47847.63,296.67
46,2026-09-30,13,119.67,226.0,74697.49,327.93
46,2026-09-30,14,127.33,170.0,56361.63,170.38
46,2026-09-30,15,118.0,92.0,28064.07,129.14
46,2026-09-30,16,113.67,79.67,25644.04,126.45
46,2026-09-30,17,494.33,137.0,43399.14,305.45
46,2026-09-30,18,254.67,260.0,85577.73,402.58
46,2026-09-30,19,75.67,221.67,71250.24,213.18
46,2026-09-30,20,45.33,89.0,28573.21,82.95
46,2026-09-30,21,0.0,43.67,16637.08,35.29
47,2026-09-30,9,409.67,61.67,18474.25,184.37
47,2026-09-30,10,133.0,180.0,57695.73,280.95
47,2026-09-30,11,117.33,156.33,49893.29,164.75
47,2026-09-30,12,526.67,159.33,49862.45,310.42
47,2026-09-30,13,127.0,241.33,80035.02,356.2
47,2026-09-30,14,132.0,187.33,59922.82,183.11
47,2026-09-30,15,130.67,101.0,31931.22,147.98
47,2026-09-30,16,117.67,96.33,29531.13,134.7
47,2026-09-30,17,540.67,152.0,51960.91,327.93
47,2026-09-30,18,255.0,270.0,84533.33,425.85
47,2026-09-30,19,85.33,239.33,74414.54,231.6
47,2026-09-30,20,48.67,89.33,29140.33,90.69
47,2026-09-30,21,0.0,49.0,14489.94,36.86
48,2026-09-30,9,382.0,57.0,18348.04,171.08
48,2026-09-30,10,118.33,159.0,48289.87,264.48
48,2026-09-30,11,119.0,144.0,47177.19,159.73
48,2026-09-30,12,533.33,144.33,47989.08,319.43
48,2026-09-30,13,124.0,243.33,77437.61,365.8
48,2026-09-30,14,119.0,193.67,62162.77,170.83
48,2026-09-30,15,128.0,95.0,31583.19,134.49
48,2026-09-30,16,139.33,95.0,31505.57,136.86
48,2026-09-30,17,535.67,150.67,48468.58,327.77
48,2026-09-30,18,241.67,269.33,87105.39,421.15
48,2026-09-30,19,72.67,220.33,70904.07,225.41
48,2026-09-30,20,48.33,87.33,28489.57,84.56
48,2026-09-30,21,0.0,41.33,14996.48,31.46
49,2026-09-30,9,382.67,56.67,16943.81,173.59
49,2026-09-30,10,117.0,168.67,53357.2,261.54
49,2026-09-30,11,128.0,144.0,46617.65,156.04
49,2026-09-30,12,492.33,135.0,42566.82,300.77
49,2026-09-30,13,115.0,230.0,73853.06,330.54
49,2026-09-30,14,125.33,170.0,53604.05,174.18
49,2026-09-30,15,121.67,83.0,27919.92,135.05
49,2026-09-30,16,119.0,94.67,31050.99,134.41
49,2026-09-30,17,495.33,139.67,41278.06,305.79
49,2026-09-30,18,245.67,250.0,79079.07,401.2
49,2026-09-30,19,74.67,228.0,70013.3,215.0
49,2026-09-30,20,53.67,83.33,27113.32,85.97
49,2026-09-30,21,0.0,46.0,14304.82,35.16
50,2026-09-30,9,380.67,47.67,14121.65,170.88
50,2026-09-30,10,120.0,165.0,51905.5,276.99
50,2026-09-30,11,126.0,152.67,49593.91,163.48
50,2026-09-30,12,508.0,150.33,45957.03,307.25
50,2026-09-30,13,115.67,238.67,77023.46,343.2
50,2026-09-30,14,120.0,179.33,56333.91,170.73
50,2026-09-30,15,116.0,87.0,27084.62,130.43
50,2026-09-30,16,114.67,81.33,24225.02,128.03
50,2026-09-30,17,515.0,146.0,45502.69,309.91
50,2026-09-30,18,258.67,261.33,85983.7,410.23
50,2026-09-30,19,74.0,225.67,73914.76,219.37
50,2026-09-30,20,47.0,87.67,30094.5,86.68
50,2026-09-30,21,0.0,42.67,13283.96,34.83
1,2026-10-01,9,345.25,49.25,15614.4,159.96
1,2026-10-01,10,111.25,150.25,47385.95,238.02
1,2026-10-01,11,122.25,133.0,43625.47,146.17
1,2026-10-01,12,485.25,136.25,43453.44,303.27
1,2026-10-01,13,113.75,236.75,75722.64,334.62
1,2026-10-01,14,122.0,164.5,51156.49,157.74
1,2026-10-01,15,120.0,84.5,27545.57,134.24
1,2026-10-01,16,107.5,94.0,29052.13,124.74
1,2026-10-01,17,491.75,136.5,45129.68,292.35
1,2026-10-01,18,232.5,246.25,81248.4,385.02
1,2026-10-01,19,71.5,203.5,61051.66,201.71
1,2026-10-01,20,40.75,83.25,27334.39,78.65
1,2026-10-01,21,0.0,41.75,14801.91,29.08
2,2026-10-01,9,406.0,61.25,19316.47,176.91
2,2026-10-01,10,123.25,173.75,55680.46,281.02
2,2026-10-01,11,123.75,163.0,52017.94,164.51
2,2026-10-01,12,553.75,146.75,46423.42,330.93
2,2026-10-01,13,124.0,274.5,86645.98,367.82
2,2026-10-01,14,135.25,182.75,59995.24,179.37
2,2026-10-01,15,132.25,98.75,30792.34,141.64
2,2026-10-01,16,130.5,101.75,32240.33,141.93
2,2026-10-01,17,540.5,149.25,47347.52,333.24
2,2026-10-01,18,274.75,281.0,89816.47,425.69
2,2026-10-01,19,72.0,240.5,73088.73,225.54
2,2026-10-01,20,53.5,83.25,27583.54,87.84
2,2026-10-01,21,0.0,50.5,16404.89,37.22
3,2026-10-01,9,387.0,52.25,16153.69,178.61
3,2026-10-01,10,115.0,165.75,54216.52,269.44
3,2026-10-01,11,132.5,152.75,49782.94,159.32
3,2026-10-01,12,503.0,148.75,47486.5,301.16
3,2026-10-01,13,125.5,241.0,78781.14,348.0
3,2026-10-01,14,122.5,184.75,59086.72,176.88
3,2026-10-01,15,132.0,85.0,26725.41,136.69
3,2026-10-01,16,123.5,93.5,30618.86,141.18
3,2026-10-01,17,504.0,150.75,46501.6,313.98
3,2026-10-01,18,248.75,256.0,81304.08,396.89
3,2026-10-01,19,78.75,224.75,73490.67,219.87
3,2026-10-01,20,45.5,94.75,30578.13,84.63
3,2026-10-01,21,0.0,44.0,15535.94,31.64
4,2026-10-01,9,372.5,50.25,16723.85,167.84
4,2026-10-01,10,122.25,164.0,51526.4,270.15
4,2026-10-01,11,125.75,153.25,48900.06,155.73
4,2026-10-01,12,489.0,136.5,41363.58,296.74
4,2026-10-01,13,118.25,228.25,74439.77,341.08
4,2026-10-01,14,124.5,174.25,54605.86,169.12
4,2026-10-01,15,120.75,87.5,29417.29,133.05
4,2026-10-01,16,119.25,94.25,28326.26,140.37
4,2026-10-01,17,505.75,143.75,46194.2,308.12
4,2026-10-01,18,246.25,257.0,81216.88,395.78
4,2026-10-01,19,74.0,216.0,69919.29,221.13
4,2026-10-01,20,50.75,91.0,29546.35,89.13
4,2026-10-01,21,0.0,51.0,15698.17,36.8
5,2026-10-01,9,376.75,52.5,16558.21,170.36
5,2026-10-01,10,120.0,158.75,52553.59,261.82
5,2026-10-01,11,125.5,148.25,49157.5,157.43
5,2026-10-01,12,491.75,150.0,47704.29,296.53
5,2026-10-01,13,118.75,233.25,73793.87,341.79
5,2026-10-01,14,132.25,175.25,54710.41,180.56
5,2026-10-01,15,125.25,97.5,30699.8,147.06
5,2026-10-01,16,123.5,102.75,32285.38,141.18
5,2026-10-01,17,509.25,150.25,49452.46,308.95
5,2026-10-01,18,254.0,261.25,82860.27,407.45
5,2026-10-01,19,78.5,227.0,72136.24,225.1
5,2026-10-01,20,52.75,99.5,33205.51,90.37
5,2026-10-01,21,0.0,51.75,15934.7,38.98
6,2026-10-01,9,417.0,63.5,21072.47,192.56
6,2026-10-01,10,134.5,178.25,56587.95,290.29
6,2026-10-01,11,126.75,160.5,53510.42,176.64
6,2026-10-01,12,547.5,160.75,49338.48,333.77
6,2026-10-01,13,133.75,255.25,83300.27,371.7
6,2026-10-01,14,137.25,189.5,58633.02,188.34
6,2026-10-01,15,134.5,103.75,32637.5,147.2
6,2026-10-01,16,138.75,101.25,32656.97,149.85
6,2026-10-01,17,551.5,155.5,47580.0,339.97
6,2026-10-01,18,260.0,281.5,87841.72,440.86
6,2026-10-01,19,85.25,243.75,79118.93,236.77
6,2026-10-01,20,50.0,87.5,27653.13,93.98
6,2026-10-01,21,0.0,52.5,14903.6,37.29
7,2026-10-01,9,409.5,61.25,18771.64,183.66
7,2026-10-01,10,135.25,187.25,58408.4,279.28
7,2026-10-01,11,146.75,154.0,48414.09,179.95
7,2026-10-01,12,551.25,168.25,53382.52,334.2
7,2026-10-01,13,136.5,258.5,81768.75,378.87
7,2026-10-01,14,146.0,189.25,61121.44,197.52
7,2026-10-01,15,142.25,108.0,34519.66,160.43
7,2026-10-01,16,139.25,101.0,30231.37,156.49
7,2026-10-01,17,585.0,168.5,54463.56,361.48
7,2026-10-01,18,277.0,291.0,95302.68,466.22
7,2026-10-01,19,85.75,258.25,82107.69,249.36
7,2026-10-01,20,47.5,98.0,32021.28,95.25
7,2026-10-01,21,0.0,48.0,14349.1,34.63
8,2026-10-01,9,406.25,61.75,19169.23,187.96
8,2026-10-01,10,127.75,169.0,55525.09,283.96
8,2026-10-01,11,127.25,159.0,49873.12,166.41
8,2026-10-01,12,530.75,148.25,46349.78,324.0
8,2026-10-01,13,128.5,254.5,81124.68,365.41
8,2026-10-01,14,143.5,195.25,60243.38,192.0
8,2026-10-01,15,136.5,107.25,33583.44,153.03
8,2026-10-01,16,127.25,102.75,34782.12,144.05
8,2026-10-01,17,566.0,152.0,49595.49,334.26
8,2026-10-01,18,265.0,284.5,90229.08,448.23
8,2026-10-01,19,86.0,235.5,73563.92,239.91
8,2026-10-01,20,50.25,101.5,31690.14,94.9
8,2026-10-01,21,0.0,46.0,14877.26,35.12
9,2026-10-01,9,385.5,51.25,16612.63,173.6
9,2026-10-01,10,120.25,165.5,51669.49,273.86
9,2026-10-01,11,138.5,151.25,46911.52,167.97
9,2026-10-01,12,509.25,150.25,47488.65,319.48
9,2026-10-01,13,103.5,244.25,77679.97,339.45
9,2026-10-01,14,127.25,163.5,49978.0,162.88
9,2026-10-01,15,131.25,95.5,31118.8,137.99
9,2026-10-01,16,116.75,94.75,29103.82,139.56
9,2026-10-01,17,537.75,146.75,44657.51,315.88
9,2026-10-01,18,263.5,278.5,88926.68,432.5
9,2026-10-01,19,73.25,234.5,75205.44,228.56
9,2026-10-01,20,52.0,90.75,28877.12,91.2
9,2026-10-01,21,0.0,49.0,16512.34,34.28
10,2026-10-01,9,384.0,55.5,17110.66,172.25
10,2026-10-01,10,121.75,165.75,54791.67,271.21
10,2026-10-01,11,132.5,150.0,48705.58,160.63
10,2026-10-01,12,529.5,138.5,44715.29,323.8
10,2026-10-01,13,124.0,251.75,82135.91,372.7
10,2026-10-01,14,126.5,184.5,58631.15,179.69
10,2026-10-01,15,131.75,93.75,28535.4,136.11
10,2026-10-01,16,128.75,91.5,30001.08,137.26
10,2026-10-01,17,529.0,152.5,48280.06,328.28
10,2026-10-01,18,272.0,276.0,88044.58,431.24
10,2026-10-01,19,89.0,225.25,71467.21,240.41
10,2026-10-01,20,49.0,100.5,32179.28,99.13
10,2026-10-01,21,0.0,48.0,15023.06,34.53
11,2026-10-01,9,378.0,50.75,15069.2,175.3
11,2026-10-01,10,121.75,156.5,50517.18,269.3
11,2026-10-01,11,135.25,159.25,49823.79,164.72
11,2026-10-01,12,529.25,155.0,51491.96,333.23
11,2026-10-01,13,126.5,261.0,85227.07,355.77
11,2026-10-01,14,130.0,170.75,54678.66,172.35
11,2026-10-01,15,135.25,100.0,32499.14,143.78
11,2026-10-01,16,122.0,96.5,30111.45,144.71
11,2026-10-01,17,503.25,154.5,50521.36,300.5
11,2026-10-01,18,262.75,262.75,82532.93,407.51
11,2026-10-01,19,71.5,228.25,72283.53,226.28
11,2026-10-01,20,46.75,86.0,30075.28,82.58
11,2026-10-01,21,0.0,43.25,13346.8,31.13
12,2026-10-01,9,497.0,65.25,21257.02,223.4
12,2026-10-01,10,160.0,217.25,69553.68,342.31
12,2026-10-01,11,171.75,185.5,60138.69,221.6
12,2026-10-01,12,682.0,203.0,66118.83,424.05
12,2026-10-01,13,159.5,329.5,105128.76,459.34
12,2026-10-01,14,165.5,223.75,69260.34,223.87
12,2026-10-01,15,166.5,119.5,39058.2,185.14
12,2026-10-01,16,166.0,123.25,39374.25,179.19
12,2026-10-01,17,679.75,198.25,63742.7,417.66
12,2026-10-01,18,327.0,362.25,116331.99,539.8
12,2026-10-01,19,103.0,278.5,88599.63,294.82
12,2026-10-01,20,61.0,109.25,35584.87,118.13
12,2026-10-01,21,0.0,64.25,22985.1,45.65
13,2026-10-01,9,421.0,57.25,18809.75,192.08
13,2026-10-01,10,125.25,192.25,60747.29,287.54
13,2026-10-01,11,131.5,162.75,52032.41,166.12
13,2026-10-01,12,551.75,155.5,48344.84,325.77
13,2026-10-01,13,135.25,268.25,85619.6,382.1
13,2026-10-01,14,136.25,202.75,65714.65,191.07
13,2026-10-01,15,122.5,104.0,33064.51,141.7
13,2026-10-01,16,134.5,95.25,30184.53,135.56
13,2026-10-01,17,565.75,160.75,51886.63,342.0
13,2026-10-01,18,273.0,284.0,90334.58,444.74
13,2026-10-01,19,83.5,244.25,80119.91,248.23
13,2026-10-01,20,48.5,103.75,32776.85,96.02
13,2026-10-01,21,0.0,43.75,12901.37,33.3
14,2026-10-01,9,394.5,55.25,17174.63,178.64
14,2026-10-01,10,125.75,174.5,53253.4,274.1
14,2026-10-01,11,139.0,158.25,49962.6,172.37
14,2026-10-01,12,529.25,154.5,49700.5,323.76
14,2026-10-01,13,130.0,258.5,84545.58,361.94
14,2026-10-01,14,129.0,178.75,56862.93,182.17
14,2026-10-01,15,129.5,102.5,33370.82,142.8
14,2026-10-01,16,130.75,91.5,31377.66,144.23
14,2026-10-01,17,537.25,152.5,48131.33,333.29
14,2026-10-01,18,261.75,285.25,90367.33,431.81
14,2026-10-01,19,84.75,235.5,74482.62,235.94
14,2026-10-01,20,51.5,97.0,31251.81,102.32
14,2026-10-01,21,0.0,51.0,15795.43,38.47
15,2026-10-01,9,363.5,50.75,16508.62,168.3
15,2026-10-01,10,107.5,163.75,53996.0,245.02
15,2026-10-01,11,112.0,122.5,38865.44,145.3
15,2026-10-01,12,474.25,134.0,44226.89,293.23
15,2026-10-01,13,118.25,221.5,70551.6,327.78
15,2026-10-01,14,128.25,166.5,53411.7,171.59
15,2026-10-01,15,116.75,91.75,27964.43,136.5
15,2026-10-01,16,105.75,90.0,28226.28,128.11
15,2026-10-01,17,477.5,136.5,46429.46,289.11
15,2026-10-01,18,242.75,240.0,77603.27,377.74
15,2026-10-01,19,68.5,197.75,63527.33,208.2
15,2026-10-01,20,46.75,96.0,31913.92,81.76
15,2026-10-01,21,0.0,41.0,12485.05,29.11
16,2026-10-01,9,471.0,67.5,21252.78,217.13
16,2026-10-01,10,157.25,212.5,70292.46,334.77
16,2026-10-01,11,152.25,184.5,60240.21,197.77
16,2026-10-01,12,640.25,181.0,56765.42,386.76
16,2026-10-01,13,147.25,311.25,100224.65,433.2
16,2026-10-01,14,161.0,218.5,72928.92,214.86
16,2026-10-01,15,155.25,117.5,37685.41,170.01
16,2026-10-01,16,166.0,123.0,38518.32,176.42
16,2026-10-01,17,648.25,184.25,59064.57,404.78
16,2026-10-01,18,320.75,344.75,109552.48,523.18
16,2026-10-01,19,99.0,276.75,88238.1,281.05
16,2026-10-01,20,61.0,115.25,37470.84,110.74
16,2026-10-01,21,0.0,59.75,18731.63,44.49
17,2026-10-01,9,384.25,53.25,15574.9,172.97
17,2026-10-01,10,118.5,170.75,53071.01,270.77
17,2026-10-01,11,125.0,146.0,46224.7,160.72
17,2026-10-01,12,508.75,152.25,49510.44,311.44
17,2026-10-01,13,130.5,236.75,77432.88,348.73
17,2026-10-01,14,130.0,172.75,54618.06,180.92
17,2026-10-01,15,124.75,99.75,31267.44,137.06
17,2026-10-01,16,130.75,88.5,28757.01,136.42
17,2026-10-01,17,554.0,146.0,47318.6,334.15
17,2026-10-01,18,260.5,292.25,94014.88,438.5
17,2026-10-01,19,75.5,221.75,70767.67,234.42
17,2026-10-01,20,46.25,91.75,28093.81,85.94
17,2026-10-01,21,0.0,46.0,15555.62,30.78
18,2026-10-01,9,378.75,48.0,15360.9,169.66
18,2026-10-01,10,120.75,171.0,57554.58,264.76
18,2026-10-01,11,113.25,139.5,43738.87,152.72
18,2026-10-01,12,500.5,135.25,41392.24,304.78
18,2026-10-01,13,125.0,244.0,77876.54,351.94
18,2026-10-01,14,119.5,178.25,56797.58,171.22
18,2026-10-01,15,121.5,88.75,29941.26,135.59
18,2026-10-01,16,121.5,93.25,29581.7,133.12
18,2026-10-01,17,509.5,139.5,43177.37,305.95
18,2026-10-01,18,251.0,255.25,79715.6,404.28
18,2026-10-01,19,73.25,218.75,70102.39,222.8
18,2026-10-01,20,49.25,94.0,30396.78,85.06
18,2026-10-01,21,0.0,41.0,12067.16,32.84
19,2026-10-01,9,367.0,51.0,16799.46,168.19
19,2026-10-01,10,110.5,173.75,57806.1,250.74
19,2026-10-01,11,117.75,133.75,43752.12,148.19
19,2026-10-01,12,479.5,129.75,41682.52,298.4
19,2026-10-01,13,124.5,240.5,75010.67,334.93
19,2026-10-01,14,121.25,173.5,57456.97,171.21
19,2026-10-01,15,130.25,91.5,29448.66,136.25
19,2026-10-01,16,122.25,92.75,29041.52,137.91
19,2026-10-01,17,525.75,150.0,47717.93,314.68
19,2026-10-01,18,260.5,265.75,83637.75,423.25
19,2026-10-01,19,87.0,235.5,75545.35,235.38
19,2026-10-01,20,47.25,97.75,30961.22,95.01
19,2026-10-01,21,0.0,44.75,14017.15,32.09
20,2026-10-01,9,405.5,53.75,17345.54,182.28
20,2026-10-01,10,128.0,178.5,56087.02,291.31
20,2026-10-01,11,130.25,159.25,52519.42,173.34
20,2026-10-01,12,514.0,152.5,50959.13,310.49
20,2026-10-01,13,125.25,234.5,73405.92,359.8
20,2026-10-01,14,134.0,190.5,61460.46,178.67
20,2026-10-01,15,130.5,94.5,32171.12,144.45
20,2026-10-01,16,115.75,100.75,32717.31,140.71
20,2026-10-01,17,515.5,139.75,44092.46,316.95
20,2026-10-01,18,262.0,276.0,89951.32,413.42
20,2026-10-01,19,78.5,234.75,72727.71,225.7
20,2026-10-01,20,46.75,88.5,27247.9,87.41
20,2026-10-01,21,0.0,44.75,15014.66,29.38
21,2026-10-01,9,359.25,52.25,16522.13,158.69
21,2026-10-01,10,116.0,152.25,46986.77,253.95
21,2026-10-01,11,112.0,143.75,47751.8,151.06
21,2026-10-01,12,462.25,136.75,44706.56,283.11
21,2026-10-01,13,112.75,218.25,72626.17,316.52
21,2026-10-01,14,130.0,164.0,52537.71,169.32
21,2026-10-01,15,121.25,98.25,29474.01,135.46
21,2026-10-01,16,117.5,83.5,27215.11,130.99
21,2026-10-01,17,483.25,141.75,44046.44,296.33
21,2026-10-01,18,225.25,247.25,80936.71,381.73
21,2026-10-01,19,66.75,207.0,66934.11,195.98
21,2026-10-01,20,42.25,76.75,24952.58,74.48
21,2026-10-01,21,0.0,42.0,12347.13,28.14
22,2026-10-01,9,407.5,58.5,17037.08,181.83
22,2026-10-01,10,125.25,177.25,58296.53,284.99
22,2026-10-01,11,136.0,160.75,51584.05,169.52
22,2026-10-01,12,560.0,160.5,50877.15,335.25
22,2026-10-01,13,127.0,267.0,84895.3,372.04
22,2026-10-01,14,149.5,187.75,59815.36,189.71
22,2026-10-01,15,143.5,106.5,34877.46,161.53
22,2026-10-01,16,137.5,117.25,38739.1,153.28
22,2026-10-01,17,568.75,161.5,48928.57,347.21
22,2026-10-01,18,284.5,296.25,96337.96,459.01
22,2026-10-01,19,80.0,248.25,81402.36,252.6
22,2026-10-01,20,51.0,103.0,33726.33,92.92
22,2026-10-01,21,0.0,45.25,14405.12,35.7
23,2026-10-01,9,357.25,50.25,18647.66,161.0
23,2026-10-01,10,123.5,162.25,52962.94,248.89
23,2026-10-01,11,121.25,138.75,45113.86,157.24
23,2026-10-01,12,500.75,141.75,46382.38,300.62
23,2026-10-01,13,122.25,245.5,81484.73,342.06
23,2026-10-01,14,119.75,180.25,56742.63,168.14
23,2026-10-01,15,120.25,86.0,28733.59,128.57
23,2026-10-01,16,114.75,90.75,28647.31,131.02
23,2026-10-01,17,505.75,148.5,47597.12,306.65
23,2026-10-01,18,242.25,254.5,79126.15,400.28
23,2026-10-01,19,75.5,215.25,71326.56,217.66
23,2026-10-01,20,51.0,86.25,27555.95,89.54
23,2026-10-01,21,0.0,47.5,15629.07,36.7
24,2026-10-01,9,438.75,57.75,18426.34,198.68
24,2026-10-01,10,142.0,198.0,61731.05,307.82
24,2026-10-01,11,132.0,182.0,59026.45,175.81
24,2026-10-01,12,548.5,154.75,49239.25,333.14
24,2026-10-01,13,135.5,264.0,83187.24,376.8
24,2026-10-01,14,138.0,191.25,59831.07,193.06
24,2026-10-01,15,145.25,107.0,34481.73,157.19
24,2026-10-01,16,134.25,109.0,35421.11,148.98
24,2026-10-01,17,541.75,160.25,51498.66,333.87
24,2026-10-01,18,268.75,276.5,88419.84,428.04
24,2026-10-01,19,82.0,226.25,69998.98,244.94
24,2026-10-01,20,52.5,104.75,36332.08,94.42
24,2026-10-01,21,0.0,47.25,14543.47,36.44
25,2026-10-01,9,428.5,64.0,19632.8,198.35
25,2026-10-01,10,130.0,193.5,61833.72,288.64
25,2026-10-01,11,138.0,158.5,51307.6,176.92
25,2026-10-01,12,573.75,160.75,49494.65,347.41
25,2026-10-01,13,136.25,279.5,91903.95,389.65
25,2026-10-01,14,141.5,192.0,61635.89,195.94
25,2026-10-01,15,135.5,112.5,36677.7,152.2
25,2026-10-01,16,134.75,100.75,32485.87,146.84
25,2026-10-01,17,571.0,165.0,53872.86,342.81
25,2026-10-01,18,292.5,297.5,97458.29,457.65
25,2026-10-01,19,86.5,255.0,83015.37,254.85
25,2026-10-01,20,53.0,102.75,33232.13,102.46
25,2026-10-01,21,0.0,51.75,17293.68,37.65
26,2026-10-01,9,371.75,52.25,17220.12,171.53
26,2026-10-01,10,140.25,163.75,51945.37,265.53
26,2026-10-01,11,118.25,146.75,47988.33,165.44
26,2026-10-01,12,510.25,147.75,47429.6,311.32
26,2026-10-01,13,118.0,241.75,75876.14,348.02
26,2026-10-01,14,123.0,177.75,57850.18,167.62
26,2026-10-01,15,134.75,91.0,28832.59,137.68
26,2026-10-01,16,128.25,93.25,29730.0,143.11
26,2026-10-01,17,518.25,149.0,49219.18,316.49
26,2026-10-01,18,270.25,275.5,85101.23,420.78
26,2026-10-01,19,72.75,229.0,72475.06,230.54
26,2026-10-01,20,45.5,90.75,27997.6,82.88
26,2026-10-01,21,0.0,41.0,13065.03,31.03
27,2026-10-01,9,381.5,57.0,19563.56,172.9
27,2026-10-01,10,132.25,166.5,54479.49,270.59
27,2026-10-01,11,134.75,152.0,47110.37,166.6
27,2026-10-01,12,535.0,155.5,49413.43,326.2
27,2026-10-01,13,132.25,251.0,80803.76,367.82
27,2026-10-01,14,138.25,186.0,57186.38,185.66
27,2026-10-01,15,124.25,97.75,31525.06,147.6
27,2026-10-01,16,134.5,96.0,31203.06,149.3
27,2026-10-01,17,550.5,158.0,51102.88,340.26
27,2026-10-01,18,287.5,286.75,91900.96,443.12
27,2026-10-01,19,74.5,233.25,77873.26,249.0
27,2026-10-01,20,54.5,100.25,31774.54,95.07
27,2026-10-01,21,0.0,53.5,16441.11,36.88
28,2026-10-01,9,398.0,54.0,15706.93,179.91
28,2026-10-01,10,123.75,175.5,57464.56,274.56
28,2026-10-01,11,135.75,150.75,48850.13,165.41
28,2026-10-01,12,541.0,167.25,53023.72,332.9
28,2026-10-01,13,130.25,252.75,79603.13,362.55
28,2026-10-01,14,124.0,192.75,62584.85,180.08
28,2026-10-01,15,136.0,104.0,33947.65,140.06
28,2026-10-01,16,130.25,95.0,29960.42,140.76
28,2026-10-01,17,536.25,155.0,46498.2,331.82
28,2026-10-01,18,270.25,272.25,88338.44,423.93
28,2026-10-01,19,80.25,240.0,76914.27,237.38
28,2026-10-01,20,54.0,93.0,30625.4,96.33
28,2026-10-01,21,0.0,53.25,16045.09,37.77
29,2026-10-01,9,464.5,61.75,19676.9,211.1
29,2026-10-01,10,135.5,195.0,59893.02,324.46
29,2026-10-01,11,156.0,176.5,60134.63,195.33
29,2026-10-01,12,596.5,176.0,55623.19,369.03
29,2026-10-01,13,139.25,303.5,100972.47,401.42
29,2026-10-01,14,159.25,192.75,62151.04,205.38
29,2026-10-01,15,144.75,114.0,33200.8,169.85
29,2026-10-01,16,142.0,105.75,33363.5,156.72
29,2026-10-01,17,605.25,165.0,53633.15,367.8
29,2026-10-01,18,296.75,311.5,100624.68,492.74
29,2026-10-01,19,100.25,263.75,83360.22,268.0
29,2026-10-01,20,59.0,109.25,33637.52,109.82
29,2026-10-01,21,0.0,58.25,19081.97,44.18
30,2026-10-01,9,365.25,47.25,14649.43,164.56
30,2026-10-01,10,111.0,160.0,50310.1,256.35
30,2026-10-01,11,115.0,139.75,44637.95,150.07
30,2026-10-01,12,500.5,129.5,41709.5,297.59
30,2026-10-01,13,125.5,240.0,79085.7,345.93
30,2026-10-01,14,116.0,177.75,56004.6,171.5
30,2026-10-01,15,114.25,95.0,30435.73,130.46
30,2026-10-01,16,111.5,84.75,27444.43,122.67
30,2026-10-01,17,482.0,141.0,44935.49,289.67
30,2026-10-01,18,250.25,252.5,82259.96,385.56
30,2026-10-01,19,74.75,212.75,67576.2,216.71
30,2026-10-01,20,49.75,87.25,26732.7,90.59
30,2026-10-01,21,0.0,50.5,15539.76,39.1
31,2026-10-01,9,355.0,46.25,16756.14,161.51
31,2026-10-01,10,123.75,159.75,50558.32,250.14
31,2026-10-01,11,117.0,143.75,44349.78,153.66
31,2026-10-01,12,465.5,134.75,41132.4,285.68
31,2026-10-01,13,121.25,225.5,71612.82,326.12
31,2026-10-01,14,126.75,162.0,51965.42,169.62
31,2026-10-01,15,118.25,89.5,27298.21,137.65
31,2026-10-01,16,121.75,96.5,30174.68,134.7
31,2026-10-01,17,457.25,144.0,44822.95,293.51
31,2026-10-01,18,250.75,235.25,73760.22,375.76
31,2026-10-01,19,73.75,206.5,63885.44,218.9
31,2026-10-01,20,40.75,92.25,30218.78,81.95
31,2026-10-01,21,0.0,39.0,13083.04,27.85
32,2026-10-01,9,378.75,49.75,15438.94,174.41
32,2026-10-01,10,132.25,165.0,51672.18,271.01
32,2026-10-01,11,125.75,154.0,49131.3,162.84
32,2026-10-01,12,517.0,152.5,50291.8,318.54
32,2026-10-01,13,125.25,257.75,81629.88,346.92
32,2026-10-01,14,124.75,170.5,55595.41,170.35
32,2026-10-01,15,122.25,90.25,29935.88,136.0
32,2026-10-01,16,134.5,87.25,28688.2,146.76
32,2026-10-01,17,518.75,151.5,49168.55,324.62
32,2026-10-01,18,247.75,271.0,89770.46,417.27
32,2026-10-01,19,68.75,216.75,67754.1,215.66
32,2026-10-01,20,48.5,91.25,30054.08,85.4
32,2026-10-01,21,0.0,44.25,13650.69,33.85
33,2026-10-01,9,445.75,64.75,21175.25,199.24
33,2026-10-01,10,132.25,190.5,61321.02,303.54
33,2026-10-01,11,157.75,170.75,55169.62,193.92
33,2026-10-01,12,593.5,178.25,55726.21,357.38
33,2026-10-01,13,139.75,285.75,94145.25,401.55
33,2026-10-01,14,154.5,200.5,65180.48,202.2
33,2026-10-01,15,138.0,109.75,36399.34,159.98
33,2026-10-01,16,143.75,108.5,34343.8,153.2
33,2026-10-01,17,599.25,171.25,54370.88,366.86
33,2026-10-01,18,292.75,306.25,98364.57,476.58
33,2026-10-01,19,88.75,262.25,83474.5,263.53
33,2026-10-01,20,53.75,111.0,34916.41,96.87
33,2026-10-01,21,0.0,51.75,16628.07,38.16
34,2026-10-01,9,418.5,52.75,16661.63,188.38
34,2026-10-01,10,124.75,180.0,58367.15,287.53
34,2026-10-01,11,143.25,157.5,50177.93,171.94
34,2026-10-01,12,532.25,152.5,48710.62,331.83
34,2026-10-01,13,132.0,246.5,79683.08,360.29
34,2026-10-01,14,134.0,183.25,61161.12,190.67
34,2026-10-01,15,141.0,110.5,34866.99,149.25
34,2026-10-01,16,128.25,101.5,32724.68,144.62
34,2026-10-01,17,576.5,168.25,53415.89,341.04
34,2026-10-01,18,261.5,290.0,93466.76,448.3
34,2026-10-01,19,88.75,245.25,77291.28,240.26
34,2026-10-01,20,58.0,98.25,32882.23,97.92
34,2026-10-01,21,0.0,55.5,18666.59,38.35
35,2026-10-01,9,379.25,50.75,16739.78,171.59
35,2026-10-01,10,120.0,171.0,54540.53,262.79
35,2026-10-01,11,127.75,142.5,45771.84,163.72
35,2026-10-01,12,510.5,155.0,49907.18,318.14
35,2026-10-01,13,116.5,248.5,80816.85,345.64
35,2026-10-01,14,135.75,169.25,53631.81,172.61
35,2026-10-01,15,131.5,101.75,31867.72,149.35
35,2026-10-01,16,129.25,102.75,31354.88,142.19
35,2026-10-01,17,512.75,152.75,50290.13,313.91
35,2026-10-01,18,262.5,274.5,89195.89,418.9
35,2026-10-01,19,70.25,224.25,72206.84,220.92
35,2026-10-01,20,45.0,90.75,28378.29,81.58
35,2026-10-01,21,0.0,40.25,12647.31,29.48
36,2026-10-01,9,359.0,51.25,16042.04,165.69
36,2026-10-01,10,118.25,165.5,54241.23,248.01
36,2026-10-01,11,123.75,132.75,43263.16,152.66
36,2026-10-01,12,456.0,141.75,45128.1,283.29
36,2026-10-01,13,117.75,225.75,75254.44,311.38
36,2026-10-01,14,132.25,162.25,50334.13,173.08
36,2026-10-01,15,124.75,91.5,30647.26,142.02
36,2026-10-01,16,122.5,92.0,30847.51,138.72
36,2026-10-01,17,489.75,140.75,44073.71,303.14
36,2026-10-01,18,249.75,249.0,80102.76,399.14
36,2026-10-01,19,74.5,208.0,67610.04,221.74
36,2026-10-01,20,49.5,94.5,31280.24,89.97
36,2026-10-01,21,0.0,48.25,15743.62,35.1
37,2026-10-01,9,343.0,44.75,16323.86,161.1
37,2026-10-01,10,119.0,156.5,47629.18,253.98
37,2026-10-01,11,112.75,140.25,42884.87,148.46
37,2026-10-01,12,427.0,122.0,38175.41,261.63
37,2026-10-01,13,101.25,199.5,64008.86,304.2
37,2026-10-01,14,114.5,157.25,51154.83,152.6
37,2026-10-01,15,118.5,81.25,25706.05,129.53
37,2026-10-01,16,104.25,89.0,28150.86,125.35
37,2026-10-01,17,446.25,135.5,41113.51,261.26
37,2026-10-01,18,224.75,224.5,73581.32,354.58
37,2026-10-01,19,71.5,190.25,59067.2,196.68
37,2026-10-01,20,41.25,78.75,23512.53,82.36
37,2026-10-01,21,0.0,40.25,12650.65,31.61
38,2026-10-01,9,381.0,56.75,17876.46,170.84
38,2026-10-01,10,127.25,164.5,51643.84,267.52
38,2026-10-01,11,120.25,144.75,44990.98,163.56
38,2026-10-01,12,498.0,143.0,45882.8,305.58
38,2026-10-01,13,127.75,241.25,77782.27,350.6
38,2026-10-01,14,125.0,180.0,57622.1,174.75
38,2026-10-01,15,123.0,91.5,29938.8,138.65
38,2026-10-01,16,122.25,92.25,27812.43,134.07
38,2026-10-01,17,517.0,143.0,44386.49,312.53
38,2026-10-01,18,231.5,259.0,84009.12,399.9
38,2026-10-01,19,78.0,218.75,69966.21,212.14
38,2026-10-01,20,51.75,88.0,26020.83,88.21
38,2026-10-01,21,0.0,51.75,16489.32,36.3
39,2026-10-01,9,395.5,56.25,18529.73,180.78
39,2026-10-01,10,133.25,178.75,57814.35,275.97
39,2026-10-01,11,125.25,149.75,45795.66,168.16
39,2026-10-01,12,542.0,158.5,50751.87,330.87
39,2026-10-01,13,142.25,257.5,82142.7,374.44
39,2026-10-01,14,144.75,196.0,62074.49,195.17
39,2026-10-01,15,144.5,107.0,34218.88,164.14
39,2026-10-01,16,145.25,113.75,36632.04,155.02
39,2026-10-01,17,570.5,166.5,52794.95,347.33
39,2026-10-01,18,266.5,291.5,92702.58,452.48
39,2026-10-01,19,77.0,242.5,75398.59,236.19
39,2026-10-01,20,52.25,92.0,28832.46,92.62
39,2026-10-01,21,0.0,50.0,16235.76,37.33
40,2026-10-01,9,400.0,51.75,16835.34,182.48
40,2026-10-01,10,112.25,173.25,54611.59,275.85
40,2026-10-01,11,118.25,150.25,47805.0,154.46
40,2026-10-01,12,508.25,143.0,46012.06,305.65
40,2026-10-01,13,117.75,250.0,81122.18,343.65
40,2026-10-01,14,124.75,172.25,54492.15,168.13
40,2026-10-01,15,128.5,92.75,29394.54,134.64
40,2026-10-01,16,123.25,95.75,30597.44,138.51
40,2026-10-01,17,511.25,149.25,46901.48,312.36
40,2026-10-01,18,270.25,261.25,81970.96,411.38
40,2026-10-01,19,70.0,220.25,73446.91,229.07
40,2026-10-01,20,43.5,100.0,32726.18,87.45
40,2026-10-01,21,0.0,40.25,12748.52,29.75
41,2026-10-01,9,358.75,49.5,15268.02,161.0
41,2026-10-01,10,114.0,157.0,47993.2,250.5
41,2026-10-01,11,118.25,142.25,44432.68,154.48
41,2026-10-01,12,482.75,136.25,43237.94,299.73
41,2026-10-01,13,122.75,240.75,76925.92,338.34
41,2026-10-01,14,118.25,159.5,50378.36,166.5
41,2026-10-01,15,119.5,93.75,29925.04,132.01
41,2026-10-01,16,124.25,90.5,32171.29,132.34
41,2026-10-01,17,485.0,131.25,41765.91,303.53
41,2026-10-01,18,234.75,256.75,82782.23,387.64
41,2026-10-01,19,67.5,206.75,66606.12,203.4
41,2026-10-01,20,45.5,79.75,24100.58,76.02
41,2026-10-01,21,0.0,43.75,14338.49,33.87
42,2026-10-01,9,387.25,49.25,15517.0,178.79
42,2026-10-01,10,124.5,169.0,52050.44,271.26
42,2026-10-01,11,132.5,147.25,46739.66,164.01
42,2026-10-01,12,554.75,160.75,49034.14,332.91
42,2026-10-01,13,126.5,262.5,84428.03,377.0
42,2026-10-01,14,138.75,186.0,57478.45,186.15
42,2026-10-01,15,135.0,102.25,33784.08,151.71
42,2026-10-01,16,123.75,102.0,33051.92,147.6
42,2026-10-01,17,537.25,153.25,49548.78,320.9
42,2026-10-01,18,259.75,275.5,89289.58,422.18
42,2026-10-01,19,78.25,225.75,70576.77,226.01
42,2026-10-01,20,50.0,92.75,29357.66,87.74
42,2026-10-01,21,0.0,46.0,15373.5,33.78
43,2026-10-01,9,392.5,48.5,15764.7,177.97
43,2026-10-01,10,129.0,171.0,55594.42,281.8
43,2026-10-01,11,136.0,161.75,51290.56,174.31
43,2026-10-01,12,519.0,154.0,51563.71,322.06
43,2026-10-01,13,120.25,252.75,83399.53,351.56
43,2026-10-01,14,124.25,173.0,55151.37,170.72
43,2026-10-01,15,136.0,90.5,29815.61,145.41
43,2026-10-01,16,122.75,100.0,33552.1,144.64
43,2026-10-01,17,502.75,151.5,45979.81,315.24
43,2026-10-01,18,256.5,260.25,82461.77,401.74
43,2026-10-01,19,82.5,209.0,67899.61,229.89
43,2026-10-01,20,47.5,96.5,31222.82,90.86
43,2026-10-01,21,0.0,47.25,14623.55,35.14
44,2026-10-01,9,376.75,48.5,14754.09,173.69
44,2026-10-01,10,113.25,155.5,52238.67,261.8
44,2026-10-01,11,118.75,150.75,49573.39,154.92
44,2026-10-01,12,500.0,140.75,45971.63,302.64
44,2026-10-01,13,117.75,232.25,75710.69,346.12
44,2026-10-01,14,113.0,172.5,54183.24,171.06
44,2026-10-01,15,123.5,99.0,32356.33,130.37
44,2026-10-01,16,117.5,90.25,29053.92,130.61
44,2026-10-01,17,494.0,132.75,40425.32,302.38
44,2026-10-01,18,248.75,258.0,87135.04,397.77
44,2026-10-01,19,71.0,212.75,69925.88,218.36
44,2026-10-01,20,48.25,89.0,26720.21,85.07
44,2026-10-01,21,0.0,41.0,12448.66,32.25
45,2026-10-01,9,398.0,52.5,17789.28,177.96
45,2026-10-01,10,120.25,168.0,52601.14,275.26
45,2026-10-01,11,127.75,156.0,49298.36,167.77
45,2026-10-01,12,535.25,151.0,48773.0,324.33
45,2026-10-01,13,120.0,252.5,81357.5,366.29
45,2026-10-01,14,136.75,191.5,62304.82,181.6
45,2026-10-01,15,139.0,95.25,30364.48,150.7
45,2026-10-01,16,125.0,106.5,35198.51,150.22
45,2026-10-01,17,566.5,156.0,48604.6,337.74
45,2026-10-01,18,267.25,289.75,94152.72,440.98
45,2026-10-01,19,76.0,246.0,79579.64,234.07
45,2026-10-01,20,52.75,99.25,32818.62,87.82
45,2026-10-01,21,0.0,44.25,14613.8,33.8
46,2026-10-01,9,376.5,55.75,18486.05,169.1
46,2026-10-01,10,116.75,159.75,50338.09,259.88
46,2026-10-01,11,131.25,146.75,46618.13,164.29
46,2026-10-01,12,493.0,148.0,46556.34,306.65
46,2026-10-01,13,121.5,231.75,71038.2,335.36
46,2026-10-01,14,129.25,176.25,54992.9,170.89
46,2026-10-01,15,125.0,91.75,28247.61,136.78
46,2026-10-01,16,123.75,94.25,29145.42,139.11
46,2026-10-01,17,526.25,152.0,48271.48,318.97
46,2026-10-01,18,260.25,260.75,81495.69,417.13
46,2026-10-01,19,75.75,233.75,76430.99,229.03
46,2026-10-01,20,43.5,88.75,26200.75,89.86
46,2026-10-01,21,0.0,47.5,17603.09,35.76
47,2026-10-01,9,391.75,54.5,18920.27,180.68
47,2026-10-01,10,118.75,169.5,56200.48,271.89
47,2026-10-01,11,123.25,148.0,48384.6,158.87
47,2026-10-01,12,516.5,140.0,45964.96,317.38
47,2026-10-01,13,124.75,245.75,76369.73,352.76
47,2026-10-01,14,132.0,181.0,58359.35,174.8
47,2026-10-01,15,125.5,94.0,29742.93,144.93
47,2026-10-01,16,117.75,98.25,30431.72,137.61
47,2026-10-01,17,528.5,147.0,48166.72,322.44
47,2026-10-01,18,266.0,273.5,87922.28,422.19
47,2026-10-01,19,74.25,228.25,75322.28,228.63
47,2026-10-01,20,49.25,88.0,27735.72,85.96
47,2026-10-01,21,0.0,50.75,16065.71,36.0
48,2026-10-01,9,393.5,53.0,14886.25,176.42
48,2026-10-01,10,124.25,168.0,54390.05,273.88
48,2026-10-01,11,128.25,146.25,45974.38,161.76
48,2026-10-01,12,501.75,153.5,49071.82,315.1
48,2026-10-01,13,114.75,250.75,79717.42,338.7
48,2026-10-01,14,130.75,167.25,54537.81,168.93
48,2026-10-01,15,122.75,91.25,29208.1,138.43
48,2026-10-01,16,123.0,93.75,30514.3,137.59
48,2026-10-01,17,514.5,147.25,49306.22,313.34
48,2026-10-01,18,262.25,265.75,82000.82,421.36
48,2026-10-01,19,77.0,232.25,75077.14,233.79
48,2026-10-01,20,47.5,92.75,28709.5,92.2
48,2026-10-01,21,0.0,46.75,16440.34,36.51
49,2026-10-01,9,386.0,53.75,17144.74,176.95
49,2026-10-01,10,126.5,180.0,58086.92,271.11
49,2026-10-01,11,132.0,149.25,46083.35,163.61
49,2026-10-01,12,502.75,152.5,48313.14,315.8
49,2026-10-01,13,133.75,241.25,74621.92,348.28
49,2026-10-01,14,127.75,180.25,58775.22,177.54
49,2026-10-01,15,136.25,90.5,28873.58,140.71
49,2026-10-01,16,120.0,94.25,28935.61,140.7
49,2026-10-01,17,519.5,144.0,47849.24,311.66
49,2026-10-01,18,258.0,258.5,80434.6,423.98
49,2026-10-01,19,69.75,230.0,74963.38,223.69
49,2026-10-01,20,50.75,87.5,27888.37,87.29
49,2026-10-01,21,0.0,49.25,16122.76,36.36
50,2026-10-01,9,364.75,52.25,16136.91,163.4
50,2026-10-01,10,126.25,152.0,49775.78,261.71
50,2026-10-01,11,119.5,148.75,48002.84,161.57
50,2026-10-01,12,482.75,146.75,51011.09,296.71
50,2026-10-01,13,119.75,234.25,75666.05,326.82
50,2026-10-01,14,127.25,167.5,57674.57,165.63
50,2026-10-01,15,126.25,88.75,28821.32,141.76
50,2026-10-01,16,124.0,92.75,29174.34,140.72
50,2026-10-01,17,500.5,141.75,45846.26,304.67
50,2026-10-01,18,250.25,267.0,85494.8,403.92
50,2026-10-01,19,77.75,217.25,68945.08,217.27
50,2026-10-01,20,48.25,93.25,31089.76,89.46
50,2026-10-01,21,0.0,46.25,15234.03,31.75
1,2026-10-02,9,428.0,62.25,19402.1,196.74
1,2026-10-02,10,138.25,179.5,57321.36,299.02
1,2026-10-02,11,140.75,169.75,53594.83,187.34
1,2026-10-02,12,577.5,162.75,52326.25,354.79
1,2026-10-02,13,136.0,278.5,85525.12,387.32
1,2026-10-02,14,142.75,195.0,61480.27,189.49
1,2026-10-02,15,149.25,110.25,36190.56,161.76
1,2026-10-02,16,147.0,112.5,34733.84,161.24
1,2026-10-02,17,556.5,170.75,55823.54,351.35
1,2026-10-02,18,286.0,305.25,98656.72,445.07
1,2026-10-02,19,95.5,237.75,74686.11,254.44
1,2026-10-02,20,54.5,107.25,34686.4,106.69
1,2026-10-02,21,0.0,53.5,16401.11,38.2
2,2026-10-02,9,429.75,63.25,19316.53,196.18
2,2026-10-02,10,147.0,188.5,62708.09,306.97
2,2026-10-02,11,144.75,169.75,54772.58,188.93
2,2026-10-02,12,601.0,178.25,57030.18,369.14
2,2026-10-02,13,144.25,290.25,91406.6,399.07
2,2026-10-02,14,145.0,198.25,60571.3,199.43
2,2026-10-02,15,152.5,106.75,33367.42,161.24
2,2026-10-02,16,135.25,115.5,35339.81,155.77
2,2026-10-02,17,605.0,171.5,58460.09,355.78
2,2026-10-02,18,313.75,310.75,96975.44,488.42
2,2026-10-02,19,82.0,278.25,89677.34,266.74
2,2026-10-02,20,56.0,106.5,34432.31,97.78
2,2026-10-02,21,0.0,49.75,15267.68,35.71
3,2026-10-02,9,427.5,58.75,19051.29,194.53
3,2026-10-02,10,144.25,179.5,58105.4,309.2
3,2026-10-02,11,131.75,170.0,52391.54,182.86
3,2026-10-02,12,555.75,167.0,55621.84,340.65
3,2026-10-02,13,138.5,254.75,83188.84,379.26
3,2026-10-02,14,136.0,202.25,63459.18,195.2
3,2026-10-02,15,131.75,100.25,32288.85,145.78
3,2026-10-02,16,132.5,100.5,31743.74,143.11
3,2026-10-02,17,581.75,154.75,47632.02,352.48
3,2026-10-02,18,284.5,302.25,96817.54,462.1
3,2026-10-02,19,81.5,254.75,78442.22,253.04
3,2026-10-02,20,53.5,99.5,33269.58,94.96
3,2026-10-02,21,0.0,51.5,17558.38,36.72
4,2026-10-02,9,421.25,59.75,19035.58,193.56
4,2026-10-02,10,132.0,189.25,59572.81,297.5
4,2026-10-02,11,139.5,162.5,51605.02,175.66
4,2026-10-02,12,533.0,159.0,48962.01,331.84
4,2026-10-02,13,138.25,250.5,83078.76,360.02
4,2026-10-02,14,126.5,183.5,55428.98,179.3
4,2026-10-02,15,139.0,93.0,27897.58,142.31
4,2026-10-02,16,129.0,101.25,31915.32,150.43
4,2026-10-02,17,555.0,166.0,52943.71,338.06
4,2026-10-02,18,276.0,280.5,88421.64,439.4
4,2026-10-02,19,76.5,240.5,78804.5,239.33
4,2026-10-02,20,54.0,103.75,33675.93,95.52
4,2026-10-02,21,0.0,48.0,16170.05,33.77
5,2026-10-02,9,421.0,58.25,17091.6,190.44
5,2026-10-02,10,129.25,177.0,57722.45,290.23
5,2026-10-02,11,130.5,164.0,52340.28,168.24
5,2026-10-02,12,581.25,153.0,49918.52,344.3
5,2026-10-02,13,126.5,285.25,89035.82,390.25
5,2026-10-02,14,159.5,203.25,64496.19,195.03
5,2026-10-02,15,139.75,105.5,34586.4,160.49
5,2026-10-02,16,139.0,103.0,33192.72,152.43
5,2026-10-02,17,560.5,174.5,56760.08,341.46
5,2026-10-02,18,278.5,289.75,93930.14,447.2
5,2026-10-02,19,93.5,237.5,76055.15,250.88
5,2026-10-02,20,55.25,102.0,32240.35,103.39
5,2026-10-02,21,0.0,53.25,17355.57,37.78
6,2026-10-02,9,502.25,61.0,19976.22,225.19
6,2026-10-02,10,158.0,218.25,69287.76,356.22
6,2026-10-02,11,163.5,215.0,67994.05,211.64
6,2026-10-02,12,659.25,196.5,61700.74,394.85
6,2026-10-02,13,155.5,310.25,98901.39,445.18
6,2026-10-02,14,163.75,231.0,74501.5,225.36
6,2026-10-02,15,164.0,115.75,37310.38,182.57
6,2026-10-02,16,154.5,122.5,38614.53,175.12
6,2026-10-02,17,682.75,193.5,64153.88,412.11
6,2026-10-02,18,341.5,346.25,110990.3,546.73
6,2026-10-02,19,98.5,295.5,98919.42,296.89
6,2026-10-02,20,63.0,122.25,39070.91,110.27
6,2026-10-02,21,0.0,58.25,19656.31,43.12
7,2026-10-02,9,464.75,63.75,20065.62,205.24
7,2026-10-02,10,145.75,200.75,64083.86,325.5
7,2026-10-02,11,147.5,184.75,57497.4,195.22
7,2026-10-02,12,613.0,181.0,57156.57,377.22
7,2026-10-02,13,147.75,298.75,99774.74,416.08
7,2026-10-02,14,150.25,204.5,64608.11,205.69
7,2026-10-02,15,156.5,107.25,32940.66,171.05
7,2026-10-02,16,142.5,122.25,38282.02,168.14
7,2026-10-02,17,649.25,183.5,60163.77,385.7
7,2026-10-02,18,310.5,327.75,106243.5,519.99
7,2026-10-02,19,92.0,283.75,89542.12,281.36
7,2026-10-02,20,56.5,108.5,32799.62,103.44
7,2026-10-02,21,0.0,56.25,17917.68,40.32
8,2026-10-02,9,480.5,71.75,22130.6,218.95
8,2026-10-02,10,146.25,203.5,64896.36,331.42
8,2026-10-02,11,150.5,177.75,54934.44,195.44
8,2026-10-02,12,621.0,188.75,58910.28,376.66
8,2026-10-02,13,147.5,293.5,90803.7,414.9
8,2026-10-02,14,160.0,216.25,68073.9,207.92
8,2026-10-02,15,143.75,112.25,33510.93,164.86
8,2026-10-02,16,146.0,118.25,36150.76,159.29
8,2026-10-02,17,614.5,168.25,56369.86,364.84
8,2026-10-02,18,301.0,311.5,100222.14,494.22
8,2026-10-02,19,92.75,272.25,86139.37,274.06
8,2026-10-02,20,61.0,115.5,37670.39,106.72
8,2026-10-02,21,0.0,58.5,18723.72,43.1
9,2026-10-02,9,418.75,58.0,18919.68,193.13
9,2026-10-02,10,130.25,181.75,56664.16,292.09
9,2026-10-02,11,128.75,165.5,54092.23,170.79
9,2026-10-02,12,560.0,160.25,51561.5,338.94
9,2026-10-02,13,142.25,271.5,87691.12,371.42
9,2026-10-02,14,137.75,187.75,57906.95,189.68
9,2026-10-02,15,136.25,101.75,31581.68,150.81
9,2026-10-02,16,144.0,110.25,35372.77,157.76
9,2026-10-02,17,566.5,161.75,51243.98,347.29
9,2026-10-02,18,299.5,305.25,98121.58,454.97
9,2026-10-02,19,83.5,246.0,79499.06,257.81
9,2026-10-02,20,52.0,115.25,36278.32,98.83
9,2026-10-02,21,0.0,47.25,14662.88,34.02
10,2026-10-02,9,469.5,64.5,18878.73,212.73
10,2026-10-02,10,148.0,201.25,66262.32,328.25
10,2026-10-02,11,158.5,181.75,57583.56,201.58
10,2026-10-02,12,626.5,177.75,58191.99,388.88
10,2026-10-02,13,141.75,303.25,95388.67,424.76
10,2026-10-02,14,156.75,205.0,65462.47,209.77
10,2026-10-02,15,165.0,119.25,40334.23,171.56
10,2026-10-02,16,155.25,120.0,38432.12,175.94
10,2026-10-02,17,613.5,183.75,58276.98,374.99
10,2026-10-02,18,305.75,318.5,98213.62,496.87
10,2026-10-02,19,94.0,270.0,85762.8,273.88
10,2026-10-02,20,62.5,113.75,37111.68,106.21
10,2026-10-02,21,0.0,55.75,17156.52,43.74
11,2026-10-02,9,452.0,69.0,22037.2,207.58
11,2026-10-02,10,126.25,190.5,58454.88,299.16
11,2026-10-02,11,147.75,169.0,54949.13,179.19
11,2026-10-02,12,578.75,161.75,52505.68,353.34
11,2026-10-02,13,149.25,287.0,91059.43,409.26
11,2026-10-02,14,146.5,208.5,68093.5,205.95
11,2026-10-02,15,136.25,110.5,36573.03,153.92
11,2026-10-02,16,145.75,107.0,34532.66,161.37
11,2026-10-02,17,584.75,180.75,60075.92,355.31
11,2026-10-02,18,288.75,297.25,94660.54,458.72
11,2026-10-02,19,89.5,251.0,77243.92,255.26
11,2026-10-02,20,52.5,109.0,34686.54,99.95
11,2026-10-02,21,0.0,54.0,17303.1,35.65
12,2026-10-02,9,501.0,70.0,20840.48,233.46
12,2026-10-02,10,161.75,225.5,71763.42,351.41
12,2026-10-02,11,169.25,195.75,61707.2,213.94
12,2026-10-02,12,679.5,202.75,63713.17,420.99
12,2026-10-02,13,173.75,323.75,102218.34,468.16
12,2026-10-02,14,174.25,251.5,80649.67,238.98
12,2026-10-02,15,171.25,127.75,42533.06,190.62
12,2026-10-02,16,171.25,122.0,36997.1,182.64
12,2026-10-02,17,682.0,188.0,60846.66,427.87
12,2026-10-02,18,348.75,372.75,117157.76,554.08
12,2026-10-02,19,110.0,300.0,97690.39,301.64
12,2026-10-02,20,66.5,131.0,41836.87,121.46
12,2026-10-02,21,0.0,58.5,20084.95,41.46
13,2026-10-02,9,441.0,59.75,18284.1,198.0
13,2026-10-02,10,141.5,192.0,62740.82,316.35
13,2026-10-02,11,152.5,178.25,56849.42,195.55
13,2026-10-02,12,600.0,177.5,57565.86,361.63
13,2026-10-02,13,140.25,279.0,88594.84,410.18
13,2026-10-02,14,146.75,219.75,71681.66,205.2
13,2026-10-02,15,151.25,113.25,36102.56,157.13
13,2026-10-02,16,148.25,107.0,34188.83,161.2
13,2026-10-02,17,612.0,173.25,56123.7,375.64
13,2026-10-02,18,305.25,316.25,102792.01,496.87
13,2026-10-02,19,93.75,275.5,86186.41,272.01
13,2026-10-02,20,52.75,102.25,32694.92,105.0
13,2026-10-02,21,0.0,56.75,19469.27,38.47
14,2026-10-02,9,433.0,60.75,19454.29,194.0
14,2026-10-02,10,129.25,202.25,63207.31,297.24
14,2026-10-02,11,149.25,158.5,50091.24,177.94
14,2026-10-02,12,553.75,161.5,51687.02,346.4
14,2026-10-02,13,136.0,276.5,85233.74,391.28
14,2026-10-02,14,148.5,199.5,62964.94,193.8
14,2026-10-02,15,140.5,103.5,34670.2,154.42
14,2026-10-02,16,133.25,100.5,33193.86,145.15
14,2026-10-02,17,557.25,167.25,53343.25,347.37
14,2026-10-02,18,275.75,289.25,90191.86,442.22
14,2026-10-02,19,85.0,235.75,77419.32,242.56
14,2026-10-02,20,51.5,96.25,31624.56,94.44
14,2026-10-02,21,0.0,51.0,17265.86,37.29
15,2026-10-02,9,394.25,55.75,17872.2,174.2
15,2026-10-02,10,135.25,175.0,56110.43,276.67
15,2026-10-02,11,136.0,167.5,53729.46,176.15
15,2026-10-02,12,529.0,146.25,46397.03,324.94
15,2026-10-02,13,126.25,262.0,85779.55,357.18
15,2026-10-02,14,134.25,181.25,59667.52,175.94
15,2026-10-02,15,125.25,99.0,30118.49,140.35
15,2026-10-02,16,133.0,93.5,30829.41,135.98
15,2026-10-02,17,551.25,143.25,45648.38,336.29
15,2026-10-02,18,280.75,288.25,94531.43,453.4
15,2026-10-02,19,88.0,249.5,80670.64,252.85
15,2026-10-02,20,49.0,104.5,34424.7,91.41
15,2026-10-02,21,0.0,44.0,14435.89,31.65
16,2026-10-02,9,509.75,77.75,24444.14,225.78
16,2026-10-02,10,155.75,229.0,71425.37,344.31
16,2026-10-02,11,156.5,183.75,57873.38,196.66
16,2026-10-02,12,648.0,181.0,57186.44,401.94
16,2026-10-02,13,154.75,314.0,101153.39,442.46
16,2026-10-02,14,172.0,226.0,70625.1,226.33
16,2026-10-02,15,166.75,121.0,38597.32,185.82
16,2026-10-02,16,172.5,133.5,43426.84,189.68
16,2026-10-02,17,676.25,201.5,65685.46,418.86
16,2026-10-02,18,322.5,344.25,111727.05,529.54
16,2026-10-02,19,87.0,287.0,92222.85,279.38
16,2026-10-02,20,64.75,110.0,33489.4,111.47
16,2026-10-02,21,0.0,63.0,20300.49,44.76
17,2026-10-02,9,423.5,54.0,18077.04,191.34
17,2026-10-02,10,131.25,189.25,60117.94,304.59
17,2026-10-02,11,143.5,164.25,53324.2,177.59
17,2026-10-02,12,559.75,169.75,51895.56,342.91
17,2026-10-02,13,121.5,261.75,82152.73,372.7
17,2026-10-02,14,139.75,188.5,60495.59,181.6
17,2026-10-02,15,140.0,102.5,33365.39,155.01
17,2026-10-02,16,141.0,107.5,34925.09,154.82
17,2026-10-02,17,592.0,159.0,49702.12,366.07
17,2026-10-02,18,291.0,298.5,98080.8,470.52
17,2026-10-02,19,87.0,255.5,81142.84,262.04
17,2026-10-02,20,54.0,108.25,35549.96,99.92
17,2026-10-02,21,0.0,50.75,16274.51,37.7
18,2026-10-02,9,413.5,58.75,18492.9,189.21
18,2026-10-02,10,132.0,174.75,54681.76,287.31
18,2026-10-02,11,141.5,161.75,51690.65,178.92
18,2026-10-02,12,571.75,173.75,55528.16,353.23
18,2026-10-02,13,136.25,280.5,89802.41,375.46
18,2026-10-02,14,128.25,196.75,64696.7,185.2
18,2026-10-02,15,136.25,97.25,29883.26,143.32
18,2026-10-02,16,130.75,98.0,30676.32,146.8
18,2026-10-02,17,563.0,159.0,53138.92,340.84
18,2026-10-02,18,274.75,288.75,92922.9,448.1
18,2026-10-02,19,82.25,252.25,83303.62,248.87
18,2026-10-02,20,53.0,101.5,32213.63,94.41
18,2026-10-02,21,0.0,48.25,15028.47,35.51
19,2026-10-02,9,400.25,50.0,15882.47,179.07
19,2026-10-02,10,125.75,177.25,55740.75,281.8
19,2026-10-02,11,125.25,147.25,48658.07,168.6
19,2026-10-02,12,544.5,157.25,49525.36,336.6
19,2026-10-02,13,132.25,261.75,88067.11,377.92
19,2026-10-02,14,134.0,188.25,59681.78,183.39
19,2026-10-02,15,138.25,93.75,30038.32,156.71
19,2026-10-02,16,133.0,106.5,36222.44,146.71
19,2026-10-02,17,545.5,157.5,51903.56,337.16
19,2026-10-02,18,259.0,280.0,89842.1,424.29
19,2026-10-02,19,84.25,226.5,73566.85,227.71
19,2026-10-02,20,57.25,98.25,31485.86,94.6
19,2026-10-02,21,0.0,47.75,15519.54,36.17
20,2026-10-02,9,439.75,59.0,19041.22,201.35
20,2026-10-02,10,144.25,187.5,59219.67,312.09
20,2026-10-02,11,143.25,177.25,59426.62,193.96
20,2026-10-02,12,590.25,165.75,53635.92,356.88
20,2026-10-02,13,146.25,286.25,93206.46,407.88
20,2026-10-02,14,156.25,214.25,68283.13,209.97
20,2026-10-02,15,157.25,112.75,37254.03,172.21
20,2026-10-02,16,143.5,121.5,38887.54,163.06
20,2026-10-02,17,597.75,181.0,59105.94,368.32
20,2026-10-02,18,284.0,313.0,99365.16,460.49
20,2026-10-02,19,87.0,248.75,80171.1,249.73
20,2026-10-02,20,61.5,105.5,33354.86,109.1
20,2026-10-02,21,0.0,55.75,17699.93,45.93
21,2026-10-02,9,439.75,65.5,22348.85,195.34
21,2026-10-02,10,135.25,188.25,61764.6,294.33
21,2026-10-02,11,138.25,163.25,51640.3,181.19
21,2026-10-02,12,539.75,162.25,53050.84,337.37
21,2026-10-02,13,128.25,257.0,82436.71,369.4
21,2026-10-02,14,141.75,182.75,59501.38,188.59
21,2026-10-02,15,150.0,103.25,30922.39,162.74
21,2026-10-02,16,148.0,114.0,35706.17,166.34
21,2026-10-02,17,560.5,173.0,57406.68,353.52
21,2026-10-02,18,276.75,303.75,98392.42,446.33
21,2026-10-02,19,89.5,236.5,79093.86,239.23
21,2026-10-02,20,45.75,103.0,32817.67,100.28
21,2026-10-02,21,0.0,48.75,16088.41,34.78
22,2026-10-02,9,511.0,75.0,25393.74,228.88
22,2026-10-02,10,163.0,226.0,72558.13,355.14
22,2026-10-02,11,156.75,196.0,63707.54,208.84
22,2026-10-02,12,679.5,186.75,61294.85,415.97
22,2026-10-02,13,157.25,326.25,104794.99,466.71
22,2026-10-02,14,170.5,238.75,77644.5,234.89
22,2026-10-02,15,171.0,122.75,37773.89,187.64
22,2026-10-02,16,167.0,125.75,39871.13,182.68
22,2026-10-02,17,663.25,188.75,58421.81,410.76
22,2026-10-02,18,332.75,340.0,108592.49,535.08
22,2026-10-02,19,97.5,290.5,93729.68,298.54
22,2026-10-02,20,64.0,120.25,37889.46,112.35
22,2026-10-02,21,0.0,58.25,18889.81,44.88
23,2026-10-02,9,424.25,55.25,18602.54,194.3
23,2026-10-02,10,135.25,185.5,60695.98,297.23
23,2026-10-02,11,137.25,164.25,52222.33,180.87
23,2026-10-02,12,574.25,166.5,55692.34,348.44
23,2026-10-02,13,130.0,256.25,82703.65,388.76
23,2026-10-02,14,138.25,197.5,62552.8,194.95
23,2026-10-02,15,140.0,102.5,33641.12,154.76
23,2026-10-02,16,136.25,109.5,33504.9,155.49
23,2026-10-02,17,581.5,163.75,51893.63,352.19
23,2026-10-02,18,264.5,294.75,94935.56,449.78
23,2026-10-02,19,88.0,246.25,80576.46,238.88
23,2026-10-02,20,53.5,99.5,34124.08,95.27
23,2026-10-02,21,0.0,48.75,16305.35,36.86
24,2026-10-02,9,438.25,61.75,19031.88,192.4
24,2026-10-02,10,144.5,194.25,60761.28,308.45
24,2026-10-02,11,154.0,175.0,56238.06,193.49
24,2026-10-02,12,599.0,169.5,52169.72,369.44
24,2026-10-02,13,144.25,292.25,93852.23,416.17
24,2026-10-02,14,159.75,218.25,69356.31,207.57
24,2026-10-02,15,146.75,115.75,37608.09,166.92
24,2026-10-02,16,135.75,109.5,33029.08,157.69
24,2026-10-02,17,613.75,174.0,53906.54,368.6
24,2026-10-02,18,309.75,310.75,96770.16,495.19
24,2026-10-02,19,98.0,279.25,89240.57,276.38
24,2026-10-02,20,51.0,106.25,33938.97,106.79
24,2026-10-02,21,0.0,60.0,18552.3,41.03
25,2026-10-02,9,467.5,63.5,19693.32,209.54
25,2026-10-02,10,145.75,209.0,64924.03,320.39
25,2026-10-02,11,163.0,181.0,57026.61,204.65
25,2026-10-02,12,657.0,182.25,58811.29,394.01
25,2026-10-02,13,152.0,312.5,103747.7,450.53
25,2026-10-02,14,162.5,222.25,70754.34,218.88
25,2026-10-02,15,176.25,116.5,38062.91,185.33
25,2026-10-02,16,159.25,127.75,40973.82,179.22
25,2026-10-02,17,647.25,188.0,60545.91,393.22
25,2026-10-02,18,334.5,339.0,110554.38,535.22
25,2026-10-02,19,87.75,291.75,93327.17,280.76
25,2026-10-02,20,59.5,110.0,33408.22,105.28
25,2026-10-02,21,0.0,54.75,17302.39,40.38
26,2026-10-02,9,456.75,60.75,19367.66,206.74
26,2026-10-02,10,135.25,207.25,68153.93,314.83
26,2026-10-02,11,157.5,175.75,55409.72,195.18
26,2026-10-02,12,591.25,174.25,54121.9,372.94
26,2026-10-02,13,142.5,288.5,90667.54,402.26
26,2026-10-02,14,154.75,195.25,62081.24,207.18
26,2026-10-02,15,154.0,111.75,35248.56,170.4
26,2026-10-02,16,151.25,122.25,38875.15,167.54
26,2026-10-02,17,640.0,181.75,57461.43,390.39
26,2026-10-02,18,285.25,343.25,109948.8,494.29
26,2026-10-02,19,88.0,260.5,84626.05,256.72
26,2026-10-02,20,59.0,101.5,33309.2,108.25
26,2026-10-02,21,0.0,57.5,17420.9,39.9
27,2026-10-02,9,428.25,59.5,18522.69,190.82
27,2026-10-02,10,143.0,184.5,59211.36,303.98
27,2026-10-02,11,145.25,171.75,52669.72,191.98
27,2026-10-02,12,591.75,177.5,60611.18,362.0
27,2026-10-02,13,138.0,286.25,95044.12,400.42
27,2026-10-02,14,143.0,200.25,64778.0,193.01
27,2026-10-02,15,149.0,101.0,32684.14,157.19
27,2026-10-02,16,139.25,99.75,32048.83,165.69
27,2026-10-02,17,596.0,174.25,56778.34,370.95
27,2026-10-02,18,298.0,314.0,98829.59,473.14
27,2026-10-02,19,83.5,259.75,81481.58,256.21
27,2026-10-02,20,56.25,107.5,32501.34,98.31
27,2026-10-02,21,0.0,50.75,15665.64,35.98
28,2026-10-02,9,421.0,53.75,18355.11,192.38
28,2026-10-02,10,138.75,195.0,59316.11,290.91
28,2026-10-02,11,148.5,158.25,50478.64,188.08
28,2026-10-02,12,576.75,172.0,54736.92,371.34
28,2026-10-02,13,139.0,283.5,91344.88,396.3
28,2026-10-02,14,134.5,191.5,61744.48,192.7
28,2026-10-02,15,147.5,105.25,33592.72,150.2
28,2026-10-02,16,140.75,105.5,33507.94,154.13
28,2026-10-02,17,583.25,162.25,52035.47,359.26
28,2026-10-02,18,292.25,315.25,100611.06,470.91
28,2026-10-02,19,80.75,252.75,84723.7,250.92
28,2026-10-02,20,53.0,99.0,30574.21,96.48
28,2026-10-02,21,0.0,46.0,14977.32,35.27
29,2026-10-02,9,487.0,68.5,20987.96,220.41
29,2026-10-02,10,153.25,214.75,69351.25,333.28
29,2026-10-02,11,167.0,195.5,63123.88,199.11
29,2026-10-02,12,665.75,191.75,59019.2,407.85
29,2026-10-02,13,162.5,317.0,104225.33,451.68
29,2026-10-02,14,176.5,233.5,73574.52,240.3
29,2026-10-02,15,177.0,132.75,40943.07,189.93
29,2026-10-02,16,162.75,131.25,44567.96,181.01
29,2026-10-02,17,700.5,192.75,62515.32,425.26
29,2026-10-02,18,318.75,359.5,114494.08,542.6
29,2026-10-02,19,95.75,285.0,88454.79,282.36
29,2026-10-02,20,63.25,112.25,35467.67,116.08
29,2026-10-02,21,0.0,62.0,20032.55,47.38
30,2026-10-02,9,381.25,52.0,17994.83,176.45
30,2026-10-02,10,125.0,171.0,54664.58,266.56
30,2026-10-02,11,132.75,145.75,45941.54,165.08
30,2026-10-02,12,526.25,157.0,51751.72,319.06
30,2026-10-02,13,117.5,249.5,81081.23,345.96
30,2026-10-02,14,131.75,171.5,54695.63,172.06
30,2026-10-02,15,139.0,99.75,30437.94,150.82
30,2026-10-02,16,141.5,103.5,36576.76,151.89
30,2026-10-02,17,531.25,170.5,56034.11,335.28
30,2026-10-02,18,256.5,273.75,87839.8,415.22
30,2026-10-02,19,81.5,219.5,69242.48,228.73
30,2026-10-02,20,46.25,95.5,29060.95,89.93
30,2026-10-02,21,0.0,42.0,13152.95,34.21
31,2026-10-02,9,397.75,61.75,18587.76,182.02
31,2026-10-02,10,121.5,169.0,54965.36,268.5
31,2026-10-02,11,130.75,146.75,48198.2,159.5
31,2026-10-02,12,518.0,147.5,48124.4,325.08
31,2026-10-02,13,114.75,252.25,83375.43,344.2
31,2026-10-02,14,136.25,171.25,53181.1,170.72
31,2026-10-02,15,121.75,94.0,28452.46,140.4
31,2026-10-02,16,119.0,97.0,31555.92,138.2
31,2026-10-02,17,525.0,151.25,46290.06,310.61
31,2026-10-02,18,269.0,277.5,90409.18,425.28
31,2026-10-02,19,77.5,230.0,71887.88,230.92
31,2026-10-02,20,50.25,88.5,27974.12,92.0
31,2026-10-02,21,0.0,51.25,16398.77,39.02
32,2026-10-02,9,420.25,59.5,20907.88,189.58
32,2026-10-02,10,141.75,177.0,54441.0,294.75
32,2026-10-02,11,140.0,172.5,54376.41,180.56
32,2026-10-02,12,554.75,164.0,54792.68,340.94
32,2026-10-02,13,139.5,258.5,82441.57,384.29
32,2026-10-02,14,137.75,195.25,63237.49,190.42
32,2026-10-02,15,153.25,103.25,33445.23,161.24
32,2026-10-02,16,136.5,115.75,39212.02,159.66
32,2026-10-02,17,574.75,161.75,51283.71,352.68
32,2026-10-02,18,280.25,294.75,94158.29,461.54
32,2026-10-02,19,87.75,254.25,80910.5,252.94
32,2026-10-02,20,52.25,98.75,32082.52,99.26
32,2026-10-02,21,0.0,51.5,16486.01,35.61
33,2026-10-02,9,539.75,73.5,22075.82,242.76
33,2026-10-02,10,170.25,245.75,78516.35,383.82
33,2026-10-02,11,169.0,207.75,65786.51,223.36
33,2026-10-02,12,706.0,208.25,65962.84,423.04
33,2026-10-02,13,164.5,334.25,104768.86,483.02
33,2026-10-02,14,170.25,239.75,76965.84,239.86
33,2026-10-02,15,179.5,127.75,40791.97,193.59
33,2026-10-02,16,163.25,126.25,39909.24,188.83
33,2026-10-02,17,693.75,206.25,66677.38,431.54
33,2026-10-02,18,347.0,343.0,108792.76,554.4
33,2026-10-02,19,103.0,308.75,99054.58,308.77
33,2026-10-02,20,70.5,127.75,41986.74,123.52
33,2026-10-02,21,0.0,66.0,21837.44,46.91
34,2026-10-02,9,462.75,70.0,22785.56,205.16
34,2026-10-02,10,155.0,196.25,61883.33,324.18
34,2026-10-02,11,157.5,184.5,59157.48,204.01
34,2026-10-02,12,635.5,183.5,59138.19,385.99
34,2026-10-02,13,152.5,295.25,93965.58,430.45
34,2026-10-02,14,149.5,223.75,71689.27,205.21
34,2026-10-02,15,163.0,110.75,35038.9,173.56
34,2026-10-02,16,163.0,118.5,36830.1,177.65
34,2026-10-02,17,623.0,195.5,63622.25,385.4
34,2026-10-02,18,327.0,311.75,100399.04,512.58
34,2026-10-02,19,91.75,282.25,94046.64,290.16
34,2026-10-02,20,66.0,120.75,38757.0,112.93
34,2026-10-02,21,0.0,57.25,18304.55,42.77
35,2026-10-02,9,431.5,59.5,18913.28,190.46
35,2026-10-02,10,149.75,191.5,60800.87,303.29
35,2026-10-02,11,150.5,171.25,53085.25,196.91
35,2026-10-02,12,588.0,183.25,57745.96,369.67
35,2026-10-02,13,145.0,274.75,88401.69,401.93
35,2026-10-02,14,144.5,206.25,64731.84,204.97
35,2026-10-02,15,142.25,107.5,34839.52,158.68
35,2026-10-02,16,144.0,102.75,32560.36,156.0
35,2026-10-02,17,593.0,168.5,53757.23,355.82
35,2026-10-02,18,290.25,312.25,99611.54,469.63
35,2026-10-02,19,87.75,256.0,82747.09,258.82
35,2026-10-02,20,60.5,103.5,33809.04,106.59
35,2026-10-02,21,0.0,59.0,19710.58,43.46
36,2026-10-02,9,391.0,52.0,16123.07,173.11
36,2026-10-02,10,132.75,175.25,56503.91,278.24
36,2026-10-02,11,129.75,158.0,48298.22,169.23
36,2026-10-02,12,519.5,156.5,50736.0,318.26
36,2026-10-02,13,139.0,247.5,79209.42,353.76
36,2026-10-02,14,132.25,187.5,61248.06,190.42
36,2026-10-02,15,143.75,109.0,33688.64,152.25
36,2026-10-02,16,138.0,104.0,33466.96,148.83
36,2026-10-02,17,544.25,152.25,47824.5,335.94
36,2026-10-02,18,268.25,285.5,88329.9,440.25
36,2026-10-02,19,87.0,234.5,75536.29,245.55
36,2026-10-02,20,53.75,108.25,32258.78,98.76
36,2026-10-02,21,0.0,50.0,15425.94,36.23
37,2026-10-02,9,384.25,55.75,18478.12,174.08
37,2026-10-02,10,134.75,165.25,53403.55,276.4
37,2026-10-02,11,119.25,156.5,49425.26,159.53
37,2026-10-02,12,514.25,143.5,44543.2,307.5
37,2026-10-02,13,124.25,251.0,83288.02,357.31
37,2026-10-02,14,128.0,182.75,59070.94,174.48
37,2026-10-02,15,127.75,92.5,29039.91,138.51
37,2026-10-02,16,125.5,101.5,31924.6,140.38
37,2026-10-02,17,517.75,135.0,44959.31,309.36
37,2026-10-02,18,262.0,275.0,86780.66,421.01
37,2026-10-02,19,81.25,231.0,74543.55,229.46
37,2026-10-02,20,45.5,94.5,30403.08,90.7
37,2026-10-02,21,0.0,43.25,13469.42,31.63
38,2026-10-02,9,384.75,55.5,16226.99,174.26
38,2026-10-02,10,127.25,172.75,56479.58,273.88
38,2026-10-02,11,124.25,147.25,47311.68,164.21
38,2026-10-02,12,534.25,144.5,47020.08,326.61
38,2026-10-02,13,132.25,258.25,82901.64,366.62
38,2026-10-02,14,126.25,187.0,60080.85,175.82
38,2026-10-02,15,129.25,90.0,29392.99,135.0
38,2026-10-02,16,129.25,97.0,31087.97,140.3
38,2026-10-02,17,551.25,155.5,48650.84,336.83
38,2026-10-02,18,269.75,283.5,91037.29,444.62
38,2026-10-02,19,73.75,242.25,77483.97,232.42
38,2026-10-02,20,56.25,94.25,28873.46,91.14
38,2026-10-02,21,0.0,51.5,17783.06,36.3
39,2026-10-02,9,452.0,62.75,18986.47,206.86
39,2026-10-02,10,155.5,201.25,63930.38,323.69
39,2026-10-02,11,156.0,185.5,58077.67,203.07
39,2026-10-02,12,601.25,183.25,59836.16,368.15
39,2026-10-02,13,149.0,297.0,96651.86,408.62
39,2026-10-02,14,155.25,203.0,65948.58,215.95
39,2026-10-02,15,136.25,114.75,36649.45,159.0
39,2026-10-02,16,163.5,108.5,32883.81,163.98
39,2026-10-02,17,612.5,187.75,58266.34,386.75
39,2026-10-02,18,321.5,314.5,98240.96,490.02
39,2026-10-02,19,90.25,270.0,85160.26,270.27
39,2026-10-02,20,59.5,112.25,36327.25,105.82
39,2026-10-02,21,0.0,54.5,18814.27,43.02
40,2026-10-02,9,416.75,59.75,18273.84,185.4
40,2026-10-02,10,149.75,185.0,59774.29,301.71
40,2026-10-02,11,135.25,172.0,54748.05,189.19
40,2026-10-02,12,596.0,171.25,55585.68,356.89
40,2026-10-02,13,147.0,293.25,91375.93,401.39
40,2026-10-02,14,142.25,208.0,61837.3,201.34
40,2026-10-02,15,138.75,104.75,32854.24,155.15
40,2026-10-02,16,143.25,106.25,34016.91,155.84
40,2026-10-02,17,575.25,155.75,51876.95,346.36
40,2026-10-02,18,299.0,301.25,94536.64,468.5
40,2026-10-02,19,89.25,256.75,82938.26,266.99
40,2026-10-02,20,55.75,106.5,34738.87,105.06
40,2026-10-02,21,0.0,55.5,17238.29,38.6
41,2026-10-02,9,409.25,55.5,18336.64,191.46
41,2026-10-02,10,132.75,186.25,59501.94,279.61
41,2026-10-02,11,133.25,164.0,50745.94,177.24
41,2026-10-02,12,551.25,152.25,49110.79,336.72
41,2026-10-02,13,134.25,268.0,85777.67,379.84
41,2026-10-02,14,142.25,196.25,63047.3,198.43
41,2026-10-02,15,138.0,108.25,34374.12,157.28
41,2026-10-02,16,137.0,97.0,31587.64,154.74
41,2026-10-02,17,567.25,161.75,52243.11,348.07
41,2026-10-02,18,278.25,297.25,94827.71,453.34
41,2026-10-02,19,91.75,247.0,78566.81,249.36
41,2026-10-02,20,57.25,103.5,32977.57,101.78
41,2026-10-02,21,0.0,56.75,18205.41,38.9
42,2026-10-02,9,448.25,57.75,17567.21,206.21
42,2026-10-02,10,140.25,195.5,62187.4,316.02
42,2026-10-02,11,151.75,173.0,54688.08,185.73
42,2026-10-02,12,608.5,173.0,54483.21,363.26
42,2026-10-02,13,145.25,286.25,93887.11,412.84
42,2026-10-02,14,149.5,203.5,62544.25,207.25
42,2026-10-02,15,152.25,110.5,36292.68,161.17
42,2026-10-02,16,134.75,108.5,33383.75,164.09
42,2026-10-02,17,590.5,171.5,55814.88,358.27
42,2026-10-02,18,293.25,306.75,99206.72,463.61
42,2026-10-02,19,85.25,250.75,80328.42,250.48
42,2026-10-02,20,64.75,102.5,34025.57,103.79
42,2026-10-02,21,0.0,61.75,19584.08,43.74
43,2026-10-02,9,436.0,60.5,18408.11,197.41
43,2026-10-02,10,146.25,186.0,59679.67,301.94
43,2026-10-02,11,147.5,177.75,56659.54,186.28
43,2026-10-02,12,571.0,170.0,56310.8,360.76
43,2026-10-02,13,134.5,264.25,86449.09,393.44
43,2026-10-02,14,143.75,200.0,64270.55,195.32
43,2026-10-02,15,152.0,110.0,35329.2,160.68
43,2026-10-02,16,141.5,108.75,34709.05,159.67
43,2026-10-02,17,602.5,174.5,55848.28,365.66
43,2026-10-02,18,307.5,311.0,97341.46,490.42
43,2026-10-02,19,95.25,270.5,85748.8,270.69
43,2026-10-02,20,59.5,109.75,35434.22,110.96
43,2026-10-02,21,0.0,56.75,16606.86,43.23
44,2026-10-02,9,404.25,62.0,18767.92,180.78
44,2026-10-02,10,144.0,168.75,54465.89,282.69
44,2026-10-02,11,137.75,158.0,50520.58,185.21
44,2026-10-02,12,557.5,166.5,51420.52,348.33
44,2026-10-02,13,147.5,279.25,88204.07,384.1
44,2026-10-02,14,145.75,191.75,62224.88,191.9
44,2026-10-02,15,145.0,107.75,34027.02,158.47
44,2026-10-02,16,141.25,101.75,32699.18,157.65
44,2026-10-02,17,561.75,165.5,50862.54,343.41
44,2026-10-02,18,284.0,286.5,91632.79,452.66
44,2026-10-02,19,81.0,245.25,79774.9,253.71
44,2026-10-02,20,56.25,106.5,34415.94,98.5
44,2026-10-02,21,0.0,49.5,15479.38,38.92
45,2026-10-02,9,442.5,62.5,20527.08,197.19
45,2026-10-02,10,144.0,195.5,61554.06,302.36
45,2026-10-02,11,158.25,176.25,56523.42,186.43
45,2026-10-02,12,577.75,170.5,55714.04,370.18
45,2026-10-02,13,137.0,281.75,90453.92,396.98
45,2026-10-02,14,148.75,204.5,64894.45,195.99
45,2026-10-02,15,154.25,100.5,31781.14,165.61
45,2026-10-02,16,143.0,116.0,36099.79,166.86
45,2026-10-02,17,597.75,179.75,57947.49,358.61
45,2026-10-02,18,295.5,308.75,101649.55,479.53
45,2026-10-02,19,86.75,264.25,82550.86,258.38
45,2026-10-02,20,57.5,96.25,29728.2,100.18
45,2026-10-02,21,0.0,48.25,16075.85,37.2
46,2026-10-02,9,419.5,58.25,18444.38,185.41
46,2026-10-02,10,139.25,187.0,61499.19,294.18
46,2026-10-02,11,132.25,160.5,51465.67,176.26
46,2026-10-02,12,549.75,159.75,50068.01,331.35
46,2026-10-02,13,135.5,264.25,86773.82,373.86
46,2026-10-02,14,143.5,191.25,60508.32,192.04
46,2026-10-02,15,128.75,102.0,32854.78,146.2
46,2026-10-02,16,136.75,102.25,31589.7,146.23
46,2026-10-02,17,569.0,148.75,46783.33,347.38
46,2026-10-02,18,278.0,288.25,93087.3,459.16
46,2026-10-02,19,82.5,245.0,79465.38,250.35
46,2026-10-02,20,58.75,105.75,34073.83,102.68
46,2026-10-02,21,0.0,53.75,16931.37,41.22
47,2026-10-02,9,450.0,65.0,23231.89,201.44
47,2026-10-02,10,157.0,208.0,66177.92,315.0
47,2026-10-02,11,142.5,175.5,58318.58,196.17
47,2026-10-02,12,623.5,179.0,55915.33,377.36
47,2026-10-02,13,140.0,299.75,94910.19,420.21
47,2026-10-02,14,133.5,210.75,67679.25,198.81
47,2026-10-02,15,140.75,108.0,34730.03,154.26
47,2026-10-02,16,151.5,107.0,33878.3,157.26
47,2026-10-02,17,606.0,174.75,57949.56,373.7
47,2026-10-02,18,315.25,309.5,96367.68,492.3
47,2026-10-02,19,88.5,270.75,86516.78,266.06
47,2026-10-02,20,56.25,112.5,37081.85,102.81
47,2026-10-02,21,0.0,53.5,17282.22,37.32
48,2026-10-02,9,422.0,56.75,17779.56,188.02
48,2026-10-02,10,137.0,180.5,57577.09,293.82
48,2026-10-02,11,142.5,163.0,51981.51,183.95
48,2026-10-02,12,594.75,178.0,57326.82,370.44
48,2026-10-02,13,127.75,283.25,90578.95,398.31
48,2026-10-02,14,143.25,201.75,63877.72,188.24
48,2026-10-02,15,148.0,98.25,32032.41,160.73
48,2026-10-02,16,144.5,115.75,37774.35,160.84
48,2026-10-02,17,564.5,159.75,51987.75,353.81
48,2026-10-02,18,282.25,276.5,89341.88,459.23
48,2026-10-02,19,77.5,259.0,82847.54,250.17
48,2026-10-02,20,58.75,101.5,31534.9,97.75
48,2026-10-02,21,0.0,55.5,17726.26,41.04
49,2026-10-02,9,446.5,61.75,20911.01,204.75
49,2026-10-02,10,152.75,206.5,64430.8,309.9
49,2026-10-02,11,136.75,173.75,55400.03,191.09
49,2026-10-02,12,575.5,165.0,52238.37,345.4
49,2026-10-02,13,146.5,274.5,87497.86,399.87
49,2026-10-02,14,150.25,201.5,67181.07,203.04
49,2026-10-02,15,132.25,105.25,34189.73,155.03
49,2026-10-02,16,154.75,106.0,34800.98,156.15
49,2026-10-02,17,606.25,182.25,57959.95,371.81
49,2026-10-02,18,296.25,316.0,104635.31,479.38
49,2026-10-02,19,94.25,255.0,81785.67,254.93
49,2026-10-02,20,59.5,109.75,34361.24,108.02
49,2026-10-02,21,0.0,58.25,18576.49,40.93
50,2026-10-02,9,448.5,62.75,19962.44,204.16
50,2026-10-02,10,127.0,196.0,63026.21,303.63
50,2026-10-02,11,141.5,166.75,54131.71,173.71
50,2026-10-02,12,551.75,157.0,50676.21,346.9
50,2026-10-02,13,144.75,267.0,87558.56,393.02
50,2026-10-02,14,137.75,195.25,64780.08,194.88
50,2026-10-02,15,148.25,101.25,32871.12,161.91
50,2026-10-02,16,141.5,111.75,32216.9,163.04
50,2026-10-02,17,576.25,181.0,57961.95,355.78
50,2026-10-02,18,283.0,300.75,95361.94,449.78
50,2026-10-02,19,77.5,237.75,76287.62,239.52
50,2026-10-02,20,52.0,91.25,30272.13,93.54
50,2026-10-02,21,0.0,50.5,15962.35,37.47
1,2026-10-03,9,469.25,64.5,19660.38,209.03
1,2026-10-03,10,150.25,209.5,67969.13,330.2
1,2026-10-03,11,152.0,179.75,57940.97,196.1
1,2026-10-03,12,610.25,187.5,63275.13,377.92
1,2026-10-03,13,150.25,286.75,95105.3,414.8
1,2026-10-03,14,147.0,208.5,64714.57,208.46
1,2026-10-03,15,158.5,108.75,32916.62,169.78
1,2026-10-03,16,145.25,115.75,36140.5,168.36
1,2026-10-03,17,621.75,178.5,57236.17,378.47
1,2026-10-03,18,313.5,326.0,101287.13,490.52
1,2026-10-03,19,80.0,259.0,81212.0,267.12
1,2026-10-03,20,51.25,104.0,33115.24,99.28
1,2026-10-03,21,0.0,51.75,17499.42,36.62
2,2026-10-03,9,506.0,81.0,24813.2,224.75
2,2026-10-03,10,163.25,227.25,71928.32,346.01
2,2026-10-03,11,172.25,191.75,62747.89,213.43
2,2026-10-03,12,639.5,187.5,60259.62,398.6
2,2026-10-03,13,162.0,306.75,96771.1,449.59
2,2026-10-03,14,160.5,221.5,71699.58,222.04
2,2026-10-03,15,166.0,125.0,39402.42,181.95
2,2026-10-03,16,148.0,128.5,40371.07,169.73
2,2026-10-03,17,656.25,176.25,55774.14,394.47
2,2026-10-03,18,327.5,335.75,103516.67,523.87
2,2026-10-03,19,98.75,292.25,94262.74,280.5
2,2026-10-03,20,59.75,117.75,37332.94,113.55
2,2026-10-03,21,0.0,59.0,21130.32,40.83
3,2026-10-03,9,484.25,70.25,22816.6,220.16
3,2026-10-03,10,162.25,212.0,64090.22,339.07
3,2026-10-03,11,144.0,191.0,61706.98,203.56
3,2026-10-03,12,647.75,178.75,58002.36,389.22
3,2026-10-03,13,155.75,313.75,101887.15,437.43
3,2026-10-03,14,161.0,223.25,71760.66,213.4
3,2026-10-03,15,160.75,110.0,34992.3,175.24
3,2026-10-03,16,158.25,117.0,38381.4,178.14
3,2026-10-03,17,648.5,195.5,64774.73,403.94
3,2026-10-03,18,323.5,345.0,110847.21,521.89
3,2026-10-03,19,102.75,279.75,95168.16,286.36
3,2026-10-03,20,62.25,120.0,38996.54,119.05
3,2026-10-03,21,0.0,62.25,20907.56,44.54
4,2026-10-03,9,484.25,64.25,19643.53,218.99
4,2026-10-03,10,152.5,218.0,68416.47,344.18
4,2026-10-03,11,156.75,185.25,58550.5,205.52
4,2026-10-03,12,636.0,179.25,59249.92,388.4
4,2026-10-03,13,157.5,308.5,95980.22,443.79
4,2026-10-03,14,153.0,219.25,71818.42,216.16
4,2026-10-03,15,157.5,113.75,35896.87,170.7
4,2026-10-03,16,152.0,120.5,38099.4,172.92
4,2026-10-03,17,647.0,186.0,59033.83,394.57
4,2026-10-03,18,317.0,328.0,105340.34,513.16
4,2026-10-03,19,95.25,279.75,88267.35,282.95
4,2026-10-03,20,51.5,120.5,40067.52,108.62
4,2026-10-03,21,0.0,48.5,15462.2,35.21
5,2026-10-03,9,473.0,65.25,21451.98,213.96
5,2026-10-03,10,164.75,205.0,65077.15,338.42
5,2026-10-03,11,154.0,197.5,61391.08,208.04
5,2026-10-03,12,645.5,183.25,59077.21,397.11
5,2026-10-03,13,145.75,305.25,100117.8,444.38
5,2026-10-03,14,154.0,224.25,70300.36,218.73
5,2026-10-03,15,155.0,114.5,36211.08,167.7
5,2026-10-03,16,157.25,120.75,38210.03,170.82
5,2026-10-03,17,641.75,192.25,59392.26,391.1
5,2026-10-03,18,317.25,329.25,103715.55,513.17
5,2026-10-03,19,101.75,275.5,86694.7,284.81
5,2026-10-03,20,57.75,115.5,37424.43,115.8
5,2026-10-03,21,0.0,61.0,20101.7,42.78
6,2026-10-03,9,486.75,64.5,20055.0,224.92
6,2026-10-03,10,160.25,209.75,64467.57,345.78
6,2026-10-03,11,164.75,205.75,68041.7,216.19
6,2026-10-03,12,686.5,200.5,66663.19,422.16
6,2026-10-03,13,161.25,342.0,112418.31,469.03
6,2026-10-03,14,174.25,229.25,73343.8,228.8
6,2026-10-03,15,183.5,124.25,40007.69,200.18
6,2026-10-03,16,168.0,138.75,43542.51,195.17
6,2026-10-03,17,682.75,205.0,68217.12,424.4
6,2026-10-03,18,342.0,347.75,112012.42,545.81
6,2026-10-03,19,97.25,290.5,92085.18,305.1
6,2026-10-03,20,65.25,126.0,39974.36,117.21
6,2026-10-03,21,0.0,61.75,19701.37,47.5
7,2026-10-03,9,514.75,77.75,25068.92,231.55
7,2026-10-03,10,161.25,218.5,68896.44,355.45
7,2026-10-03,11,163.25,199.0,64151.32,213.68
7,2026-10-03,12,685.25,188.25,61382.96,422.79
7,2026-10-03,13,175.0,334.5,108521.4,469.16
7,2026-10-03,14,175.75,241.25,77873.61,240.24
7,2026-10-03,15,170.5,134.25,41542.3,189.76
7,2026-10-03,16,160.75,132.5,43098.4,176.16
7,2026-10-03,17,688.75,184.75,61416.7,419.96
7,2026-10-03,18,349.25,355.5,116978.3,559.01
7,2026-10-03,19,102.25,295.75,95444.29,306.88
7,2026-10-03,20,60.25,128.25,39911.06,122.73
7,2026-10-03,21,0.0,57.0,17787.58,40.3
8,2026-10-03,9,483.75,63.75,20495.34,220.08
8,2026-10-03,10,168.0,217.0,68539.87,352.18
8,2026-10-03,11,158.75,199.0,65684.31,216.81
8,2026-10-03,12,644.25,193.75,63480.04,395.78
8,2026-10-03,13,149.75,314.5,99639.06,439.52
8,2026-10-03,14,154.25,210.25,68634.3,214.39
8,2026-10-03,15,166.0,113.75,35191.69,174.86
8,2026-10-03,16,142.0,115.25,36022.5,175.31
8,2026-10-03,17,646.75,178.5,58840.55,387.16
8,2026-10-03,18,323.5,318.25,99155.01,523.16
8,2026-10-03,19,97.0,283.0,94247.29,293.45
8,2026-10-03,20,63.0,124.75,39479.65,114.6
8,2026-10-03,21,0.0,57.75,17783.35,40.9
9,2026-10-03,9,470.5,68.0,21765.41,212.12
9,2026-10-03,10,156.5,201.5,63692.82,336.36
9,2026-10-03,11,160.0,192.75,62314.98,202.49
9,2026-10-03,12,625.25,181.5,58843.57,385.22
9,2026-10-03,13,140.75,294.0,92142.85,433.63
9,2026-10-03,14,154.0,217.75,71963.58,210.75
9,2026-10-03,15,147.25,111.5,35585.84,166.31
9,2026-10-03,16,159.0,111.75,34895.84,160.13
9,2026-10-03,17,654.75,182.25,56855.64,397.31
9,2026-10-03,18,322.0,329.0,107264.25,524.72
9,2026-10-03,19,101.5,295.0,94783.49,289.07
9,2026-10-03,20,59.75,116.5,37631.59,113.56
9,2026-10-03,21,0.0,58.25,19254.24,41.34
10,2026-10-03,9,511.5,62.0,18701.99,238.4
10,2026-10-03,10,165.75,240.0,80943.54,365.62
10,2026-10-03,11,161.5,199.0,62795.77,210.12
10,2026-10-03,12,672.25,186.0,61501.83,409.83
10,2026-10-03,13,167.25,322.0,102499.04,461.62
10,2026-10-03,14,164.5,226.75,71487.4,232.62
10,2026-10-03,15,156.5,130.25,42122.19,179.32
10,2026-10-03,16,165.0,114.0,35176.01,174.39
10,2026-10-03,17,660.25,182.75,59281.02,399.44
10,2026-10-03,18,338.0,330.75,106109.32,530.7
10,2026-10-03,19,100.75,290.0,91217.98,296.56
10,2026-10-03,20,61.5,129.0,40446.75,114.07
10,2026-10-03,21,0.0,58.0,19149.06,42.57
11,2026-10-03,9,497.5,67.25,21543.06,224.26
11,2026-10-03,10,147.25,224.75,70691.28,345.77
11,2026-10-03,11,172.5,197.0,63293.27,210.35
11,2026-10-03,12,634.75,189.25,61089.19,398.62
11,2026-10-03,13,146.25,306.75,96208.85,434.62
11,2026-10-03,14,163.75,219.75,70455.56,208.36
11,2026-10-03,15,146.5,115.25,37892.21,169.56
11,2026-10-03,16,157.0,119.0,36958.12,165.9
11,2026-10-03,17,661.75,183.0,59459.14,399.17
11,2026-10-03,18,310.25,324.0,106426.2,521.72
11,2026-10-03,19,101.75,289.0,95671.42,284.45
11,2026-10-03,20,63.75,112.75,34463.09,113.65
11,2026-10-03,21,0.0,64.0,19943.92,48.3
12,2026-10-03,9,606.5,83.75,27366.35,275.83
12,2026-10-03,10,191.0,273.5,88277.5,425.27
12,2026-10-03,11,196.25,232.75,76068.6,250.76
12,2026-10-03,12,772.5,232.75,76318.2,471.29
12,2026-10-03,13,190.25,380.0,123590.8,527.08
12,2026-10-03,14,196.25,277.0,87790.18,269.12
12,2026-10-03,15,199.0,140.25,46913.08,216.03
12,2026-10-03,16,189.0,147.25,48228.34,213.32
12,2026-10-03,17,796.75,229.25,73123.75,477.86
12,2026-10-03,18,378.25,411.25,133137.84,626.48
12,2026-10-03,19,113.0,336.5,108747.71,342.59
12,2026-10-03,20,74.0,138.0,44480.34,134.28
12,2026-10-03,21,0.0,73.5,23491.18,54.32
13,2026-10-03,9,480.0,61.75,17972.42,217.82
13,2026-10-03,10,152.5,208.75,67244.7,334.05
13,2026-10-03,11,163.75,178.0,56669.27,200.93
13,2026-10-03,12,671.0,186.0,61499.76,409.92
13,2026-10-03,13,150.0,323.25,105798.17,462.23
13,2026-10-03,14,158.0,230.25,76811.61,218.03
13,2026-10-03,15,178.25,119.0,40085.79,183.98
13,2026-10-03,16,152.0,131.0,42622.11,182.71
13,2026-10-03,17,650.0,184.25,59759.97,394.96
13,2026-10-03,18,327.25,340.0,112740.36,513.68
13,2026-10-03,19,96.25,268.75,83378.38,285.91
13,2026-10-03,20,65.0,116.5,35987.28,121.25
13,2026-10-03,21,0.0,62.5,20588.91,42.92
14,2026-10-03,9,521.0,63.25,18882.62,234.79
14,2026-10-03,10,160.0,234.25,71948.87,365.4
14,2026-10-03,11,165.0,204.25,65664.49,212.0
14,2026-10-03,12,689.0,202.0,66512.32,414.76
14,2026-10-03,13,156.75,324.0,103216.07,460.54
14,2026-10-03,14,183.0,236.5,75423.99,234.76
14,2026-10-03,15,177.5,133.5,42274.67,192.96
14,2026-10-03,16,159.25,135.5,44276.32,187.12
14,2026-10-03,17,690.75,201.5,64298.7,422.63
14,2026-10-03,18,349.0,357.5,116346.91,554.54
14,2026-10-03,19,96.0,290.0,96753.54,300.25
14,2026-10-03,20,64.0,124.0,38836.59,112.58
14,2026-10-03,21,0.0,54.5,17080.08,43.74
15,2026-10-03,9,421.0,57.75,17290.2,193.45
15,2026-10-03,10,149.25,191.75,62872.81,302.02
15,2026-10-03,11,156.0,174.25,54148.28,192.57
15,2026-10-03,12,608.5,178.25,58607.13,368.13
15,2026-10-03,13,145.75,286.75,92023.32,415.86
15,2026-10-03,14,152.25,218.75,71519.54,207.44
15,2026-10-03,15,156.5,111.0,34460.22,170.42
15,2026-10-03,16,155.0,119.25,38085.28,168.42
15,2026-10-03,17,640.75,176.25,58699.98,396.3
15,2026-10-03,18,305.5,330.5,109426.44,512.05
15,2026-10-03,19,93.75,281.0,88279.4,272.48
15,2026-10-03,20,65.5,110.25,35429.08,108.39
15,2026-10-03,21,0.0,62.5,20719.39,48.13
16,2026-10-03,9,579.0,79.25,24988.56,260.55
16,2026-10-03,10,182.75,261.0,84589.05,406.07
16,2026-10-03,11,191.5,219.25,71316.71,240.27
16,2026-10-03,12,759.5,226.25,73247.05,468.7
16,2026-10-03,13,192.0,378.0,123117.22,521.32
16,2026-10-03,14,196.25,262.75,84105.07,260.98
16,2026-10-03,15,191.5,148.5,50627.0,213.06
16,2026-10-03,16,182.5,146.0,47319.18,210.04
16,2026-10-03,17,763.5,216.75,69052.42,467.73
16,2026-10-03,18,373.25,401.75,128096.82,605.28
16,2026-10-03,19,111.25,324.0,102519.9,327.55
16,2026-10-03,20,73.0,144.25,48680.1,130.7
16,2026-10-03,21,0.0,70.75,23201.44,48.92
17,2026-10-03,9,477.5,64.75,21292.25,225.59
17,2026-10-03,10,161.25,222.0,67961.14,334.68
17,2026-10-03,11,158.0,174.75,58416.54,202.24
17,2026-10-03,12,644.75,189.25,60016.64,393.13
17,2026-10-03,13,149.25,300.0,95028.42,435.96
17,2026-10-03,14,147.25,222.75,73373.85,214.09
17,2026-10-03,15,169.75,110.75,35107.59,173.39
17,2026-10-03,16,156.0,117.5,38166.06,178.57
17,2026-10-03,17,654.75,194.5,63424.15,399.6
17,2026-10-03,18,329.75,343.0,108496.12,527.29
17,2026-10-03,19,104.0,282.5,90957.93,289.8
17,2026-10-03,20,60.75,119.75,37023.59,115.52
17,2026-10-03,21,0.0,59.75,20096.89,44.86
18,2026-10-03,9,474.25,59.25,19674.6,220.01
18,2026-10-03,10,139.5,217.5,71310.19,325.08
18,2026-10-03,11,157.75,180.0,58289.97,191.86
18,2026-10-03,12,638.75,188.25,59568.5,384.91
18,2026-10-03,13,146.75,313.0,99556.01,428.0
18,2026-10-03,14,165.75,212.5,68176.12,211.82
18,2026-10-03,15,160.75,112.0,35776.34,173.87
18,2026-10-03,16,159.0,109.5,35777.39,180.9
18,2026-10-03,17,614.0,195.25,63809.54,386.9
18,2026-10-03,18,314.75,326.75,107145.06,492.33
18,2026-10-03,19,100.75,268.0,89952.58,276.3
18,2026-10-03,20,58.75,118.75,35613.33,111.53
18,2026-10-03,21,0.0,53.5,18054.87,40.66
19,2026-10-03,9,435.25,69.75,20638.78,200.4
19,2026-10-03,10,151.25,196.25,60840.5,302.37
19,2026-10-03,11,160.75,175.0,57279.06,200.16
19,2026-10-03,12,617.0,182.75,57379.99,376.56
19,2026-10-03,13,162.25,297.75,95871.72,418.63
19,2026-10-03,14,146.5,218.25,72821.9,214.01
19,2026-10-03,15,151.75,103.75,32034.3,168.44
19,2026-10-03,16,166.25,120.75,37936.43,178.54
19,2026-10-03,17,601.0,179.0,56512.03,379.71
19,2026-10-03,18,304.5,313.25,98554.08,486.86
19,2026-10-03,19,87.0,265.5,88163.47,262.45
19,2026-10-03,20,56.5,102.75,32477.36,103.29
19,2026-10-03,21,0.0,52.0,17331.53,38.33
20,2026-10-03,9,484.25,63.25,20287.74,220.69
20,2026-10-03,10,154.25,216.25,68905.93,340.42
20,2026-10-03,11,169.25,198.25,62599.15,209.09
20,2026-10-03,12,643.25,187.0,59224.2,394.64
20,2026-10-03,13,152.25,300.5,99393.93,442.72
20,2026-10-03,14,170.0,228.0,73036.66,227.24
20,2026-10-03,15,155.75,120.25,38193.56,178.59
20,2026-10-03,16,156.25,120.75,37999.34,168.76
20,2026-10-03,17,657.0,184.75,56855.68,401.26
20,2026-10-03,18,322.75,342.75,110902.53,512.47
20,2026-10-03,19,89.75,272.75,84606.12,276.01
20,2026-10-03,20,58.25,114.5,35973.76,110.16
20,2026-10-03,21,0.0,54.75,16718.84,40.3
21,2026-10-03,9,426.5,51.5,17246.39,191.4
21,2026-10-03,10,138.75,189.25,60388.83,306.22
21,2026-10-03,11,146.25,170.75,55711.76,182.3
21,2026-10-03,12,573.25,175.0,55344.72,358.48
21,2026-10-03,13,138.25,285.5,91136.23,392.85
21,2026-10-03,14,144.5,185.75,60553.48,196.13
21,2026-10-03,15,144.25,105.75,31737.03,156.5
21,2026-10-03,16,144.75,105.0,33479.06,158.38
21,2026-10-03,17,575.0,164.75,53766.19,357.42
21,2026-10-03,18,294.25,303.25,95365.51,465.72
21,2026-10-03,19,88.75,253.5,79595.27,251.02
21,2026-10-03,20,55.0,102.25,31786.18,100.56
21,2026-10-03,21,0.0,49.0,15022.36,40.56
22,2026-10-03,9,584.5,88.0,26725.15,268.8
22,2026-10-03,10,184.25,261.25,83589.7,400.01
22,2026-10-03,11,175.25,219.0,69885.44,233.38
22,2026-10-03,12,740.0,204.5,64410.92,449.61
22,2026-10-03,13,188.25,366.75,116941.3,508.71
22,2026-10-03,14,190.5,268.75,85078.19,260.24
22,2026-10-03,15,188.75,142.0,46681.37,210.38
22,2026-10-03,16,191.25,144.5,45965.23,209.99
22,2026-10-03,17,768.0,212.0,69761.68,470.96
22,2026-10-03,18,365.0,399.25,126740.19,616.12
22,2026-10-03,19,126.75,327.75,104694.71,338.91
22,2026-10-03,20,68.25,140.75,46597.78,140.02
22,2026-10-03,21,0.0,66.75,19459.57,49.7
23,2026-10-03,9,445.0,61.5,19554.68,198.01
23,2026-10-03,10,134.25,197.0,61648.39,308.12
23,2026-10-03,11,157.0,167.0,54471.22,191.41
23,2026-10-03,12,612.75,186.5,60251.64,378.05
23,2026-10-03,13,151.0,288.75,90085.98,423.46
23,2026-10-03,14,161.25,219.5,70982.19,212.6
23,2026-10-03,15,160.0,115.5,37894.99,178.57
23,2026-10-03,16,163.25,123.75,40313.09,181.46
23,2026-10-03,17,634.0,189.75,57766.14,395.64
23,2026-10-03,18,304.0,328.5,105915.79,506.46
23,2026-10-03,19,97.0,270.0,90298.44,274.94
23,2026-10-03,20,55.5,112.75,36164.4,106.94
23,2026-10-03,21,0.0,54.25,18293.46,40.9
24,2026-10-03,9,486.0,73.75,22404.82,220.07
24,2026-10-03,10,144.75,210.25,68938.65,332.11
24,2026-10-03,11,170.0,186.0,62403.43,202.04
24,2026-10-03,12,631.5,179.25,59148.18,389.46
24,2026-10-03,13,151.75,308.75,98774.31,429.61
24,2026-10-03,14,156.25,224.25,68919.12,212.97
24,2026-10-03,15,153.0,111.75,34423.42,166.16
24,2026-10-03,16,152.0,119.75,38679.02,169.93
24,2026-10-03,17,643.75,183.75,57730.88,391.14
24,2026-10-03,18,315.25,337.75,109474.84,507.58
24,2026-10-03,19,99.5,278.0,87703.68,281.3
24,2026-10-03,20,52.75,124.25,39019.26,108.47
24,2026-10-03,21,0.0,51.5,17236.22,35.92
25,2026-10-03,9,495.75,68.25,23074.52,224.29
25,2026-10-03,10,167.75,219.5,68208.39,358.99
25,2026-10-03,11,171.75,199.25,62816.7,220.83
25,2026-10-03,12,684.25,201.25,63316.85,423.67
25,2026-10-03,13,162.25,330.75,106501.03,471.68
25,2026-10-03,14,172.5,241.0,77976.14,231.96
25,2026-10-03,15,171.5,126.75,39654.16,189.84
25,2026-10-03,16,166.5,130.0,41279.9,180.04
25,2026-10-03,17,697.5,203.75,63624.71,417.32
25,2026-10-03,18,350.25,354.0,114794.07,557.04
25,2026-10-03,19,106.0,306.25,101297.53,302.54
25,2026-10-03,20,64.5,118.75,38066.03,115.66
25,2026-10-03,21,0.0,61.0,20542.91,44.04
26,2026-10-03,9,475.0,67.5,21664.23,219.46
26,2026-10-03,10,160.25,219.25,70029.96,337.63
26,2026-10-03,11,159.0,185.5,62779.62,201.42
26,2026-10-03,12,619.0,181.5,57338.84,381.63
26,2026-10-03,13,157.5,294.75,93030.96,434.74
26,2026-10-03,14,165.75,215.25,69059.49,224.35
26,2026-10-03,15,159.25,121.25,38602.67,180.14
26,2026-10-03,16,151.25,125.5,41117.92,169.02
26,2026-10-03,17,639.75,191.75,61059.17,387.85
26,2026-10-03,18,308.75,338.0,109215.62,499.86
26,2026-10-03,19,95.5,263.0,85293.51,274.99
26,2026-10-03,20,55.75,111.25,34124.06,114.24
26,2026-10-03,21,0.0,52.5,17006.08,42.66
27,2026-10-03,9,504.25,76.0,23377.18,227.01
27,2026-10-03,10,166.75,214.25,67647.18,348.07
27,2026-10-03,11,169.5,191.25,59538.34,219.21
27,2026-10-03,12,680.25,191.0,61017.91,420.36
27,2026-10-03,13,167.75,332.25,105752.35,468.6
27,2026-10-03,14,172.25,240.75,75948.88,231.57
27,2026-10-03,15,161.75,124.0,38714.97,190.89
27,2026-10-03,16,158.75,125.0,40269.48,180.34
27,2026-10-03,17,664.5,195.5,59856.71,409.98
27,2026-10-03,18,336.0,339.75,109317.57,531.52
27,2026-10-03,19,93.5,295.5,90273.36,292.16
27,2026-10-03,20,64.5,116.0,37561.87,113.79
27,2026-10-03,21,0.0,58.75,19883.92,43.38
28,2026-10-03,9,498.0,64.25,22242.72,222.46
28,2026-10-03,10,161.75,221.0,71118.67,343.38
28,2026-10-03,11,174.5,194.75,61039.73,215.36
28,2026-10-03,12,658.5,190.75,60771.97,405.92
28,2026-10-03,13,154.75,312.75,97997.53,456.6
28,2026-10-03,14,167.0,231.25,76233.49,228.5
28,2026-10-03,15,171.75,127.0,38899.12,179.15
28,2026-10-03,16,166.25,123.75,39005.12,186.89
28,2026-10-03,17,655.0,193.75,63362.04,403.61
28,2026-10-03,18,324.25,336.5,106530.61,523.72
28,2026-10-03,19,97.0,295.5,96122.12,280.29
28,2026-10-03,20,74.5,117.75,36158.1,116.56
28,2026-10-03,21,0.0,66.25,20834.34,47.63
29,2026-10-03,9,540.25,77.5,25009.84,248.01
29,2026-10-03,10,171.0,224.25,70291.75,369.02
29,2026-10-03,11,176.25,208.75,64111.72,231.94
29,2026-10-03,12,706.5,204.5,64932.08,435.02
29,2026-10-03,13,179.75,343.5,111758.39,486.49
29,2026-10-03,14,182.0,252.5,82684.45,253.42
29,2026-10-03,15,186.25,136.75,43391.66,202.55
29,2026-10-03,16,168.75,137.25,42776.64,197.5
29,2026-10-03,17,739.5,202.25,64077.53,442.34
29,2026-10-03,18,352.75,377.25,121620.57,587.04
29,2026-10-03,19,105.75,322.0,103221.52,312.59
29,2026-10-03,20,64.75,131.5,42772.28,124.02
29,2026-10-03,21,0.0,63.0,19315.87,47.56
30,2026-10-03,9,479.5,68.5,22601.6,216.69
30,2026-10-03,10,153.0,210.75,70218.63,332.06
30,2026-10-03,11,153.25,182.25,61247.96,196.26
30,2026-10-03,12,612.75,193.0,61469.64,383.63
30,2026-10-03,13,156.75,282.5,91588.8,415.58
30,2026-10-03,14,151.0,213.75,69324.18,216.93
30,2026-10-03,15,164.0,121.0,38545.42,170.99
30,2026-10-03,16,153.0,110.75,36362.02,172.78
30,2026-10-03,17,660.25,198.75,63268.76,408.34
30,2026-10-03,18,317.5,337.75,108487.34,517.15
30,2026-10-03,19,94.25,276.25,89942.39,278.48
30,2026-10-03,20,63.25,111.75,36204.2,110.5
30,2026-10-03,21,0.0,62.0,19418.58,39.99
31,2026-10-03,9,431.5,65.25,21619.13,198.42
31,2026-10-03,10,140.75,185.25,56649.65,298.7
31,2026-10-03,11,144.25,166.75,53318.42,181.6
31,2026-10-03,12,585.0,164.5,54051.77,355.4
31,2026-10-03,13,149.25,279.25,89776.1,403.68
31,2026-10-03,14,146.75,211.0,63411.18,205.6
31,2026-10-03,15,147.75,107.25,35691.07,161.18
31,2026-10-03,16,139.0,116.25,37827.44,156.64
31,2026-10-03,17,581.25,166.5,52386.04,354.13
31,2026-10-03,18,290.75,300.0,93175.48,458.72
31,2026-10-03,19,92.25,239.25,78449.8,257.23
31,2026-10-03,20,51.75,106.0,34583.83,103.72
31,2026-10-03,21,0.0,55.0,17448.3,36.65
32,2026-10-03,9,493.0,63.5,20678.9,221.77
32,2026-10-03,10,164.0,220.25,70714.68,350.14
32,2026-10-03,11,160.25,194.0,63699.27,209.06
32,2026-10-03,12,658.5,198.75,66327.41,401.86
32,2026-10-03,13,147.25,316.0,103361.76,439.63
32,2026-10-03,14,166.75,219.75,71479.74,213.03
32,2026-10-03,15,163.5,121.0,39462.09,180.76
32,2026-10-03,16,170.5,128.75,39669.08,185.82
32,2026-10-03,17,665.0,187.0,60238.3,409.59
32,2026-10-03,18,326.25,350.5,116394.18,531.89
32,2026-10-03,19,97.5,285.75,90504.63,288.22
32,2026-10-03,20,68.5,121.5,37688.43,119.82
32,2026-10-03,21,0.0,65.5,20890.89,45.08
33,2026-10-03,9,543.0,74.75,23969.08,248.41
33,2026-10-03,10,186.25,244.0,77805.08,384.74
33,2026-10-03,11,186.25,218.5,70236.89,237.64
33,2026-10-03,12,736.5,217.75,70297.72,453.97
33,2026-10-03,13,171.0,361.0,114526.89,499.08
33,2026-10-03,14,184.0,239.25,76231.54,249.25
33,2026-10-03,15,185.25,131.0,41264.97,205.04
33,2026-10-03,16,177.25,138.0,47082.74,205.57
33,2026-10-03,17,761.0,221.75,71882.5,460.51
33,2026-10-03,18,390.5,400.75,128185.3,611.71
33,2026-10-03,19,115.5,325.5,103278.69,342.71
33,2026-10-03,20,67.5,144.25,45758.05,127.12
33,2026-10-03,21,0.0,61.0,18531.72,43.11
34,2026-10-03,9,518.25,74.25,21718.72,232.13
34,2026-10-03,10,166.0,226.25,72266.1,360.98
34,2026-10-03,11,167.0,199.5,65146.75,221.0
34,2026-10-03,12,701.75,203.0,67328.85,425.24
34,2026-10-03,13,175.25,332.5,104917.1,487.74
34,2026-10-03,14,182.25,255.5,84556.19,251.28
34,2026-10-03,15,166.0,134.0,42216.86,188.58
34,2026-10-03,16,176.25,128.75,41054.05,188.39
34,2026-10-03,17,711.25,193.25,63273.69,435.9
34,2026-10-03,18,350.75,361.5,111474.42,579.02
34,2026-10-03,19,107.0,319.0,101932.01,313.57
34,2026-10-03,20,69.5,121.75,39746.55,121.46
34,2026-10-03,21,0.0,65.75,21640.5,46.71
35,2026-10-03,9,480.5,66.5,19369.6,222.5
35,2026-10-03,10,138.75,212.75,65278.83,324.6
35,2026-10-03,11,159.25,181.25,58420.25,201.27
35,2026-10-03,12,641.0,180.75,57505.48,389.87
35,2026-10-03,13,145.25,298.75,97913.24,436.25
35,2026-10-03,14,158.25,223.25,72566.95,215.98
35,2026-10-03,15,166.5,113.0,34437.79,175.22
35,2026-10-03,16,144.0,129.0,40173.17,174.67
35,2026-10-03,17,657.5,170.5,55402.61,393.77
35,2026-10-03,18,323.25,348.75,111023.16,527.83
35,2026-10-03,19,94.75,278.25,87546.6,280.54
35,2026-10-03,20,65.0,108.25,35337.26,109.05
35,2026-10-03,21,0.0,62.5,18481.97,45.13
36,2026-10-03,9,463.25,61.5,19737.35,210.89
36,2026-10-03,10,146.75,199.75,63849.46,324.85
36,2026-10-03,11,160.0,183.0,59151.49,205.55
36,2026-10-03,12,608.75,175.75,55901.4,385.65
36,2026-10-03,13,143.25,305.75,98565.88,415.38
36,2026-10-03,14,153.5,212.5,66893.63,205.92
36,2026-10-03,15,151.75,117.5,36506.38,165.48
36,2026-10-03,16,148.5,112.75,34806.88,168.77
36,2026-10-03,17,639.25,188.25,59836.36,375.78
36,2026-10-03,18,311.0,320.5,104769.22,503.39
36,2026-10-03,19,87.25,274.25,86995.0,276.53
36,2026-10-03,20,68.0,108.5,34290.18,109.05
36,2026-10-03,21,0.0,64.75,20355.09,44.86
37,2026-10-03,9,422.0,59.5,20891.14,191.98
37,2026-10-03,10,141.25,193.0,60679.1,296.17
37,2026-10-03,11,136.0,160.5,51142.96,180.61
37,2026-10-03,12,585.25,162.25,52147.12,353.12
37,2026-10-03,13,130.5,284.25,90164.97,388.06
37,2026-10-03,14,137.0,189.5,60877.96,182.44
37,2026-10-03,15,142.75,98.25,33175.57,154.97
37,2026-10-03,16,146.75,106.75,33952.52,158.62
37,2026-10-03,17,578.0,170.75,55383.02,361.09
37,2026-10-03,18,284.0,295.0,94101.21,463.34
37,2026-10-03,19,92.25,243.25,76669.98,254.04
37,2026-10-03,20,59.5,107.75,34067.95,106.01
37,2026-10-03,21,0.0,56.25,17838.1,44.06
38,2026-10-03,9,434.0,53.5,16706.96,196.82
38,2026-10-03,10,133.75,197.75,62441.54,298.51
38,2026-10-03,11,150.25,160.75,50850.86,173.33
38,2026-10-03,12,577.0,158.75,52268.66,352.95
38,2026-10-03,13,146.5,278.0,91705.09,404.46
38,2026-10-03,14,147.5,207.5,66065.77,206.28
38,2026-10-03,15,151.5,114.25,36302.97,162.81
38,2026-10-03,16,137.75,111.75,37120.21,161.08
38,2026-10-03,17,607.0,178.75,56716.24,360.76
38,2026-10-03,18,281.0,301.0,96269.39,476.96
38,2026-10-03,19,88.0,270.25,86226.94,256.42
38,2026-10-03,20,60.5,102.0,32880.57,105.29
38,2026-10-03,21,0.0,56.75,18030.54,42.54
39,2026-10-03,9,520.5,76.25,25132.93,237.28
39,2026-10-03,10,154.75,225.25,70911.77,351.69
39,2026-10-03,11,152.25,200.5,64003.75,201.64
39,2026-10-03,12,667.0,181.75,57897.39,400.3
39,2026-10-03,13,156.5,319.5,102207.58,455.88
39,2026-10-03,14,166.25,233.25,73533.18,225.37
39,2026-10-03,15,184.5,123.0,38058.82,189.55
39,2026-10-03,16,167.25,135.75,43856.43,184.82
39,2026-10-03,17,659.0,194.5,61898.75,407.87
39,2026-10-03,18,335.75,346.75,111802.67,533.05
39,2026-10-03,19,102.75,292.5,94218.76,291.3
39,2026-10-03,20,67.0,111.25,35442.63,118.38
39,2026-10-03,21,0.0,64.5,20653.78,47.58
40,2026-10-03,9,460.0,65.0,22749.88,211.78
40,2026-10-03,10,163.0,206.25,64235.24,327.83
40,2026-10-03,11,157.5,184.5,61086.36,205.21
40,2026-10-03,12,613.5,185.0,60064.66,379.95
40,2026-10-03,13,144.5,281.0,87977.43,423.52
40,2026-10-03,14,156.25,225.5,74065.92,215.88
40,2026-10-03,15,150.0,114.75,37594.03,163.95
40,2026-10-03,16,154.75,110.0,33604.71,171.29
40,2026-10-03,17,628.25,191.25,60568.21,392.08
40,2026-10-03,18,303.25,332.0,107138.28,492.36
40,2026-10-03,19,96.0,263.5,84796.5,271.56
40,2026-10-03,20,59.5,113.0,36047.02,111.77
40,2026-10-03,21,0.0,57.25,18803.62,43.68
41,2026-10-03,9,486.5,72.25,22555.84,220.24
41,2026-10-03,10,157.75,209.0,66626.48,336.28
41,2026-10-03,11,164.25,180.75,57874.1,203.58
41,2026-10-03,12,647.25,191.0,60863.63,401.78
41,2026-10-03,13,161.25,308.0,98257.04,440.33
41,2026-10-03,14,162.0,215.25,70351.42,228.12
41,2026-10-03,15,164.0,128.0,42115.67,184.08
41,2026-10-03,16,156.0,123.0,42689.67,174.21
41,2026-10-03,17,652.75,176.5,56173.12,400.98
41,2026-10-03,18,324.25,332.25,105424.58,524.29
41,2026-10-03,19,99.25,276.5,89929.38,288.83
41,2026-10-03,20,56.75,120.75,38367.41,114.5
41,2026-10-03,21,0.0,54.25,16135.2,40.12
42,2026-10-03,9,485.25,64.5,20919.13,214.75
42,2026-10-03,10,157.75,209.0,65729.95,349.58
42,2026-10-03,11,173.0,203.75,64107.37,221.02
42,2026-10-03,12,651.25,191.0,62545.6,398.81
42,2026-10-03,13,155.5,299.25,94720.25,451.36
42,2026-10-03,14,158.25,227.0,70705.06,215.0
42,2026-10-03,15,170.0,112.0,35517.57,176.34
42,2026-10-03,16,155.75,128.25,41414.57,181.48
42,2026-10-03,17,650.5,185.75,59375.82,394.51
42,2026-10-03,18,319.75,332.0,106676.76,517.96
42,2026-10-03,19,102.75,280.0,89357.46,293.43
42,2026-10-03,20,66.75,120.75,40132.14,122.6
42,2026-10-03,21,0.0,63.5,20714.9,47.72
43,2026-10-03,9,465.75,64.5,20352.78,209.64
43,2026-10-03,10,156.0,202.5,65392.28,332.46
43,2026-10-03,11,160.75,191.0,62959.44,198.99
43,2026-10-03,12,644.25,186.5,58056.22,397.25
43,2026-10-03,13,151.75,313.25,99592.53,444.26
43,2026-10-03,14,161.75,226.0,75393.74,215.27
43,2026-10-03,15,148.25,126.75,38546.97,167.78
43,2026-10-03,16,170.5,107.5,34029.03,171.96
43,2026-10-03,17,649.5,182.5,58087.81,410.68
43,2026-10-03,18,302.0,346.25,109321.13,512.93
43,2026-10-03,19,94.0,269.0,85865.36,273.36
43,2026-10-03,20,62.75,113.5,35411.72,111.88
43,2026-10-03,21,0.0,58.75,19771.56,42.88
44,2026-10-03,9,447.25,60.75,19397.17,201.91
44,2026-10-03,10,143.75,190.75,61893.22,317.08
44,2026-10-03,11,158.5,186.75,63063.06,191.79
44,2026-10-03,12,612.25,187.0,59563.89,370.32
44,2026-10-03,13,156.0,296.0,94291.98,419.53
44,2026-10-03,14,148.5,222.5,73546.0,215.8
44,2026-10-03,15,152.5,110.5,33163.13,166.3
44,2026-10-03,16,157.25,112.75,35322.55,172.22
44,2026-10-03,17,623.75,184.0,56768.48,375.87
44,2026-10-03,18,313.75,317.0,102488.31,505.35
44,2026-10-03,19,89.25,282.5,89081.68,270.52
44,2026-10-03,20,57.5,109.5,36276.34,102.43
44,2026-10-03,21,0.0,51.25,17114.65,40.28
45,2026-10-03,9,466.75,64.0,19988.2,210.84
45,2026-10-03,10,137.25,205.75,63143.24,320.98
45,2026-10-03,11,151.0,177.25,55483.15,190.16
45,2026-10-03,12,610.5,169.25,53645.64,365.93
45,2026-10-03,13,150.25,293.5,93153.24,424.24
45,2026-10-03,14,151.25,218.25,72754.7,211.1
45,2026-10-03,15,163.5,112.75,34126.36,168.68
45,2026-10-03,16,155.25,119.0,37264.06,170.52
45,2026-10-03,17,654.75,184.5,59571.96,398.97
45,2026-10-03,18,311.5,331.75,103990.05,515.37
45,2026-10-03,19,96.75,265.0,83536.04,283.9
45,2026-10-03,20,56.0,110.25,34805.92,111.23
45,2026-10-03,21,0.0,56.5,17091.07,39.48
46,2026-10-03,9,483.75,68.75,24175.9,221.53
46,2026-10-03,10,156.25,218.25,69046.88,332.21
46,2026-10-03,11,154.5,180.25,57386.04,194.97
46,2026-10-03,12,633.75,189.5,60343.32,392.7
46,2026-10-03,13,148.75,299.75,94398.7,426.26
46,2026-10-03,14,158.5,220.75,68852.13,209.94
46,2026-10-03,15,164.5,111.75,35776.29,181.72
46,2026-10-03,16,161.5,127.5,41077.28,181.05
46,2026-10-03,17,668.0,190.0,61798.1,409.53
46,2026-10-03,18,329.25,350.25,112777.5,535.98
46,2026-10-03,19,94.0,286.25,91348.54,288.5
46,2026-10-03,20,60.75,117.5,37044.18,113.78
46,2026-10-03,21,0.0,56.5,18175.34,44.34
47,2026-10-03,9,442.25,60.25,19167.08,200.94
47,2026-10-03,10,153.0,199.75,64709.0,310.64
47,2026-10-03,11,142.25,172.0,54001.81,193.24
47,2026-10-03,12,604.0,171.5,58082.66,360.77
47,2026-10-03,13,153.25,289.0,94578.71,420.41
47,2026-10-03,14,142.0,221.5,72434.11,210.32
47,2026-10-03,15,156.25,107.5,32354.94,161.77
47,2026-10-03,16,152.25,115.25,35556.32,170.0
47,2026-10-03,17,609.75,175.5,56439.78,373.54
47,2026-10-03,18,305.75,307.75,99521.75,496.57
47,2026-10-03,19,93.0,267.25,82668.64,272.17
47,2026-10-03,20,67.25,116.5,36180.04,110.36
47,2026-10-03,21,0.0,60.0,19069.48,46.42
48,2026-10-03,9,495.0,72.5,23155.16,219.64
48,2026-10-03,10,155.0,214.5,65349.58,339.43
48,2026-10-03,11,170.25,187.75,61711.36,217.0
48,2026-10-03,12,638.25,186.25,60080.75,396.48
48,2026-10-03,13,152.75,312.75,101205.2,445.24
48,2026-10-03,14,147.25,221.25,69522.15,215.79
48,2026-10-03,15,179.25,118.5,39421.54,177.95
48,2026-10-03,16,151.5,124.75,40191.43,180.56
48,2026-10-03,17,664.0,196.0,64483.57,396.63
48,2026-10-03,18,320.75,338.75,106662.0,522.68
48,2026-10-03,19,92.0,284.0,90410.78,282.5
48,2026-10-03,20,67.5,111.0,34451.23,108.2
48,2026-10-03,21,0.0,63.25,20962.0,47.76
49,2026-10-03,9,461.5,63.75,19209.66,207.77
49,2026-10-03,10,141.75,200.75,63813.81,321.18
49,2026-10-03,11,159.0,178.25,57408.96,192.62
49,2026-10-03,12,592.75,169.75,55843.55,363.59
49,2026-10-03,13,145.25,292.5,91797.42,409.4
49,2026-10-03,14,155.25,205.75,68176.1,204.2
49,2026-10-03,15,160.25,115.0,38714.14,173.58
49,2026-10-03,16,157.75,121.75,37873.24,172.94
49,2026-10-03,17,625.75,181.25,60258.34,381.16
49,2026-10-03,18,315.0,332.25,106190.16,498.42
49,2026-10-03,19,89.5,270.0,88362.72,285.16
49,2026-10-03,20,60.75,118.75,39052.99,109.0
49,2026-10-03,21,0.0,57.0,18340.88,43.96
50,2026-10-03,9,464.75,63.0,20523.44,211.87
50,2026-10-03,10,159.75,202.5,63312.38,331.93
50,2026-10-03,11,170.25,196.0,61168.75,210.31
50,2026-10-03,12,649.5,192.5,62882.52,400.74
50,2026-10-03,13,148.25,314.5,99023.28,437.78
50,2026-10-03,14,158.75,212.0,70772.39,215.35
50,2026-10-03,15,166.5,126.75,40197.09,175.3
50,2026-10-03,16,158.25,119.75,38076.01,181.26
50,2026-10-03,17,647.0,184.5,61112.1,394.59
50,2026-10-03,18,308.75,331.75,107218.79,520.2
50,2026-10-03,19,105.75,278.0,86355.87,286.54
50,2026-10-03,20,62.5,120.75,37664.7,113.11
50,2026-10-03,21,0.0,58.25,18177.16,43.35
1,2026-10-04,9,433.0,62.0,18797.28,197.18
1,2026-10-04,10,136.5,192.25,64189.73,294.19
1,2026-10-04,11,135.0,159.5,55180.08,175.36
1,2026-10-04,12,574.5,152.5,48333.17,353.39
1,2026-10-04,13,137.25,281.75,90530.65,395.57
1,2026-10-04,14,142.25,206.0,65338.9,195.41
1,2026-10-04,15,135.75,102.25,33012.64,154.22
1,2026-10-04,16,145.25,105.0,34176.16,154.06
1,2026-10-04,17,600.5,165.25,52807.51,364.49
1,2026-10-04,18,293.25,312.75,101683.4,467.82
1,2026-10-04,19,87.0,259.25,81053.83,258.88
1,2026-10-04,20,57.0,107.0,35918.43,98.19
1,2026-10-04,21,0.0,48.25,16728.81,38.19
2,2026-10-04,9,450.75,57.75,18676.19,203.15
2,2026-10-04,10,148.75,202.5,63125.08,317.46
2,2026-10-04,11,153.75,177.0,55969.57,198.0
2,2026-10-04,12,602.5,176.75,55865.72,365.21
2,2026-10-04,13,145.25,296.75,94922.13,411.39
2,2026-10-04,14,157.75,207.75,66735.48,206.54
2,2026-10-04,15,150.5,121.25,38813.72,165.94
2,2026-10-04,16,164.25,110.0,37263.68,177.22
2,2026-10-04,17,639.75,198.0,61547.77,398.1
2,2026-10-04,18,301.25,323.25,102651.73,500.06
2,2026-10-04,19,86.25,266.75,85012.16,266.91
2,2026-10-04,20,65.5,106.0,34982.87,104.82
2,2026-10-04,21,0.0,58.25,19304.88,43.12
3,2026-10-04,9,449.75,62.5,19390.24,199.41
3,2026-10-04,10,139.25,186.5,61790.8,315.78
3,2026-10-04,11,139.25,180.25,56618.28,185.82
3,2026-10-04,12,607.25,165.5,53759.9,364.47
3,2026-10-04,13,145.25,295.5,94971.92,410.38
3,2026-10-04,14,145.5,208.25,70628.66,205.34
3,2026-10-04,15,139.5,110.0,35605.06,153.8
3,2026-10-04,16,146.5,99.75,32954.6,157.5
3,2026-10-04,17,594.0,184.5,57367.01,368.8
3,2026-10-04,18,295.5,320.25,105586.38,472.69
3,2026-10-04,19,88.5,242.0,74596.22,258.04
3,2026-10-04,20,61.75,112.5,34683.36,106.14
3,2026-10-04,21,0.0,55.0,18458.07,41.64
4,2026-10-04,9,444.75,60.25,18632.79,200.65
4,2026-10-04,10,139.5,195.0,60336.55,307.68
4,2026-10-04,11,154.5,172.5,55227.22,192.29
4,2026-10-04,12,590.5,177.25,57280.02,365.41
4,2026-10-04,13,140.0,283.5,94804.64,403.01
4,2026-10-04,14,149.5,206.0,65029.09,202.33
4,2026-10-04,15,141.0,105.5,33618.3,164.09
4,2026-10-04,16,145.25,110.75,35464.9,157.62
4,2026-10-04,17,581.5,167.5,52955.16,357.93
4,2026-10-04,18,296.5,309.0,95540.64,460.3
4,2026-10-04,19,80.5,251.75,80222.91,252.89
4,2026-10-04,20,63.0,102.75,32725.02,99.64
4,2026-10-04,21,0.0,50.5,17790.0,40.64
5,2026-10-04,9,439.5,59.75,18650.31,202.52
5,2026-10-04,10,143.0,184.5,61506.22,312.04
5,2026-10-04,11,156.25,180.0,57181.02,190.66
5,2026-10-04,12,590.25,174.0,56254.04,371.45
5,2026-10-04,13,148.75,284.0,91810.65,408.62
5,2026-10-04,14,158.5,202.5,67379.61,215.14
5,2026-10-04,15,143.25,116.25,38428.2,167.04
5,2026-10-04,16,147.75,112.75,37648.21,161.26
5,2026-10-04,17,613.75,171.0,56072.24,375.97
5,2026-10-04,18,300.75,317.0,101127.63,490.74
5,2026-10-04,19,92.0,265.25,85948.25,268.11
5,2026-10-04,20,52.25,109.25,35571.84,103.28
5,2026-10-04,21,0.0,54.25,16838.84,36.69
6,2026-10-04,9,511.25,69.0,21053.96,233.54
6,2026-10-04,10,166.5,235.5,75488.7,356.22
6,2026-10-04,11,171.0,197.5,65625.63,220.25
6,2026-10-04,12,678.25,201.0,63965.37,418.7
6,2026-10-04,13,153.75,333.75,107204.38,464.82
6,2026-10-04,14,162.75,226.5,73729.61,219.82
6,2026-10-04,15,173.75,117.75,39062.15,184.53
6,2026-10-04,16,166.5,130.5,40122.56,193.25
6,2026-10-04,17,682.75,210.5,66887.2,410.6
6,2026-10-04,18,342.75,352.0,110205.04,547.07
6,2026-10-04,19,102.75,295.5,96044.95,297.01
6,2026-10-04,20,69.0,114.5,35279.11,122.74
6,2026-10-04,21,0.0,67.5,22368.91,49.24
7,2026-10-04,9,480.0,68.0,20524.76,218.12
7,2026-10-04,10,171.25,213.25,71603.04,340.9
7,2026-10-04,11,171.75,199.0,63307.0,213.14
7,2026-10-04,12,660.5,200.25,64287.64,407.81
7,2026-10-04,13,162.25,321.5,100292.74,449.9
7,2026-10-04,14,173.25,229.75,74223.04,233.73
7,2026-10-04,15,161.25,126.0,41231.55,190.02
7,2026-10-04,16,167.75,124.75,41448.89,177.67
7,2026-10-04,17,665.5,182.5,55161.85,414.28
7,2026-10-04,18,326.0,364.5,117474.1,535.38
7,2026-10-04,19,99.5,297.0,94870.05,281.56
7,2026-10-04,20,58.5,107.75,34145.06,114.39
7,2026-10-04,21,0.0,62.75,21246.92,45.89
8,2026-10-04,9,467.75,65.75,21205.24,210.78
8,2026-10-04,10,146.25,194.75,62220.63,331.26
8,2026-10-04,11,154.0,189.75,62429.84,192.8
8,2026-10-04,12,601.0,162.5,54111.21,367.77
8,2026-10-04,13,149.75,287.25,95369.38,415.86
8,2026-10-04,14,145.25,202.75,63048.85,205.36
8,2026-10-04,15,158.25,117.75,38168.62,170.92
8,2026-10-04,16,154.25,111.75,37880.98,167.3
8,2026-10-04,17,613.5,173.5,54561.46,375.7
8,2026-10-04,18,314.25,316.75,100786.15,498.14
8,2026-10-04,19,86.0,268.0,85952.4,268.79
8,2026-10-04,20,57.5,107.0,32787.2,103.26
8,2026-10-04,21,0.0,56.0,17761.96,40.3
9,2026-10-04,9,444.0,68.75,20334.74,206.62
9,2026-10-04,10,149.0,195.25,61557.26,314.73
9,2026-10-04,11,151.5,178.75,57185.09,185.05
9,2026-10-04,12,596.0,172.0,54832.93,366.75
9,2026-10-04,13,142.0,289.75,91047.25,408.3
9,2026-10-04,14,140.5,203.0,64503.76,198.68
9,2026-10-04,15,146.25,105.75,33924.02,160.45
9,2026-10-04,16,142.0,110.0,35980.99,155.43
9,2026-10-04,17,586.25,165.5,52051.85,360.6
9,2026-10-04,18,294.5,293.75,92970.1,476.54
9,2026-10-04,19,95.25,262.25,82526.33,256.64
9,2026-10-04,20,50.0,103.75,33005.1,104.69
9,2026-10-04,21,0.0,56.0,17626.05,38.83
10,2026-10-04,9,467.5,60.25,17383.59,214.7
10,2026-10-04,10,146.0,215.5,68020.42,325.47
10,2026-10-04,11,146.75,179.75,59225.75,188.59
10,2026-10-04,12,608.75,162.25,52391.37,362.85
10,2026-10-04,13,140.5,281.0,89530.91,427.0
10,2026-10-04,14,156.5,224.75,72857.48,208.94
10,2026-10-04,15,144.5,103.75,32322.9,166.51
10,2026-10-04,16,147.75,122.0,39126.25,162.64
10,2026-10-04,17,606.75,170.75,53299.82,369.71
10,2026-10-04,18,300.75,300.75,96447.6,492.31
10,2026-10-04,19,93.75,265.25,85325.56,272.42
10,2026-10-04,20,54.75,117.0,36022.32,105.09
10,2026-10-04,21,0.0,51.5,17324.24,37.42
11,2026-10-04,9,430.25,57.5,18784.58,194.34
11,2026-10-04,10,128.25,193.0,64364.54,291.21
11,2026-10-04,11,137.75,156.75,49306.1,173.83
11,2026-10-04,12,577.25,171.0,57082.28,347.32
11,2026-10-04,13,140.0,276.75,88794.39,394.34
11,2026-10-04,14,140.75,191.25,62427.62,195.43
11,2026-10-04,15,136.5,110.5,36283.4,157.92
11,2026-10-04,16,138.0,102.25,33266.2,146.92
11,2026-10-04,17,576.0,161.75,50119.37,354.21
11,2026-10-04,18,283.75,297.25,96612.37,454.14
11,2026-10-04,19,83.0,246.0,76873.68,246.97
11,2026-10-04,20,58.5,100.5,32195.69,100.34
11,2026-10-04,21,0.0,53.5,17603.35,38.8
12,2026-10-04,9,499.0,67.0,21273.76,224.29
12,2026-10-04,10,179.5,226.75,73522.42,359.64
12,2026-10-04,11,161.0,196.25,61235.18,213.41
12,2026-10-04,12,695.0,195.0,62834.73,419.83
12,2026-10-04,13,179.5,331.25,107128.6,475.36
12,2026-10-04,14,169.25,242.25,75574.21,247.81
12,2026-10-04,15,162.25,134.75,42563.94,190.41
12,2026-10-04,16,166.0,130.5,43373.99,180.74
12,2026-10-04,17,683.5,188.25,60363.32,417.08
12,2026-10-04,18,353.25,343.75,109534.05,561.6
12,2026-10-04,19,102.5,313.75,100016.53,308.5
12,2026-10-04,20,66.5,121.0,37457.23,115.76
12,2026-10-04,21,0.0,61.0,19090.29,45.94
13,2026-10-04,9,445.5,69.5,22911.48,203.38
13,2026-10-04,10,146.75,192.5,62352.39,306.08
13,2026-10-04,11,155.25,175.0,56377.91,192.57
13,2026-10-04,12,612.0,181.5,57703.58,375.35
13,2026-10-04,13,138.25,285.25,89006.4,416.99
13,2026-10-04,14,160.5,213.5,68126.49,210.22
13,2026-10-04,15,160.75,106.75,33003.6,172.76
13,2026-10-04,16,146.0,124.5,39907.67,176.18
13,2026-10-04,17,652.75,183.25,58783.58,397.45
13,2026-10-04,18,301.0,333.5,105457.69,511.88
13,2026-10-04,19,100.25,280.25,88209.1,276.39
13,2026-10-04,20,57.25,104.25,30741.48,108.65
13,2026-10-04,21,0.0,57.75,19136.25,41.14
14,2026-10-04,9,496.0,65.75,23014.44,221.5
14,2026-10-04,10,160.5,210.75,66872.45,348.44
14,2026-10-04,11,174.25,200.5,65609.23,218.31
14,2026-10-04,12,673.75,204.25,64429.42,409.44
14,2026-10-04,13,163.5,320.0,101589.36,462.96
14,2026-10-04,14,159.0,235.25,74859.33,229.82
14,2026-10-04,15,169.75,118.75,37329.39,181.66
14,2026-10-04,16,159.5,127.5,41105.62,179.22
14,2026-10-04,17,678.25,193.75,62716.27,407.36
14,2026-10-04,18,343.0,348.75,110564.1,550.1
14,2026-10-04,19,102.5,290.25,90697.64,298.78
14,2026-10-04,20,70.5,122.0,39337.94,119.07
14,2026-10-04,21,0.0,66.75,21754.84,53.56
15,2026-10-04,9,413.75,56.75,18227.93,187.28
15,2026-10-04,10,136.5,185.0,59019.89,298.35
15,2026-10-04,11,146.0,172.25,54555.21,180.49
15,2026-10-04,12,577.0,164.0,53275.74,359.97
15,2026-10-04,13,131.5,280.25,90374.69,393.08
15,2026-10-04,14,151.0,205.0,66609.81,189.12
15,2026-10-04,15,141.75,106.25,32640.76,157.52
15,2026-10-04,16,148.5,107.25,33671.24,155.46
15,2026-10-04,17,589.75,168.75,51997.79,361.68
15,2026-10-04,18,281.0,287.0,92051.24,471.81
15,2026-10-04,19,86.75,257.75,84055.31,253.93
15,2026-10-04,20,51.5,102.5,33442.21,96.17
15,2026-10-04,21,0.0,52.5,16363.26,38.45
16,2026-10-04,9,526.25,75.75,23378.03,235.0
16,2026-10-04,10,165.0,223.0,73273.85,369.38
16,2026-10-04,11,168.75,199.75,64969.69,218.81
16,2026-10-04,12,672.25,189.5,61828.77,416.46
16,2026-10-04,13,160.25,333.25,107821.76,466.74
16,2026-10-04,14,186.5,235.25,74791.1,234.24
16,2026-10-04,15,181.25,130.75,42527.3,195.78
16,2026-10-04,16,165.25,132.0,44794.38,195.44
16,2026-10-04,17,689.25,203.0,66150.27,418.96
16,2026-10-04,18,338.75,354.75,114558.72,541.58
16,2026-10-04,19,104.5,292.25,91557.2,305.0
16,2026-10-04,20,73.5,128.0,38884.39,125.41
16,2026-10-04,21,0.0,67.75,22040.02,49.99
17,2026-10-04,9,447.0,59.25,19927.79,205.57
17,2026-10-04,10,154.5,202.75,63531.19,322.43
17,2026-10-04,11,146.25,179.5,58287.01,189.64
17,2026-10-04,12,587.5,173.0,54455.28,359.78
17,2026-10-04,13,150.0,281.5,89390.57,403.52
17,2026-10-04,14,148.25,206.5,66377.11,204.53
17,2026-10-04,15,148.0,105.75,33883.18,165.0
17,2026-10-04,16,142.5,102.0,34273.23,165.56
17,2026-10-04,17,605.5,185.25,58168.82,371.03
17,2026-10-04,18,315.0,313.25,101264.39,487.46
17,2026-10-04,19,78.75,264.5,85295.88,262.7
17,2026-10-04,20,59.5,107.75,34248.85,97.1
17,2026-10-04,21,0.0,52.5,15385.66,38.46
18,2026-10-04,9,421.5,59.75,19067.84,188.92
18,2026-10-04,10,136.75,195.5,60684.97,290.68
18,2026-10-04,11,138.5,161.75,53078.35,172.93
18,2026-10-04,12,553.5,153.5,48960.78,341.4
18,2026-10-04,13,132.0,277.5,83113.12,374.8
18,2026-10-04,14,148.75,182.75,59696.91,185.35
18,2026-10-04,15,135.0,105.5,33772.02,152.54
18,2026-10-04,16,127.5,101.5,32273.87,147.15
18,2026-10-04,17,559.0,158.75,47530.7,343.47
18,2026-10-04,18,266.25,289.25,90522.54,439.43
18,2026-10-04,19,84.0,239.25,74839.31,233.02
18,2026-10-04,20,60.75,90.5,29758.12,101.88
18,2026-10-04,21,0.0,59.0,18178.54,43.09
19,2026-10-04,9,432.75,64.25,20157.56,201.21
19,2026-10-04,10,140.25,188.0,60177.0,297.78
19,2026-10-04,11,142.5,158.75,52218.5,183.82
19,2026-10-04,12,559.0,163.0,51454.62,342.0
19,2026-10-04,13,132.5,270.0,85193.5,386.7
19,2026-10-04,14,153.0,196.75,65548.67,199.88
19,2026-10-04,15,151.0,117.25,40414.41,166.48
19,2026-10-04,16,139.25,111.25,35967.77,158.05
19,2026-10-04,17,573.25,170.5,54602.78,347.74
19,2026-10-04,18,298.75,297.25,94880.89,464.96
19,2026-10-04,19,86.25,256.5,82421.36,260.32
19,2026-10-04,20,58.25,106.5,35049.21,104.73
19,2026-10-04,21,0.0,56.5,16333.58,39.78
20,2026-10-04,9,440.0,57.25,20289.73,198.02
20,2026-10-04,10,144.0,203.75,66129.3,307.03
20,2026-10-04,11,155.0,173.5,58152.34,183.35
20,2026-10-04,12,585.25,171.75,56925.78,361.46
20,2026-10-04,13,143.75,283.75,91786.15,399.8
20,2026-10-04,14,145.75,203.0,65799.49,201.52
20,2026-10-04,15,151.5,111.0,33270.44,164.26
20,2026-10-04,16,152.5,112.25,34787.42,163.69
20,2026-10-04,17,618.25,173.75,52606.36,375.56
20,2026-10-04,18,291.25,316.25,99491.09,494.26
20,2026-10-04,19,91.0,267.5,84712.19,264.17
20,2026-10-04,20,58.5,103.75,33095.11,107.22
20,2026-10-04,21,0.0,57.75,18040.23,40.83
21,2026-10-04,9,401.5,51.25,15763.25,184.78
21,2026-10-04,10,140.75,182.25,59783.42,284.09
21,2026-10-04,11,136.75,163.5,50946.08,176.19
21,2026-10-04,12,554.0,155.0,47727.96,335.74
21,2026-10-04,13,136.75,278.5,86821.24,380.75
21,2026-10-04,14,133.0,184.75,58908.5,187.74
21,2026-10-04,15,132.75,101.0,33272.07,148.03
21,2026-10-04,16,138.0,100.75,32338.56,148.85
21,2026-10-04,17,546.0,152.75,50930.21,343.58
21,2026-10-04,18,270.0,300.75,99188.68,438.0
21,2026-10-04,19,78.25,237.75,74422.16,230.54
21,2026-10-04,20,50.75,88.5,30137.34,89.68
21,2026-10-04,21,0.0,45.25,12849.27,31.91
22,2026-10-04,9,509.5,74.25,22163.44,228.42
22,2026-10-04,10,170.5,216.25,70215.4,359.55
22,2026-10-04,11,172.75,203.5,65352.52,224.71
22,2026-10-04,12,690.0,199.75,65672.26,430.12
22,2026-10-04,13,167.75,338.25,107600.14,477.77
22,2026-10-04,14,175.5,243.0,78914.87,239.56
22,2026-10-04,15,166.5,124.75,38446.93,192.38
22,2026-10-04,16,172.5,128.25,41563.64,187.78
22,2026-10-04,17,691.25,193.25,61614.69,431.18
22,2026-10-04,18,345.25,363.25,117352.46,554.5
22,2026-10-04,19,102.75,291.0,92393.32,299.28
22,2026-10-04,20,71.0,126.0,37641.33,122.22
22,2026-10-04,21,0.0,70.5,22787.21,52.69
23,2026-10-04,9,439.75,64.0,21296.67,191.62
23,2026-10-04,10,140.5,189.5,59177.18,303.99
23,2026-10-04,11,144.0,175.0,56330.72,186.45
23,2026-10-04,12,577.0,166.25,54331.46,353.04
23,2026-10-04,13,130.25,283.5,88495.58,394.65
23,2026-10-04,14,141.5,191.25,58783.81,187.91
23,2026-10-04,15,130.25,102.75,33068.02,149.77
23,2026-10-04,16,141.0,96.75,30681.76,145.6
23,2026-10-04,17,567.25,151.25,46183.59,346.52
23,2026-10-04,18,284.75,307.25,94812.52,458.36
23,2026-10-04,19,83.5,239.5,77181.44,246.75
23,2026-10-04,20,51.5,95.75,30262.58,96.47
23,2026-10-04,21,0.0,54.0,18096.03,36.9
24,2026-10-04,9,447.5,60.5,20097.04,202.9
24,2026-10-04,10,156.0,202.25,65924.3,318.22
24,2026-10-04,11,141.25,171.0,57324.34,192.42
24,2026-10-04,12,600.0,172.75,55645.59,369.19
24,2026-10-04,13,148.5,281.5,93053.99,417.14
24,2026-10-04,14,150.75,221.75,70051.62,209.38
24,2026-10-04,15,155.0,113.25,36051.58,160.43
24,2026-10-04,16,145.75,116.25,37504.29,165.8
24,2026-10-04,17,629.0,179.5,57409.7,379.69
24,2026-10-04,18,295.25,319.0,103625.7,487.26
24,2026-10-04,19,88.25,258.25,83335.7,258.84
24,2026-10-04,20,58.0,106.75,35121.49,105.5
24,2026-10-04,21,0.0,56.75,18987.92,42.73
25,2026-10-04,9,491.75,71.25,22212.63,220.96
25,2026-10-04,10,151.75,216.75,71047.75,333.86
25,2026-10-04,11,166.0,190.5,61786.31,204.28
25,2026-10-04,12,622.5,182.75,58240.38,386.74
25,2026-10-04,13,159.0,303.5,97549.51,428.88
25,2026-10-04,14,164.0,225.75,71161.71,217.56
25,2026-10-04,15,165.75,120.25,38062.76,177.22
25,2026-10-04,16,147.0,118.0,38245.02,175.67
25,2026-10-04,17,659.75,193.25,62306.73,394.51
25,2026-10-04,18,340.75,349.0,115336.61,529.08
25,2026-10-04,19,102.5,284.25,90561.65,293.19
25,2026-10-04,20,62.25,116.25,38459.17,118.38
25,2026-10-04,21,0.0,64.75,21891.33,45.13
26,2026-10-04,9,457.25,64.5,20416.25,207.76
26,2026-10-04,10,149.0,199.0,61619.22,326.85
26,2026-10-04,11,146.25,180.75,57473.42,195.59
26,2026-10-04,12,613.5,174.5,56087.59,371.77
26,2026-10-04,13,134.75,298.25,95652.1,410.07
26,2026-10-04,14,144.25,205.75,67044.59,201.45
26,2026-10-04,15,165.5,111.5,35407.94,165.85
26,2026-10-04,16,155.0,115.75,36668.14,171.42
26,2026-10-04,17,631.25,182.0,59781.32,388.79
26,2026-10-04,18,292.75,336.25,107108.74,499.51
26,2026-10-04,19,96.0,259.5,82698.31,258.5
26,2026-10-04,20,56.5,111.5,36795.02,105.02
26,2026-10-04,21,0.0,57.75,16917.41,40.3
27,2026-10-04,9,467.75,65.75,21141.73,212.5
27,2026-10-04,10,142.75,199.25,63455.53,327.4
27,2026-10-04,11,155.0,187.75,58674.65,197.1
27,2026-10-04,12,621.75,181.25,57152.47,387.92
27,2026-10-04,13,141.0,301.25,95352.72,419.64
27,2026-10-04,14,150.25,196.5,64204.44,203.38
27,2026-10-04,15,157.25,118.25,37805.87,169.68
27,2026-10-04,16,143.5,113.5,37387.16,166.49
27,2026-10-04,17,612.25,182.75,57811.77,367.72
27,2026-10-04,18,298.75,303.25,97833.46,491.57
27,2026-10-04,19,94.75,279.5,87756.78,273.4
27,2026-10-04,20,57.75,106.75,34066.49,104.52
27,2026-10-04,21,0.0,54.0,16193.99,39.8
28,2026-10-04,9,443.75,63.25,20573.84,204.44
28,2026-10-04,10,151.25,201.0,64385.66,307.05
28,2026-10-04,11,146.75,174.25,55519.08,194.22
28,2026-10-04,12,587.75,178.0,55629.03,368.5
28,2026-10-04,13,147.25,287.25,93192.26,400.04
28,2026-10-04,14,147.75,203.5,65863.55,203.91
28,2026-10-04,15,146.0,111.5,36389.68,165.11
28,2026-10-04,16,142.5,109.5,35519.05,164.44
28,2026-10-04,17,603.0,177.0,54314.37,364.39
28,2026-10-04,18,282.75,294.75,94024.42,472.01
28,2026-10-04,19,95.5,261.75,85753.31,250.04
28,2026-10-04,20,56.0,101.0,32815.34,103.18
28,2026-10-04,21,0.0,57.25,20249.34,42.14
29,2026-10-04,9,522.0,71.75,21357.19,236.27
29,2026-10-04,10,166.0,218.0,69514.17,364.75
29,2026-10-04,11,177.25,207.5,65144.52,224.24
29,2026-10-04,12,686.0,204.5,63803.83,427.78
29,2026-10-04,13,159.5,337.0,107167.9,466.53
29,2026-10-04,14,164.75,237.5,77225.39,228.4
29,2026-10-04,15,171.0,118.5,36139.41,178.17
29,2026-10-04,16,169.25,116.5,36868.87,189.33
29,2026-10-04,17,660.75,195.0,61759.38,412.84
29,2026-10-04,18,330.75,351.5,112995.45,529.72
29,2026-10-04,19,104.0,298.5,95954.61,290.05
29,2026-10-04,20,68.25,117.0,39716.07,115.56
29,2026-10-04,21,0.0,62.5,20319.83,48.89
30,2026-10-04,9,448.75,64.0,20832.18,201.7
30,2026-10-04,10,146.75,195.0,60405.26,310.77
30,2026-10-04,11,143.5,187.25,57657.04,184.24
30,2026-10-04,12,568.0,161.75,53139.32,355.28
30,2026-10-04,13,131.25,271.75,88405.14,382.68
30,2026-10-04,14,145.0,197.25,61511.03,197.7
30,2026-10-04,15,143.5,105.5,32915.45,160.96
30,2026-10-04,16,125.75,106.0,34063.13,147.14
30,2026-10-04,17,583.25,149.5,49423.61,347.29
30,2026-10-04,18,286.5,291.0,93804.27,470.01
30,2026-10-04,19,94.25,256.0,82410.68,255.43
30,2026-10-04,20,56.25,109.0,34323.98,103.86
30,2026-10-04,21,0.0,56.5,18406.47,40.95
31,2026-10-04,9,414.25,59.0,19362.52,184.68
31,2026-10-04,10,130.0,177.25,55486.41,280.12
31,2026-10-04,11,139.5,149.75,47230.06,171.65
31,2026-10-04,12,548.5,158.75,50856.93,341.79
31,2026-10-04,13,129.5,275.75,87243.78,378.01
31,2026-10-04,14,140.0,191.75,61484.44,185.76
31,2026-10-04,15,138.5,102.75,34208.2,156.35
31,2026-10-04,16,125.0,103.5,34612.74,143.64
31,2026-10-04,17,574.75,152.75,49327.73,338.82
31,2026-10-04,18,281.5,296.0,94996.95,458.24
31,2026-10-04,19,77.0,243.75,76253.43,245.17
31,2026-10-04,20,59.25,100.5,31237.31,99.34
31,2026-10-04,21,0.0,57.0,19049.0,40.1
32,2026-10-04,9,471.0,63.25,19039.84,213.44
32,2026-10-04,10,144.5,206.25,66353.64,329.16
32,2026-10-04,11,142.5,176.75,57709.6,185.76
32,2026-10-04,12,596.75,164.75,52418.63,366.57
32,2026-10-04,13,149.0,290.0,92806.28,410.78
32,2026-10-04,14,146.5,208.5,67008.68,209.81
32,2026-10-04,15,151.75,116.5,37240.42,161.26
32,2026-10-04,16,140.0,100.5,31410.7,160.28
32,2026-10-04,17,617.75,170.5,53699.88,373.65
32,2026-10-04,18,297.75,308.25,100430.5,500.15
32,2026-10-04,19,77.0,279.5,89718.92,263.55
32,2026-10-04,20,58.75,99.25,31520.36,100.07
32,2026-10-04,21,0.0,52.5,17536.28,39.28
33,2026-10-04,9,547.0,70.75,22842.19,250.27
33,2026-10-04,10,190.25,250.0,80932.37,396.9
33,2026-10-04,11,165.0,216.0,70952.16,231.56
33,2026-10-04,12,722.25,202.5,64264.64,437.35
33,2026-10-04,13,181.25,354.25,113365.68,499.73
33,2026-10-04,14,185.5,242.75,76071.64,254.1
33,2026-10-04,15,184.5,132.25,42779.84,201.64
33,2026-10-04,16,175.75,129.25,42145.18,197.52
33,2026-10-04,17,714.5,209.5,67250.68,440.68
33,2026-10-04,18,364.5,382.0,123960.52,572.22
33,2026-10-04,19,110.5,323.0,103244.43,312.48
33,2026-10-04,20,68.75,127.25,39707.14,125.2
33,2026-10-04,21,0.0,61.5,20470.91,44.35
34,2026-10-04,9,486.75,68.25,21531.16,221.88
34,2026-10-04,10,154.75,208.75,65903.48,335.18
34,2026-10-04,11,158.0,184.25,57967.27,205.23
34,2026-10-04,12,626.25,180.25,56676.28,390.6
34,2026-10-04,13,153.75,307.5,98711.52,428.53
34,2026-10-04,14,167.5,218.0,72796.3,219.94
34,2026-10-04,15,154.75,121.25,38415.96,180.75
34,2026-10-04,16,156.5,123.75,40454.17,180.28
34,2026-10-04,17,626.75,191.0,61286.42,379.66
34,2026-10-04,18,307.5,315.25,104169.88,502.6
34,2026-10-04,19,97.0,271.75,87068.5,270.39
34,2026-10-04,20,62.75,108.25,34781.83,111.22
34,2026-10-04,21,0.0,60.0,19034.16,43.49
35,2026-10-04,9,467.0,58.25,17114.48,211.38
35,2026-10-04,10,150.0,202.75,61771.23,330.4
35,2026-10-04,11,147.5,194.5,60995.04,190.58
35,2026-10-04,12,608.25,157.25,50100.3,371.16
35,2026-10-04,13,146.25,293.25,92479.62,424.04
35,2026-10-04,14,157.5,212.75,67657.89,213.06
35,2026-10-04,15,157.5,112.75,37321.18,169.64
35,2026-10-04,16,146.75,114.0,36093.19,174.02
35,2026-10-04,17,628.5,176.0,56820.27,384.07
35,2026-10-04,18,299.75,324.0,103593.25,501.66
35,2026-10-04,19,87.75,263.0,83506.48,271.86
35,2026-10-04,20,58.75,112.5,34572.22,101.15
35,2026-10-04,21,0.0,54.0,17920.2,41.45
36,2026-10-04,9,425.25,54.75,17707.62,195.46
36,2026-10-04,10,143.0,184.75,60199.59,302.92
36,2026-10-04,11,153.0,164.75,51981.92,195.64
36,2026-10-04,12,580.25,179.5,58182.46,357.7
36,2026-10-04,13,125.75,277.25,86949.44,384.66
36,2026-10-04,14,130.75,179.0,55852.79,182.53
36,2026-10-04,15,144.75,94.0,28485.12,152.7
36,2026-10-04,16,145.5,114.0,37808.0,165.76
36,2026-10-04,17,586.0,179.25,57506.08,359.69
36,2026-10-04,18,291.75,302.0,95141.0,468.26
36,2026-10-04,19,80.75,253.25,82507.67,250.17
36,2026-10-04,20,54.25,98.25,29397.64,97.99
36,2026-10-04,21,0.0,51.0,17463.13,37.01
37,2026-10-04,9,412.75,60.0,20758.27,191.87
37,2026-10-04,10,139.25,185.0,58963.47,283.85
37,2026-10-04,11,136.75,161.75,50172.65,175.16
37,2026-10-04,12,563.25,164.0,52163.3,343.52
37,2026-10-04,13,131.75,277.25,91283.95,380.68
37,2026-10-04,14,130.25,193.25,62793.7,183.57
37,2026-10-04,15,138.25,91.75,28530.14,147.3
37,2026-10-04,16,139.0,108.0,34970.83,149.45
37,2026-10-04,17,562.25,164.5,52267.84,345.75
37,2026-10-04,18,285.75,291.25,92477.8,452.21
37,2026-10-04,19,77.5,251.5,79823.22,245.3
37,2026-10-04,20,57.75,90.75,28898.6,93.45
37,2026-10-04,21,0.0,54.0,16842.08,39.54
38,2026-10-04,9,410.75,57.5,18427.05,188.54
38,2026-10-04,10,128.0,177.5,58202.48,284.33
38,2026-10-04,11,140.0,157.5,48328.83,171.22
38,2026-10-04,12,563.5,170.5,55537.98,344.19
38,2026-10-04,13,132.25,269.75,85561.8,383.33
38,2026-10-04,14,138.25,196.25,60100.62,188.44
38,2026-10-04,15,141.0,95.0,29353.84,150.22
38,2026-10-04,16,132.75,99.75,32728.24,159.45
38,2026-10-04,17,558.75,167.75,52171.53,346.71
38,2026-10-04,18,286.5,298.0,94035.41,450.87
38,2026-10-04,19,87.5,248.5,80860.49,251.14
38,2026-10-04,20,50.75,100.0,30869.02,97.16
38,2026-10-04,21,0.0,53.75,17452.74,37.13
39,2026-10-04,9,483.0,74.5,22717.7,215.78
39,2026-10-04,10,171.75,202.25,65745.68,340.6
39,2026-10-04,11,160.75,192.5,60972.95,214.18
39,2026-10-04,12,657.75,191.75,61056.22,400.73
39,2026-10-04,13,159.5,319.0,102450.81,442.86
39,2026-10-04,14,164.5,231.75,74164.1,219.52
39,2026-10-04,15,166.5,118.0,37484.24,183.82
39,2026-10-04,16,155.25,122.5,37279.11,179.1
39,2026-10-04,17,642.25,182.0,56471.55,392.08
39,2026-10-04,18,324.0,336.0,105760.94,518.28
39,2026-10-04,19,97.75,286.75,94852.98,274.92
39,2026-10-04,20,66.75,114.0,36186.62,111.59
39,2026-10-04,21,0.0,62.0,19579.77,48.64
40,2026-10-04,9,440.5,67.25,22160.96,197.66
40,2026-10-04,10,131.5,191.25,59257.15,302.95
40,2026-10-04,11,151.75,168.75,53804.88,184.06
40,2026-10-04,12,565.5,171.25,54359.69,346.4
40,2026-10-04,13,134.5,258.75,81641.88,395.14
40,2026-10-04,14,141.75,208.0,68854.58,194.6
40,2026-10-04,15,149.0,102.25,31350.66,157.84
40,2026-10-04,16,153.5,110.0,34471.59,162.98
40,2026-10-04,17,587.75,178.0,56179.28,367.04
40,2026-10-04,18,284.5,309.0,96442.7,471.03
40,2026-10-04,19,90.75,252.5,81207.11,248.26
40,2026-10-04,20,52.75,104.25,32523.82,103.5
40,2026-10-04,21,0.0,52.0,16679.34,40.23
41,2026-10-04,9,464.25,68.25,21321.59,207.27
41,2026-10-04,10,140.0,191.5,60286.78,315.62
41,2026-10-04,11,142.0,182.25,56046.14,186.1
41,2026-10-04,12,603.5,172.25,56598.04,368.84
41,2026-10-04,13,147.75,288.5,91446.3,410.48
41,2026-10-04,14,149.75,213.5,68218.05,201.07
41,2026-10-04,15,141.5,102.0,32536.65,162.31
41,2026-10-04,16,143.0,115.0,37045.5,163.31
41,2026-10-04,17,586.75,171.0,54154.42,361.65
41,2026-10-04,18,307.75,317.25,102809.0,479.22
41,2026-10-04,19,88.25,255.75,81710.46,262.77
41,2026-10-04,20,59.0,101.5,31545.33,101.16
41,2026-10-04,21,0.0,56.5,16168.22,41.6
42,2026-10-04,9,450.75,66.25,20034.67,210.93
42,2026-10-04,10,149.5,200.5,63682.82,316.29
42,2026-10-04,11,154.25,173.5,55233.35,195.12
42,2026-10-04,12,573.0,169.75,52317.12,367.3
42,2026-10-04,13,134.0,280.5,91482.3,394.68
42,2026-10-04,14,147.5,200.5,64732.2,193.54
42,2026-10-04,15,144.0,99.75,33275.52,157.76
42,2026-10-04,16,150.0,109.0,38009.4,161.67
42,2026-10-04,17,604.25,174.5,55285.9,371.67
42,2026-10-04,18,277.25,307.5,96074.83,469.95
42,2026-10-04,19,79.75,263.5,84765.12,249.26
42,2026-10-04,20,59.0,97.25,30630.98,93.5
42,2026-10-04,21,0.0,51.0,15096.37,39.42
43,2026-10-04,9,450.5,67.5,23525.68,206.15
43,2026-10-04,10,139.5,194.75,64975.39,309.15
43,2026-10-04,11,146.25,177.75,58777.29,188.85
43,2026-10-04,12,586.0,173.0,56119.71,361.46
43,2026-10-04,13,142.5,274.0,88723.85,397.5
43,2026-10-04,14,136.25,193.0,61526.87,192.29
43,2026-10-04,15,151.0,102.0,30327.62,158.78
43,2026-10-04,16,143.25,110.75,33628.3,163.25
43,2026-10-04,17,600.5,175.25,55387.1,365.74
43,2026-10-04,18,284.25,307.5,99254.27,471.58
43,2026-10-04,19,90.0,258.75,81528.46,258.15
43,2026-10-04,20,63.25,112.75,33673.93,105.42
43,2026-10-04,21,0.0,57.25,17917.22,43.9
44,2026-10-04,9,441.75,59.75,20151.48,200.61
44,2026-10-04,10,149.5,189.5,60770.69,321.37
44,2026-10-04,11,141.0,183.0,63053.21,195.58
44,2026-10-04,12,577.0,173.0,55738.97,348.0
44,2026-10-04,13,140.0,266.75,85385.38,388.45
44,2026-10-04,14,145.75,194.5,63180.84,201.23
44,2026-10-04,15,140.25,112.25,33570.59,156.39
44,2026-10-04,16,137.25,105.5,32194.65,154.92
44,2026-10-04,17,576.25,166.25,52107.7,349.2
44,2026-10-04,18,280.75,286.0,90657.76,460.94
44,2026-10-04,19,82.75,250.5,81439.51,247.36
44,2026-10-04,20,58.0,97.5,29936.17,94.26
44,2026-10-04,21,0.0,55.75,16421.41,37.77
45,2026-10-04,9,457.25,66.75,20954.18,205.83
45,2026-10-04,10,159.0,204.0,66358.73,321.6
45,2026-10-04,11,150.0,184.0,58321.47,200.21
45,2026-10-04,12,617.75,184.75,59162.45,377.26
45,2026-10-04,13,150.75,297.5,96384.4,422.78
45,2026-10-04,14,163.75,215.25,71710.76,212.94
45,2026-10-04,15,138.5,115.0,37740.5,168.17
45,2026-10-04,16,145.75,112.0,37372.3,161.16
45,2026-10-04,17,641.25,172.0,50945.45,384.92
45,2026-10-04,18,323.5,333.75,109179.4,524.1
45,2026-10-04,19,94.75,292.75,94803.62,283.0
45,2026-10-04,20,59.75,114.75,36487.41,111.25
45,2026-10-04,21,0.0,56.75,18820.46,41.99
46,2026-10-04,9,450.0,61.5,19210.64,203.52
46,2026-10-04,10,139.0,191.0,63447.52,310.49
46,2026-10-04,11,157.25,175.0,55033.35,194.96
46,2026-10-04,12,619.25,170.75,53721.01,385.86
46,2026-10-04,13,145.25,294.75,97260.23,431.14
46,2026-10-04,14,163.0,219.25,70801.5,217.06
46,2026-10-04,15,142.75,113.0,33476.14,169.68
46,2026-10-04,16,143.25,114.25,35507.12,154.26
46,2026-10-04,17,617.25,180.5,59422.38,370.01
46,2026-10-04,18,294.0,314.25,102871.64,482.18
46,2026-10-04,19,92.5,260.0,86472.82,272.57
46,2026-10-04,20,59.5,112.5,36171.9,112.17
46,2026-10-04,21,0.0,54.5,17329.75,42.31
47,2026-10-04,9,443.0,61.5,19519.36,203.61
47,2026-10-04,10,150.0,190.75,61765.62,318.42
47,2026-10-04,11,153.0,183.0,58530.98,191.5
47,2026-10-04,12,594.0,175.75,54673.88,368.42
47,2026-10-04,13,138.5,287.75,90081.12,401.36
47,2026-10-04,14,154.5,207.5,64180.07,198.68
47,2026-10-04,15,155.5,102.0,32131.6,167.62
47,2026-10-04,16,143.5,115.0,37789.58,164.22
47,2026-10-04,17,627.5,171.75,53959.51,380.7
47,2026-10-04,18,313.0,322.0,100618.32,504.42
47,2026-10-04,19,92.5,286.25,92265.8,269.76
47,2026-10-04,20,59.75,111.75,34793.47,104.1
47,2026-10-04,21,0.0,54.0,17626.63,39.01
48,2026-10-04,9,446.5,69.75,22906.3,202.06
48,2026-10-04,10,141.5,194.25,63093.58,303.46
48,2026-10-04,11,151.25,168.25,54549.0,190.36
48,2026-10-04,12,611.5,184.5,59576.68,379.52
48,2026-10-04,13,146.25,295.25,93219.11,410.33
48,2026-10-04,14,150.0,199.5,64816.62,202.68
48,2026-10-04,15,156.0,115.5,36174.24,170.54
48,2026-10-04,16,139.0,113.75,38811.21,161.38
48,2026-10-04,17,580.5,162.0,52274.43,362.73
48,2026-10-04,18,294.5,311.5,100752.7,472.66
48,2026-10-04,19,83.75,245.75,78192.23,264.74
48,2026-10-04,20,56.75,107.75,33495.64,99.31
48,2026-10-04,21,0.0,50.0,17183.74,39.7
49,2026-10-04,9,464.25,61.25,19541.24,210.76
49,2026-10-04,10,155.25,206.25,63593.61,328.29
49,2026-10-04,11,139.25,180.5,58029.26,190.7
49,2026-10-04,12,622.25,176.25,54174.32,376.5
49,2026-10-04,13,139.75,297.25,94294.62,414.89
49,2026-10-04,14,162.25,207.5,65467.55,209.06
49,2026-10-04,15,165.5,122.25,39624.82,173.3
49,2026-10-04,16,156.0,123.0,38876.35,177.55
49,2026-10-04,17,596.25,174.25,53845.93,376.24
49,2026-10-04,18,293.5,315.5,101969.19,486.19
49,2026-10-04,19,98.5,253.5,81423.16,263.78
49,2026-10-04,20,62.0,116.0,37655.94,111.95
49,2026-10-04,21,0.0,55.25,18987.98,41.74
50,2026-10-04,9,450.25,62.5,20392.76,207.67
50,2026-10-04,10,137.5,202.75,66283.92,304.79
50,2026-10-04,11,161.25,167.0,51898.55,187.17
50,2026-10-04,12,612.25,174.75,58327.65,382.82
50,2026-10-04,13,137.0,290.5,92502.48,424.47
50,2026-10-04,14,145.5,223.0,70111.39,202.85
50,2026-10-04,15,147.0,104.25,34886.73,156.62
50,2026-10-04,16,142.0,109.5,34899.5,162.48
50,2026-10-04,17,621.0,169.5,55009.06,376.81
50,2026-10-04,18,316.0,310.0,102867.89,501.74
50,2026-10-04,19,96.5,273.25,88235.3,281.92
50,2026-10-04,20,64.0,120.75,40246.98,117.56
50,2026-10-04,21,0.0,58.75,16818.35,43.06
