store_id,date,hour,customers,tickets,sales_mxn,occupancy
1,2026-09-28,9,354,54,16112.01,155.37
1,2026-09-28,10,123,143,47180.62,249.27
1,2026-09-28,11,128,147,52147.9,166.33
1,2026-09-28,12,422,138,46558.06,275.18
1,2026-09-28,13,111,203,68489.02,293.92
1,2026-09-28,14,113,163,50837.95,157.9
1,2026-09-28,15,108,81,26257.57,116.98
1,2026-09-28,16,116,73,24389.78,123.65
1,2026-09-28,17,467,134,42795.49,285.67
1,2026-09-28,18,236,246,82108.2,374.68
1,2026-09-28,19,66,215,70421.98,203.53
1,2026-09-28,20,48,83,25945.59,87.47
1,2026-09-28,21,0,52,18009.69,30.55
1,2026-09-29,9,353,47,16424.71,157.88
1,2026-09-29,10,104,150,53193.42,238.0
1,2026-09-29,11,96,135,44708.48,144.38
1,2026-09-29,12,460,141,45520.32,278.0
1,2026-09-29,13,112,201,63680.42,292.2
1,2026-09-29,14,123,144,44048.08,156.42
1,2026-09-29,15,106,96,27366.83,131.48
1,2026-09-29,16,110,83,29304.49,114.53
1,2026-09-29,17,441,112,36588.71,276.97
1,2026-09-29,18,245,246,76406.06,372.68
1,2026-09-29,19,61,171,51153.82,209.43
1,2026-09-29,20,43,81,28573.58,79.58
1,2026-09-29,21,0,46,12153.32,32.08
1,2026-09-30,9,364,45,12855.83,159.1
1,2026-09-30,10,116,161,46802.78,264.63
1,2026-09-30,11,125,157,55851.52,160.12
1,2026-09-30,12,513,130,43694.53,303.6
1,2026-09-30,13,115,241,74933.71,350.0
1,2026-09-30,14,117,156,47756.94,165.83
1,2026-09-30,15,118,110,34166.08,119.97
1,2026-09-30,16,153,79,27800.67,145.1
1,2026-09-30,17,477,158,49108.35,314.42
1,2026-09-30,18,257,255,78748.13,395.8
1,2026-09-30,19,84,233,67894.43,217.85
1,2026-09-30,20,52,85,27219.66,101.63
1,2026-09-30,21,0,49,16722.14,35.03
1,2026-10-01,9,386,46,15630.09,167.17
1,2026-10-01,10,136,175,60048.58,278.0
1,2026-10-01,11,142,148,45665.84,180.95
1,2026-10-01,12,508,154,54823.1,329.57
1,2026-10-01,13,136,266,83726.77,350.12
1,2026-10-01,14,136,194,61699.87,178.43
1,2026-10-01,15,130,86,29748.94,139.92
1,2026-10-01,16,156,115,36422.49,148.12
1,2026-10-01,17,570,164,54830.66,358.18
1,2026-10-01,18,275,296,96722.35,444.12
1,2026-10-01,19,77,232,79353.03,240.03
1,2026-10-01,20,51,88,26128.95,94.72
1,2026-10-01,21,0,54,15170.34,39.9
1,2026-10-02,9,494,68,28195.36,229.9
1,2026-10-02,10,158,221,68976.98,342.42
1,2026-10-02,11,159,201,61434.82,211.42
1,2026-10-02,12,665,196,62631.38,395.35
1,2026-10-02,13,172,296,95100.07,475.58
1,2026-10-02,14,183,248,78819.58,246.1
1,2026-10-02,15,157,119,34266.58,188.17
1,2026-10-02,16,170,132,42492.35,184.25
1,2026-10-02,17,646,185,60132.3,393.67
1,2026-10-02,18,330,314,93088.33,534.38
1,2026-10-02,19,106,300,95984.77,281.65
1,2026-10-02,20,44,99,33316.03,108.42
1,2026-10-02,21,0,51,16799.68,34.35
1,2026-10-03,9,476,74,24645.97,224.22
1,2026-10-03,10,146,207,69153.64,318.75
1,2026-10-03,11,134,179,58934.26,186.23
1,2026-10-03,12,626,164,49380.47,377.97
1,2026-10-03,13,118,280,91359.39,417.37
1,2026-10-03,14,138,203,65274.54,175.95
1,2026-10-03,15,136,98,30441.55,148.0
1,2026-10-03,16,171,113,35689.46,165.78
1,2026-10-03,17,634,170,52977.15,400.85
1,2026-10-03,18,307,323,94717.54,507.15
1,2026-10-03,19,95,277,84605.03,275.02
1,2026-10-03,20,60,115,37148.54,109.3
1,2026-10-03,21,0,53,15205.21,39.55
1,2026-10-04,9,445,63,19684.23,202.52
1,2026-10-04,10,147,198,60543.37,312.3
1,2026-10-04,11,134,170,58278.9,175.52
1,2026-10-04,12,629,164,52408.24,392.1
1,2026-10-04,13,135,323,105128.27,429.7
1,2026-10-04,14,150,208,63636.17,204.45
1,2026-10-04,15,152,116,38566.32,164.95
1,2026-10-04,16,144,107,34356.29,150.0
1,2026-10-04,17,572,151,47121.81,366.27
1,2026-10-04,18,296,289,87793.87,472.7
1,2026-10-04,19,80,247,76260.75,258.78
1,2026-10-04,20,68,106,34819.89,105.8
1,2026-10-04,21,0,58,18398.07,46.1
2,2026-09-28,9,416,49,14673.33,188.33
2,2026-09-28,10,125,182,55847.52,291.97
2,2026-09-28,11,122,182,57479.53,155.47
2,2026-09-28,12,560,137,44006.96,318.92
2,2026-09-28,13,133,269,88792.36,383.6
2,2026-09-28,14,135,207,66096.32,198.38
2,2026-09-28,15,129,101,34352.48,150.62
2,2026-09-28,16,132,105,37664.09,144.55
2,2026-09-28,17,535,148,46751.06,306.43
2,2026-09-28,18,276,279,86173.28,435.95
2,2026-09-28,19,75,228,70255.92,254.75
2,2026-09-28,20,50,94,28405.63,94.38
2,2026-09-28,21,0,54,17100.6,37.93
2,2026-09-29,9,306,53,15342.61,140.97
2,2026-09-29,10,122,140,50045.89,201.1
2,2026-09-29,11,115,129,44011.54,134.88
2,2026-09-29,12,458,131,47165.83,295.27
2,2026-09-29,13,96,230,74222.52,306.88
2,2026-09-29,14,103,148,48382.86,138.07
2,2026-09-29,15,104,78,25042.72,111.95
2,2026-09-29,16,102,82,28393.46,109.22
2,2026-09-29,17,438,121,35779.13,261.9
2,2026-09-29,18,217,226,77264.7,369.73
2,2026-09-29,19,55,183,55906.07,187.17
2,2026-09-29,20,51,67,19384.52,73.37
2,2026-09-29,21,0,42,12126.46,30.57
2,2026-09-30,9,419,63,16064.87,186.32
2,2026-09-30,10,126,174,54762.48,283.33
2,2026-09-30,11,149,160,50848.77,183.17
2,2026-09-30,12,522,164,49112.41,332.33
2,2026-09-30,13,138,246,79200.36,364.7
2,2026-09-30,14,152,195,64487.18,193.32
2,2026-09-30,15,143,116,37280.75,175.07
2,2026-09-30,16,143,116,36568.84,173.37
2,2026-09-30,17,549,179,58812.87,339.98
2,2026-09-30,18,250,279,92026.54,422.68
2,2026-09-30,19,80,230,77820.15,227.53
2,2026-09-30,20,55,93,29099.35,84.35
2,2026-09-30,21,0,40,11383.51,34.83
2,2026-10-01,9,364,49,15739.75,151.7
2,2026-10-01,10,143,169,53334.57,274.9
2,2026-10-01,11,148,172,56896.52,182.87
2,2026-10-01,12,514,143,48074.94,315.08
2,2026-10-01,13,155,262,77282.35,376.3
2,2026-10-01,14,130,206,60754.25,209.2
2,2026-10-01,15,124,107,32719.86,153.07
2,2026-10-01,16,103,89,29584.13,129.03
2,2026-10-01,17,542,130,44866.69,313.6
2,2026-10-01,18,294,313,102271.15,467.65
2,2026-10-01,19,74,243,77095.02,245.32
2,2026-10-01,20,52,85,29408.66,85.03
2,2026-10-01,21,0,50,18390.06,34.65
2,2026-10-02,9,553,64,18727.66,251.93
2,2026-10-02,10,164,246,76476.02,385.52
2,2026-10-02,11,171,220,69439.64,217.82
2,2026-10-02,12,670,168,54499.97,413.57
2,2026-10-02,13,176,353,114975.57,489.07
2,2026-10-02,14,183,242,79952.13,236.07
2,2026-10-02,15,184,129,46775.51,202.88
2,2026-10-02,16,182,131,39957.9,210.9
2,2026-10-02,17,743,239,76201.47,450.3
2,2026-10-02,18,374,380,124461.21,592.15
2,2026-10-02,19,109,316,105025.03,325.45
2,2026-10-02,20,58,120,41150.96,115.92
2,2026-10-02,21,0,57,16953.98,44.42
2,2026-10-03,9,496,74,25781.68,227.47
2,2026-10-03,10,151,206,67824.9,326.23
2,2026-10-03,11,158,184,57369.55,209.85
2,2026-10-03,12,705,209,60502.51,422.8
2,2026-10-03,13,153,334,106091.86,460.38
2,2026-10-03,14,143,220,69990.87,223.77
2,2026-10-03,15,172,118,42371.52,165.67
2,2026-10-03,16,161,123,38479.92,181.0
2,2026-10-03,17,685,187,57597.34,428.05
2,2026-10-03,18,315,341,114873.32,519.5
2,2026-10-03,19,92,282,91706.03,271.63
2,2026-10-03,20,56,112,37044.77,106.87
2,2026-10-03,21,0,51,17801.28,42.27
2,2026-10-04,9,406,65,21853.61,187.92
2,2026-10-04,10,162,191,63487.72,280.28
2,2026-10-04,11,144,156,47888.9,194.95
2,2026-10-04,12,586,175,51601.36,364.62
2,2026-10-04,13,141,295,98622.36,395.1
2,2026-10-04,14,161,186,60067.45,209.15
2,2026-10-04,15,141,115,37064.55,165.8
2,2026-10-04,16,127,94,29421.3,148.15
2,2026-10-04,17,568,162,50761.97,352.62
2,2026-10-04,18,293,310,103182.09,459.5
2,2026-10-04,19,96,260,86110.88,252.95
2,2026-10-04,20,39,111,33718.02,96.45
2,2026-10-04,21,0,39,13041.83,26.32
3,2026-09-28,9,323,46,13605.96,151.48
3,2026-09-28,10,101,135,44615.52,227.02
3,2026-09-28,11,110,128,39507.73,151.12
3,2026-09-28,12,464,155,47237.37,273.53
3,2026-09-28,13,104,208,67522.06,308.65
3,2026-09-28,14,88,167,51345.8,134.28
3,2026-09-28,15,103,54,15791.48,101.67
3,2026-09-28,16,95,86,23207.22,117.02
3,2026-09-28,17,407,119,40784.66,239.67
3,2026-09-28,18,215,199,62060.61,319.85
3,2026-09-28,19,65,183,60281.85,198.3
3,2026-09-28,20,35,82,24056.57,66.3
3,2026-09-28,21,0,33,9769.31,25.68
3,2026-09-29,9,372,51,15909.76,163.17
3,2026-09-29,10,123,169,50658.75,261.33
3,2026-09-29,11,113,140,46614.63,159.55
3,2026-09-29,12,442,128,43044.33,271.33
3,2026-09-29,13,110,224,72711.37,303.42
3,2026-09-29,14,145,155,50404.88,165.17
3,2026-09-29,15,113,95,29810.24,146.48
3,2026-09-29,16,115,89,28873.16,143.38
3,2026-09-29,17,428,124,42058.84,274.83
3,2026-09-29,18,211,226,68935.08,349.43
3,2026-09-29,19,64,198,58781.55,184.85
3,2026-09-29,20,34,81,27804.34,72.73
3,2026-09-29,21,0,29,6222.63,25.85
3,2026-09-30,9,362,54,17306.57,162.07
3,2026-09-30,10,105,152,49271.44,240.63
3,2026-09-30,11,133,136,47446.06,149.25
3,2026-09-30,12,509,151,52931.12,320.75
3,2026-09-30,13,117,226,73103.15,342.9
3,2026-09-30,14,128,162,52325.44,172.58
3,2026-09-30,15,139,110,36686.56,143.82
3,2026-09-30,16,126,91,27223.91,136.87
3,2026-09-30,17,535,160,48193.76,339.83
3,2026-09-30,18,211,248,79759.54,400.27
3,2026-09-30,19,82,219,74103.45,201.33
3,2026-09-30,20,51,96,28616.84,87.42
3,2026-09-30,21,0,47,16855.08,38.68
3,2026-10-01,9,398,53,16406.13,184.37
3,2026-10-01,10,149,181,57238.41,288.02
3,2026-10-01,11,126,177,59666.56,184.75
3,2026-10-01,12,536,152,52092.69,334.9
3,2026-10-01,13,148,248,75648.68,382.25
3,2026-10-01,14,123,206,63865.48,193.47
3,2026-10-01,15,139,100,27916.48,147.12
3,2026-10-01,16,142,98,33048.54,161.72
3,2026-10-01,17,537,169,51711.1,335.57
3,2026-10-01,18,258,270,85459.06,433.2
3,2026-10-01,19,89,232,72902.91,235.5
3,2026-10-01,20,47,89,24431.37,88.37
3,2026-10-01,21,0,40,10962.94,29.27
3,2026-10-02,9,426,49,14256.7,197.25
3,2026-10-02,10,153,201,63869.84,313.3
3,2026-10-02,11,131,177,60066.5,188.55
3,2026-10-02,12,596,185,56968.56,371.73
3,2026-10-02,13,145,273,84847.67,408.6
3,2026-10-02,14,146,216,72892.99,202.12
3,2026-10-02,15,136,99,33609.88,155.02
3,2026-10-02,16,154,103,33646.04,153.78
3,2026-10-02,17,589,169,51363.19,369.5
3,2026-10-02,18,287,329,104779.2,469.43
3,2026-10-02,19,108,262,82292.16,255.38
3,2026-10-02,20,58,118,37631.94,105.92
3,2026-10-02,21,0,55,16306.41,34.87
3,2026-10-03,9,491,77,24756.9,219.03
3,2026-10-03,10,177,216,72122.88,345.05
3,2026-10-03,11,166,204,65383.55,206.02
3,2026-10-03,12,697,195,61280.23,419.0
3,2026-10-03,13,177,335,110579.82,480.32
3,2026-10-03,14,168,266,83550.44,243.95
3,2026-10-03,15,168,117,38617.99,175.77
3,2026-10-03,16,164,114,35827.59,177.42
3,2026-10-03,17,691,188,58746.21,408.35
3,2026-10-03,18,364,365,113845.08,592.63
3,2026-10-03,19,94,320,103756.92,309.87
3,2026-10-03,20,52,118,40184.53,108.73
3,2026-10-03,21,0,56,17726.55,40.22
3,2026-10-04,9,464,53,15570.54,209.35
3,2026-10-04,10,152,203,65205.71,339.63
3,2026-10-04,11,143,191,62692.07,204.12
3,2026-10-04,12,624,185,59115.98,376.22
3,2026-10-04,13,168,304,94775.29,420.63
3,2026-10-04,14,164,217,70923.99,237.78
3,2026-10-04,15,160,135,40283.52,171.07
3,2026-10-04,16,162,118,38622.56,183.43
3,2026-10-04,17,595,205,67133.08,372.37
3,2026-10-04,18,313,290,90199.21,463.22
3,2026-10-04,19,90,276,92655.83,263.13
3,2026-10-04,20,58,104,33120.73,98.43
3,2026-10-04,21,0,45,12615.9,34.63
4,2026-09-28,9,327,44,12689.67,143.72
4,2026-09-28,10,123,147,42001.68,241.17
4,2026-09-28,11,135,144,46594.1,161.6
4,2026-09-28,12,455,128,39674.07,293.05
4,2026-09-28,13,112,228,74603.85,323.43
4,2026-09-28,14,124,165,57043.33,174.2
4,2026-09-28,15,130,100,30033.47,131.65
4,2026-09-28,16,126,87,29096.38,145.08
4,2026-09-28,17,482,165,54403.83,310.72
4,2026-09-28,18,222,254,82113.94,365.47
4,2026-09-28,19,80,172,50903.28,207.85
4,2026-09-28,20,50,95,32470.07,100.85
4,2026-09-28,21,0,45,15177.16,38.52
4,2026-09-29,9,381,48,17669.31,174.88
4,2026-09-29,10,120,176,54008.38,272.77
4,2026-09-29,11,128,154,51039.81,159.55
4,2026-09-29,12,487,134,42780.12,315.47
4,2026-09-29,13,126,259,79546.87,335.78
4,2026-09-29,14,127,161,51463.63,165.82
4,2026-09-29,15,130,89,28534.08,138.97
4,2026-09-29,16,113,98,32740.12,137.1
4,2026-09-29,17,476,144,47467.08,293.73
4,2026-09-29,18,238,259,80232.13,375.67
4,2026-09-29,19,66,208,63866.34,199.17
4,2026-09-29,20,51,90,26843.69,82.73
4,2026-09-29,21,0,43,12708.29,31.03
4,2026-09-30,9,362,46,16235.09,172.3
4,2026-09-30,10,109,162,49429.24,257.25
4,2026-09-30,11,122,146,49301.85,138.62
4,2026-09-30,12,534,138,46889.43,328.33
4,2026-09-30,13,114,267,80402.72,353.13
4,2026-09-30,14,113,172,56045.96,159.4
4,2026-09-30,15,130,85,28754.32,124.63
4,2026-09-30,16,138,89,27713.33,151.52
4,2026-09-30,17,488,164,56640.88,303.2
4,2026-09-30,18,244,237,79827.61,377.25
4,2026-09-30,19,68,197,65979.64,212.6
4,2026-09-30,20,55,89,28182.88,81.4
4,2026-09-30,21,0,45,13503.13,34.92
4,2026-10-01,9,435,58,17932.28,197.3
4,2026-10-01,10,146,193,62771.43,315.18
4,2026-10-01,11,144,162,49510.04,197.75
4,2026-10-01,12,599,176,55080.34,376.18
4,2026-10-01,13,118,272,91375.72,395.8
4,2026-10-01,14,150,214,68594.02,184.87
4,2026-10-01,15,152,88,27133.2,168.83
4,2026-10-01,16,117,109,32792.19,168.78
4,2026-10-01,17,568,169,51816.55,344.37
4,2026-10-01,18,314,289,91506.28,464.23
4,2026-10-01,19,81,252,80290.33,263.17
4,2026-10-01,20,55,114,34686.76,96.28
4,2026-10-01,21,0,55,20140.17,37.53
4,2026-10-02,9,416,74,24568.28,199.3
4,2026-10-02,10,149,185,57233.48,293.72
4,2026-10-02,11,140,137,46917.5,169.88
4,2026-10-02,12,579,161,51298.43,360.43
4,2026-10-02,13,114,288,86463.93,379.5
4,2026-10-02,14,170,192,62670.12,194.4
4,2026-10-02,15,133,107,33176.08,166.63
4,2026-10-02,16,169,118,38718.79,155.28
4,2026-10-02,17,582,172,52725.19,366.42
4,2026-10-02,18,300,312,100443.94,499.53
4,2026-10-02,19,62,259,81472.46,254.45
4,2026-10-02,20,60,102,32011.57,90.15
4,2026-10-02,21,0,54,15478.11,41.13
4,2026-10-03,9,493,69,22550.55,218.33
4,2026-10-03,10,150,213,67806.67,340.68
4,2026-10-03,11,160,184,59644.79,200.83
4,2026-10-03,12,615,193,60732.29,378.68
4,2026-10-03,13,143,292,98617.64,429.2
4,2026-10-03,14,154,219,73129.15,216.47
4,2026-10-03,15,143,120,33868.38,174.18
4,2026-10-03,16,149,116,40565.0,156.37
4,2026-10-03,17,624,183,53522.28,374.95
4,2026-10-03,18,356,313,98803.83,510.38
4,2026-10-03,19,97,277,86167.88,294.48
4,2026-10-03,20,53,120,40571.7,115.2
4,2026-10-03,21,0,53,14346.87,45.17
4,2026-10-04,9,448,58,16140.01,196.87
4,2026-10-04,10,140,209,66058.75,324.75
4,2026-10-04,11,152,191,59662.36,183.18
4,2026-10-04,12,590,167,54870.2,367.67
4,2026-10-04,13,130,292,90584.3,391.97
4,2026-10-04,14,136,196,62425.65,186.77
4,2026-10-04,15,135,98,31749.94,149.0
4,2026-10-04,16,118,117,40049.77,137.88
4,2026-10-04,17,537,155,48676.02,308.38
4,2026-10-04,18,260,269,85239.94,398.73
4,2026-10-04,19,86,220,69037.54,227.12
4,2026-10-04,20,43,90,29492.23,89.07
4,2026-10-04,21,0,48,14078.48,31.63
5,2026-09-28,9,345,47,17600.14,156.17
5,2026-09-28,10,119,149,52837.21,240.93
5,2026-09-28,11,137,133,42594.69,171.28
5,2026-09-28,12,560,173,58839.89,345.18
5,2026-09-28,13,123,254,81003.39,384.85
5,2026-09-28,14,117,188,63379.48,173.35
5,2026-09-28,15,125,109,34651.26,127.67
5,2026-09-28,16,119,75,23662.64,125.85
5,2026-09-28,17,434,119,35799.14,290.58
5,2026-09-28,18,250,245,79864.47,357.18
5,2026-09-28,19,67,186,58597.62,210.93
5,2026-09-28,20,46,95,30746.48,90.8
5,2026-09-28,21,0,38,12290.26,32.98
5,2026-09-29,9,333,50,16645.95,150.73
5,2026-09-29,10,122,140,42214.45,238.32
5,2026-09-29,11,113,141,44062.25,152.48
5,2026-09-29,12,410,115,33514.49,261.8
5,2026-09-29,13,93,194,64504.58,290.92
5,2026-09-29,14,125,167,56546.71,153.92
5,2026-09-29,15,122,91,30664.66,125.03
5,2026-09-29,16,108,84,26061.79,125.18
5,2026-09-29,17,400,131,44289.98,254.5
5,2026-09-29,18,253,226,71019.91,351.75
5,2026-09-29,19,66,206,66184.48,197.77
5,2026-09-29,20,43,81,27681.63,75.63
5,2026-09-29,21,0,43,15805.62,27.93
5,2026-09-30,9,384,47,17882.88,175.45
5,2026-09-30,10,119,168,54472.46,266.62
5,2026-09-30,11,150,145,49060.18,171.18
5,2026-09-30,12,515,159,50849.93,324.4
5,2026-09-30,13,125,261,84567.67,370.2
5,2026-09-30,14,142,201,63818.14,188.25
5,2026-09-30,15,128,105,34338.32,144.9
5,2026-09-30,16,140,97,33188.13,148.2
5,2026-09-30,17,532,158,51751.93,346.4
5,2026-09-30,18,267,308,101590.12,418.45
5,2026-09-30,19,67,203,65613.81,216.42
5,2026-09-30,20,45,95,28028.54,83.57
5,2026-09-30,21,0,40,11769.88,30.23
5,2026-10-01,9,394,57,17849.48,176.22
5,2026-10-01,10,134,180,55571.54,262.0
5,2026-10-01,11,118,140,46005.93,163.28
5,2026-10-01,12,542,147,47046.12,322.33
5,2026-10-01,13,140,264,85654.55,364.18
5,2026-10-01,14,115,181,61596.11,182.07
5,2026-10-01,15,132,93,29119.11,141.07
5,2026-10-01,16,117,111,35833.8,136.97
5,2026-10-01,17,499,136,47437.36,310.22
5,2026-10-01,18,288,255,83591.16,417.37
5,2026-10-01,19,78,238,74916.22,248.3
5,2026-10-01,20,48,111,34839.18,96.85
5,2026-10-01,21,0,48,15467.66,33.78
5,2026-10-02,9,499,70,21645.73,224.58
5,2026-10-02,10,136,221,70663.8,327.42
5,2026-10-02,11,138,176,57457.51,182.5
5,2026-10-02,12,636,168,56545.16,383.5
5,2026-10-02,13,151,295,93315.58,433.82
5,2026-10-02,14,139,210,66221.72,208.5
5,2026-10-02,15,171,107,30912.84,164.2
5,2026-10-02,16,175,115,34584.51,180.52
5,2026-10-02,17,698,195,66198.89,424.3
5,2026-10-02,18,332,341,109926.09,568.38
5,2026-10-02,19,114,331,102677.82,311.83
5,2026-10-02,20,58,106,33915.91,114.6
5,2026-10-02,21,0,62,17827.63,46.07
5,2026-10-03,9,520,78,24858.81,231.53
5,2026-10-03,10,171,232,75732.88,355.77
5,2026-10-03,11,189,209,69869.68,240.05
5,2026-10-03,12,666,177,55245.44,423.0
5,2026-10-03,13,158,353,110326.29,476.93
5,2026-10-03,14,183,239,75272.57,226.87
5,2026-10-03,15,186,128,44137.86,195.65
5,2026-10-03,16,169,115,36070.75,217.65
5,2026-10-03,17,718,240,79297.11,446.22
5,2026-10-03,18,317,341,112959.13,550.87
5,2026-10-03,19,111,291,99210.37,277.73
5,2026-10-03,20,67,111,39178.03,119.47
5,2026-10-03,21,0,67,19983.05,44.2
5,2026-10-04,9,431,59,16892.2,196.55
5,2026-10-04,10,137,195,63623.29,300.72
5,2026-10-04,11,120,151,47579.36,170.9
5,2026-10-04,12,563,138,46939.8,345.57
5,2026-10-04,13,132,285,91021.04,399.88
5,2026-10-04,14,132,202,67593.32,171.68
5,2026-10-04,15,159,99,30087.63,155.6
5,2026-10-04,16,128,118,37601.88,165.8
5,2026-10-04,17,537,162,49278.85,342.13
5,2026-10-04,18,272,295,97401.63,428.68
5,2026-10-04,19,92,211,65872.14,236.07
5,2026-10-04,20,62,101,32410.08,112.8
5,2026-10-04,21,0,67,22981.15,42.82
6,2026-09-28,9,360,50,15320.38,159.13
6,2026-09-28,10,145,154,50722.27,260.82
6,2026-09-28,11,109,146,46303.46,162.07
6,2026-09-28,12,471,129,39437.55,285.48
6,2026-09-28,13,119,227,72477.46,329.67
6,2026-09-28,14,135,187,63079.01,176.63
6,2026-09-28,15,121,92,31122.11,145.1
6,2026-09-28,16,108,90,29040.41,115.02
6,2026-09-28,17,492,135,42841.9,298.77
6,2026-09-28,18,222,228,74192.93,382.93
6,2026-09-28,19,80,197,63187.92,215.47
6,2026-09-28,20,29,84,26112.4,76.4
6,2026-09-28,21,0,34,10781.44,21.65
6,2026-09-29,9,400,53,16155.06,182.3
6,2026-09-29,10,130,175,57608.29,282.45
6,2026-09-29,11,141,153,44600.05,177.67
6,2026-09-29,12,489,171,55165.44,306.47
6,2026-09-29,13,127,246,72765.54,330.23
6,2026-09-29,14,151,158,50081.02,190.18
6,2026-09-29,15,134,110,35609.2,172.37
6,2026-09-29,16,138,109,37348.32,152.85
6,2026-09-29,17,570,165,54132.13,367.78
6,2026-09-29,18,264,279,94856.52,454.73
6,2026-09-29,19,83,228,76905.56,230.03
6,2026-09-29,20,47,91,28765.48,88.2
6,2026-09-29,21,0,46,16330.92,36.78
6,2026-09-30,9,443,60,21811.95,196.58
6,2026-09-30,10,149,213,72611.08,304.47
6,2026-09-30,11,154,169,54676.37,186.65
6,2026-09-30,12,601,172,57917.05,369.23
6,2026-09-30,13,124,279,91658.7,420.72
6,2026-09-30,14,144,206,64843.84,193.45
6,2026-09-30,15,147,115,38297.33,159.93
6,2026-09-30,16,134,110,35718.28,158.65
6,2026-09-30,17,567,162,51922.02,347.12
6,2026-09-30,18,274,274,91669.17,439.55
6,2026-09-30,19,84,233,77836.26,243.93
6,2026-09-30,20,52,106,34667.23,110.02
6,2026-09-30,21,0,55,18509.55,37.15
6,2026-10-01,9,420,59,18817.62,184.18
6,2026-10-01,10,124,178,60054.46,291.9
6,2026-10-01,11,160,176,58090.76,184.72
6,2026-10-01,12,603,192,63722.33,382.75
6,2026-10-01,13,119,295,99290.68,401.27
6,2026-10-01,14,154,196,63117.16,195.85
6,2026-10-01,15,150,108,32518.73,165.12
6,2026-10-01,16,118,108,34119.17,160.72
6,2026-10-01,17,605,187,61679.58,355.08
6,2026-10-01,18,314,298,92610.43,490.05
6,2026-10-01,19,69,274,86401.94,253.43
6,2026-10-01,20,54,94,25504.96,84.9
6,2026-10-01,21,0,47,14982.11,38.43
6,2026-10-02,9,495,76,25770.73,222.08
6,2026-10-02,10,163,207,66517.91,343.03
6,2026-10-02,11,163,190,60770.37,223.93
6,2026-10-02,12,651,197,63892.21,406.05
6,2026-10-02,13,133,314,98589.97,440.32
6,2026-10-02,14,184,219,66244.6,230.47
6,2026-10-02,15,190,129,37817.61,207.52
6,2026-10-02,16,140,143,45958.08,178.7
6,2026-10-02,17,634,173,56839.07,393.97
6,2026-10-02,18,315,323,100798.33,508.0
6,2026-10-02,19,96,261,81003.87,283.57
6,2026-10-02,20,51,118,44136.72,101.92
6,2026-10-02,21,0,49,14118.41,40.1
6,2026-10-03,9,556,85,29738.23,253.62
6,2026-10-03,10,179,260,81849.23,398.18
6,2026-10-03,11,187,216,67251.86,217.37
6,2026-10-03,12,715,176,54571.16,450.63
6,2026-10-03,13,188,379,122861.85,510.98
6,2026-10-03,14,181,233,75901.26,255.88
6,2026-10-03,15,184,152,49279.7,198.72
6,2026-10-03,16,177,136,49040.53,193.43
6,2026-10-03,17,715,216,68400.7,441.45
6,2026-10-03,18,355,373,124531.31,555.65
6,2026-10-03,19,105,308,96008.81,301.52
6,2026-10-03,20,74,124,41919.45,120.38
6,2026-10-03,21,0,72,20072.08,55.5
6,2026-10-04,9,511,69,22836.97,233.8
6,2026-10-04,10,162,233,74538.9,375.95
6,2026-10-04,11,168,207,65713.99,219.93
6,2026-10-04,12,677,200,64397.52,415.38
6,2026-10-04,13,193,327,104392.57,475.23
6,2026-10-04,14,199,236,69524.73,250.63
6,2026-10-04,15,174,152,47845.4,208.83
6,2026-10-04,16,174,149,45437.64,172.45
6,2026-10-04,17,677,168,54526.37,418.62
6,2026-10-04,18,330,339,103695.05,544.23
6,2026-10-04,19,106,314,104108.6,306.92
6,2026-10-04,20,64,135,42259.19,116.0
6,2026-10-04,21,0,60,21007.42,43.08
7,2026-09-28,9,380,56,17920.65,166.88
7,2026-09-28,10,116,156,51023.98,254.22
7,2026-09-28,11,125,143,45511.71,154.2
7,2026-09-28,12,479,139,44114.47,294.27
7,2026-09-28,13,150,244,74884.95,351.88
7,2026-09-28,14,95,183,55573.23,173.17
7,2026-09-28,15,124,96,29342.55,121.3
7,2026-09-28,16,128,73,27738.19,137.55
7,2026-09-28,17,511,158,57192.32,311.62
7,2026-09-28,18,262,272,88320.23,402.27
7,2026-09-28,19,77,205,65016.19,234.97
7,2026-09-28,20,45,110,33001.87,86.82
7,2026-09-28,21,0,40,12790.08,25.4
7,2026-09-29,9,378,67,20956.22,174.05
7,2026-09-29,10,120,161,54814.38,245.68
7,2026-09-29,11,136,135,46978.55,157.28
7,2026-09-29,12,484,145,46720.85,320.35
7,2026-09-29,13,139,262,83283.21,336.18
7,2026-09-29,14,139,150,54932.8,183.35
7,2026-09-29,15,144,105,36139.94,164.55
7,2026-09-29,16,116,89,30114.65,155.97
7,2026-09-29,17,484,165,55378.78,319.08
7,2026-09-29,18,238,270,85227.46,365.98
7,2026-09-29,19,82,197,62381.1,213.32
7,2026-09-29,20,42,94,31247.72,97.72
7,2026-09-29,21,0,47,12809.09,31.52
7,2026-09-30,9,450,64,21104.09,205.43
7,2026-09-30,10,157,212,65685.02,307.33
7,2026-09-30,11,137,172,59064.86,187.87
7,2026-09-30,12,568,151,50399.55,367.12
7,2026-09-30,13,123,290,94986.75,393.02
7,2026-09-30,14,156,196,61483.28,189.17
7,2026-09-30,15,152,102,33007.84,171.35
7,2026-09-30,16,132,121,39574.14,163.48
7,2026-09-30,17,571,173,51816.27,346.22
7,2026-09-30,18,271,290,96997.5,447.45
7,2026-09-30,19,82,235,80996.81,234.45
7,2026-09-30,20,58,100,32412.81,91.6
7,2026-09-30,21,0,50,14218.19,41.9
7,2026-10-01,9,488,61,19510.26,216.97
7,2026-10-01,10,157,217,69197.66,347.42
7,2026-10-01,11,171,196,65184.92,222.85
7,2026-10-01,12,649,171,56640.95,413.02
7,2026-10-01,13,152,325,101365.69,453.53
7,2026-10-01,14,164,240,74633.96,220.2
7,2026-10-01,15,169,124,40180.31,169.05
7,2026-10-01,16,156,108,38800.92,180.23
7,2026-10-01,17,595,205,66106.71,376.0
7,2026-10-01,18,325,293,90843.98,485.27
7,2026-10-01,19,81,293,92704.08,265.78
7,2026-10-01,20,72,111,42687.0,96.27
7,2026-10-01,21,0,52,18322.28,43.38
7,2026-10-02,9,533,88,26466.81,236.2
7,2026-10-02,10,153,208,65964.94,360.68
7,2026-10-02,11,190,211,74800.4,227.8
7,2026-10-02,12,709,211,63747.72,426.55
7,2026-10-02,13,169,310,94127.28,506.38
7,2026-10-02,14,167,264,82906.91,241.8
7,2026-10-02,15,187,124,43013.04,195.85
7,2026-10-02,16,155,126,39275.92,201.12
7,2026-10-02,17,722,203,64666.46,428.17
7,2026-10-02,18,322,354,115031.46,566.1
7,2026-10-02,19,114,299,94786.19,301.88
7,2026-10-02,20,56,137,46287.24,123.42
7,2026-10-02,21,0,52,15763.97,40.4
7,2026-10-03,9,522,75,27018.9,238.68
7,2026-10-03,10,163,225,67080.63,373.18
7,2026-10-03,11,171,229,71961.24,227.95
7,2026-10-03,12,677,176,51119.69,393.02
7,2026-10-03,13,140,321,101835.87,445.38
7,2026-10-03,14,166,224,71661.11,217.4
7,2026-10-03,15,151,111,34272.72,181.8
7,2026-10-03,16,156,134,46112.85,174.95
7,2026-10-03,17,689,164,52022.05,412.08
7,2026-10-03,18,333,379,123883.97,558.6
7,2026-10-03,19,99,293,96190.56,282.22
7,2026-10-03,20,69,113,35499.93,116.22
7,2026-10-03,21,0,61,21284.64,42.0
7,2026-10-04,9,449,63,23639.64,204.88
7,2026-10-04,10,152,179,56913.37,319.88
7,2026-10-04,11,172,181,55513.65,208.57
7,2026-10-04,12,640,192,55812.56,395.75
7,2026-10-04,13,156,318,106857.85,429.3
7,2026-10-04,14,158,223,74067.61,210.25
7,2026-10-04,15,172,123,38956.35,173.37
7,2026-10-04,16,163,117,39460.76,183.5
7,2026-10-04,17,650,191,63384.09,397.52
7,2026-10-04,18,320,335,104179.09,523.2
7,2026-10-04,19,96,288,96869.76,275.23
7,2026-10-04,20,61,110,34901.24,113.98
7,2026-10-04,21,0,62,19977.98,45.03
8,2026-09-28,9,343,41,13066.86,162.18
8,2026-09-28,10,104,157,51742.16,237.37
8,2026-09-28,11,131,132,43591.93,160.1
8,2026-09-28,12,519,155,50994.58,326.73
8,2026-09-28,13,116,235,70664.3,340.62
8,2026-09-28,14,100,171,56949.9,157.27
8,2026-09-28,15,130,86,28493.45,125.53
8,2026-09-28,16,126,86,27120.77,135.55
8,2026-09-28,17,477,121,39671.88,304.77
8,2026-09-28,18,256,262,83437.7,399.18
8,2026-09-28,19,69,219,75152.95,219.55
8,2026-09-28,20,42,87,28693.69,79.07
8,2026-09-28,21,0,44,11188.78,38.47
8,2026-09-29,9,311,39,12852.92,146.12
8,2026-09-29,10,102,136,44160.57,225.32
8,2026-09-29,11,107,125,41974.38,130.9
8,2026-09-29,12,495,128,42815.8,295.05
8,2026-09-29,13,107,215,62381.48,343.43
8,2026-09-29,14,120,170,55401.21,157.28
8,2026-09-29,15,113,94,28755.17,136.28
8,2026-09-29,16,106,95,29376.3,110.22
8,2026-09-29,17,484,142,42297.95,289.82
8,2026-09-29,18,237,227,68761.66,387.55
8,2026-09-29,19,70,218,68161.51,207.92
8,2026-09-29,20,50,90,27930.41,81.93
8,2026-09-29,21,0,50,16436.07,36.53
8,2026-09-30,9,433,71,21973.96,192.2
8,2026-09-30,10,159,178,59728.75,312.67
8,2026-09-30,11,137,191,56091.11,182.65
8,2026-09-30,12,615,152,47416.3,389.88
8,2026-09-30,13,123,309,97908.59,405.25
8,2026-09-30,14,149,204,66124.41,196.08
8,2026-09-30,15,157,98,34818.39,165.28
8,2026-09-30,16,143,118,34949.45,161.48
8,2026-09-30,17,599,174,56835.02,350.07
8,2026-09-30,18,280,282,91472.09,474.08
8,2026-09-30,19,83,262,82186.28,255.4
8,2026-09-30,20,48,108,32619.59,94.5
8,2026-09-30,21,0,43,14206.21,33.5
8,2026-10-01,9,411,52,15917.44,184.38
8,2026-10-01,10,121,180,60962.1,274.0
8,2026-10-01,11,135,156,48864.59,172.37
8,2026-10-01,12,551,146,42991.99,332.18
8,2026-10-01,13,108,272,91511.0,375.37
8,2026-10-01,14,128,175,61231.11,160.67
8,2026-10-01,15,150,80,25834.48,155.07
8,2026-10-01,16,121,131,43975.21,154.28
8,2026-10-01,17,581,152,49722.24,353.77
8,2026-10-01,18,283,298,89919.44,454.53
8,2026-10-01,19,89,241,78995.13,246.52
8,2026-10-01,20,56,117,40919.93,98.82
8,2026-10-01,21,0,52,17693.85,39.17
8,2026-10-02,9,454,74,24281.46,196.4
8,2026-10-02,10,151,185,56730.2,315.83
8,2026-10-02,11,159,179,62370.45,200.28
8,2026-10-02,12,681,204,64569.17,420.03
8,2026-10-02,13,152,318,111356.64,462.3
8,2026-10-02,14,175,233,78305.31,224.18
8,2026-10-02,15,154,112,38781.16,172.48
8,2026-10-02,16,177,137,40292.7,188.88
8,2026-10-02,17,629,195,64854.41,395.37
8,2026-10-02,18,332,319,101979.32,503.15
8,2026-10-02,19,109,282,84469.91,301.53
8,2026-10-02,20,60,122,38916.53,120.48
8,2026-10-02,21,0,64,22500.21,43.22
8,2026-10-03,9,501,63,20397.48,220.93
8,2026-10-03,10,164,226,70412.4,349.92
8,2026-10-03,11,135,177,61697.42,199.25
8,2026-10-03,12,633,188,55545.88,381.82
8,2026-10-03,13,194,321,107830.54,440.68
8,2026-10-03,14,181,229,73249.78,250.25
8,2026-10-03,15,164,141,44825.35,195.07
8,2026-10-03,16,142,122,36742.03,164.68
8,2026-10-03,17,657,172,58630.86,390.93
8,2026-10-03,18,342,331,105527.6,560.47
8,2026-10-03,19,93,309,102458.1,289.6
8,2026-10-03,20,67,112,34516.07,105.58
8,2026-10-03,21,0,53,15725.72,41.58
8,2026-10-04,9,446,81,25899.92,194.65
8,2026-10-04,10,143,191,65722.56,307.38
8,2026-10-04,11,179,175,56953.49,210.27
8,2026-10-04,12,589,174,53824.33,377.38
8,2026-10-04,13,145,311,98646.86,409.58
8,2026-10-04,14,164,198,68260.73,205.07
8,2026-10-04,15,159,116,34977.42,164.25
8,2026-10-04,16,146,111,35192.14,168.82
8,2026-10-04,17,592,189,59528.89,360.72
8,2026-10-04,18,312,320,108754.25,473.13
8,2026-10-04,19,98,265,88498.43,268.22
8,2026-10-04,20,63,115,34639.16,108.95
8,2026-10-04,21,0,59,19390.48,44.17
9,2026-09-28,9,315,34,11642.34,138.0
9,2026-09-28,10,122,146,47181.53,234.22
9,2026-09-28,11,102,130,44540.5,142.77
9,2026-09-28,12,467,139,43529.19,268.8
9,2026-09-28,13,98,241,75668.55,304.67
9,2026-09-28,14,124,146,50408.06,154.15
9,2026-09-28,15,117,87,25430.39,145.8
9,2026-09-28,16,126,93,30756.02,135.83
9,2026-09-28,17,493,148,43941.85,302.52
9,2026-09-28,18,216,252,79965.8,368.05
9,2026-09-28,19,53,177,55991.33,192.23
9,2026-09-28,20,45,82,25922.16,69.13
9,2026-09-28,21,0,27,7300.67,26.37
9,2026-09-29,9,356,56,17733.08,161.93
9,2026-09-29,10,115,163,50427.47,235.07
9,2026-09-29,11,133,134,41046.6,162.98
9,2026-09-29,12,495,156,46509.11,319.15
9,2026-09-29,13,104,230,74533.52,326.73
9,2026-09-29,14,114,167,58489.67,149.9
9,2026-09-29,15,119,92,30746.26,129.57
9,2026-09-29,16,120,69,23589.92,137.27
9,2026-09-29,17,490,136,45898.89,296.77
9,2026-09-29,18,241,248,76598.45,398.13
9,2026-09-29,19,82,224,69924.64,216.18
9,2026-09-29,20,48,82,28410.32,77.52
9,2026-09-29,21,0,51,14999.72,36.17
9,2026-09-30,9,432,44,12081.0,193.0
9,2026-09-30,10,143,197,58344.12,320.93
9,2026-09-30,11,153,198,66482.38,189.0
9,2026-09-30,12,571,172,54770.55,331.58
9,2026-09-30,13,126,273,83799.27,376.5
9,2026-09-30,14,151,178,54779.74,191.72
9,2026-09-30,15,129,111,34307.61,158.87
9,2026-09-30,16,141,111,34428.24,136.07
9,2026-09-30,17,562,136,45257.86,342.9
9,2026-09-30,18,291,280,93814.5,469.83
9,2026-09-30,19,79,262,78177.06,256.0
9,2026-09-30,20,58,99,32284.23,97.52
9,2026-09-30,21,0,57,18810.16,39.52
9,2026-10-01,9,385,58,18332.61,166.55
9,2026-10-01,10,143,170,53121.31,275.62
9,2026-10-01,11,141,175,58821.31,183.83
9,2026-10-01,12,550,161,50388.47,320.9
9,2026-10-01,13,140,259,79111.5,384.18
9,2026-10-01,14,114,184,60330.08,186.12
9,2026-10-01,15,134,88,29517.05,135.15
9,2026-10-01,16,139,103,32143.41,151.88
9,2026-10-01,17,510,165,58632.31,326.45
9,2026-10-01,18,229,252,86459.42,399.73
9,2026-10-01,19,80,207,67922.46,214.25
9,2026-10-01,20,40,82,25253.4,80.47
9,2026-10-01,21,0,34,11989.09,27.48
9,2026-10-02,9,490,67,22864.48,225.45
9,2026-10-02,10,154,214,69217.24,347.83
9,2026-10-02,11,176,203,67553.55,210.05
9,2026-10-02,12,626,183,57044.03,387.23
9,2026-10-02,13,165,308,101754.19,432.28
9,2026-10-02,14,162,234,71579.5,229.85
9,2026-10-02,15,157,119,37339.35,169.15
9,2026-10-02,16,158,120,38220.35,177.2
9,2026-10-02,17,721,211,65382.32,434.48
9,2026-10-02,18,342,346,101521.63,580.18
9,2026-10-02,19,109,331,105402.09,323.77
9,2026-10-02,20,58,110,35261.69,106.88
9,2026-10-02,21,0,65,18410.1,47.62
9,2026-10-03,9,531,68,20401.33,236.63
9,2026-10-03,10,150,215,68569.25,352.53
9,2026-10-03,11,175,197,58288.11,220.18
9,2026-10-03,12,719,199,67559.62,434.25
9,2026-10-03,13,155,321,105073.72,506.55
9,2026-10-03,14,166,240,73553.81,236.65
9,2026-10-03,15,197,130,42524.5,200.87
9,2026-10-03,16,150,117,37953.45,205.05
9,2026-10-03,17,675,191,60996.15,410.23
9,2026-10-03,18,372,349,115759.43,571.68
9,2026-10-03,19,106,323,107755.56,331.27
9,2026-10-03,20,69,142,44725.77,121.35
9,2026-10-03,21,0,71,24850.4,47.35
9,2026-10-04,9,435,58,21088.07,193.38
9,2026-10-04,10,152,203,70796.09,314.15
9,2026-10-04,11,154,175,59842.25,184.95
9,2026-10-04,12,560,170,55511.78,361.87
9,2026-10-04,13,149,268,87229.11,396.82
9,2026-10-04,14,133,217,75560.72,195.92
9,2026-10-04,15,147,93,28362.84,157.4
9,2026-10-04,16,137,115,34439.87,166.03
9,2026-10-04,17,606,159,52877.25,368.2
9,2026-10-04,18,298,334,102868.56,487.37
9,2026-10-04,19,85,248,76841.52,248.37
9,2026-10-04,20,53,96,31950.8,100.23
9,2026-10-04,21,0,51,14644.75,38.62
10,2026-09-28,9,305,36,11549.78,147.83
10,2026-09-28,10,122,138,42929.74,224.53
10,2026-09-28,11,108,123,36930.61,139.4
10,2026-09-28,12,460,139,44273.82,274.22
10,2026-09-28,13,99,200,66113.1,296.33
10,2026-09-28,14,112,141,45918.43,146.67
10,2026-09-28,15,104,76,23313.07,117.62
10,2026-09-28,16,96,84,28703.95,116.27
10,2026-09-28,17,449,126,40395.91,261.32
10,2026-09-28,18,216,234,69823.1,339.83
10,2026-09-28,19,68,186,56191.19,196.88
10,2026-09-28,20,40,89,25696.29,75.58
10,2026-09-28,21,0,34,10588.64,25.78
10,2026-09-29,9,357,43,13256.7,158.73
10,2026-09-29,10,130,163,53703.37,256.72
10,2026-09-29,11,118,153,49200.33,144.57
10,2026-09-29,12,476,128,40618.55,291.67
10,2026-09-29,13,130,242,73850.14,322.52
10,2026-09-29,14,121,176,55343.85,165.05
10,2026-09-29,15,128,87,32679.23,117.85
10,2026-09-29,16,118,93,30596.25,132.42
10,2026-09-29,17,509,159,53748.63,306.98
10,2026-09-29,18,283,242,73651.92,432.1
10,2026-09-29,19,66,250,82672.71,231.4
10,2026-09-29,20,45,99,33145.78,77.17
10,2026-09-29,21,0,35,13250.18,24.8
10,2026-09-30,9,432,64,22373.69,199.98
10,2026-09-30,10,150,196,65716.31,302.52
10,2026-09-30,11,140,163,49298.84,173.58
10,2026-09-30,12,534,138,44386.28,344.0
10,2026-09-30,13,127,260,80095.45,382.73
10,2026-09-30,14,148,186,59702.11,191.2
10,2026-09-30,15,127,105,32551.39,155.83
10,2026-09-30,16,115,87,26354.85,139.17
10,2026-09-30,17,539,156,49079.36,325.33
10,2026-09-30,18,274,260,82438.63,424.67
10,2026-09-30,19,75,241,75614.96,235.33
10,2026-09-30,20,57,104,31014.78,93.92
10,2026-09-30,21,0,48,14274.27,35.55
10,2026-10-01,9,433,57,17252.93,185.1
10,2026-10-01,10,142,186,56939.04,313.08
10,2026-10-01,11,158,169,54166.6,197.05
10,2026-10-01,12,539,165,52779.56,343.73
10,2026-10-01,13,127,258,83788.77,371.32
10,2026-10-01,14,144,188,60073.28,191.2
10,2026-10-01,15,140,102,33278.13,163.83
10,2026-10-01,16,125,86,30951.18,162.42
10,2026-10-01,17,587,182,55881.54,359.82
10,2026-10-01,18,291,287,90802.24,455.35
10,2026-10-01,19,86,255,77147.26,267.0
10,2026-10-01,20,51,82,24917.04,100.75
10,2026-10-01,21,0,52,13898.9,32.63
10,2026-10-02,9,428,63,20645.68,195.8
10,2026-10-02,10,161,185,60551.35,313.18
10,2026-10-02,11,156,179,56795.14,194.92
10,2026-10-02,12,573,157,48672.81,365.05
10,2026-10-02,13,134,286,82724.4,405.37
10,2026-10-02,14,169,204,63686.79,199.3
10,2026-10-02,15,139,128,44154.58,165.07
10,2026-10-02,16,125,110,33698.47,142.83
10,2026-10-02,17,612,164,58004.3,354.17
10,2026-10-02,18,327,297,90201.24,482.73
10,2026-10-02,19,92,266,89972.94,265.37
10,2026-10-02,20,43,110,33452.79,96.48
10,2026-10-02,21,0,44,12671.36,32.6
10,2026-10-03,9,491,73,23899.78,230.83
10,2026-10-03,10,143,204,61158.17,332.98
10,2026-10-03,11,169,191,56619.59,213.65
10,2026-10-03,12,676,188,57732.5,404.65
10,2026-10-03,13,128,313,100615.39,454.45
10,2026-10-03,14,171,208,70828.83,214.68
10,2026-10-03,15,143,127,41169.01,171.8
10,2026-10-03,16,148,113,37139.77,160.32
10,2026-10-03,17,650,177,58512.51,399.38
10,2026-10-03,18,316,350,117533.58,522.33
10,2026-10-03,19,96,283,87299.25,271.75
10,2026-10-03,20,52,102,31555.69,105.6
10,2026-10-03,21,0,50,15288.06,38.1
10,2026-10-04,9,440,60,18065.84,195.4
10,2026-10-04,10,140,195,62239.91,317.65
10,2026-10-04,11,134,163,50755.21,177.7
10,2026-10-04,12,634,172,54134.52,380.77
10,2026-10-04,13,126,302,94861.7,403.98
10,2026-10-04,14,151,198,62563.38,201.62
10,2026-10-04,15,162,122,37195.1,164.33
10,2026-10-04,16,133,102,31689.46,150.13
10,2026-10-04,17,619,175,53085.68,357.88
10,2026-10-04,18,277,322,102292.06,492.78
10,2026-10-04,19,98,266,87443.19,258.38
10,2026-10-04,20,56,96,29000.21,105.23
10,2026-10-04,21,0,56,16327.38,41.33
11,2026-09-28,9,317,40,12368.25,146.3
11,2026-09-28,10,120,140,44989.7,238.63
11,2026-09-28,11,125,137,45627.03,155.82
11,2026-09-28,12,463,153,50830.69,291.58
11,2026-09-28,13,113,222,71016.92,317.6
11,2026-09-28,14,105,157,50584.83,150.53
11,2026-09-28,15,111,104,31443.5,111.32
11,2026-09-28,16,111,70,22605.1,109.95
11,2026-09-28,17,466,128,43387.38,293.67
11,2026-09-28,18,224,240,69935.22,356.78
11,2026-09-28,19,75,192,59898.7,208.6
11,2026-09-28,20,34,88,30558.26,81.12
11,2026-09-28,21,0,32,9660.55,31.02
11,2026-09-29,9,358,57,18014.57,167.85
11,2026-09-29,10,86,136,43988.15,236.05
11,2026-09-29,11,99,130,42123.76,128.37
11,2026-09-29,12,445,125,43245.38,256.92
11,2026-09-29,13,96,216,69033.78,277.4
11,2026-09-29,14,107,132,43343.96,145.78
11,2026-09-29,15,127,94,31125.82,125.43
11,2026-09-29,16,105,78,23452.43,120.65
11,2026-09-29,17,463,131,39577.5,293.6
11,2026-09-29,18,248,258,79594.51,380.38
11,2026-09-29,19,63,204,74276.37,209.43
11,2026-09-29,20,45,91,28597.43,74.32
11,2026-09-29,21,0,35,10014.91,25.15
11,2026-09-30,9,437,62,21048.58,204.17
11,2026-09-30,10,134,200,59996.25,302.52
11,2026-09-30,11,153,187,60579.14,184.73
11,2026-09-30,12,551,165,52223.9,330.9
11,2026-09-30,13,123,255,84981.95,379.35
11,2026-09-30,14,110,200,64634.72,161.98
11,2026-09-30,15,126,86,27433.03,129.32
11,2026-09-30,16,129,74,24708.1,146.73
11,2026-09-30,17,538,144,45849.0,337.07
11,2026-09-30,18,259,287,91281.95,430.0
11,2026-09-30,19,97,235,76700.03,227.25
11,2026-09-30,20,59,98,30693.35,103.95
11,2026-09-30,21,0,54,15932.01,37.7
11,2026-10-01,9,401,54,19574.28,184.38
11,2026-10-01,10,149,179,59509.68,293.82
11,2026-10-01,11,143,172,56090.62,186.93
11,2026-10-01,12,581,182,60182.28,354.73
11,2026-10-01,13,130,278,86289.3,394.82
11,2026-10-01,14,148,206,67476.11,202.03
11,2026-10-01,15,139,100,34082.59,131.12
11,2026-10-01,16,151,88,28330.82,161.37
11,2026-10-01,17,581,195,64403.13,373.07
11,2026-10-01,18,245,302,95710.23,445.43
11,2026-10-01,19,96,228,73650.22,224.82
11,2026-10-01,20,41,95,27527.55,94.07
11,2026-10-01,21,0,49,17136.78,30.82
11,2026-10-02,9,482,63,18465.22,222.9
11,2026-10-02,10,137,195,64320.48,335.93
11,2026-10-02,11,165,198,62136.17,192.78
11,2026-10-02,12,611,170,53031.03,371.75
11,2026-10-02,13,152,301,93036.56,412.28
11,2026-10-02,14,184,202,62768.91,221.62
11,2026-10-02,15,173,118,37026.33,201.67
11,2026-10-02,16,139,129,38418.12,175.08
11,2026-10-02,17,626,189,57541.1,378.97
11,2026-10-02,18,336,312,99513.42,499.22
11,2026-10-02,19,97,287,100733.91,295.67
11,2026-10-02,20,54,115,37650.85,114.7
11,2026-10-02,21,0,65,22136.07,46.53
11,2026-10-03,9,428,57,18234.25,198.63
11,2026-10-03,10,139,195,64906.53,290.53
11,2026-10-03,11,145,168,55942.2,181.6
11,2026-10-03,12,623,186,60153.7,359.9
11,2026-10-03,13,153,295,96163.07,410.33
11,2026-10-03,14,150,215,68371.32,198.58
11,2026-10-03,15,161,107,37569.11,168.85
11,2026-10-03,16,169,122,39950.86,182.68
11,2026-10-03,17,632,194,61187.52,399.6
11,2026-10-03,18,340,321,102829.53,535.28
11,2026-10-03,19,83,288,92475.77,304.43
11,2026-10-03,20,55,113,35094.98,107.37
11,2026-10-03,21,0,54,19749.56,39.02
11,2026-10-04,9,414,67,23368.22,178.62
11,2026-10-04,10,129,169,52938.81,281.82
11,2026-10-04,11,148,161,47333.79,176.38
11,2026-10-04,12,592,185,64078.76,378.6
11,2026-10-04,13,133,275,87695.8,399.55
11,2026-10-04,14,145,197,60153.19,189.75
11,2026-10-04,15,144,113,36533.59,159.92
11,2026-10-04,16,145,112,38231.0,153.43
11,2026-10-04,17,598,175,55764.82,370.23
11,2026-10-04,18,306,317,97940.9,473.3
11,2026-10-04,19,94,260,84127.02,264.23
11,2026-10-04,20,53,113,36182.45,104.23
11,2026-10-04,21,0,49,15113.15,32.15
12,2026-09-28,9,420,61,19744.08,186.27
12,2026-09-28,10,162,184,59020.21,320.57
12,2026-09-28,11,147,184,62622.72,202.08
12,2026-09-28,12,593,169,55724.7,355.98
12,2026-09-28,13,160,296,97605.2,407.35
12,2026-09-28,14,138,205,68200.56,203.73
12,2026-09-28,15,154,119,37220.42,163.17
12,2026-09-28,16,155,110,35331.55,182.68
12,2026-09-28,17,585,180,55298.2,372.65
12,2026-09-28,18,315,305,99878.47,463.6
12,2026-09-28,19,102,269,91041.95,278.67
12,2026-09-28,20,52,125,38086.79,116.02
12,2026-09-28,21,0,44,13815.56,34.35
12,2026-09-29,9,461,69,19502.19,209.37
12,2026-09-29,10,146,220,71010.32,302.83
12,2026-09-29,11,144,150,47625.7,184.23
12,2026-09-29,12,606,180,54586.8,361.42
12,2026-09-29,13,157,286,94012.42,414.92
12,2026-09-29,14,155,217,69600.3,214.1
12,2026-09-29,15,154,108,33490.42,165.82
12,2026-09-29,16,147,113,36157.56,169.57
12,2026-09-29,17,573,168,61949.74,361.18
12,2026-09-29,18,270,294,100748.5,455.7
12,2026-09-29,19,110,237,73441.89,248.08
12,2026-09-29,20,66,107,34229.3,113.77
12,2026-09-29,21,0,59,21842.73,45.7
12,2026-09-30,9,415,60,19220.89,185.72
12,2026-09-30,10,157,189,64807.28,301.48
12,2026-09-30,11,165,172,51845.73,195.1
12,2026-09-30,12,547,187,60219.53,346.52
12,2026-09-30,13,154,275,86178.14,385.38
12,2026-09-30,14,130,191,56603.74,200.13
12,2026-09-30,15,161,104,35058.69,163.43
12,2026-09-30,16,152,110,35175.65,169.07
12,2026-09-30,17,575,178,55025.43,359.13
12,2026-09-30,18,258,299,100114.87,451.28
12,2026-09-30,19,77,242,78345.62,252.55
12,2026-09-30,20,43,95,30857.21,84.02
12,2026-09-30,21,0,44,14247.75,33.0
12,2026-10-01,9,460,69,22350.97,202.33
12,2026-10-01,10,144,186,57824.4,325.52
12,2026-10-01,11,180,188,56607.01,225.98
12,2026-10-01,12,632,205,64626.91,406.88
12,2026-10-01,13,150,308,88565.82,423.73
12,2026-10-01,14,156,225,73653.13,205.67
12,2026-10-01,15,155,108,34402.79,169.82
12,2026-10-01,16,138,110,35281.38,160.33
12,2026-10-01,17,687,181,56118.85,404.25
12,2026-10-01,18,320,339,110535.44,535.37
12,2026-10-01,19,99,293,96407.31,281.02
12,2026-10-01,20,71,116,38554.87,115.27
12,2026-10-01,21,0,57,17100.1,47.1
12,2026-10-02,9,582,80,23337.98,264.12
12,2026-10-02,10,163,244,81832.71,412.45
12,2026-10-02,11,204,238,75972.25,236.0
12,2026-10-02,12,759,202,63765.06,475.6
12,2026-10-02,13,206,400,119970.16,524.42
12,2026-10-02,14,181,256,78713.48,269.77
12,2026-10-02,15,206,139,40569.84,209.05
12,2026-10-02,16,183,138,41431.78,198.8
12,2026-10-02,17,773,223,74371.87,474.37
12,2026-10-02,18,362,415,134336.36,607.48
12,2026-10-02,19,95,305,97646.5,296.92
12,2026-10-02,20,77,113,39292.44,127.27
12,2026-10-02,21,0,76,24600.52,56.37
12,2026-10-03,9,571,93,30267.16,266.72
12,2026-10-03,10,171,244,76806.06,377.9
12,2026-10-03,11,190,199,59367.94,231.6
12,2026-10-03,12,711,216,69762.2,454.07
12,2026-10-03,13,164,364,123185.71,488.22
12,2026-10-03,14,201,243,76351.28,243.12
12,2026-10-03,15,180,149,47617.81,202.47
12,2026-10-03,16,200,130,44035.56,203.13
12,2026-10-03,17,772,246,75437.73,481.25
12,2026-10-03,18,381,402,137824.05,616.28
12,2026-10-03,19,107,359,108488.86,330.02
12,2026-10-03,20,86,135,44375.31,127.65
12,2026-10-03,21,0,77,26300.38,53.45
12,2026-10-04,9,481,59,20581.1,217.45
12,2026-10-04,10,162,223,64258.53,343.15
12,2026-10-04,11,161,186,61697.88,205.47
12,2026-10-04,12,643,177,59563.75,397.88
12,2026-10-04,13,145,311,102229.51,420.23
12,2026-10-04,14,174,217,71230.22,235.65
12,2026-10-04,15,171,146,48642.64,204.55
12,2026-10-04,16,189,136,44714.88,186.97
12,2026-10-04,17,684,196,63537.63,416.38
12,2026-10-04,18,357,344,113067.86,557.85
12,2026-10-04,19,87,305,95554.46,302.93
12,2026-10-04,20,65,124,41846.68,115.9
12,2026-10-04,21,0,61,21903.92,52.17
13,2026-09-28,9,344,50,15886.64,160.2
13,2026-09-28,10,110,154,48750.87,230.55
13,2026-09-28,11,124,139,45329.45,144.3
13,2026-09-28,12,514,174,54941.89,308.25
13,2026-09-28,13,122,238,77772.73,336.77
13,2026-09-28,14,107,181,57288.0,153.57
13,2026-09-28,15,112,88,30526.87,118.05
13,2026-09-28,16,118,83,25569.07,120.1
13,2026-09-28,17,512,141,46033.87,315.2
13,2026-09-28,18,221,250,79376.11,399.85
13,2026-09-28,19,74,209,64845.31,208.18
13,2026-09-28,20,50,93,28608.57,89.25
13,2026-09-28,21,0,46,13984.09,31.28
13,2026-09-29,9,359,52,17396.71,156.97
13,2026-09-29,10,109,150,44520.86,249.57
13,2026-09-29,11,120,125,36181.4,154.4
13,2026-09-29,12,454,143,45064.49,271.08
13,2026-09-29,13,104,219,67208.85,305.63
13,2026-09-29,14,119,165,50158.16,150.27
13,2026-09-29,15,112,79,24382.9,124.57
13,2026-09-29,16,101,83,26107.56,121.62
13,2026-09-29,17,456,132,43605.85,263.5
13,2026-09-29,18,229,229,68893.14,365.05
13,2026-09-29,19,68,192,63660.26,194.57
13,2026-09-29,20,45,83,25316.38,80.37
13,2026-09-29,21,0,40,11657.79,28.32
13,2026-09-30,9,382,43,13571.71,165.12
13,2026-09-30,10,159,177,56479.31,298.65
13,2026-09-30,11,141,193,61169.06,188.47
13,2026-09-30,12,600,178,60145.41,362.5
13,2026-09-30,13,125,269,85212.25,387.62
13,2026-09-30,14,120,184,61213.83,182.33
13,2026-09-30,15,143,95,31165.76,140.3
13,2026-09-30,16,152,101,34986.47,164.9
13,2026-09-30,17,578,167,49916.52,355.23
13,2026-09-30,18,294,314,95209.8,481.63
13,2026-09-30,19,95,258,81573.09,256.97
13,2026-09-30,20,47,108,36469.55,90.42
13,2026-09-30,21,0,41,13035.48,31.65
13,2026-10-01,9,384,57,17916.19,168.48
13,2026-10-01,10,122,159,49765.65,265.08
13,2026-10-01,11,111,147,50607.25,159.88
13,2026-10-01,12,526,137,45191.83,315.18
13,2026-10-01,13,123,280,86794.22,348.05
13,2026-10-01,14,102,159,49427.82,162.03
13,2026-10-01,15,131,80,23927.95,123.97
13,2026-10-01,16,112,101,30740.83,131.65
13,2026-10-01,17,569,158,50466.63,326.47
13,2026-10-01,18,271,276,82240.49,443.8
13,2026-10-01,19,96,251,80979.95,261.97
13,2026-10-01,20,43,111,35968.65,98.5
13,2026-10-01,21,0,39,12063.18,27.95
13,2026-10-02,9,521,84,27187.37,233.73
13,2026-10-02,10,147,221,77372.57,337.25
13,2026-10-02,11,170,184,58233.13,202.48
13,2026-10-02,12,680,218,69590.57,412.02
13,2026-10-02,13,154,316,104245.65,449.1
13,2026-10-02,14,164,216,65395.33,217.72
13,2026-10-02,15,151,116,36427.54,177.37
13,2026-10-02,16,175,120,37080.35,178.48
13,2026-10-02,17,692,205,65044.01,422.67
13,2026-10-02,18,334,358,106126.91,546.85
13,2026-10-02,19,98,287,91701.62,293.75
13,2026-10-02,20,67,136,43681.94,117.0
13,2026-10-02,21,0,59,19728.87,42.62
13,2026-10-03,9,511,82,29519.38,224.03
13,2026-10-03,10,143,228,73085.25,344.13
13,2026-10-03,11,146,179,58330.44,190.75
13,2026-10-03,12,643,176,59622.35,391.62
13,2026-10-03,13,146,296,95849.99,440.27
13,2026-10-03,14,153,221,69900.91,223.0
13,2026-10-03,15,164,131,41675.87,170.57
13,2026-10-03,16,160,114,37560.27,162.07
13,2026-10-03,17,648,200,60111.14,383.55
13,2026-10-03,18,329,315,94125.84,542.08
13,2026-10-03,19,92,309,105071.19,281.88
13,2026-10-03,20,63,115,36882.61,106.95
13,2026-10-03,21,0,63,17978.19,46.62
13,2026-10-04,9,544,76,23170.69,247.87
13,2026-10-04,10,167,239,70792.78,370.68
13,2026-10-04,11,163,190,59242.46,221.72
13,2026-10-04,12,681,202,66607.15,418.98
13,2026-10-04,13,210,331,98814.18,485.42
13,2026-10-04,14,166,262,85202.45,257.07
13,2026-10-04,15,186,132,45255.24,196.4
13,2026-10-04,16,184,138,44798.6,193.23
13,2026-10-04,17,734,212,68894.66,456.43
13,2026-10-04,18,365,407,130878.19,596.3
13,2026-10-04,19,112,331,105609.81,323.12
13,2026-10-04,20,70,128,40212.57,119.88
13,2026-10-04,21,0,64,21860.32,49.7
14,2026-09-28,9,293,39,10854.89,132.87
14,2026-09-28,10,118,136,45593.37,212.13
14,2026-09-28,11,127,117,36810.69,155.57
14,2026-09-28,12,528,149,45974.43,331.5
14,2026-09-28,13,131,268,89168.84,372.28
14,2026-09-28,14,111,168,55228.57,164.92
14,2026-09-28,15,125,85,26107.52,136.12
14,2026-09-28,16,100,87,27077.48,123.58
14,2026-09-28,17,499,123,37340.1,294.5
14,2026-09-28,18,253,259,78994.4,412.78
14,2026-09-28,19,66,217,68619.66,215.85
14,2026-09-28,20,58,100,31624.08,85.32
14,2026-09-28,21,0,44,12647.22,39.58
14,2026-09-29,9,344,51,17055.87,151.87
14,2026-09-29,10,119,142,42996.78,255.17
14,2026-09-29,11,110,136,42325.23,155.38
14,2026-09-29,12,452,139,43816.88,272.5
14,2026-09-29,13,117,234,84082.93,305.3
14,2026-09-29,14,107,151,50234.56,155.45
14,2026-09-29,15,133,80,26092.88,141.82
14,2026-09-29,16,120,99,34697.99,130.33
14,2026-09-29,17,487,140,46856.92,298.75
14,2026-09-29,18,225,261,79950.7,374.93
14,2026-09-29,19,71,181,55609.34,202.03
14,2026-09-29,20,37,84,23768.45,83.27
14,2026-09-29,21,0,39,11694.15,23.97
14,2026-09-30,9,405,53,17444.32,180.15
14,2026-09-30,10,130,190,55091.72,286.03
14,2026-09-30,11,137,136,47033.78,176.82
14,2026-09-30,12,484,148,47453.74,308.62
14,2026-09-30,13,131,243,76878.96,345.53
14,2026-09-30,14,126,176,54210.81,168.0
14,2026-09-30,15,143,97,32405.03,153.28
14,2026-09-30,16,119,101,31506.34,138.13
14,2026-09-30,17,565,166,46044.79,341.2
14,2026-09-30,18,268,275,87200.86,423.08
14,2026-09-30,19,97,240,71539.27,242.47
14,2026-09-30,20,42,95,34623.86,92.05
14,2026-09-30,21,0,46,16675.84,33.18
14,2026-10-01,9,386,57,20958.14,169.1
14,2026-10-01,10,145,182,62017.13,280.33
14,2026-10-01,11,141,168,51773.09,168.4
14,2026-10-01,12,499,155,48679.98,317.18
14,2026-10-01,13,137,241,78883.34,339.38
14,2026-10-01,14,106,168,49586.23,175.77
14,2026-10-01,15,131,109,34112.0,136.75
14,2026-10-01,16,133,93,30836.66,140.25
14,2026-10-01,17,547,151,49626.47,324.8
14,2026-10-01,18,300,288,90260.84,461.77
14,2026-10-01,19,82,246,76522.86,250.63
14,2026-10-01,20,56,99,30320.24,98.78
14,2026-10-01,21,0,55,15909.54,42.62
14,2026-10-02,9,440,61,18181.42,193.52
14,2026-10-02,10,152,198,58142.94,313.68
14,2026-10-02,11,164,179,54484.58,205.63
14,2026-10-02,12,638,190,60528.89,403.85
14,2026-10-02,13,133,316,99312.59,434.35
14,2026-10-02,14,135,212,66135.3,187.08
14,2026-10-02,15,136,88,26761.55,140.18
14,2026-10-02,16,133,104,38121.39,155.13
14,2026-10-02,17,596,159,52456.76,358.42
14,2026-10-02,18,300,286,96010.33,473.9
14,2026-10-02,19,75,251,78891.27,263.9
14,2026-10-02,20,50,121,41845.98,98.92
14,2026-10-02,21,0,44,12444.93,34.03
14,2026-10-03,9,525,87,30872.45,246.65
14,2026-10-03,10,173,238,80865.38,358.7
14,2026-10-03,11,174,192,61365.41,221.62
14,2026-10-03,12,761,224,73628.73,457.77
14,2026-10-03,13,178,351,104724.76,523.55
14,2026-10-03,14,180,276,93605.3,246.73
14,2026-10-03,15,189,120,40400.68,183.32
14,2026-10-03,16,160,133,43519.34,205.02
14,2026-10-03,17,723,193,63540.54,441.62
14,2026-10-03,18,351,355,109909.75,582.15
14,2026-10-03,19,113,317,99160.66,329.45
14,2026-10-03,20,66,142,46937.56,125.33
14,2026-10-03,21,0,70,22693.56,47.62
14,2026-10-04,9,446,68,22060.05,210.42
14,2026-10-04,10,163,201,65476.72,319.83
14,2026-10-04,11,146,179,57993.87,182.53
14,2026-10-04,12,599,170,55286.01,361.73
14,2026-10-04,13,168,285,89296.92,435.42
14,2026-10-04,14,150,236,80020.89,232.32
14,2026-10-04,15,137,115,38386.07,160.07
14,2026-10-04,16,160,112,35725.57,150.05
14,2026-10-04,17,670,189,62920.26,407.53
14,2026-10-04,18,337,371,122513.88,551.97
14,2026-10-04,19,99,274,88190.86,280.55
14,2026-10-04,20,71,99,32538.22,113.32
14,2026-10-04,21,0,78,25012.34,52.98
15,2026-09-28,9,329,42,13777.95,159.97
15,2026-09-28,10,96,143,41922.37,225.98
15,2026-09-28,11,120,135,43722.6,136.73
15,2026-09-28,12,409,129,43934.43,258.45
15,2026-09-28,13,98,221,73288.34,282.13
15,2026-09-28,14,124,138,41436.35,138.55
15,2026-09-28,15,108,78,24496.96,130.22
15,2026-09-28,16,94,82,24828.96,117.7
15,2026-09-28,17,413,114,38664.78,245.23
15,2026-09-28,18,213,204,67568.39,339.37
15,2026-09-28,19,64,171,52303.48,186.15
15,2026-09-28,20,38,74,24795.39,76.6
15,2026-09-28,21,0,43,12574.19,31.82
15,2026-09-29,9,299,32,9717.33,142.68
15,2026-09-29,10,82,128,42606.12,204.2
15,2026-09-29,11,112,117,37398.69,128.07
15,2026-09-29,12,392,120,36859.62,241.75
15,2026-09-29,13,91,185,57569.96,273.48
15,2026-09-29,14,94,146,49506.7,133.72
15,2026-09-29,15,116,88,28662.27,106.07
15,2026-09-29,16,85,79,27363.98,106.32
15,2026-09-29,17,402,110,34230.87,238.1
15,2026-09-29,18,206,190,56046.63,331.42
15,2026-09-29,19,65,176,56042.58,188.0
15,2026-09-29,20,34,86,26750.93,72.87
15,2026-09-29,21,0,29,10659.36,23.93
15,2026-09-30,9,392,52,17745.49,187.28
15,2026-09-30,10,121,186,57930.13,268.67
15,2026-09-30,11,114,128,41693.84,152.52
15,2026-09-30,12,474,139,39965.81,286.13
15,2026-09-30,13,110,228,74388.57,324.28
15,2026-09-30,14,115,172,51601.52,149.05
15,2026-09-30,15,124,83,25113.87,118.17
15,2026-09-30,16,134,76,23710.27,148.83
15,2026-09-30,17,504,150,53839.86,328.45
15,2026-09-30,18,249,268,84833.44,411.5
15,2026-09-30,19,77,221,70061.07,226.38
15,2026-09-30,20,43,95,27537.54,80.7
15,2026-09-30,21,0,42,15469.2,25.33
15,2026-10-01,9,358,51,17502.0,170.05
15,2026-10-01,10,116,162,53347.61,230.85
15,2026-10-01,11,117,130,42528.9,149.13
15,2026-10-01,12,492,145,44912.73,305.37
15,2026-10-01,13,124,215,70469.94,340.7
15,2026-10-01,14,125,196,68464.64,180.9
15,2026-10-01,15,129,99,28752.15,149.42
15,2026-10-01,16,105,85,24187.72,118.3
15,2026-10-01,17,505,124,44269.6,310.8
15,2026-10-01,18,243,262,88316.88,403.7
15,2026-10-01,19,79,215,67953.55,220.52
15,2026-10-01,20,42,107,33661.86,84.93
15,2026-10-01,21,0,44,12556.81,27.73
15,2026-10-02,9,430,61,19790.48,197.9
15,2026-10-02,10,120,176,54075.23,299.08
15,2026-10-02,11,140,167,56569.38,179.6
15,2026-10-02,12,642,174,52763.49,375.43
15,2026-10-02,13,141,325,99885.17,426.25
15,2026-10-02,14,155,216,67025.09,208.65
15,2026-10-02,15,121,108,37759.74,154.62
15,2026-10-02,16,169,89,25008.58,158.58
15,2026-10-02,17,628,179,55551.16,392.23
15,2026-10-02,18,288,338,105668.63,485.7
15,2026-10-02,19,93,259,83117.15,244.33
15,2026-10-02,20,58,96,31236.66,104.13
15,2026-10-02,21,0,52,16674.86,35.85
15,2026-10-03,9,458,62,17361.03,204.1
15,2026-10-03,10,146,199,58527.65,320.12
15,2026-10-03,11,142,198,60346.87,194.88
15,2026-10-03,12,578,164,53476.82,343.58
15,2026-10-03,13,150,288,94310.07,390.0
15,2026-10-03,14,152,204,69691.67,202.47
15,2026-10-03,15,149,101,33818.93,165.48
15,2026-10-03,16,138,97,34141.53,161.5
15,2026-10-03,17,615,189,58803.91,372.3
15,2026-10-03,18,324,304,98489.84,492.82
15,2026-10-03,19,90,287,96832.6,281.5
15,2026-10-03,20,56,118,40156.29,112.13
15,2026-10-03,21,0,57,19445.58,39.4
15,2026-10-04,9,478,72,25501.62,212.27
15,2026-10-04,10,147,197,62249.93,335.03
15,2026-10-04,11,140,186,60701.66,193.25
15,2026-10-04,12,601,171,51646.06,368.07
15,2026-10-04,13,161,304,95697.99,429.2
15,2026-10-04,14,154,217,66009.05,210.62
15,2026-10-04,15,183,107,33726.68,185.65
15,2026-10-04,16,152,162,51013.25,188.28
15,2026-10-04,17,633,183,60258.31,374.33
15,2026-10-04,18,340,320,107675.07,505.0
15,2026-10-04,19,93,289,90214.89,303.7
15,2026-10-04,20,52,116,36582.79,101.05
15,2026-10-04,21,0,48,13225.69,34.08
16,2026-09-28,9,442,72,22464.62,195.63
16,2026-09-28,10,125,174,55899.22,294.12
16,2026-09-28,11,124,158,52247.31,171.03
16,2026-09-28,12,533,138,46654.59,329.32
16,2026-09-28,13,138,297,92978.13,373.97
16,2026-09-28,14,165,173,56038.07,207.3
16,2026-09-28,15,152,119,41936.86,178.75
16,2026-09-28,16,147,112,37111.79,178.3
16,2026-09-28,17,601,186,55754.49,362.12
16,2026-09-28,18,285,317,101444.09,474.63
16,2026-09-28,19,94,268,84295.6,255.27
16,2026-09-28,20,51,91,30966.17,90.7
16,2026-09-28,21,0,44,15200.64,36.02
16,2026-09-29,9,483,67,20512.76,226.07
16,2026-09-29,10,138,214,68917.22,326.03
16,2026-09-29,11,144,188,58583.18,177.03
16,2026-09-29,12,623,152,51143.27,381.87
16,2026-09-29,13,135,328,103824.19,428.68
16,2026-09-29,14,158,194,66127.64,199.78
16,2026-09-29,15,155,113,37770.26,171.85
16,2026-09-29,16,159,115,34508.71,175.07
16,2026-09-29,17,648,190,60103.5,404.6
16,2026-09-29,18,337,341,106211.61,522.72
16,2026-09-29,19,76,283,85208.31,269.07
16,2026-09-29,20,62,111,32857.37,94.63
16,2026-09-29,21,0,57,16756.38,43.52
16,2026-09-30,9,437,61,20506.51,199.78
16,2026-09-30,10,118,202,65912.61,295.77
16,2026-09-30,11,172,156,49000.74,177.45
16,2026-09-30,12,614,186,58035.68,384.75
16,2026-09-30,13,140,301,91775.8,413.13
16,2026-09-30,14,149,194,62826.94,196.95
16,2026-09-30,15,135,109,35271.13,162.3
16,2026-09-30,16,153,121,39703.04,157.92
16,2026-09-30,17,609,171,51505.87,377.02
16,2026-09-30,18,286,309,100230.43,478.55
16,2026-09-30,19,82,221,69823.06,249.52
16,2026-09-30,20,60,101,28478.25,104.15
16,2026-09-30,21,0,57,19785.83,42.6
16,2026-10-01,9,491,70,22772.37,233.97
16,2026-10-01,10,172,229,71523.7,356.73
16,2026-10-01,11,153,203,69426.04,210.9
16,2026-10-01,12,660,179,56422.35,408.08
16,2026-10-01,13,156,307,92381.0,475.7
16,2026-10-01,14,165,239,78063.28,224.75
16,2026-10-01,15,160,125,43518.87,171.53
16,2026-10-01,16,162,111,37218.71,165.45
16,2026-10-01,17,668,196,65610.21,407.57
16,2026-10-01,18,345,321,107538.0,556.83
16,2026-10-01,19,95,308,97630.21,300.5
16,2026-10-01,20,75,96,30430.12,116.8
16,2026-10-01,21,0,71,18636.35,51.75
16,2026-10-02,9,502,79,30631.79,224.32
16,2026-10-02,10,152,206,65600.96,341.97
16,2026-10-02,11,159,204,65927.02,199.1
16,2026-10-02,12,708,189,58898.21,439.38
16,2026-10-02,13,171,360,115686.86,490.03
16,2026-10-02,14,194,244,74501.11,256.02
16,2026-10-02,15,155,142,46871.04,201.97
16,2026-10-02,16,149,117,36378.68,184.67
16,2026-10-02,17,707,204,62568.38,407.72
16,2026-10-02,18,376,352,109906.63,582.0
16,2026-10-02,19,113,310,97665.67,329.88
16,2026-10-02,20,65,119,34941.07,129.28
16,2026-10-02,21,0,71,21544.53,54.75
16,2026-10-03,9,597,87,30425.33,266.2
16,2026-10-03,10,183,260,85441.23,419.1
16,2026-10-03,11,212,226,65837.1,250.07
16,2026-10-03,12,815,239,74009.7,503.02
16,2026-10-03,13,207,390,121822.98,564.53
16,2026-10-03,14,237,270,84817.61,295.72
16,2026-10-03,15,218,157,49850.32,255.1
16,2026-10-03,16,172,183,60949.25,222.4
16,2026-10-03,17,801,211,69116.58,483.97
16,2026-10-03,18,362,398,122810.34,632.57
16,2026-10-03,19,119,343,108268.89,337.28
16,2026-10-03,20,79,131,41320.82,136.03
16,2026-10-03,21,0,71,21615.79,54.92
16,2026-10-04,9,559,67,19421.43,250.6
16,2026-10-04,10,153,220,72570.56,388.78
16,2026-10-04,11,187,223,70017.59,217.25
16,2026-10-04,12,685,210,69357.74,416.98
16,2026-10-04,13,166,321,103417.79,489.62
16,2026-10-04,14,169,263,89030.08,238.9
16,2026-10-04,15,182,125,37620.53,185.88
16,2026-10-04,16,171,145,47735.6,203.4
16,2026-10-04,17,736,193,62145.76,438.22
16,2026-10-04,18,372,399,123983.63,590.3
16,2026-10-04,19,117,319,100506.08,326.13
16,2026-10-04,20,56,140,40840.94,125.08
16,2026-10-04,21,0,62,20374.72,41.05
17,2026-09-28,9,367,44,12922.18,159.75
17,2026-09-28,10,114,154,52547.1,262.98
17,2026-09-28,11,134,144,44022.28,169.62
17,2026-09-28,12,447,163,50086.94,287.23
17,2026-09-28,13,128,225,71284.49,292.05
17,2026-09-28,14,107,166,49739.6,151.67
17,2026-09-28,15,121,76,22150.19,120.47
17,2026-09-28,16,110,80,23169.82,133.4
17,2026-09-28,17,459,131,42523.68,282.17
17,2026-09-28,18,258,258,82178.43,390.42
17,2026-09-28,19,64,221,69802.43,208.55
17,2026-09-28,20,43,86,28407.63,67.85
17,2026-09-28,21,0,30,8460.16,28.0
17,2026-09-29,9,361,52,18057.59,166.8
17,2026-09-29,10,111,154,48502.6,251.62
17,2026-09-29,11,93,130,39832.3,135.63
17,2026-09-29,12,492,133,38254.76,281.63
17,2026-09-29,13,117,231,74669.29,349.58
17,2026-09-29,14,119,172,51377.66,171.73
17,2026-09-29,15,133,95,30288.1,127.15
17,2026-09-29,16,108,100,33472.0,130.57
17,2026-09-29,17,476,133,41672.4,286.07
17,2026-09-29,18,233,237,77499.98,373.05
17,2026-09-29,19,86,204,67887.19,201.77
17,2026-09-29,20,38,76,25423.53,87.9
17,2026-09-29,21,0,45,15048.29,29.77
17,2026-09-30,9,420,72,22703.72,192.95
17,2026-09-30,10,119,175,54594.1,276.98
17,2026-09-30,11,144,131,42269.86,164.97
17,2026-09-30,12,555,175,55886.75,342.1
17,2026-09-30,13,129,259,84524.5,376.87
17,2026-09-30,14,143,197,58171.7,183.75
17,2026-09-30,15,143,97,32251.53,149.92
17,2026-09-30,16,147,104,35295.0,143.85
17,2026-09-30,17,555,167,56045.41,354.93
17,2026-09-30,18,286,300,92082.1,457.72
17,2026-09-30,19,73,262,79915.0,245.42
17,2026-09-30,20,64,89,27723.82,89.25
17,2026-09-30,21,0,52,14568.41,45.0
17,2026-10-01,9,392,53,15526.61,168.5
17,2026-10-01,10,125,163,53972.2,284.4
17,2026-10-01,11,139,159,50077.05,159.98
17,2026-10-01,12,551,166,53226.06,341.22
17,2026-10-01,13,118,277,93678.13,353.87
17,2026-10-01,14,142,152,44848.57,164.82
17,2026-10-01,15,126,88,29010.29,141.3
17,2026-10-01,16,121,106,36661.09,140.95
17,2026-10-01,17,581,173,54080.69,338.47
17,2026-10-01,18,271,271,86818.93,442.7
17,2026-10-01,19,76,257,79525.2,243.97
17,2026-10-01,20,56,93,28967.78,93.45
17,2026-10-01,21,0,61,19597.52,43.7
17,2026-10-02,9,459,66,22280.67,218.02
17,2026-10-02,10,127,205,63643.74,316.52
17,2026-10-02,11,160,177,60214.42,188.72
17,2026-10-02,12,594,176,57703.07,361.88
17,2026-10-02,13,142,290,98132.02,382.65
17,2026-10-02,14,163,185,61828.38,194.48
17,2026-10-02,15,153,99,34479.21,172.55
17,2026-10-02,16,140,105,28762.26,163.68
17,2026-10-02,17,612,178,52494.25,381.68
17,2026-10-02,18,267,297,93104.02,484.72
17,2026-10-02,19,93,274,89243.19,247.5
17,2026-10-02,20,62,105,32838.86,103.72
17,2026-10-02,21,0,58,17060.85,45.27
17,2026-10-03,9,435,51,18725.73,192.3
17,2026-10-03,10,131,185,58179.06,305.52
17,2026-10-03,11,131,179,57972.2,185.3
17,2026-10-03,12,604,153,52139.21,353.02
17,2026-10-03,13,135,287,91373.28,413.08
17,2026-10-03,14,161,202,62279.07,201.63
17,2026-10-03,15,161,125,39978.54,160.67
17,2026-10-03,16,156,92,27953.07,168.58
17,2026-10-03,17,578,174,54554.77,363.6
17,2026-10-03,18,295,307,98469.58,475.5
17,2026-10-03,19,89,257,84728.22,249.4
17,2026-10-03,20,65,119,37893.69,111.17
17,2026-10-03,21,0,60,18863.05,37.88
17,2026-10-04,9,463,61,22760.01,211.2
17,2026-10-04,10,174,188,65450.94,340.35
17,2026-10-04,11,147,215,67617.58,212.42
17,2026-10-04,12,629,190,63328.41,394.87
17,2026-10-04,13,147,304,93213.67,404.67
17,2026-10-04,14,165,175,56928.83,208.33
17,2026-10-04,15,165,131,40532.98,186.92
17,2026-10-04,16,159,119,37127.85,175.98
17,2026-10-04,17,629,185,55456.03,388.9
17,2026-10-04,18,341,322,98896.26,505.92
17,2026-10-04,19,94,271,81179.91,293.6
17,2026-10-04,20,59,122,40650.8,121.12
17,2026-10-04,21,0,66,23972.3,47.6
18,2026-09-28,9,333,35,10500.35,154.0
18,2026-09-28,10,118,160,53796.06,244.28
18,2026-09-28,11,111,133,43873.12,140.78
18,2026-09-28,12,449,135,45961.11,278.43
18,2026-09-28,13,83,220,75351.75,294.98
18,2026-09-28,14,108,137,44602.06,132.53
18,2026-09-28,15,105,77,24233.31,112.32
18,2026-09-28,16,117,75,22356.8,113.27
18,2026-09-28,17,416,120,41382.96,260.6
18,2026-09-28,18,205,218,71785.13,336.42
18,2026-09-28,19,75,195,59873.21,186.27
18,2026-09-28,20,38,78,27201.21,75.9
18,2026-09-28,21,0,37,10160.7,28.17
18,2026-09-29,9,313,49,17837.43,150.13
18,2026-09-29,10,91,124,41926.85,205.15
18,2026-09-29,11,110,116,37185.84,128.03
18,2026-09-29,12,446,117,37162.19,275.72
18,2026-09-29,13,104,208,63149.26,300.87
18,2026-09-29,14,98,141,50386.65,143.33
18,2026-09-29,15,108,69,22076.73,107.58
18,2026-09-29,16,86,75,25794.17,110.73
18,2026-09-29,17,432,124,42256.97,262.88
18,2026-09-29,18,192,228,73639.36,336.42
18,2026-09-29,19,61,162,55255.49,171.82
18,2026-09-29,20,41,82,22394.95,72.7
18,2026-09-29,21,0,37,11049.57,23.42
18,2026-09-30,9,382,57,16149.3,174.27
18,2026-09-30,10,134,180,59582.23,273.68
18,2026-09-30,11,110,155,50442.51,163.08
18,2026-09-30,12,542,143,46517.18,320.92
18,2026-09-30,13,122,244,77640.22,357.07
18,2026-09-30,14,150,201,63969.35,183.83
18,2026-09-30,15,141,99,29969.41,171.25
18,2026-09-30,16,123,109,35968.41,151.68
18,2026-09-30,17,511,154,48893.53,308.05
18,2026-09-30,18,259,257,81621.6,399.98
18,2026-09-30,19,70,228,68634.78,221.6
18,2026-09-30,20,55,87,26836.56,75.15
18,2026-09-30,21,0,45,14070.35,35.43
18,2026-10-01,9,370,58,18748.91,162.28
18,2026-10-01,10,137,173,54561.65,265.63
18,2026-10-01,11,115,136,46366.62,155.28
18,2026-10-01,12,506,161,51450.18,318.82
18,2026-10-01,13,117,228,72904.44,346.2
18,2026-10-01,14,123,165,49543.78,166.62
18,2026-10-01,15,145,93,30204.63,150.9
18,2026-10-01,16,136,107,35407.33,160.17
18,2026-10-01,17,529,161,51289.14,315.1
18,2026-10-01,18,271,269,85990.84,423.78
18,2026-10-01,19,87,234,70405.69,240.08
18,2026-10-01,20,47,110,31581.56,92.38
18,2026-10-01,21,0,45,13995.23,34.65
18,2026-10-02,9,460,52,15921.15,194.15
18,2026-10-02,10,152,212,65791.45,326.62
18,2026-10-02,11,167,187,62163.56,192.05
18,2026-10-02,12,655,189,60146.79,397.1
18,2026-10-02,13,144,315,101801.06,451.45
18,2026-10-02,14,189,220,72286.38,224.27
18,2026-10-02,15,164,124,43015.59,191.58
18,2026-10-02,16,159,121,36776.64,183.88
18,2026-10-02,17,658,199,60547.35,407.67
18,2026-10-02,18,302,338,110281.65,513.37
18,2026-10-02,19,92,280,87815.14,280.0
18,2026-10-02,20,73,119,35057.98,112.97
18,2026-10-02,21,0,69,23677.99,47.62
18,2026-10-03,9,518,71,21548.48,229.13
18,2026-10-03,10,172,225,71169.45,357.15
18,2026-10-03,11,181,221,69078.78,229.55
18,2026-10-03,12,663,204,65194.03,412.92
18,2026-10-03,13,171,344,104799.6,453.15
18,2026-10-03,14,170,238,74878.75,232.2
18,2026-10-03,15,154,116,39288.75,186.83
18,2026-10-03,16,159,131,39451.33,173.35
18,2026-10-03,17,689,188,60343.72,394.42
18,2026-10-03,18,339,356,108481.01,542.23
18,2026-10-03,19,102,304,96807.31,287.67
18,2026-10-03,20,61,107,33603.05,112.62
18,2026-10-03,21,0,67,20647.78,44.17
18,2026-10-04,9,444,62,18352.62,201.03
18,2026-10-04,10,136,202,62011.09,301.77
18,2026-10-04,11,155,169,49806.44,190.87
18,2026-10-04,12,588,183,59441.36,371.18
18,2026-10-04,13,135,268,86609.76,381.22
18,2026-10-04,14,136,193,58678.23,193.77
18,2026-10-04,15,141,103,35792.82,155.78
18,2026-10-04,16,143,101,33943.39,152.85
18,2026-10-04,17,571,151,45044.8,358.08
18,2026-10-04,18,286,344,113436.02,469.15
18,2026-10-04,19,83,242,71293.55,239.43
18,2026-10-04,20,44,81,25342.78,85.65
18,2026-10-04,21,0,51,15829.22,34.03
19,2026-09-28,9,352,44,14281.23,162.38
19,2026-09-28,10,119,134,41538.9,250.18
19,2026-09-28,11,112,142,42476.15,153.75
19,2026-09-28,12,474,147,48333.75,280.13
19,2026-09-28,13,118,217,69628.86,324.67
19,2026-09-28,14,105,163,56384.08,154.07
19,2026-09-28,15,116,99,30251.41,122.3
19,2026-09-28,16,114,85,27442.53,126.08
19,2026-09-28,17,454,131,40561.28,278.53
19,2026-09-28,18,241,235,75457.84,366.77
19,2026-09-28,19,72,211,68272.27,212.78
19,2026-09-28,20,53,87,29682.84,88.03
19,2026-09-28,21,0,48,13094.98,36.23
19,2026-09-29,9,354,45,14114.49,159.67
19,2026-09-29,10,111,162,52911.18,241.02
19,2026-09-29,11,97,125,44177.73,132.97
19,2026-09-29,12,464,122,41092.7,283.33
19,2026-09-29,13,93,209,71096.55,312.05
19,2026-09-29,14,96,146,44749.15,134.73
19,2026-09-29,15,123,71,24190.79,115.08
19,2026-09-29,16,88,82,26954.04,119.93
19,2026-09-29,17,436,136,41454.04,250.52
19,2026-09-29,18,225,211,68886.15,346.62
19,2026-09-29,19,72,204,64566.63,203.02
19,2026-09-29,20,51,80,25236.08,85.52
19,2026-09-29,21,0,47,14150.62,33.5
19,2026-09-30,9,342,38,11321.68,162.73
19,2026-09-30,10,109,147,44767.71,245.68
19,2026-09-30,11,117,137,43928.39,154.38
19,2026-09-30,12,471,143,44629.72,288.07
19,2026-09-30,13,90,212,66635.59,319.17
19,2026-09-30,14,115,156,52142.15,156.8
19,2026-09-30,15,120,85,27853.29,130.47
19,2026-09-30,16,114,91,32382.12,125.07
19,2026-09-30,17,493,116,33276.74,303.67
19,2026-09-30,18,219,250,80674.72,389.92
19,2026-09-30,19,69,206,72309.88,192.37
19,2026-09-30,20,37,72,22767.06,68.6
19,2026-09-30,21,0,35,11627.6,29.45
19,2026-10-01,9,355,47,14910.13,157.95
19,2026-10-01,10,134,170,50254.59,241.25
19,2026-10-01,11,129,142,43254.92,160.5
19,2026-10-01,12,525,150,52695.14,325.35
19,2026-10-01,13,139,258,87892.62,370.83
19,2026-10-01,14,116,181,56364.45,180.28
19,2026-10-01,15,151,97,31477.57,146.8
19,2026-10-01,16,103,83,26398.84,140.78
19,2026-10-01,17,526,155,48468.04,299.27
19,2026-10-01,18,273,267,85683.95,425.95
19,2026-10-01,19,75,238,74424.91,242.13
19,2026-10-01,20,52,86,25714.53,94.38
19,2026-10-01,21,0,60,18279.51,44.83
19,2026-10-02,9,441,52,16438.04,194.98
19,2026-10-02,10,121,192,61151.98,304.72
19,2026-10-02,11,161,157,49342.34,186.53
19,2026-10-02,12,576,161,52826.55,367.6
19,2026-10-02,13,154,309,92029.94,405.13
19,2026-10-02,14,160,208,64829.77,205.33
19,2026-10-02,15,150,130,42867.5,166.35
19,2026-10-02,16,138,91,28553.3,154.87
19,2026-10-02,17,559,154,49154.24,358.4
19,2026-10-02,18,271,312,107212.8,437.57
19,2026-10-02,19,76,225,65159.34,227.22
19,2026-10-02,20,46,89,25660.61,88.53
19,2026-10-02,21,0,47,15584.57,30.92
19,2026-10-03,9,431,57,18356.93,190.7
19,2026-10-03,10,141,182,57187.2,311.58
19,2026-10-03,11,153,173,55416.14,194.23
19,2026-10-03,12,612,173,49774.34,386.03
19,2026-10-03,13,152,301,96755.28,413.32
19,2026-10-03,14,158,205,67604.55,212.17
19,2026-10-03,15,135,122,44676.43,163.58
19,2026-10-03,16,146,91,30365.89,156.3
19,2026-10-03,17,586,168,56941.02,366.37
19,2026-10-03,18,301,320,97307.52,477.28
19,2026-10-03,19,89,269,89361.74,261.8
19,2026-10-03,20,56,103,35790.81,99.95
19,2026-10-03,21,0,62,20497.25,38.08
19,2026-10-04,9,430,44,15773.75,195.73
19,2026-10-04,10,114,201,67980.37,304.73
19,2026-10-04,11,127,159,54396.13,153.7
19,2026-10-04,12,541,140,43149.28,312.87
19,2026-10-04,13,137,291,95860.78,362.08
19,2026-10-04,14,127,181,56287.27,180.43
19,2026-10-04,15,149,104,33469.85,148.92
19,2026-10-04,16,126,109,32652.12,153.63
19,2026-10-04,17,599,158,53317.8,351.85
19,2026-10-04,18,292,314,97085.28,460.35
19,2026-10-04,19,84,251,81206.8,249.67
19,2026-10-04,20,53,109,33760.49,102.78
19,2026-10-04,21,0,45,13293.0,35.63
20,2026-09-28,9,364,47,14395.2,156.1
20,2026-09-28,10,99,176,58476.47,262.4
20,2026-09-28,11,122,131,39273.2,141.6
20,2026-09-28,12,467,116,35021.11,298.17
20,2026-09-28,13,127,227,71813.25,356.48
20,2026-09-28,14,130,182,58628.92,171.75
20,2026-09-28,15,111,93,31478.38,141.35
20,2026-09-28,16,112,84,28385.27,128.67
20,2026-09-28,17,468,128,45941.4,272.27
20,2026-09-28,18,220,234,81922.95,376.98
20,2026-09-28,19,71,223,71915.15,187.2
20,2026-09-28,20,60,77,24106.29,83.03
20,2026-09-28,21,0,49,15560.56,38.55
20,2026-09-29,9,366,58,21162.34,162.5
20,2026-09-29,10,136,168,53282.13,257.27
20,2026-09-29,11,127,154,49671.23,168.02
20,2026-09-29,12,461,125,38133.37,290.18
20,2026-09-29,13,128,245,75140.44,316.9
20,2026-09-29,14,121,153,50942.14,165.35
20,2026-09-29,15,104,89,29583.44,120.98
20,2026-09-29,16,102,68,23584.14,118.88
20,2026-09-29,17,462,116,44357.38,278.63
20,2026-09-29,18,261,261,85549.41,388.15
20,2026-09-29,19,88,198,66872.83,223.92
20,2026-09-29,20,41,102,32843.69,99.58
20,2026-09-29,21,0,51,17686.53,29.18
20,2026-09-30,9,484,51,16350.92,222.48
20,2026-09-30,10,156,214,63806.38,356.43
20,2026-09-30,11,111,178,55012.48,181.03
20,2026-09-30,12,560,146,52452.54,326.3
20,2026-09-30,13,138,259,86023.19,394.52
20,2026-09-30,14,169,207,68267.55,205.22
20,2026-09-30,15,146,102,32778.82,168.42
20,2026-09-30,16,134,106,34572.31,168.88
20,2026-09-30,17,571,155,49673.33,360.35
20,2026-09-30,18,294,317,103341.82,457.57
20,2026-09-30,19,91,239,76355.04,250.9
20,2026-09-30,20,62,118,35867.08,110.5
20,2026-09-30,21,0,60,19876.81,43.75
20,2026-10-01,9,425,50,17839.07,198.5
20,2026-10-01,10,112,200,61909.8,298.43
20,2026-10-01,11,136,163,52760.29,162.87
20,2026-10-01,12,561,165,53287.09,329.87
20,2026-10-01,13,137,251,77518.0,400.18
20,2026-10-01,14,147,206,62621.1,215.35
20,2026-10-01,15,162,126,37207.14,170.57
20,2026-10-01,16,133,119,39088.99,162.12
20,2026-10-01,17,556,165,50112.08,352.02
20,2026-10-01,18,271,285,95441.83,436.78
20,2026-10-01,19,94,228,71846.31,237.0
20,2026-10-01,20,52,105,37285.81,98.85
20,2026-10-01,21,0,57,17581.18,36.37
20,2026-10-02,9,486,69,20955.21,226.92
20,2026-10-02,10,147,214,69542.06,340.62
20,2026-10-02,11,162,196,64251.89,210.68
20,2026-10-02,12,693,187,53496.82,409.12
20,2026-10-02,13,179,325,101921.34,467.52
20,2026-10-02,14,168,240,79853.18,248.47
20,2026-10-02,15,172,140,43643.64,195.32
20,2026-10-02,16,166,128,40471.53,197.13
20,2026-10-02,17,704,221,69815.25,411.72
20,2026-10-02,18,327,348,113104.42,558.18
20,2026-10-02,19,114,289,94409.91,290.0
20,2026-10-02,20,76,127,37370.82,128.97
20,2026-10-02,21,0,75,22847.12,51.25
20,2026-10-03,9,547,63,17472.65,237.07
20,2026-10-03,10,163,252,84527.17,380.63
20,2026-10-03,11,184,227,74307.11,231.1
20,2026-10-03,12,742,195,67292.26,442.98
20,2026-10-03,13,167,357,118765.12,510.57
20,2026-10-03,14,198,238,71379.85,246.6
20,2026-10-03,15,204,149,46971.66,226.17
20,2026-10-03,16,169,148,47275.45,212.65
20,2026-10-03,17,733,205,65437.53,441.17
20,2026-10-03,18,354,351,109452.39,585.58
20,2026-10-03,19,104,347,109413.5,328.82
20,2026-10-03,20,78,142,43107.25,128.7
20,2026-10-03,21,0,63,17201.29,53.07
20,2026-10-04,9,422,51,14443.42,188.72
20,2026-10-04,10,115,190,60376.34,289.82
20,2026-10-04,11,152,159,52351.7,167.38
20,2026-10-04,12,589,179,57699.45,364.42
20,2026-10-04,13,147,280,88797.05,407.55
20,2026-10-04,14,160,214,73424.64,214.77
20,2026-10-04,15,137,122,39223.85,150.6
20,2026-10-04,16,150,95,26094.71,151.63
20,2026-10-04,17,584,161,49472.88,354.48
20,2026-10-04,18,294,303,98006.2,502.22
20,2026-10-04,19,94,280,88107.31,265.35
20,2026-10-04,20,51,102,33906.53,96.12
20,2026-10-04,21,0,50,14610.58,32.82
21,2026-09-28,9,334,60,19655.23,147.7
21,2026-09-28,10,106,148,47108.43,216.1
21,2026-09-28,11,115,114,33385.33,133.58
21,2026-09-28,12,394,126,43311.66,251.35
21,2026-09-28,13,104,186,62867.63,280.33
21,2026-09-28,14,92,122,37734.93,126.65
21,2026-09-28,15,113,68,18602.84,108.93
21,2026-09-28,16,103,82,27429.29,129.47
21,2026-09-28,17,417,131,39396.01,256.12
21,2026-09-28,18,200,194,65826.22,328.0
21,2026-09-28,19,49,163,54139.85,180.55
21,2026-09-28,20,40,69,21661.26,70.45
21,2026-09-28,21,0,41,12167.57,27.77
21,2026-09-29,9,337,43,14609.56,145.85
21,2026-09-29,10,100,133,43707.57,239.15
21,2026-09-29,11,98,141,46729.72,139.07
21,2026-09-29,12,439,132,39362.55,263.92
21,2026-09-29,13,98,218,71623.53,260.82
21,2026-09-29,14,101,126,41743.42,120.3
21,2026-09-29,15,90,65,19556.09,95.45
21,2026-09-29,16,116,82,24462.37,114.13
21,2026-09-29,17,457,123,38902.07,280.78
21,2026-09-29,18,223,243,78745.08,352.48
21,2026-09-29,19,51,176,54800.89,178.15
21,2026-09-29,20,49,73,21102.83,68.03
21,2026-09-29,21,0,40,12435.61,30.33
21,2026-09-30,9,374,55,18128.88,171.7
21,2026-09-30,10,122,187,57772.94,250.25
21,2026-09-30,11,132,125,37096.66,151.0
21,2026-09-30,12,568,177,55890.82,346.48
21,2026-09-30,13,119,255,84287.32,378.82
21,2026-09-30,14,141,216,67704.98,183.38
21,2026-09-30,15,129,89,25404.61,136.63
21,2026-09-30,16,126,102,31016.81,142.82
21,2026-09-30,17,490,141,40903.62,307.42
21,2026-09-30,18,251,281,90883.4,397.18
21,2026-09-30,19,65,195,65647.07,218.05
21,2026-09-30,20,53,89,29345.3,83.1
21,2026-09-30,21,0,45,12675.29,36.53
21,2026-10-01,9,380,55,16589.66,172.63
21,2026-10-01,10,120,173,50840.63,265.25
21,2026-10-01,11,131,155,47957.22,158.27
21,2026-10-01,12,542,140,44628.3,336.35
21,2026-10-01,13,151,263,86795.08,369.63
21,2026-10-01,14,152,218,72444.94,208.5
21,2026-10-01,15,156,120,34771.7,170.47
21,2026-10-01,16,132,114,33778.83,154.22
21,2026-10-01,17,569,141,40740.8,348.73
21,2026-10-01,18,274,318,105968.44,458.0
21,2026-10-01,19,88,238,79230.54,228.12
21,2026-10-01,20,51,80,27726.49,92.0
21,2026-10-01,21,0,52,16840.18,39.97
21,2026-10-02,9,369,54,18831.13,169.87
21,2026-10-02,10,117,154,48138.98,257.58
21,2026-10-02,11,128,149,47654.52,158.67
21,2026-10-02,12,505,134,44943.47,304.2
21,2026-10-02,13,118,250,87903.24,357.15
21,2026-10-02,14,153,176,52908.33,181.93
21,2026-10-02,15,118,104,34460.28,148.07
21,2026-10-02,16,129,97,32431.67,135.3
21,2026-10-02,17,507,131,39432.81,306.03
21,2026-10-02,18,255,257,86304.38,395.45
21,2026-10-02,19,76,211,63719.02,227.23
21,2026-10-02,20,39,103,34213.84,90.38
21,2026-10-02,21,0,41,13085.84,28.1
21,2026-10-03,9,447,71,22400.52,192.85
21,2026-10-03,10,145,195,57932.53,308.15
21,2026-10-03,11,146,161,47965.47,183.43
21,2026-10-03,12,637,174,52822.53,385.75
21,2026-10-03,13,156,316,108362.98,460.42
21,2026-10-03,14,154,231,78908.83,211.38
21,2026-10-03,15,147,117,35037.92,160.13
21,2026-10-03,16,150,106,37879.75,163.45
21,2026-10-03,17,621,169,55203.16,386.98
21,2026-10-03,18,290,320,101563.85,482.18
21,2026-10-03,19,79,247,77852.0,259.02
21,2026-10-03,20,53,102,32859.39,89.98
21,2026-10-03,21,0,46,13738.56,31.55
21,2026-10-04,9,446,59,19716.38,203.55
21,2026-10-04,10,129,196,63644.29,305.28
21,2026-10-04,11,136,183,58810.42,171.73
21,2026-10-04,12,551,154,51406.24,334.48
21,2026-10-04,13,128,242,74940.56,371.68
21,2026-10-04,14,150,199,67378.28,195.0
21,2026-10-04,15,168,107,34932.57,165.82
21,2026-10-04,16,163,108,37393.91,179.28
21,2026-10-04,17,596,189,62696.65,370.9
21,2026-10-04,18,290,331,102326.24,481.07
21,2026-10-04,19,97,269,88447.15,251.05
21,2026-10-04,20,65,100,32178.26,99.33
21,2026-10-04,21,0,51,14686.36,42.45
22,2026-09-28,9,413,62,19488.4,190.32
22,2026-09-28,10,112,177,53234.48,277.03
22,2026-09-28,11,119,169,57127.38,162.27
22,2026-09-28,12,510,142,51411.28,295.23
22,2026-09-28,13,121,233,72412.52,360.45
22,2026-09-28,14,141,203,62039.71,171.8
22,2026-09-28,15,121,92,31534.29,129.15
22,2026-09-28,16,127,97,30927.24,139.13
22,2026-09-28,17,511,150,46142.03,304.08
22,2026-09-28,18,253,257,77930.61,420.88
22,2026-09-28,19,57,248,80186.49,220.8
22,2026-09-28,20,57,75,22860.19,78.6
22,2026-09-28,21,0,50,18287.37,39.93
22,2026-09-29,9,404,56,18328.7,186.47
22,2026-09-29,10,132,181,56113.23,286.08
22,2026-09-29,11,114,151,49207.82,152.98
22,2026-09-29,12,524,141,49151.5,314.05
22,2026-09-29,13,114,261,83822.01,346.75
22,2026-09-29,14,109,170,53403.17,166.42
22,2026-09-29,15,121,80,24741.01,132.83
22,2026-09-29,16,127,93,27756.16,130.98
22,2026-09-29,17,516,158,48494.5,302.98
22,2026-09-29,18,241,250,74373.34,389.5
22,2026-09-29,19,72,205,61857.82,217.12
22,2026-09-29,20,52,107,31712.18,86.6
22,2026-09-29,21,0,42,12073.15,31.05
22,2026-09-30,9,413,64,20865.21,187.52
22,2026-09-30,10,151,176,56144.61,290.37
22,2026-09-30,11,156,170,63470.47,186.77
22,2026-09-30,12,547,162,49602.76,349.27
22,2026-09-30,13,118,278,97626.37,366.18
22,2026-09-30,14,155,180,53943.99,190.12
22,2026-09-30,15,163,109,40960.98,175.67
22,2026-09-30,16,140,132,45016.43,169.57
22,2026-09-30,17,599,168,57699.34,362.27
22,2026-09-30,18,284,303,90755.28,472.5
22,2026-09-30,19,61,237,77642.29,237.22
22,2026-09-30,20,55,91,30407.71,91.35
22,2026-09-30,21,0,50,17277.31,38.63
22,2026-10-01,9,486,72,19866.85,227.65
22,2026-10-01,10,149,216,70065.19,336.38
22,2026-10-01,11,163,192,57518.55,210.2
22,2026-10-01,12,638,193,66999.46,405.58
22,2026-10-01,13,154,310,101215.65,440.17
22,2026-10-01,14,158,241,82361.71,202.97
22,2026-10-01,15,172,102,32715.49,181.5
22,2026-10-01,16,165,135,47295.87,200.8
22,2026-10-01,17,644,205,61825.92,393.07
22,2026-10-01,18,308,316,94750.04,523.45
22,2026-10-01,19,101,289,93154.17,271.55
22,2026-10-01,20,57,96,30193.45,112.23
22,2026-10-01,21,0,59,19484.0,39.42
22,2026-10-02,9,486,65,17548.02,220.65
22,2026-10-02,10,167,216,61059.76,344.27
22,2026-10-02,11,138,183,60382.08,197.45
22,2026-10-02,12,631,194,62480.71,369.12
22,2026-10-02,13,144,288,89029.19,429.1
22,2026-10-02,14,165,208,67898.42,227.05
22,2026-10-02,15,158,120,36083.14,184.65
22,2026-10-02,16,173,127,38341.38,179.33
22,2026-10-02,17,608,184,58204.06,394.18
22,2026-10-02,18,316,321,102338.54,487.95
22,2026-10-02,19,81,264,89906.22,267.8
22,2026-10-02,20,67,119,38782.28,100.7
22,2026-10-02,21,0,54,18426.83,41.67
22,2026-10-03,9,549,88,28642.29,246.83
22,2026-10-03,10,190,225,72316.37,388.78
22,2026-10-03,11,170,210,62991.84,229.9
22,2026-10-03,12,640,209,63381.74,405.68
22,2026-10-03,13,163,327,113734.01,446.32
22,2026-10-03,14,163,226,68061.56,219.53
22,2026-10-03,15,173,125,44473.27,183.65
22,2026-10-03,16,196,134,37590.18,204.35
22,2026-10-03,17,722,201,68873.43,451.8
22,2026-10-03,18,337,384,124723.4,573.0
22,2026-10-03,19,101,308,97271.47,296.97
22,2026-10-03,20,67,120,40974.09,111.88
22,2026-10-03,21,0,56,17089.83,47.62
22,2026-10-04,9,471,63,21095.96,217.82
22,2026-10-04,10,149,220,64710.38,322.48
22,2026-10-04,11,164,189,59868.63,197.07
22,2026-10-04,12,667,161,52204.4,402.23
22,2026-10-04,13,155,320,102997.55,482.47
22,2026-10-04,14,175,231,70555.49,223.57
22,2026-10-04,15,157,119,37965.76,181.83
22,2026-10-04,16,167,121,38877.41,186.67
22,2026-10-04,17,679,197,64641.08,423.13
22,2026-10-04,18,379,370,117067.44,559.65
22,2026-10-04,19,89,294,91375.71,306.52
22,2026-10-04,20,64,124,39488.45,109.38
22,2026-10-04,21,0,52,16903.37,37.32
23,2026-09-28,9,388,55,19283.43,167.28
23,2026-09-28,10,104,166,53301.09,256.8
23,2026-09-28,11,108,136,42500.51,142.63
23,2026-09-28,12,492,140,44035.04,290.93
23,2026-09-28,13,125,243,87106.48,348.93
23,2026-09-28,14,118,179,56608.7,175.83
23,2026-09-28,15,108,85,25620.78,126.98
23,2026-09-28,16,124,82,29724.38,122.68
23,2026-09-28,17,513,140,42749.76,325.35
23,2026-09-28,18,239,280,91552.58,402.88
23,2026-09-28,19,62,212,61077.89,195.32
23,2026-09-28,20,53,76,25969.69,80.65
23,2026-09-28,21,0,49,14684.1,35.5
23,2026-09-29,9,305,43,13238.59,130.53
23,2026-09-29,10,107,122,40518.59,206.02
23,2026-09-29,11,117,128,43487.14,143.42
23,2026-09-29,12,430,131,42229.09,281.08
23,2026-09-29,13,107,172,52291.59,307.63
23,2026-09-29,14,102,172,49950.24,150.35
23,2026-09-29,15,124,74,24532.91,121.63
23,2026-09-29,16,102,93,27278.26,126.17
23,2026-09-29,17,437,125,40716.57,272.82
23,2026-09-29,18,179,245,81968.16,330.78
23,2026-09-29,19,71,149,49469.22,169.5
23,2026-09-29,20,39,85,26068.22,82.77
23,2026-09-29,21,0,32,8965.39,25.45
23,2026-09-30,9,473,57,19057.3,217.1
23,2026-09-30,10,150,223,76760.23,332.33
23,2026-09-30,11,156,173,56220.41,190.83
23,2026-09-30,12,601,164,55009.39,368.93
23,2026-09-30,13,130,288,92419.92,413.33
23,2026-09-30,14,152,200,67178.18,195.87
23,2026-09-30,15,140,99,33626.07,172.52
23,2026-09-30,16,153,119,35245.05,169.52
23,2026-09-30,17,605,189,61500.66,374.55
23,2026-09-30,18,294,322,101159.89,491.93
23,2026-09-30,19,104,247,80743.02,266.62
23,2026-09-30,20,62,107,38512.05,115.87
23,2026-09-30,21,0,68,24604.42,45.13
23,2026-10-01,9,415,56,18667.65,185.9
23,2026-10-01,10,108,160,53634.94,273.88
23,2026-10-01,11,131,147,48497.12,173.27
23,2026-10-01,12,537,145,45998.9,336.9
23,2026-10-01,13,134,256,79899.35,362.32
23,2026-10-01,14,128,163,46416.67,174.82
23,2026-10-01,15,129,102,32353.76,149.8
23,2026-10-01,16,109,105,33574.84,131.6
23,2026-10-01,17,550,145,49237.91,321.0
23,2026-10-01,18,262,303,90257.79,426.0
23,2026-10-01,19,90,220,77589.46,222.08
23,2026-10-01,20,70,90,32077.8,101.68
23,2026-10-01,21,0,61,18155.03,46.92
23,2026-10-02,9,414,63,22200.72,178.68
23,2026-10-02,10,162,188,60973.14,287.8
23,2026-10-02,11,125,155,52665.02,188.62
23,2026-10-02,12,550,156,51428.92,337.77
23,2026-10-02,13,124,259,82783.6,358.83
23,2026-10-02,14,143,194,66072.57,176.73
23,2026-10-02,15,170,103,32041.89,168.3
23,2026-10-02,16,143,116,35588.49,180.37
23,2026-10-02,17,529,166,50569.72,336.58
23,2026-10-02,18,274,271,89194.08,422.4
23,2026-10-02,19,89,246,81174.44,234.25
23,2026-10-02,20,59,101,29692.92,99.35
23,2026-10-02,21,0,63,20391.48,40.2
23,2026-10-03,9,488,55,18961.06,217.25
23,2026-10-03,10,137,220,68227.53,349.75
23,2026-10-03,11,167,192,65146.63,193.37
23,2026-10-03,12,658,170,55954.6,404.77
23,2026-10-03,13,148,315,100336.92,453.13
23,2026-10-03,14,159,245,79000.5,218.35
23,2026-10-03,15,167,117,36702.39,181.85
23,2026-10-03,16,166,120,37210.67,190.28
23,2026-10-03,17,651,203,66156.7,397.25
23,2026-10-03,18,301,347,105888.28,494.67
23,2026-10-03,19,92,258,87692.13,278.6
23,2026-10-03,20,57,105,32365.94,111.55
23,2026-10-03,21,0,55,19265.86,37.22
23,2026-10-04,9,455,61,23338.29,206.58
23,2026-10-04,10,142,198,64868.76,304.98
23,2026-10-04,11,132,166,51805.55,181.07
23,2026-10-04,12,582,172,52222.79,338.37
23,2026-10-04,13,142,273,86529.63,388.78
23,2026-10-04,14,147,214,67635.29,187.07
23,2026-10-04,15,167,96,29984.31,178.0
23,2026-10-04,16,152,134,41066.06,190.63
23,2026-10-04,17,606,186,53223.73,353.83
23,2026-10-04,18,299,312,99930.81,467.75
23,2026-10-04,19,85,276,87082.99,265.2
23,2026-10-04,20,51,112,37514.47,101.78
23,2026-10-04,21,0,48,14946.02,29.22
24,2026-09-28,9,346,41,12893.14,156.0
24,2026-09-28,10,139,151,49223.24,263.62
24,2026-09-28,11,111,150,44296.49,175.02
24,2026-09-28,12,499,152,53825.8,295.82
24,2026-09-28,13,108,228,71629.34,340.33
24,2026-09-28,14,107,157,52493.59,161.12
24,2026-09-28,15,117,89,25789.6,126.53
24,2026-09-28,16,115,93,31381.29,127.27
24,2026-09-28,17,506,134,44611.63,302.98
24,2026-09-28,18,222,267,91736.81,391.82
24,2026-09-28,19,79,190,67279.34,220.15
24,2026-09-28,20,44,96,28010.89,86.43
24,2026-09-28,21,0,44,15906.88,27.48
24,2026-09-29,9,433,65,20051.42,190.65
24,2026-09-29,10,126,175,55736.87,290.78
24,2026-09-29,11,124,156,50188.5,167.58
24,2026-09-29,12,538,153,51795.52,324.45
24,2026-09-29,13,121,247,75669.97,367.13
24,2026-09-29,14,162,187,59070.07,199.08
24,2026-09-29,15,146,102,33617.32,164.2
24,2026-09-29,16,124,117,40899.02,161.58
24,2026-09-29,17,582,168,58522.79,345.38
24,2026-09-29,18,263,285,88451.55,460.82
24,2026-09-29,19,65,229,72770.28,233.32
24,2026-09-29,20,52,96,30689.2,81.58
24,2026-09-29,21,0,49,17434.94,35.22
24,2026-09-30,9,369,63,18683.55,169.9
24,2026-09-30,10,109,152,50711.66,233.7
24,2026-09-30,11,115,131,35383.46,152.83
24,2026-09-30,12,509,166,52231.02,291.72
24,2026-09-30,13,124,241,75804.07,338.22
24,2026-09-30,14,116,181,57801.74,159.27
24,2026-09-30,15,136,95,31328.33,129.02
24,2026-09-30,16,127,102,30230.75,138.48
24,2026-09-30,17,479,148,48609.43,305.0
24,2026-09-30,18,250,252,78427.83,373.65
24,2026-09-30,19,77,206,65087.26,217.52
24,2026-09-30,20,57,86,28626.96,85.93
24,2026-09-30,21,0,47,16436.68,38.68
24,2026-10-01,9,403,53,18141.86,173.13
24,2026-10-01,10,133,163,50874.76,279.52
24,2026-10-01,11,150,158,51777.06,178.88
24,2026-10-01,12,581,168,51401.9,340.95
24,2026-10-01,13,133,286,97295.84,395.58
24,2026-10-01,14,141,200,68559.41,197.88
24,2026-10-01,15,156,110,35729.67,167.88
24,2026-10-01,16,121,114,36519.92,145.17
24,2026-10-01,17,511,143,43640.74,305.17
24,2026-10-01,18,291,273,85319.68,420.45
24,2026-10-01,19,76,236,78376.01,243.25
24,2026-10-01,20,56,107,37037.17,94.85
24,2026-10-01,21,0,47,16923.47,35.07
24,2026-10-02,9,457,73,23125.0,211.45
24,2026-10-02,10,160,220,73578.33,311.47
24,2026-10-02,11,141,168,52484.26,182.07
24,2026-10-02,12,619,180,57404.98,373.1
24,2026-10-02,13,146,311,97864.81,411.83
24,2026-10-02,14,159,211,62980.14,212.18
24,2026-10-02,15,127,110,37030.98,168.48
24,2026-10-02,16,156,97,29593.18,156.73
24,2026-10-02,17,711,178,56344.89,422.17
24,2026-10-02,18,324,337,108233.01,548.25
24,2026-10-02,19,94,296,99805.25,280.08
24,2026-10-02,20,71,109,33207.12,117.58
24,2026-10-02,21,0,59,17095.19,46.02
24,2026-10-03,9,497,73,21757.07,235.8
24,2026-10-03,10,150,213,67173.19,332.65
24,2026-10-03,11,156,194,63570.05,196.12
24,2026-10-03,12,674,191,64959.96,406.82
24,2026-10-03,13,145,344,107760.61,446.65
24,2026-10-03,14,176,195,61076.13,225.52
24,2026-10-03,15,174,149,51585.12,197.07
24,2026-10-03,16,166,135,42159.55,175.85
24,2026-10-03,17,679,200,58389.84,410.15
24,2026-10-03,18,327,346,112792.13,529.05
24,2026-10-03,19,110,296,102840.65,298.57
24,2026-10-03,20,62,119,39980.93,115.98
24,2026-10-03,21,0,60,20703.16,43.8
24,2026-10-04,9,478,78,24434.34,222.1
24,2026-10-04,10,176,226,72252.0,336.32
24,2026-10-04,11,187,205,65174.34,214.0
24,2026-10-04,12,649,188,59585.62,405.4
24,2026-10-04,13,140,324,104404.89,428.33
24,2026-10-04,14,167,220,72306.38,199.67
24,2026-10-04,15,157,106,33868.74,179.93
24,2026-10-04,16,166,136,39767.33,186.25
24,2026-10-04,17,638,200,64395.89,384.68
24,2026-10-04,18,323,312,100251.74,534.68
24,2026-10-04,19,108,291,92312.48,297.83
24,2026-10-04,20,54,141,41657.33,110.22
24,2026-10-04,21,0,44,14385.95,33.15
25,2026-09-28,9,386,61,17816.7,175.52
25,2026-09-28,10,121,172,50933.91,258.88
25,2026-09-28,11,137,151,44629.98,163.73
25,2026-09-28,12,508,144,46388.64,320.9
25,2026-09-28,13,108,237,77510.73,353.72
25,2026-09-28,14,126,168,54937.28,165.13
25,2026-09-28,15,133,76,24294.12,139.53
25,2026-09-28,16,137,101,32232.91,149.92
25,2026-09-28,17,540,161,49744.58,349.98
25,2026-09-28,18,233,279,92941.43,434.57
25,2026-09-28,19,65,215,65602.98,208.75
25,2026-09-28,20,54,77,24425.2,93.08
25,2026-09-28,21,0,51,16657.03,36.73
25,2026-09-29,9,430,65,19609.02,193.68
25,2026-09-29,10,125,184,57638.08,290.62
25,2026-09-29,11,135,168,54478.43,173.4
25,2026-09-29,12,565,159,47792.31,326.4
25,2026-09-29,13,140,273,84753.87,385.57
25,2026-09-29,14,167,191,62978.75,194.95
25,2026-09-29,15,145,117,40066.02,176.08
25,2026-09-29,16,149,116,36703.08,159.52
25,2026-09-29,17,607,176,54522.1,361.25
25,2026-09-29,18,263,305,89941.81,459.87
25,2026-09-29,19,82,249,76723.35,229.98
25,2026-09-29,20,50,96,29892.25,91.25
25,2026-09-29,21,0,35,11777.17,26.83
25,2026-09-30,9,409,74,25576.13,181.93
25,2026-09-30,10,120,171,56012.25,267.62
25,2026-09-30,11,155,167,51100.69,175.48
25,2026-09-30,12,534,168,55112.38,329.37
25,2026-09-30,13,138,263,82503.89,368.52
25,2026-09-30,14,119,196,60080.68,179.87
25,2026-09-30,15,143,94,31889.21,137.18
25,2026-09-30,16,155,113,37152.16,162.88
25,2026-09-30,17,561,157,48620.93,351.98
25,2026-09-30,18,261,305,99957.33,438.28
25,2026-09-30,19,92,237,80790.55,233.07
25,2026-09-30,20,45,99,30142.35,101.78
25,2026-09-30,21,0,43,13458.06,34.77
25,2026-10-01,9,465,68,19735.1,215.13
25,2026-10-01,10,148,198,61399.26,316.42
25,2026-10-01,11,140,171,54417.54,197.3
25,2026-10-01,12,645,178,56691.68,380.95
25,2026-10-01,13,139,292,95672.0,438.08
25,2026-10-01,14,163,251,80726.32,213.72
25,2026-10-01,15,158,101,32439.87,167.43
25,2026-10-01,16,150,117,36393.9,175.55
25,2026-10-01,17,573,176,60460.78,363.33
25,2026-10-01,18,303,341,119079.81,469.2
25,2026-10-01,19,97,243,73886.35,263.38
25,2026-10-01,20,66,116,43475.49,115.2
25,2026-10-01,21,0,52,14171.13,45.45
25,2026-10-02,9,503,74,26008.56,216.5
25,2026-10-02,10,176,224,67277.76,337.37
25,2026-10-02,11,196,202,63207.78,223.05
25,2026-10-02,12,652,194,55662.98,432.73
25,2026-10-02,13,200,327,106041.22,465.57
25,2026-10-02,14,158,240,79961.79,239.43
25,2026-10-02,15,173,123,42759.15,184.83
25,2026-10-02,16,190,140,44175.45,195.62
25,2026-10-02,17,672,189,58315.27,413.03
25,2026-10-02,18,332,365,124963.28,529.83
25,2026-10-02,19,92,292,91245.42,296.73
25,2026-10-02,20,57,119,35138.45,107.25
25,2026-10-02,21,0,47,16541.12,41.18
25,2026-10-03,9,534,60,18798.48,240.55
25,2026-10-03,10,143,235,76315.23,359.38
25,2026-10-03,11,172,190,57905.32,209.42
25,2026-10-03,12,686,194,60524.88,447.32
25,2026-10-03,13,171,348,111913.8,461.72
25,2026-10-03,14,166,218,69735.43,222.28
25,2026-10-03,15,173,128,40778.74,195.85
25,2026-10-03,16,175,141,41492.1,182.82
25,2026-10-03,17,678,207,64916.78,421.92
25,2026-10-03,18,370,336,102851.43,560.43
25,2026-10-03,19,119,312,98456.02,321.83
25,2026-10-03,20,61,127,43294.67,129.77
25,2026-10-03,21,0,60,18801.0,43.58
25,2026-10-04,9,488,60,18103.52,220.48
25,2026-10-04,10,142,221,69231.08,339.0
25,2026-10-04,11,172,183,59346.42,197.7
25,2026-10-04,12,700,216,70966.8,432.95
25,2026-10-04,13,166,336,109136.57,473.08
25,2026-10-04,14,161,248,81388.64,222.6
25,2026-10-04,15,170,109,38239.94,168.1
25,2026-10-04,16,161,112,31974.5,187.68
25,2026-10-04,17,709,211,68647.52,435.98
25,2026-10-04,18,342,372,130715.72,550.23
25,2026-10-04,19,110,310,101746.21,311.02
25,2026-10-04,20,72,126,35697.17,123.7
25,2026-10-04,21,0,68,20448.03,48.5
26,2026-09-28,9,378,61,17646.31,163.7
26,2026-09-28,10,105,157,46417.51,244.73
26,2026-09-28,11,133,123,40234.03,157.78
26,2026-09-28,12,461,151,48510.19,293.9
26,2026-09-28,13,109,217,71760.04,322.18
26,2026-09-28,14,113,178,57555.16,164.95
26,2026-09-28,15,116,80,29574.46,123.3
26,2026-09-28,16,103,92,27633.94,118.77
26,2026-09-28,17,429,125,40792.9,266.73
26,2026-09-28,18,222,215,67377.09,342.08
26,2026-09-28,19,54,186,56742.85,182.75
26,2026-09-28,20,56,80,29038.79,82.75
26,2026-09-28,21,0,43,13467.98,34.6
26,2026-09-29,9,356,50,15726.63,157.32
26,2026-09-29,10,125,155,46485.01,260.1
26,2026-09-29,11,105,141,46715.56,146.42
26,2026-09-29,12,463,131,46226.15,277.72
26,2026-09-29,13,110,214,68269.22,334.55
26,2026-09-29,14,124,165,53700.76,174.2
26,2026-09-29,15,114,103,37085.11,137.78
26,2026-09-29,16,107,94,30201.47,114.52
26,2026-09-29,17,495,137,45788.31,288.3
26,2026-09-29,18,238,247,74832.95,402.1
26,2026-09-29,19,80,219,64806.2,217.8
26,2026-09-29,20,54,90,28657.25,86.9
26,2026-09-29,21,0,49,14962.96,41.88
26,2026-09-30,9,409,60,16226.31,176.35
26,2026-09-30,10,145,180,55794.85,299.58
26,2026-09-30,11,129,159,50924.27,170.93
26,2026-09-30,12,558,155,51072.17,346.63
26,2026-09-30,13,122,266,86282.83,377.2
26,2026-09-30,14,132,173,53350.95,172.47
26,2026-09-30,15,139,92,25997.84,146.85
26,2026-09-30,16,128,88,27557.62,152.4
26,2026-09-30,17,593,173,52109.34,356.77
26,2026-09-30,18,285,301,97618.02,483.18
26,2026-09-30,19,91,274,83775.16,263.78
26,2026-09-30,20,52,88,29787.88,99.18
26,2026-09-30,21,0,55,18530.97,31.48
26,2026-10-01,9,391,65,18557.43,185.9
26,2026-10-01,10,119,183,58735.23,261.68
26,2026-10-01,11,135,132,41560.87,159.93
26,2026-10-01,12,547,156,49051.44,350.53
26,2026-10-01,13,118,268,92402.44,369.18
26,2026-10-01,14,146,196,64441.62,185.7
26,2026-10-01,15,136,113,33777.74,152.17
26,2026-10-01,16,132,99,30774.16,148.5
26,2026-10-01,17,578,172,55023.78,352.93
26,2026-10-01,18,259,292,96369.65,429.05
26,2026-10-01,19,98,243,83124.09,236.78
26,2026-10-01,20,57,101,33710.51,106.22
26,2026-10-01,21,0,47,14514.67,41.65
26,2026-10-02,9,482,67,22820.51,212.25
26,2026-10-02,10,161,231,71367.6,338.52
26,2026-10-02,11,160,191,58787.82,201.25
26,2026-10-02,12,651,184,60407.51,394.4
26,2026-10-02,13,147,314,98573.87,433.78
26,2026-10-02,14,169,213,71388.33,206.13
26,2026-10-02,15,130,119,37342.25,175.42
26,2026-10-02,16,148,117,34081.68,154.28
26,2026-10-02,17,625,148,45851.79,364.92
26,2026-10-02,18,322,346,107240.34,513.05
26,2026-10-02,19,87,294,90634.49,286.67
26,2026-10-02,20,56,108,33236.28,97.12
26,2026-10-02,21,0,42,13892.22,36.68
26,2026-10-03,9,490,72,20957.0,221.28
26,2026-10-03,10,164,217,70015.3,350.57
26,2026-10-03,11,150,201,60773.12,210.37
26,2026-10-03,12,632,176,54076.3,390.73
26,2026-10-03,13,145,314,100868.89,418.45
26,2026-10-03,14,155,187,56979.6,211.13
26,2026-10-03,15,196,128,39626.05,207.85
26,2026-10-03,16,187,136,41614.02,207.58
26,2026-10-03,17,652,188,61586.19,417.43
26,2026-10-03,18,329,361,113159.5,534.6
26,2026-10-03,19,100,284,88013.41,289.82
26,2026-10-03,20,58,118,38154.51,105.3
26,2026-10-03,21,0,56,16680.57,40.17
26,2026-10-04,9,508,57,17814.62,229.92
26,2026-10-04,10,174,237,73230.63,360.67
26,2026-10-04,11,197,196,61573.52,234.45
26,2026-10-04,12,637,194,62300.0,418.93
26,2026-10-04,13,157,326,109468.88,446.43
26,2026-10-04,14,159,221,69684.95,234.57
26,2026-10-04,15,192,122,36363.52,205.45
26,2026-10-04,16,159,139,44923.33,201.3
26,2026-10-04,17,673,190,55779.53,426.22
26,2026-10-04,18,323,335,112627.95,547.78
26,2026-10-04,19,88,294,87554.82,294.88
26,2026-10-04,20,63,122,37292.02,108.07
26,2026-10-04,21,0,48,18690.32,37.33
27,2026-09-28,9,348,44,11226.2,160.55
27,2026-09-28,10,101,142,47044.06,235.98
27,2026-09-28,11,97,130,44875.07,140.6
27,2026-09-28,12,450,101,27665.23,272.82
27,2026-09-28,13,105,233,78426.38,310.22
27,2026-09-28,14,100,139,47234.74,146.48
27,2026-09-28,15,110,85,27431.72,126.5
27,2026-09-28,16,90,86,27716.68,111.95
27,2026-09-28,17,443,119,37963.05,258.02
27,2026-09-28,18,227,235,76596.23,349.65
27,2026-09-28,19,61,170,54993.8,194.23
27,2026-09-28,20,40,86,25345.94,75.67
27,2026-09-28,21,0,44,13257.99,30.82
27,2026-09-29,9,373,48,13839.11,165.53
27,2026-09-29,10,120,157,52275.86,273.78
27,2026-09-29,11,118,155,50493.34,160.77
27,2026-09-29,12,463,133,39945.16,294.22
27,2026-09-29,13,119,228,76698.43,303.68
27,2026-09-29,14,146,156,48453.21,170.38
27,2026-09-29,15,112,90,23984.98,135.08
27,2026-09-29,16,121,103,34674.29,144.52
27,2026-09-29,17,484,140,43739.15,294.33
27,2026-09-29,18,244,265,85548.78,380.02
27,2026-09-29,19,82,210,61729.75,216.6
27,2026-09-29,20,36,74,20965.8,80.9
27,2026-09-29,21,0,44,15957.19,25.47
27,2026-09-30,9,396,63,22810.16,183.75
27,2026-09-30,10,139,160,54759.65,274.95
27,2026-09-30,11,140,180,53090.81,167.15
27,2026-09-30,12,550,156,53835.04,342.32
27,2026-09-30,13,138,289,89847.67,375.95
27,2026-09-30,14,128,181,53041.63,190.42
27,2026-09-30,15,126,109,37049.46,146.02
27,2026-09-30,16,123,90,26382.81,123.67
27,2026-09-30,17,549,141,43552.23,309.98
27,2026-09-30,18,247,278,89384.58,430.33
27,2026-09-30,19,83,232,73350.03,227.55
27,2026-09-30,20,51,99,28255.85,85.03
27,2026-09-30,21,0,45,13812.5,31.43
27,2026-10-01,9,426,53,14253.55,195.03
27,2026-10-01,10,126,192,62091.76,303.37
27,2026-10-01,11,128,167,53760.06,166.23
27,2026-10-01,12,576,153,48418.92,345.27
27,2026-10-01,13,136,301,92642.94,387.55
27,2026-10-01,14,159,181,59587.41,197.25
27,2026-10-01,15,139,98,33954.05,168.1
27,2026-10-01,16,134,111,34505.1,162.73
27,2026-10-01,17,560,164,55551.97,352.77
27,2026-10-01,18,303,290,91770.68,461.03
27,2026-10-01,19,80,268,84219.94,266.52
27,2026-10-01,20,56,109,36672.08,97.38
27,2026-10-01,21,0,50,12795.25,40.87
27,2026-10-02,9,496,80,28760.42,219.32
27,2026-10-02,10,146,200,65146.54,349.8
27,2026-10-02,11,154,194,62474.53,210.2
27,2026-10-02,12,653,173,52813.85,380.27
27,2026-10-02,13,163,297,94541.1,460.42
27,2026-10-02,14,165,256,83385.75,239.28
27,2026-10-02,15,148,110,33568.61,165.37
27,2026-10-02,16,157,121,34303.74,176.7
27,2026-10-02,17,678,165,53980.77,392.03
27,2026-10-02,18,317,358,112804.73,547.68
27,2026-10-02,19,93,288,87196.07,283.65
27,2026-10-02,20,62,117,35984.43,116.58
27,2026-10-02,21,0,60,17544.19,42.45
27,2026-10-03,9,527,64,19981.02,238.37
27,2026-10-03,10,173,228,75774.94,372.72
27,2026-10-03,11,173,203,56282.94,231.52
27,2026-10-03,12,657,192,60270.69,405.77
27,2026-10-03,13,171,333,104565.23,457.53
27,2026-10-03,14,149,214,68215.19,224.32
27,2026-10-03,15,184,134,45340.61,184.48
27,2026-10-03,16,140,123,39917.1,183.43
27,2026-10-03,17,638,214,69286.3,391.2
27,2026-10-03,18,331,328,105044.13,481.83
27,2026-10-03,19,99,265,87662.28,279.1
27,2026-10-03,20,68,139,50316.11,126.55
27,2026-10-03,21,0,58,17210.84,42.75
27,2026-10-04,9,492,77,27952.0,226.32
27,2026-10-04,10,175,224,68037.49,343.58
27,2026-10-04,11,169,213,68192.33,224.28
27,2026-10-04,12,664,204,63136.15,416.92
27,2026-10-04,13,167,347,110480.06,456.45
27,2026-10-04,14,153,232,72439.09,211.48
27,2026-10-04,15,157,102,31964.63,171.17
27,2026-10-04,16,169,114,32717.6,187.03
27,2026-10-04,17,674,223,75431.55,438.12
27,2026-10-04,18,352,348,116627.13,547.65
27,2026-10-04,19,95,268,87617.89,315.55
27,2026-10-04,20,63,152,51926.94,116.23
27,2026-10-04,21,0,58,20336.04,35.85
28,2026-09-28,9,369,39,10635.42,169.52
28,2026-09-28,10,115,160,53897.6,261.0
28,2026-09-28,11,108,141,45891.96,152.72
28,2026-09-28,12,463,144,45942.63,278.1
28,2026-09-28,13,114,206,62396.79,310.98
28,2026-09-28,14,127,161,47971.02,165.23
28,2026-09-28,15,108,91,32297.79,138.8
28,2026-09-28,16,130,97,31092.57,140.95
28,2026-09-28,17,479,146,46595.49,293.48
28,2026-09-28,18,220,255,83459.33,369.45
28,2026-09-28,19,65,204,63424.59,207.02
28,2026-09-28,20,51,92,28806.08,84.95
28,2026-09-28,21,0,46,14114.43,33.27
28,2026-09-29,9,313,50,17941.2,136.3
28,2026-09-29,10,120,143,49053.64,224.53
28,2026-09-29,11,114,113,34853.09,148.8
28,2026-09-29,12,456,146,49052.95,281.12
28,2026-09-29,13,118,212,71053.87,312.53
28,2026-09-29,14,134,184,62834.72,174.47
28,2026-09-29,15,126,84,25258.93,148.7
28,2026-09-29,16,100,109,32324.03,128.63
28,2026-09-29,17,486,120,38367.97,296.58
28,2026-09-29,18,256,238,73302.6,405.8
28,2026-09-29,19,56,232,72535.0,236.23
28,2026-09-29,20,34,86,26333.2,71.28
28,2026-09-29,21,0,27,9905.53,22.12
28,2026-09-30,9,463,63,23520.85,207.75
28,2026-09-30,10,129,196,64384.39,321.6
28,2026-09-30,11,168,167,50131.82,197.43
28,2026-09-30,12,625,181,59198.32,391.68
28,2026-09-30,13,142,304,95249.63,410.6
28,2026-09-30,14,156,194,65289.97,208.13
28,2026-09-30,15,170,122,40502.51,174.63
28,2026-09-30,16,136,117,39843.09,172.48
28,2026-09-30,17,619,182,59816.27,373.37
28,2026-09-30,18,311,308,97473.48,483.32
28,2026-09-30,19,90,261,85173.09,280.63
28,2026-09-30,20,45,107,32911.47,107.08
28,2026-09-30,21,0,49,16363.39,33.62
28,2026-10-01,9,424,64,19855.88,190.68
28,2026-10-01,10,156,171,59879.63,302.15
28,2026-10-01,11,143,183,52243.64,201.65
28,2026-10-01,12,600,189,55361.54,368.83
28,2026-10-01,13,133,291,98537.72,386.88
28,2026-10-01,14,158,196,57431.23,198.88
28,2026-10-01,15,151,107,30827.61,169.55
28,2026-10-01,16,110,97,32085.45,158.68
28,2026-10-01,17,552,136,43939.59,324.95
28,2026-10-01,18,275,288,90355.64,448.05
28,2026-10-01,19,79,248,82540.32,246.07
28,2026-10-01,20,48,89,30552.62,90.07
28,2026-10-01,21,0,51,13034.53,35.6
28,2026-10-02,9,502,59,18348.84,229.42
28,2026-10-02,10,147,224,67464.88,357.43
28,2026-10-02,11,160,188,57986.29,214.98
28,2026-10-02,12,662,214,70887.18,402.13
28,2026-10-02,13,142,291,93033.26,442.53
28,2026-10-02,14,162,235,79136.43,217.45
28,2026-10-02,15,142,111,36772.32,161.87
28,2026-10-02,16,156,99,34126.49,157.97
28,2026-10-02,17,649,205,68110.95,397.45
28,2026-10-02,18,309,310,102939.14,491.53
28,2026-10-02,19,96,273,93664.78,282.13
28,2026-10-02,20,65,123,41849.71,112.0
28,2026-10-02,21,0,55,18082.07,37.55
28,2026-10-03,9,474,85,31136.97,210.83
28,2026-10-03,10,150,205,66448.95,334.75
28,2026-10-03,11,121,172,60202.14,189.68
28,2026-10-03,12,557,151,47917.0,336.6
28,2026-10-03,13,161,287,89073.06,386.97
28,2026-10-03,14,172,203,64499.65,211.82
28,2026-10-03,15,156,115,36516.63,170.35
28,2026-10-03,16,132,102,27820.86,164.6
28,2026-10-03,17,597,157,47864.2,355.33
28,2026-10-03,18,286,296,95588.98,486.45
28,2026-10-03,19,87,247,80168.46,235.5
28,2026-10-03,20,60,102,30677.88,103.38
28,2026-10-03,21,0,56,20296.98,42.87
28,2026-10-04,9,447,62,20576.68,199.78
28,2026-10-04,10,155,198,68812.85,315.97
28,2026-10-04,11,172,182,55601.99,201.35
28,2026-10-04,12,578,198,64181.92,374.7
28,2026-10-04,13,166,264,87148.34,404.3
28,2026-10-04,14,149,223,66451.82,215.37
28,2026-10-04,15,163,120,37908.49,174.5
28,2026-10-04,16,141,126,43961.36,160.13
28,2026-10-04,17,636,176,61136.7,370.45
28,2026-10-04,18,294,312,99412.6,483.02
28,2026-10-04,19,93,283,97313.59,271.65
28,2026-10-04,20,54,111,33949.93,110.98
28,2026-10-04,21,0,51,16711.27,37.4
29,2026-09-28,9,449,59,19249.96,204.63
29,2026-09-28,10,137,207,66466.86,315.27
29,2026-09-28,11,124,165,51014.31,171.18
29,2026-09-28,12,511,147,42527.7,305.42
29,2026-09-28,13,135,241,76961.79,365.55
29,2026-09-28,14,122,184,62887.92,189.5
29,2026-09-28,15,132,83,28280.73,140.9
29,2026-09-28,16,110,85,25916.39,137.35
29,2026-09-28,17,578,161,55870.38,337.02
29,2026-09-28,18,259,317,105322.59,446.67
29,2026-09-28,19,85,231,76144.2,224.3
29,2026-09-28,20,69,87,28783.26,110.93
29,2026-09-28,21,0,73,23019.62,50.52
29,2026-09-29,9,384,57,17087.1,174.75
29,2026-09-29,10,139,153,50287.95,292.48
29,2026-09-29,11,142,160,47121.77,188.68
29,2026-09-29,12,529,197,61905.55,334.47
29,2026-09-29,13,125,231,74652.81,356.83
29,2026-09-29,14,146,184,62484.94,174.43
29,2026-09-29,15,150,97,29298.71,164.57
29,2026-09-29,16,134,115,34597.07,165.28
29,2026-09-29,17,544,172,51856.45,329.13
29,2026-09-29,18,296,287,95575.63,431.55
29,2026-09-29,19,95,249,81547.2,263.0
29,2026-09-29,20,62,119,35915.61,109.88
29,2026-09-29,21,0,59,18581.33,41.87
29,2026-09-30,9,474,65,20873.36,212.43
29,2026-09-30,10,136,195,62264.06,306.35
29,2026-09-30,11,147,172,55359.03,190.32
29,2026-09-30,12,695,207,66588.89,416.03
29,2026-09-30,13,157,322,104165.07,435.72
29,2026-09-30,14,177,220,71617.99,232.25
29,2026-09-30,15,175,129,43339.09,196.35
29,2026-09-30,16,152,120,37675.58,196.22
29,2026-09-30,17,646,196,67755.48,397.58
29,2026-09-30,18,296,353,114077.2,504.33
29,2026-09-30,19,121,285,92916.75,279.12
29,2026-09-30,20,62,117,38076.22,125.52
29,2026-09-30,21,0,67,22692.2,40.33
29,2026-10-01,9,478,66,22387.57,217.22
29,2026-10-01,10,147,203,63145.84,339.15
29,2026-10-01,11,155,178,55005.45,202.57
29,2026-10-01,12,671,206,64336.15,408.1
29,2026-10-01,13,167,309,99749.98,474.28
29,2026-10-01,14,146,242,80084.21,219.35
29,2026-10-01,15,172,120,36584.72,179.27
29,2026-10-01,16,162,109,35896.71,180.37
29,2026-10-01,17,658,209,63723.43,404.98
29,2026-10-01,18,355,355,115734.46,517.38
29,2026-10-01,19,108,293,88567.63,305.65
29,2026-10-01,20,49,128,42565.82,120.37
29,2026-10-01,21,0,48,16098.17,38.4
29,2026-10-02,9,566,84,26253.31,256.2
29,2026-10-02,10,170,236,77988.49,387.05
29,2026-10-02,11,172,203,59216.32,239.53
29,2026-10-02,12,762,220,62542.77,470.77
29,2026-10-02,13,178,375,121952.23,517.25
29,2026-10-02,14,184,276,89874.54,265.13
29,2026-10-02,15,188,139,46824.74,203.62
29,2026-10-02,16,168,151,48884.01,200.42
29,2026-10-02,17,739,229,67969.28,435.65
29,2026-10-02,18,381,389,134252.99,578.72
29,2026-10-02,19,121,321,89085.72,329.97
29,2026-10-02,20,76,138,41683.91,144.7
29,2026-10-02,21,0,78,24889.12,51.2
29,2026-10-03,9,591,94,30714.99,276.38
29,2026-10-03,10,175,246,77136.94,403.75
29,2026-10-03,11,187,222,70310.41,237.35
29,2026-10-03,12,721,224,76459.12,446.17
29,2026-10-03,13,170,338,101793.79,504.07
29,2026-10-03,14,182,224,69742.04,236.85
29,2026-10-03,15,194,141,45745.04,201.82
29,2026-10-03,16,170,137,43209.47,204.35
29,2026-10-03,17,747,237,73713.73,469.65
29,2026-10-03,18,372,357,117067.11,587.6
29,2026-10-03,19,117,324,99458.63,338.78
29,2026-10-03,20,69,143,41505.18,136.08
29,2026-10-03,21,0,64,22238.88,50.97
29,2026-10-04,9,505,77,24979.49,231.92
29,2026-10-04,10,157,231,78097.38,344.55
29,2026-10-04,11,161,172,51030.95,197.55
29,2026-10-04,12,709,184,59797.23,427.3
29,2026-10-04,13,159,365,115709.08,484.98
29,2026-10-04,14,185,237,71999.3,233.37
29,2026-10-04,15,176,128,39297.04,189.43
29,2026-10-04,16,178,131,42527.41,201.13
29,2026-10-04,17,717,195,58776.19,445.93
29,2026-10-04,18,338,355,116655.48,578.95
29,2026-10-04,19,112,314,101030.38,310.23
29,2026-10-04,20,60,120,39731.33,122.1
29,2026-10-04,21,0,58,15845.67,44.57
30,2026-09-28,9,308,53,14174.48,128.42
30,2026-09-28,10,77,124,43143.98,203.98
30,2026-09-28,11,108,128,44540.0,123.32
30,2026-09-28,12,393,110,36692.37,242.17
30,2026-09-28,13,110,206,66959.25,265.83
30,2026-09-28,14,115,140,46370.34,146.03
30,2026-09-28,15,100,77,25074.16,113.38
30,2026-09-28,16,97,80,24644.15,107.52
30,2026-09-28,17,402,112,36207.26,243.62
30,2026-09-28,18,183,198,56696.33,327.2
30,2026-09-28,19,56,175,55713.18,168.77
30,2026-09-28,20,34,69,21314.72,65.68
30,2026-09-28,21,0,30,9404.13,22.82
30,2026-09-29,9,378,51,16501.02,180.65
30,2026-09-29,10,106,164,49988.28,248.15
30,2026-09-29,11,105,134,44336.07,133.5
30,2026-09-29,12,452,123,37992.33,271.23
30,2026-09-29,13,100,222,78194.29,312.73
30,2026-09-29,14,125,153,51718.59,149.03
30,2026-09-29,15,104,77,25474.96,120.45
30,2026-09-29,16,126,82,26761.81,134.9
30,2026-09-29,17,460,133,41262.52,287.98
30,2026-09-29,18,232,261,80662.22,367.77
30,2026-09-29,19,57,189,60462.69,190.02
30,2026-09-29,20,51,70,26004.5,78.42
30,2026-09-29,21,0,42,11621.02,36.37
30,2026-09-30,9,416,51,16680.07,197.25
30,2026-09-30,10,102,210,64427.62,268.9
30,2026-09-30,11,152,118,38971.77,150.53
30,2026-09-30,12,511,138,41698.25,323.65
30,2026-09-30,13,135,277,90220.46,367.55
30,2026-09-30,14,133,181,60414.09,187.62
30,2026-09-30,15,126,105,32720.88,152.83
30,2026-09-30,16,119,103,30999.31,143.2
30,2026-09-30,17,554,170,54823.65,326.75
30,2026-09-30,18,285,277,87028.32,445.63
30,2026-09-30,19,75,241,82370.23,244.32
30,2026-09-30,20,51,99,31923.88,97.9
30,2026-09-30,21,0,40,15034.74,36.13
30,2026-10-01,9,339,59,18630.12,156.2
30,2026-10-01,10,85,140,46692.57,218.23
30,2026-10-01,11,117,116,38337.59,127.3
30,2026-10-01,12,523,139,39778.26,300.93
30,2026-10-01,13,112,262,81176.47,361.85
30,2026-10-01,14,130,184,55005.36,167.5
30,2026-10-01,15,126,91,29430.92,139.37
30,2026-10-01,16,117,97,31350.01,138.78
30,2026-10-01,17,533,148,44900.56,314.1
30,2026-10-01,18,260,270,90236.03,427.6
30,2026-10-01,19,70,240,81347.32,228.2
30,2026-10-01,20,43,79,25487.84,80.7
30,2026-10-01,21,0,39,11743.17,32.15
30,2026-10-02,9,415,60,18411.04,188.52
30,2026-10-02,10,157,177,60665.77,299.15
30,2026-10-02,11,149,177,55263.0,196.78
30,2026-10-02,12,573,167,52091.55,332.52
30,2026-10-02,13,150,266,84666.35,412.98
30,2026-10-02,14,143,223,67893.89,207.13
30,2026-10-02,15,158,103,32376.75,165.1
30,2026-10-02,16,153,109,33295.57,175.92
30,2026-10-02,17,563,162,50747.99,363.18
30,2026-10-02,18,311,313,103186.11,475.8
30,2026-10-02,19,74,247,75865.07,256.15
30,2026-10-02,20,60,116,35997.16,102.42
30,2026-10-02,21,0,51,18025.04,38.05
30,2026-10-03,9,487,70,22830.61,220.52
30,2026-10-03,10,142,219,72616.09,319.28
30,2026-10-03,11,182,179,56264.08,202.68
30,2026-10-03,12,666,189,64621.28,427.53
30,2026-10-03,13,150,326,101393.73,462.32
30,2026-10-03,14,172,227,68705.9,229.42
30,2026-10-03,15,170,114,37442.44,192.17
30,2026-10-03,16,157,136,40021.18,185.67
30,2026-10-03,17,727,213,64215.5,434.68
30,2026-10-03,18,355,368,119649.55,570.02
30,2026-10-03,19,87,307,101144.87,306.8
30,2026-10-03,20,71,118,40003.89,112.72
30,2026-10-03,21,0,73,24490.6,47.52
30,2026-10-04,9,437,60,20650.64,191.77
30,2026-10-04,10,133,187,56779.75,314.88
30,2026-10-04,11,143,183,59260.94,188.88
30,2026-10-04,12,609,184,62395.04,366.67
30,2026-10-04,13,141,289,89197.93,398.33
30,2026-10-04,14,153,216,69593.03,213.37
30,2026-10-04,15,135,104,30948.76,149.32
30,2026-10-04,16,149,99,31705.59,157.68
30,2026-10-04,17,575,167,51572.69,367.15
30,2026-10-04,18,290,303,92065.7,448.25
30,2026-10-04,19,76,241,74429.96,242.13
30,2026-10-04,20,60,87,30624.37,92.82
30,2026-10-04,21,0,56,20832.21,39.77
31,2026-09-28,9,347,42,12970.8,158.02
31,2026-09-28,10,108,156,51464.27,253.32
31,2026-09-28,11,95,146,50343.39,143.05
31,2026-09-28,12,457,150,48506.68,267.6
31,2026-09-28,13,98,198,61833.8,292.27
31,2026-09-28,14,116,151,47001.46,157.98
31,2026-09-28,15,121,93,29373.7,128.1
31,2026-09-28,16,85,62,20654.15,114.52
31,2026-09-28,17,466,116,42556.68,274.22
31,2026-09-28,18,232,234,72873.82,380.77
31,2026-09-28,19,81,218,66764.24,200.78
31,2026-09-28,20,47,79,21780.4,85.82
31,2026-09-28,21,0,52,16793.56,34.0
31,2026-09-29,9,340,44,15201.37,156.8
31,2026-09-29,10,105,147,48150.87,247.07
31,2026-09-29,11,126,133,40661.14,152.88
31,2026-09-29,12,415,130,42462.52,258.68
31,2026-09-29,13,85,201,65789.31,283.23
31,2026-09-29,14,113,133,43999.1,137.78
31,2026-09-29,15,109,87,29643.08,112.57
31,2026-09-29,16,111,80,25763.67,132.78
31,2026-09-29,17,478,141,50323.6,284.55
31,2026-09-29,18,211,256,82215.21,377.82
31,2026-09-29,19,64,190,55446.03,192.43
31,2026-09-29,20,43,70,22618.02,67.92
31,2026-09-29,21,0,37,13246.69,25.45
31,2026-09-30,9,418,68,22305.12,187.23
31,2026-09-30,10,109,180,57530.46,273.58
31,2026-09-30,11,119,138,45987.44,150.2
31,2026-09-30,12,516,141,40161.05,307.53
31,2026-09-30,13,113,252,75417.31,340.1
31,2026-09-30,14,131,155,48776.33,173.48
31,2026-09-30,15,113,107,32553.12,133.75
31,2026-09-30,16,109,83,27498.34,123.42
31,2026-09-30,17,501,137,43310.31,292.87
31,2026-09-30,18,252,259,84373.54,385.95
31,2026-09-30,19,74,200,57839.11,218.8
31,2026-09-30,20,43,97,30986.76,82.83
31,2026-09-30,21,0,37,10638.99,33.68
31,2026-10-01,9,380,56,18463.18,179.78
31,2026-10-01,10,137,173,56159.32,271.42
31,2026-10-01,11,137,150,43298.4,168.68
31,2026-10-01,12,485,141,44452.03,313.97
31,2026-10-01,13,128,264,86299.77,339.45
31,2026-10-01,14,135,167,57437.13,179.42
31,2026-10-01,15,133,102,33715.79,139.03
31,2026-10-01,16,115,85,25011.91,137.15
31,2026-10-01,17,484,139,37665.37,304.18
31,2026-10-01,18,284,273,90000.71,398.05
31,2026-10-01,19,82,214,68805.44,242.35
31,2026-10-01,20,49,112,33815.48,99.48
31,2026-10-01,21,0,31,9987.16,27.05
31,2026-10-02,9,463,77,25938.5,207.37
31,2026-10-02,10,129,211,63237.0,299.45
31,2026-10-02,11,179,153,55254.17,180.88
31,2026-10-02,12,588,177,58318.93,384.88
31,2026-10-02,13,159,318,94408.22,408.45
31,2026-10-02,14,148,213,70892.32,216.72
31,2026-10-02,15,143,111,35669.73,145.87
31,2026-10-02,16,150,104,35265.39,168.32
31,2026-10-02,17,604,182,59096.76,375.42
31,2026-10-02,18,284,321,104842.74,472.53
31,2026-10-02,19,98,258,79440.91,255.92
31,2026-10-02,20,52,106,34324.08,97.72
31,2026-10-02,21,0,43,14272.07,33.3
31,2026-10-03,9,394,50,16712.48,176.17
31,2026-10-03,10,125,175,56209.66,281.42
31,2026-10-03,11,132,165,56895.62,180.78
31,2026-10-03,12,558,160,52604.38,323.85
31,2026-10-03,13,131,253,79202.74,388.78
31,2026-10-03,14,149,210,68696.66,207.35
31,2026-10-03,15,139,118,37068.04,164.78
31,2026-10-03,16,132,100,33272.3,141.1
31,2026-10-03,17,600,144,46682.07,366.97
31,2026-10-03,18,258,296,106746.16,469.93
31,2026-10-03,19,97,229,73858.0,257.98
31,2026-10-03,20,56,108,33637.39,104.1
31,2026-10-03,21,0,46,14370.49,40.22
31,2026-10-04,9,388,38,11167.6,179.07
31,2026-10-04,10,138,176,53845.93,284.65
31,2026-10-04,11,134,155,46663.26,166.88
31,2026-10-04,12,559,162,48103.2,346.28
31,2026-10-04,13,121,259,86801.62,381.13
31,2026-10-04,14,138,216,68413.43,184.33
31,2026-10-04,15,159,94,30671.41,155.27
31,2026-10-04,16,144,98,32864.93,163.08
31,2026-10-04,17,542,165,51129.07,334.95
31,2026-10-04,18,274,265,82915.75,447.42
31,2026-10-04,19,86,251,82064.01,249.33
31,2026-10-04,20,44,96,28232.63,96.03
31,2026-10-04,21,0,48,16328.66,33.03
32,2026-09-28,9,397,54,16242.93,175.8
32,2026-09-28,10,127,174,51327.44,290.88
32,2026-09-28,11,122,157,46223.44,174.25
32,2026-09-28,12,450,135,45064.55,280.87
32,2026-09-28,13,129,208,68516.88,312.18
32,2026-09-28,14,119,159,48512.45,165.33
32,2026-09-28,15,123,92,30450.51,136.95
32,2026-09-28,16,137,94,29302.54,142.28
32,2026-09-28,17,479,161,55134.8,288.55
32,2026-09-28,18,213,224,73933.9,371.63
32,2026-09-28,19,67,212,67168.99,197.9
32,2026-09-28,20,53,92,30449.96,79.52
32,2026-09-28,21,0,42,11405.14,33.9
32,2026-09-29,9,324,47,14868.44,143.8
32,2026-09-29,10,120,143,46868.95,236.18
32,2026-09-29,11,119,119,36804.98,154.57
32,2026-09-29,12,459,155,51944.26,283.38
32,2026-09-29,13,109,218,73608.16,312.07
32,2026-09-29,14,118,166,49286.68,163.3
32,2026-09-29,15,126,93,30696.83,132.55
32,2026-09-29,16,123,77,25164.57,127.17
32,2026-09-29,17,491,143,45030.91,299.05
32,2026-09-29,18,243,247,82152.7,392.75
32,2026-09-29,19,67,218,67380.79,211.95
32,2026-09-29,20,44,83,24794.32,79.6
32,2026-09-29,21,0,48,17905.68,35.08
32,2026-09-30,9,380,52,17571.04,174.6
32,2026-09-30,10,110,153,44204.95,258.85
32,2026-09-30,11,135,140,46048.3,161.43
32,2026-09-30,12,510,153,46070.26,312.27
32,2026-09-30,13,137,251,77407.15,332.97
32,2026-09-30,14,131,175,60274.42,189.95
32,2026-09-30,15,134,113,34278.43,146.6
32,2026-09-30,16,118,93,30623.34,133.18
32,2026-09-30,17,548,149,43226.56,322.08
32,2026-09-30,18,267,294,92861.48,425.9
32,2026-09-30,19,73,235,74677.59,229.97
32,2026-09-30,20,38,98,33220.2,75.7
32,2026-09-30,21,0,30,11135.16,24.95
32,2026-10-01,9,413,68,21667.89,190.37
32,2026-10-01,10,131,181,62275.44,287.38
32,2026-10-01,11,134,165,54213.1,169.15
32,2026-10-01,12,595,173,53810.77,354.12
32,2026-10-01,13,153,285,87837.67,396.45
32,2026-10-01,14,121,181,51999.5,197.78
32,2026-10-01,15,137,97,35363.31,150.15
32,2026-10-01,16,167,103,34578.04,165.43
32,2026-10-01,17,576,172,56818.8,383.25
32,2026-10-01,18,297,317,99770.98,451.03
32,2026-10-01,19,88,245,80131.43,246.28
32,2026-10-01,20,59,114,37510.9,101.48
32,2026-10-01,21,0,46,15674.83,43.22
32,2026-10-02,9,433,64,19026.79,198.1
32,2026-10-02,10,151,189,64913.92,305.8
32,2026-10-02,11,146,169,56437.98,194.45
32,2026-10-02,12,563,165,56453.84,355.52
32,2026-10-02,13,134,265,81891.99,390.33
32,2026-10-02,14,125,198,67015.98,177.0
32,2026-10-02,15,165,87,31106.26,151.17
32,2026-10-02,16,136,117,38829.43,155.32
32,2026-10-02,17,587,155,51991.02,354.48
32,2026-10-02,18,287,304,98326.63,466.88
32,2026-10-02,19,93,267,83100.49,253.07
32,2026-10-02,20,51,103,28240.94,93.32
32,2026-10-02,21,0,52,17474.51,38.57
32,2026-10-03,9,454,74,20573.29,209.25
32,2026-10-03,10,158,214,70628.86,313.52
32,2026-10-03,11,166,176,56082.89,212.17
32,2026-10-03,12,630,198,57471.88,395.67
32,2026-10-03,13,141,297,96938.0,419.45
32,2026-10-03,14,151,207,66417.74,216.1
32,2026-10-03,15,168,123,39814.46,172.1
32,2026-10-03,16,156,101,30432.81,190.97
32,2026-10-03,17,618,184,63329.99,388.15
32,2026-10-03,18,299,327,102625.4,502.4
32,2026-10-03,19,116,260,83496.44,278.92
32,2026-10-03,20,69,124,41347.74,125.1
32,2026-10-03,21,0,86,24144.88,51.15
32,2026-10-04,9,425,61,20829.31,187.32
32,2026-10-04,10,138,183,53862.75,311.0
32,2026-10-04,11,137,177,53750.71,191.1
32,2026-10-04,12,544,165,52556.85,334.02
32,2026-10-04,13,130,296,95417.84,370.15
32,2026-10-04,14,148,169,56895.07,188.98
32,2026-10-04,15,149,104,34353.13,146.57
32,2026-10-04,16,148,101,32007.22,162.62
32,2026-10-04,17,598,162,52504.74,366.1
32,2026-10-04,18,332,327,98563.48,490.35
32,2026-10-04,19,94,272,100098.84,293.7
32,2026-10-04,20,54,107,33023.52,107.43
32,2026-10-04,21,0,54,18400.03,39.17
33,2026-09-28,9,417,57,18035.82,187.48
33,2026-09-28,10,157,195,69139.56,301.3
33,2026-09-28,11,136,165,52087.41,197.45
33,2026-09-28,12,545,158,56837.59,347.73
33,2026-09-28,13,125,254,74666.08,378.72
33,2026-09-28,14,129,192,61515.02,175.72
33,2026-09-28,15,151,88,25211.62,148.3
33,2026-09-28,16,131,103,33596.54,176.68
33,2026-09-28,17,567,185,57718.96,340.0
33,2026-09-28,18,250,284,89858.01,423.03
33,2026-09-28,19,88,217,63283.63,227.42
33,2026-09-28,20,60,90,27199.22,101.77
33,2026-09-28,21,0,57,17242.35,42.28
33,2026-09-29,9,435,57,18977.84,202.3
33,2026-09-29,10,135,200,70729.63,280.45
33,2026-09-29,11,126,160,47221.17,164.07
33,2026-09-29,12,550,146,44999.55,336.42
33,2026-09-29,13,129,271,85612.35,382.53
33,2026-09-29,14,145,179,59557.92,177.98
33,2026-09-29,15,134,103,32205.04,161.93
33,2026-09-29,16,135,107,31460.56,152.38
33,2026-09-29,17,517,162,54494.5,323.85
33,2026-09-29,18,246,262,88287.63,400.32
33,2026-09-29,19,85,214,72171.47,220.77
33,2026-09-29,20,44,101,33826.98,96.05
33,2026-09-29,21,0,46,18086.69,35.2
33,2026-09-30,9,476,75,27914.76,215.77
33,2026-09-30,10,152,199,57670.27,325.38
33,2026-09-30,11,146,187,58593.95,192.03
33,2026-09-30,12,620,180,54831.12,365.27
33,2026-09-30,13,140,288,106617.09,423.03
33,2026-09-30,14,149,243,71454.65,211.8
33,2026-09-30,15,153,107,32987.78,161.57
33,2026-09-30,16,148,112,32853.8,162.3
33,2026-09-30,17,639,181,58844.24,378.67
33,2026-09-30,18,330,341,114084.73,505.33
33,2026-09-30,19,90,246,78415.53,274.93
33,2026-09-30,20,63,115,38910.7,122.18
33,2026-09-30,21,0,56,17733.41,40.67
33,2026-10-01,9,494,78,23314.52,224.2
33,2026-10-01,10,167,221,73136.79,342.02
33,2026-10-01,11,151,176,52616.24,197.33
33,2026-10-01,12,656,186,56034.91,387.45
33,2026-10-01,13,156,326,112212.95,436.6
33,2026-10-01,14,172,223,68218.61,233.33
33,2026-10-01,15,176,117,39793.88,186.02
33,2026-10-01,16,155,136,42379.51,180.67
33,2026-10-01,17,649,188,63201.05,392.92
33,2026-10-01,18,321,333,110384.0,513.75
33,2026-10-01,19,89,267,83331.88,276.8
33,2026-10-01,20,55,110,35290.9,105.1
33,2026-10-01,21,0,46,15081.6,38.72
33,2026-10-02,9,548,72,23638.44,254.78
33,2026-10-02,10,191,228,70825.8,379.95
33,2026-10-02,11,162,224,71784.49,231.28
33,2026-10-02,12,714,225,69726.53,432.02
33,2026-10-02,13,168,346,105324.32,474.2
33,2026-10-02,14,185,260,86523.19,246.23
33,2026-10-02,15,184,132,39392.06,200.2
33,2026-10-02,16,164,134,39629.54,185.03
33,2026-10-02,17,747,209,64602.73,455.33
33,2026-10-02,18,372,363,114320.51,619.67
33,2026-10-02,19,118,315,100524.51,339.7
33,2026-10-02,20,69,137,41824.62,140.33
33,2026-10-02,21,0,69,20717.53,48.82
33,2026-10-03,9,564,79,28189.89,258.18
33,2026-10-03,10,210,265,78380.89,403.68
33,2026-10-03,11,191,225,78081.73,241.68
33,2026-10-03,12,797,232,70523.0,469.82
33,2026-10-03,13,170,368,124237.95,533.97
33,2026-10-03,14,169,265,82284.45,247.45
33,2026-10-03,15,189,125,40449.56,183.52
33,2026-10-03,16,176,139,46289.01,207.2
33,2026-10-03,17,754,209,63281.32,452.85
33,2026-10-03,18,405,384,121274.08,625.17
33,2026-10-03,19,126,356,116796.5,353.43
33,2026-10-03,20,87,162,51743.11,162.65
33,2026-10-03,21,0,78,23514.06,59.47
33,2026-10-04,9,521,73,24499.64,227.12
33,2026-10-04,10,168,213,66223.99,365.52
33,2026-10-04,11,188,197,64376.22,228.07
33,2026-10-04,12,707,207,68911.18,438.98
33,2026-10-04,13,147,316,103335.41,488.73
33,2026-10-04,14,173,273,94463.15,242.45
33,2026-10-04,15,177,132,44150.94,197.53
33,2026-10-04,16,171,138,42085.07,190.93
33,2026-10-04,17,721,189,59495.84,444.37
33,2026-10-04,18,349,385,118133.64,567.03
33,2026-10-04,19,112,304,97771.43,308.5
33,2026-10-04,20,61,125,41558.24,130.35
33,2026-10-04,21,0,64,20227.07,49.52
34,2026-09-28,9,401,43,14526.58,178.32
34,2026-09-28,10,139,174,56521.92,292.1
34,2026-09-28,11,120,169,54088.62,170.62
34,2026-09-28,12,575,158,49494.93,348.33
34,2026-09-28,13,135,292,94233.93,389.28
34,2026-09-28,14,126,189,57475.9,167.27
34,2026-09-28,15,124,72,23488.0,142.23
34,2026-09-28,16,132,103,37485.06,149.63
34,2026-09-28,17,511,151,49974.08,319.25
34,2026-09-28,18,267,260,82637.51,403.47
34,2026-09-28,19,78,228,74642.32,224.88
34,2026-09-28,20,54,102,33150.08,93.43
34,2026-09-28,21,0,47,18801.88,38.35
34,2026-09-29,9,430,47,16664.74,201.87
34,2026-09-29,10,140,189,57356.13,313.53
34,2026-09-29,11,128,168,49664.37,180.53
34,2026-09-29,12,569,164,52832.19,336.68
34,2026-09-29,13,132,288,91485.92,399.47
34,2026-09-29,14,141,184,57153.89,188.35
34,2026-09-29,15,131,109,38498.15,145.07
34,2026-09-29,16,133,100,32508.41,151.25
34,2026-09-29,17,575,171,55283.61,351.63
34,2026-09-29,18,298,290,96116.36,471.13
34,2026-09-29,19,75,269,82041.91,256.52
34,2026-09-29,20,54,96,30289.32,86.25
34,2026-09-29,21,0,44,13626.98,40.5
34,2026-09-30,9,473,71,22424.55,210.45
34,2026-09-30,10,147,207,63350.1,315.98
34,2026-09-30,11,155,174,56278.17,195.2
34,2026-09-30,12,642,180,52867.56,379.73
34,2026-09-30,13,151,290,90595.82,439.72
34,2026-09-30,14,175,266,91158.77,241.6
34,2026-09-30,15,149,111,34254.61,170.45
34,2026-09-30,16,147,117,36850.44,155.78
34,2026-09-30,17,616,156,51557.04,374.7
34,2026-09-30,18,313,305,102080.04,523.38
34,2026-09-30,19,103,277,88818.36,278.08
34,2026-09-30,20,57,108,34358.26,119.63
34,2026-09-30,21,0,53,16666.88,45.65
34,2026-10-01,9,462,67,21083.55,206.12
34,2026-10-01,10,131,193,62534.34,315.95
34,2026-10-01,11,148,188,61015.08,200.65
34,2026-10-01,12,565,175,56586.4,336.27
34,2026-10-01,13,153,278,93326.82,381.57
34,2026-10-01,14,138,203,61088.57,204.18
34,2026-10-01,15,137,106,34602.75,156.3
34,2026-10-01,16,148,107,35569.23,150.67
34,2026-10-01,17,603,165,50267.38,373.37
34,2026-10-01,18,282,322,101314.29,488.07
34,2026-10-01,19,103,242,74095.83,260.27
34,2026-10-01,20,44,116,33446.15,104.77
34,2026-10-01,21,0,56,17933.43,34.37
34,2026-10-02,9,551,74,25878.19,243.07
34,2026-10-02,10,143,244,79045.56,380.1
34,2026-10-02,11,153,218,68618.0,201.78
34,2026-10-02,12,715,173,54277.97,420.4
34,2026-10-02,13,165,323,104910.82,497.77
34,2026-10-02,14,171,247,82906.91,238.13
34,2026-10-02,15,164,132,48653.06,187.98
34,2026-10-02,16,199,125,39471.78,195.1
34,2026-10-02,17,701,219,67147.71,440.92
34,2026-10-02,18,383,381,123892.32,585.85
34,2026-10-02,19,111,327,107330.97,323.97
34,2026-10-02,20,74,130,38446.65,131.28
34,2026-10-02,21,0,68,20904.34,50.92
34,2026-10-03,9,511,70,22898.9,240.53
34,2026-10-03,10,163,237,76472.89,343.7
34,2026-10-03,11,162,193,60073.97,220.45
34,2026-10-03,12,730,217,69750.65,424.88
34,2026-10-03,13,173,344,114187.82,501.97
34,2026-10-03,14,155,279,96273.6,238.13
34,2026-10-03,15,189,113,36656.05,187.82
34,2026-10-03,16,192,147,48163.4,213.5
34,2026-10-03,17,657,202,67034.12,416.93
34,2026-10-03,18,348,354,108410.45,526.63
34,2026-10-03,19,102,278,87619.84,315.13
34,2026-10-03,20,60,132,41974.0,123.92
34,2026-10-03,21,0,66,20498.47,45.15
34,2026-10-04,9,514,76,24094.28,229.75
34,2026-10-04,10,150,223,68556.85,354.4
34,2026-10-04,11,155,190,59973.09,194.37
34,2026-10-04,12,640,181,57492.72,382.88
34,2026-10-04,13,146,309,98927.31,417.7
34,2026-10-04,14,143,208,67449.55,212.38
34,2026-10-04,15,149,116,34723.22,161.57
34,2026-10-04,16,150,113,34994.18,161.23
34,2026-10-04,17,643,172,54133.84,383.28
34,2026-10-04,18,328,330,108787.98,518.63
34,2026-10-04,19,81,253,82386.22,292.05
34,2026-10-04,20,66,112,32105.07,106.62
34,2026-10-04,21,0,63,19023.94,44.65
35,2026-09-28,9,328,54,13779.93,154.2
35,2026-09-28,10,105,153,48571.01,232.73
35,2026-09-28,11,109,123,40032.83,130.23
35,2026-09-28,12,480,128,41541.42,288.17
35,2026-09-28,13,114,221,71553.88,309.58
35,2026-09-28,14,125,148,48461.67,159.27
35,2026-09-28,15,114,80,26768.12,133.18
35,2026-09-28,16,126,94,30915.45,135.73
35,2026-09-28,17,458,154,48339.01,275.07
35,2026-09-28,18,204,217,74266.04,366.25
35,2026-09-28,19,70,201,66683.33,186.38
35,2026-09-28,20,43,76,26579.55,78.77
35,2026-09-28,21,0,40,11725.09,26.73
35,2026-09-29,9,348,51,16906.95,162.37
35,2026-09-29,10,104,150,45858.57,234.63
35,2026-09-29,11,106,141,44243.56,140.0
35,2026-09-29,12,444,124,37473.3,269.5
35,2026-09-29,13,116,228,69916.86,310.2
35,2026-09-29,14,93,154,51584.79,143.17
35,2026-09-29,15,96,70,20559.6,103.77
35,2026-09-29,16,115,68,19589.66,124.33
35,2026-09-29,17,448,137,44804.82,274.78
35,2026-09-29,18,226,222,74668.94,369.28
35,2026-09-29,19,72,208,68551.6,200.78
35,2026-09-29,20,56,83,29535.37,78.3
35,2026-09-29,21,0,39,12122.35,38.7
35,2026-09-30,9,375,57,19722.79,173.07
35,2026-09-30,10,127,168,60352.39,264.47
35,2026-09-30,11,135,134,40910.63,159.63
35,2026-09-30,12,542,161,57278.75,348.97
35,2026-09-30,13,115,262,86709.17,377.83
35,2026-09-30,14,114,191,60379.13,167.2
35,2026-09-30,15,123,89,27289.27,130.5
35,2026-09-30,16,120,91,32456.27,132.8
35,2026-09-30,17,521,135,45437.7,318.23
35,2026-09-30,18,273,272,84601.02,429.15
35,2026-09-30,19,68,225,68377.57,243.75
35,2026-09-30,20,51,92,28703.36,96.58
35,2026-09-30,21,0,58,20851.15,36.33
35,2026-10-01,9,368,58,21028.2,173.43
35,2026-10-01,10,121,171,56884.37,260.62
35,2026-10-01,11,147,143,45019.46,161.6
35,2026-10-01,12,522,138,44629.23,341.27
35,2026-10-01,13,116,288,96021.58,363.38
35,2026-10-01,14,136,167,51158.32,175.4
35,2026-10-01,15,128,116,41031.5,151.05
35,2026-10-01,16,145,95,29464.76,152.72
35,2026-10-01,17,554,159,51548.13,337.5
35,2026-10-01,18,279,257,85113.29,442.9
35,2026-10-01,19,96,260,85041.02,267.93
35,2026-10-01,20,52,132,42348.06,109.78
35,2026-10-01,21,0,42,12310.51,36.97
35,2026-10-02,9,405,54,19064.54,186.37
35,2026-10-02,10,139,181,59657.96,283.9
35,2026-10-02,11,130,158,43069.99,176.33
35,2026-10-02,12,520,154,51626.56,317.75
35,2026-10-02,13,129,279,93175.72,352.55
35,2026-10-02,14,120,167,54734.4,159.95
35,2026-10-02,15,148,108,33936.35,149.1
35,2026-10-02,16,152,93,29305.68,165.18
35,2026-10-02,17,583,164,56379.32,374.15
35,2026-10-02,18,284,313,96981.17,467.2
35,2026-10-02,19,75,259,82537.94,241.12
35,2026-10-02,20,54,87,30596.24,87.28
35,2026-10-02,21,0,54,17538.08,37.1
35,2026-10-03,9,558,78,24780.48,245.65
35,2026-10-03,10,192,251,84319.63,408.3
35,2026-10-03,11,181,224,73589.01,246.22
35,2026-10-03,12,712,211,67043.32,456.9
35,2026-10-03,13,167,353,111636.7,492.28
35,2026-10-03,14,162,263,84747.04,232.08
35,2026-10-03,15,177,123,36721.63,174.25
35,2026-10-03,16,168,127,41788.31,182.78
35,2026-10-03,17,730,199,60127.78,446.47
35,2026-10-03,18,371,372,117192.9,587.07
35,2026-10-03,19,114,335,110952.93,320.28
35,2026-10-03,20,72,112,34189.62,128.48
35,2026-10-03,21,0,65,17707.5,52.7
35,2026-10-04,9,421,76,22076.41,195.68
35,2026-10-04,10,146,182,55332.07,292.6
35,2026-10-04,11,147,168,56873.2,186.1
35,2026-10-04,12,570,185,61413.23,357.57
35,2026-10-04,13,142,267,82036.94,393.52
35,2026-10-04,14,138,210,69411.81,202.9
35,2026-10-04,15,147,105,33418.04,150.8
35,2026-10-04,16,150,99,31349.98,171.87
35,2026-10-04,17,590,199,66324.81,360.17
35,2026-10-04,18,283,295,94875.67,480.0
35,2026-10-04,19,79,249,75229.28,251.28
35,2026-10-04,20,54,116,35498.1,84.75
35,2026-10-04,21,0,47,16695.57,33.05
36,2026-09-28,9,314,43,17005.02,137.5
36,2026-09-28,10,109,148,45919.31,225.33
36,2026-09-28,11,102,132,38303.27,141.35
36,2026-09-28,12,448,135,42890.42,257.22
36,2026-09-28,13,119,206,67192.6,312.27
36,2026-09-28,14,113,163,49791.76,156.57
36,2026-09-28,15,111,93,28205.88,118.57
36,2026-09-28,16,111,77,22658.59,129.87
36,2026-09-28,17,469,149,46206.01,306.5
36,2026-09-28,18,259,245,81064.2,373.35
36,2026-09-28,19,58,205,61167.37,215.53
36,2026-09-28,20,45,91,27587.65,77.57
36,2026-09-28,21,0,36,12649.04,29.28
36,2026-09-29,9,337,47,11774.38,158.68
36,2026-09-29,10,96,135,48095.6,223.2
36,2026-09-29,11,119,122,38612.82,142.22
36,2026-09-29,12,456,146,46597.54,276.92
36,2026-09-29,13,120,211,67610.81,335.45
36,2026-09-29,14,112,168,53528.42,167.45
36,2026-09-29,15,118,73,22237.08,122.28
36,2026-09-29,16,106,88,28636.33,131.92
36,2026-09-29,17,462,132,42974.28,281.53
36,2026-09-29,18,197,231,79540.11,346.03
36,2026-09-29,19,57,184,61256.83,184.92
36,2026-09-29,20,43,87,24220.17,68.58
36,2026-09-29,21,0,29,10097.42,23.67
36,2026-09-30,9,318,45,13474.29,142.48
36,2026-09-30,10,106,135,43714.43,226.45
36,2026-09-30,11,95,127,40155.01,140.12
36,2026-09-30,12,468,127,33519.06,283.23
36,2026-09-30,13,105,212,64975.01,336.55
36,2026-09-30,14,120,175,52598.91,155.3
36,2026-09-30,15,118,80,30327.34,133.12
36,2026-09-30,16,120,86,24132.5,130.18
36,2026-09-30,17,470,121,39942.06,284.43
36,2026-09-30,18,231,249,79229.27,375.23
36,2026-09-30,19,53,199,65930.31,206.3
36,2026-09-30,20,46,87,27411.1,72.55
36,2026-09-30,21,0,38,12384.56,30.27
36,2026-10-01,9,380,47,15712.71,171.07
36,2026-10-01,10,128,189,62692.21,266.07
36,2026-10-01,11,122,149,47080.84,160.2
36,2026-10-01,12,543,158,46478.53,316.68
36,2026-10-01,13,124,243,75125.08,367.0
36,2026-10-01,14,120,196,58239.16,167.35
36,2026-10-01,15,142,76,26030.64,138.93
36,2026-10-01,16,111,98,33274.28,134.57
36,2026-10-01,17,540,150,46509.49,323.67
36,2026-10-01,18,239,253,77279.12,430.48
36,2026-10-01,19,89,213,70224.92,239.7
36,2026-10-01,20,49,110,35563.13,99.73
36,2026-10-01,21,0,47,17008.13,32.03
36,2026-10-02,9,432,62,17475.2,202.75
36,2026-10-02,10,146,193,59925.91,302.5
36,2026-10-02,11,129,171,50891.05,168.65
36,2026-10-02,12,575,167,52525.11,338.38
36,2026-10-02,13,149,285,93168.5,381.03
36,2026-10-02,14,124,201,62763.07,196.48
36,2026-10-02,15,143,91,26228.95,154.27
36,2026-10-02,16,134,125,37385.12,158.13
36,2026-10-02,17,578,158,48435.46,358.43
36,2026-10-02,18,290,317,99983.28,452.72
36,2026-10-02,19,90,257,82170.41,255.08
36,2026-10-02,20,58,118,37022.01,108.4
36,2026-10-02,21,0,57,16844.09,44.87
36,2026-10-03,9,392,57,18695.31,180.32
36,2026-10-03,10,118,177,52723.0,260.37
36,2026-10-03,11,155,158,48238.04,165.2
36,2026-10-03,12,532,167,52913.0,339.77
36,2026-10-03,13,120,263,81147.83,348.85
36,2026-10-03,14,135,163,48012.17,168.33
36,2026-10-03,15,146,97,31665.69,156.6
36,2026-10-03,16,141,101,35700.57,172.25
36,2026-10-03,17,580,196,63502.06,367.27
36,2026-10-03,18,254,290,90984.8,431.55
36,2026-10-03,19,76,214,69001.31,218.82
36,2026-10-03,20,55,92,29927.48,82.83
36,2026-10-03,21,0,47,14935.47,33.77
36,2026-10-04,9,392,49,14914.47,179.85
36,2026-10-04,10,122,165,52109.01,289.73
36,2026-10-04,11,116,172,55236.87,176.93
36,2026-10-04,12,501,145,45339.38,315.2
36,2026-10-04,13,127,245,75425.66,333.75
36,2026-10-04,14,114,161,46661.02,157.85
36,2026-10-04,15,140,89,27578.13,139.37
36,2026-10-04,16,123,99,29828.8,148.1
36,2026-10-04,17,498,150,52921.52,304.05
36,2026-10-04,18,279,273,83659.13,421.4
36,2026-10-04,19,89,226,75722.13,241.83
36,2026-10-04,20,49,101,31970.87,105.63
36,2026-10-04,21,0,60,19450.84,36.08
37,2026-09-28,9,347,45,15522.86,156.73
37,2026-09-28,10,100,170,54608.14,231.13
37,2026-09-28,11,101,123,44194.18,143.32
37,2026-09-28,12,449,142,47506.88,274.93
37,2026-09-28,13,100,203,67181.49,316.7
37,2026-09-28,14,103,149,48274.03,142.3
37,2026-09-28,15,102,84,27729.15,109.95
37,2026-09-28,16,113,83,30048.35,117.37
37,2026-09-28,17,445,135,44163.87,269.23
37,2026-09-28,18,227,223,73886.1,357.0
37,2026-09-28,19,69,193,62210.76,205.1
37,2026-09-28,20,41,78,21827.21,74.27
37,2026-09-28,21,0,36,10859.83,30.1
37,2026-09-29,9,287,34,9127.84,132.53
37,2026-09-29,10,94,129,45056.16,203.58
37,2026-09-29,11,110,118,39393.01,130.43
37,2026-09-29,12,377,105,31322.32,234.72
37,2026-09-29,13,98,183,58109.13,268.1
37,2026-09-29,14,114,150,47503.7,139.03
37,2026-09-29,15,92,77,26538.43,107.13
37,2026-09-29,16,98,72,23966.43,107.67
37,2026-09-29,17,409,129,37001.38,255.87
37,2026-09-29,18,192,193,59806.63,310.47
37,2026-09-29,19,57,172,53904.4,176.67
37,2026-09-29,20,55,65,20457.72,77.53
37,2026-09-29,21,0,46,13366.38,40.77
37,2026-09-30,9,345,49,15611.8,157.95
37,2026-09-30,10,119,158,45859.61,243.73
37,2026-09-30,11,109,124,39690.24,140.92
37,2026-09-30,12,479,127,39688.02,281.68
37,2026-09-30,13,118,217,66872.88,337.62
37,2026-09-30,14,141,183,58039.77,182.23
37,2026-09-30,15,138,100,31151.53,150.57
37,2026-09-30,16,115,107,34050.26,133.67
37,2026-09-30,17,479,135,45130.19,304.97
37,2026-09-30,18,242,235,71519.33,380.47
37,2026-09-30,19,84,203,56446.33,220.08
37,2026-09-30,20,53,102,34626.19,88.63
37,2026-09-30,21,0,49,17101.15,33.03
37,2026-10-01,9,399,47,12865.92,189.38
37,2026-10-01,10,121,188,57889.43,254.25
37,2026-10-01,11,134,144,45647.05,167.38
37,2026-10-01,12,499,163,53515.0,307.48
37,2026-10-01,13,126,223,72296.12,352.23
37,2026-10-01,14,120,189,53257.81,167.28
37,2026-10-01,15,138,100,31803.88,141.85
37,2026-10-01,16,124,103,29656.54,134.7
37,2026-10-01,17,504,151,46634.89,322.8
37,2026-10-01,18,263,246,81844.93,420.92
37,2026-10-01,19,72,260,89404.57,218.55
37,2026-10-01,20,47,84,29159.44,82.92
37,2026-10-01,21,0,44,15162.29,31.63
37,2026-10-02,9,445,73,24275.44,201.72
37,2026-10-02,10,143,207,69485.75,290.85
37,2026-10-02,11,160,172,56374.69,192.57
37,2026-10-02,12,580,168,51484.46,366.6
37,2026-10-02,13,147,288,97807.05,411.5
37,2026-10-02,14,179,200,59883.86,213.03
37,2026-10-02,15,149,102,30288.12,182.53
37,2026-10-02,16,154,145,46933.47,173.73
37,2026-10-02,17,622,177,56161.32,374.57
37,2026-10-02,18,297,308,98669.64,494.72
37,2026-10-02,19,86,278,90560.95,251.85
37,2026-10-02,20,63,98,32342.62,101.77
37,2026-10-02,21,0,57,17464.25,44.18
37,2026-10-03,9,453,48,14328.27,216.22
37,2026-10-03,10,133,202,64187.83,328.48
37,2026-10-03,11,139,180,53535.5,169.28
37,2026-10-03,12,628,191,59248.68,367.97
37,2026-10-03,13,134,301,94933.31,405.98
37,2026-10-03,14,147,195,58330.33,200.33
37,2026-10-03,15,157,117,38510.95,173.42
37,2026-10-03,16,151,118,38837.07,167.52
37,2026-10-03,17,587,171,53912.8,355.83
37,2026-10-03,18,291,301,94525.37,452.62
37,2026-10-03,19,96,250,77571.93,266.75
37,2026-10-03,20,57,123,42259.51,107.2
37,2026-10-03,21,0,44,12376.22,37.53
37,2026-10-04,9,372,59,19524.32,172.75
37,2026-10-04,10,113,166,58966.28,248.93
37,2026-10-04,11,109,123,38295.47,136.13
37,2026-10-04,12,456,138,43352.78,280.15
37,2026-10-04,13,113,208,66061.04,311.52
37,2026-10-04,14,138,166,56664.77,162.57
37,2026-10-04,15,111,83,27731.16,139.92
37,2026-10-04,16,120,91,30390.65,135.23
37,2026-10-04,17,473,150,52863.47,296.43
37,2026-10-04,18,264,258,82294.98,401.6
37,2026-10-04,19,70,224,76603.44,218.63
37,2026-10-04,20,38,82,25967.2,70.38
37,2026-10-04,21,0,39,15393.3,22.63
38,2026-09-28,9,314,38,12466.72,152.42
38,2026-09-28,10,118,136,43175.45,227.52
38,2026-09-28,11,115,132,41543.82,151.12
38,2026-09-28,12,429,134,45680.82,272.62
38,2026-09-28,13,98,202,66748.68,296.35
38,2026-09-28,14,112,151,46787.39,153.22
38,2026-09-28,15,115,90,27193.05,126.67
38,2026-09-28,16,96,86,26948.98,119.42
38,2026-09-28,17,438,144,45340.57,260.93
38,2026-09-28,18,200,217,67911.33,338.22
38,2026-09-28,19,66,178,57245.73,180.1
38,2026-09-28,20,43,75,24410.84,77.23
38,2026-09-28,21,0,42,12594.78,27.92
38,2026-09-29,9,328,37,13034.16,150.63
38,2026-09-29,10,90,153,46423.85,220.6
38,2026-09-29,11,95,103,30876.32,127.75
38,2026-09-29,12,412,118,42923.53,244.42
38,2026-09-29,13,106,194,63559.1,312.53
38,2026-09-29,14,97,176,60680.74,146.15
38,2026-09-29,15,119,78,26167.77,115.67
38,2026-09-29,16,109,82,27130.54,115.55
38,2026-09-29,17,441,140,44612.51,276.9
38,2026-09-29,18,215,229,74114.2,352.68
38,2026-09-29,19,61,181,56813.95,182.93
38,2026-09-29,20,36,77,22924.58,70.25
38,2026-09-29,21,0,31,10763.2,26.03
38,2026-09-30,9,345,44,12255.03,156.08
38,2026-09-30,10,125,168,54557.89,243.45
38,2026-09-30,11,119,149,49870.13,156.32
38,2026-09-30,12,476,141,48205.7,302.83
38,2026-09-30,13,100,230,73226.04,319.9
38,2026-09-30,14,103,155,52957.32,137.98
38,2026-09-30,15,120,76,23690.31,125.0
38,2026-09-30,16,123,106,34013.3,133.93
38,2026-09-30,17,453,142,45291.3,277.73
38,2026-09-30,18,232,241,82618.77,352.28
38,2026-09-30,19,91,186,62580.69,209.68
38,2026-09-30,20,41,99,31066.41,88.72
38,2026-09-30,21,0,43,11068.06,28.05
38,2026-10-01,9,396,47,14729.17,176.73
38,2026-10-01,10,112,179,56459.78,267.13
38,2026-10-01,11,132,148,47572.84,162.85
38,2026-10-01,12,490,169,56203.61,308.37
38,2026-10-01,13,141,238,74119.66,312.78
38,2026-10-01,14,117,166,56694.09,174.25
38,2026-10-01,15,130,85,29579.59,135.8
38,2026-10-01,16,116,100,32481.37,131.13
38,2026-10-01,17,523,159,50715.0,319.02
38,2026-10-01,18,256,254,84142.04,419.08
38,2026-10-01,19,77,216,70139.86,218.25
38,2026-10-01,20,52,83,27348.86,88.45
38,2026-10-01,21,0,51,16900.45,33.25
38,2026-10-02,9,448,59,17941.06,200.07
38,2026-10-02,10,127,198,66085.07,311.13
38,2026-10-02,11,121,154,45829.95,167.83
38,2026-10-02,12,584,165,53678.61,344.62
38,2026-10-02,13,142,270,86172.14,423.52
38,2026-10-02,14,155,226,67349.64,224.28
38,2026-10-02,15,156,125,37460.55,160.2
38,2026-10-02,16,151,108,37800.17,169.58
38,2026-10-02,17,643,190,63222.25,395.4
38,2026-10-02,18,314,336,108974.88,504.17
38,2026-10-02,19,99,272,85551.46,267.78
38,2026-10-02,20,43,106,34716.37,106.95
38,2026-10-02,21,0,48,15462.32,34.7
38,2026-10-03,9,447,55,18205.23,203.8
38,2026-10-03,10,149,190,56289.03,311.7
38,2026-10-03,11,137,153,50561.87,186.97
38,2026-10-03,12,541,171,56189.97,358.02
38,2026-10-03,13,118,265,80492.02,363.57
38,2026-10-03,14,118,184,56909.22,168.25
38,2026-10-03,15,150,93,30330.14,145.03
38,2026-10-03,16,159,111,33373.33,169.83
38,2026-10-03,17,576,182,58391.75,363.47
38,2026-10-03,18,256,306,96071.03,446.02
38,2026-10-03,19,84,247,75291.56,227.15
38,2026-10-03,20,59,100,34416.97,102.22
38,2026-10-03,21,0,53,15890.5,40.98
38,2026-10-04,9,428,66,19673.53,201.88
38,2026-10-04,10,150,179,57869.05,293.58
38,2026-10-04,11,145,177,50968.97,182.1
38,2026-10-04,12,587,162,46782.16,351.17
38,2026-10-04,13,131,284,89339.54,388.27
38,2026-10-04,14,153,214,64879.94,194.13
38,2026-10-04,15,156,113,34303.96,161.33
38,2026-10-04,16,149,120,41350.51,176.43
38,2026-10-04,17,580,188,61159.68,357.97
38,2026-10-04,18,288,302,92658.61,453.72
38,2026-10-04,19,79,235,76525.0,238.42
38,2026-10-04,20,56,102,30302.92,90.73
38,2026-10-04,21,0,53,14101.92,32.72
39,2026-09-28,9,377,67,24983.39,174.88
39,2026-09-28,10,120,161,51050.27,251.9
39,2026-09-28,11,105,142,44855.67,141.17
39,2026-09-28,12,474,130,45721.73,286.63
39,2026-09-28,13,136,203,64472.84,326.38
39,2026-09-28,14,120,175,52487.74,173.17
39,2026-09-28,15,139,99,36783.91,147.65
39,2026-09-28,16,124,97,30315.03,135.4
39,2026-09-28,17,478,132,45412.15,292.45
39,2026-09-28,18,245,254,80815.56,387.58
39,2026-09-28,19,68,214,71569.23,213.17
39,2026-09-28,20,63,71,22578.9,96.3
39,2026-09-28,21,0,59,18569.56,44.67
39,2026-09-29,9,432,68,22747.9,192.95
39,2026-09-29,10,119,181,55722.6,292.42
39,2026-09-29,11,142,156,52300.97,165.33
39,2026-09-29,12,506,154,48971.67,316.78
39,2026-09-29,13,138,259,82503.12,358.12
39,2026-09-29,14,116,175,53790.27,172.92
39,2026-09-29,15,129,85,24000.71,121.67
39,2026-09-29,16,118,89,29657.85,131.48
39,2026-09-29,17,506,143,46182.33,318.9
39,2026-09-29,18,226,278,94845.73,387.0
39,2026-09-29,19,75,196,58453.41,185.93
39,2026-09-29,20,40,79,24543.38,72.75
39,2026-09-29,21,0,36,10541.35,23.95
39,2026-09-30,9,417,61,19894.89,184.5
39,2026-09-30,10,141,181,55914.44,304.72
39,2026-09-30,11,154,184,63239.17,196.48
39,2026-09-30,12,597,171,56573.22,350.68
39,2026-09-30,13,130,284,89033.91,403.77
39,2026-09-30,14,159,203,62296.44,201.03
39,2026-09-30,15,148,100,28221.12,161.62
39,2026-09-30,16,147,114,42745.47,164.73
39,2026-09-30,17,576,180,60174.4,365.85
39,2026-09-30,18,317,330,111628.51,460.62
39,2026-09-30,19,77,247,81572.12,253.15
39,2026-09-30,20,55,100,30342.98,98.07
39,2026-09-30,21,0,56,18657.9,36.45
39,2026-10-01,9,474,82,26873.77,202.75
39,2026-10-01,10,127,185,61908.47,325.53
39,2026-10-01,11,152,183,54844.37,183.83
39,2026-10-01,12,582,177,55419.17,359.9
39,2026-10-01,13,137,275,86545.84,401.42
39,2026-10-01,14,167,216,70279.91,202.42
39,2026-10-01,15,130,108,38080.45,163.13
39,2026-10-01,16,155,106,30088.79,163.45
39,2026-10-01,17,604,174,53046.8,388.37
39,2026-10-01,18,315,327,109105.39,496.42
39,2026-10-01,19,60,270,86213.8,259.05
39,2026-10-01,20,37,90,26438.01,77.43
39,2026-10-01,21,0,38,12461.66,29.72
39,2026-10-02,9,580,80,28731.03,258.28
39,2026-10-02,10,161,260,79921.99,402.75
39,2026-10-02,11,162,211,65052.54,218.75
39,2026-10-02,12,691,204,61155.49,423.02
39,2026-10-02,13,167,318,105999.36,464.35
39,2026-10-02,14,179,241,78885.88,241.27
39,2026-10-02,15,170,122,35270.17,188.63
39,2026-10-02,16,167,143,45976.98,184.53
39,2026-10-02,17,739,197,63253.81,444.1
39,2026-10-02,18,358,372,120675.67,574.67
39,2026-10-02,19,116,315,102545.38,316.65
39,2026-10-02,20,71,129,43719.77,127.18
39,2026-10-02,21,0,60,19444.27,45.67
39,2026-10-03,9,467,67,24706.62,214.37
39,2026-10-03,10,155,225,71280.72,323.83
39,2026-10-03,11,173,167,52775.34,198.47
39,2026-10-03,12,717,185,66201.01,444.55
39,2026-10-03,13,161,363,112683.61,487.97
39,2026-10-03,14,178,230,73474.12,236.58
39,2026-10-03,15,160,126,39366.66,186.13
39,2026-10-03,16,141,106,29899.36,180.5
39,2026-10-03,17,667,197,63881.05,395.22
39,2026-10-03,18,331,344,117856.32,521.93
39,2026-10-03,19,98,294,94110.91,287.95
39,2026-10-03,20,71,126,46810.84,121.72
39,2026-10-03,21,0,64,21111.87,55.27
39,2026-10-04,9,460,75,25233.84,212.2
39,2026-10-04,10,159,196,64190.43,313.92
39,2026-10-04,11,162,186,57397.57,201.78
39,2026-10-04,12,664,177,58454.11,391.18
39,2026-10-04,13,162,330,105329.59,463.43
39,2026-10-04,14,131,240,76558.9,227.73
39,2026-10-04,15,145,108,39012.62,149.13
39,2026-10-04,16,150,111,38238.02,165.8
39,2026-10-04,17,642,189,63164.59,402.5
39,2026-10-04,18,304,334,106902.27,504.95
39,2026-10-04,19,88,259,83353.66,264.17
39,2026-10-04,20,52,115,36019.12,94.58
39,2026-10-04,21,0,52,17889.92,37.98
40,2026-09-28,9,336,44,15201.32,155.68
40,2026-09-28,10,102,144,46045.36,239.28
40,2026-09-28,11,103,144,45440.65,137.67
40,2026-09-28,12,455,106,31761.33,270.63
40,2026-09-28,13,116,223,70435.62,314.2
40,2026-09-28,14,118,142,44236.31,164.42
40,2026-09-28,15,121,100,35900.8,120.95
40,2026-09-28,16,107,87,26105.69,119.67
40,2026-09-28,17,501,144,49124.49,298.9
40,2026-09-28,18,257,270,91952.24,395.13
40,2026-09-28,19,66,200,66995.49,218.75
40,2026-09-28,20,49,91,29341.94,84.85
40,2026-09-28,21,0,38,13343.82,33.17
40,2026-09-29,9,309,39,15546.16,136.03
40,2026-09-29,10,108,130,40756.39,228.23
40,2026-09-29,11,123,134,45101.71,147.05
40,2026-09-29,12,430,149,47885.68,276.23
40,2026-09-29,13,104,218,72077.17,294.45
40,2026-09-29,14,97,156,48035.18,139.77
40,2026-09-29,15,119,83,25478.68,114.5
40,2026-09-29,16,92,70,19244.97,119.93
40,2026-09-29,17,447,121,40499.27,265.63
40,2026-09-29,18,199,221,71039.11,335.7
40,2026-09-29,19,60,172,58422.81,174.85
40,2026-09-29,20,40,69,19886.83,63.77
40,2026-09-29,21,0,36,10626.68,29.78
40,2026-09-30,9,364,60,19104.41,168.7
40,2026-09-30,10,113,153,47193.14,245.05
40,2026-09-30,11,122,140,44338.51,151.0
40,2026-09-30,12,484,136,40778.89,301.95
40,2026-09-30,13,132,246,80533.27,337.6
40,2026-09-30,14,126,168,51506.27,164.75
40,2026-09-30,15,127,91,29720.43,133.92
40,2026-09-30,16,100,92,27841.83,125.6
40,2026-09-30,17,481,137,40996.66,281.6
40,2026-09-30,18,260,230,78673.26,375.63
40,2026-09-30,19,95,204,65687.95,233.62
40,2026-09-30,20,48,122,38298.09,95.45
40,2026-09-30,21,0,39,10703.02,33.85
40,2026-10-01,9,376,53,17478.47,175.75
40,2026-10-01,10,121,153,46247.82,267.68
40,2026-10-01,11,121,147,48557.51,161.05
40,2026-10-01,12,464,133,41722.96,306.58
40,2026-10-01,13,131,228,71860.58,332.12
40,2026-10-01,14,130,174,59787.25,177.37
40,2026-10-01,15,126,100,28714.48,137.77
40,2026-10-01,16,135,93,29600.49,140.45
40,2026-10-01,17,476,147,44982.63,283.85
40,2026-10-01,18,238,252,79596.19,387.08
40,2026-10-01,19,87,215,66602.8,218.42
40,2026-10-01,20,35,91,28274.84,80.53
40,2026-10-01,21,0,37,11498.66,24.23
40,2026-10-02,9,521,72,21024.25,245.23
40,2026-10-02,10,140,230,76360.05,357.1
40,2026-10-02,11,185,196,63615.15,211.48
40,2026-10-02,12,688,210,69699.3,428.33
40,2026-10-02,13,158,308,96728.09,465.75
40,2026-10-02,14,159,242,76290.24,225.83
40,2026-10-02,15,175,107,29763.97,185.12
40,2026-10-02,16,152,126,37494.45,163.22
40,2026-10-02,17,746,198,65202.09,432.9
40,2026-10-02,18,341,384,121744.95,586.4
40,2026-10-02,19,100,306,95617.96,305.53
40,2026-10-02,20,61,111,37502.7,105.58
40,2026-10-02,21,0,51,19061.83,41.35
40,2026-10-03,9,443,58,19248.34,197.78
40,2026-10-03,10,175,206,64070.77,322.05
40,2026-10-03,11,148,193,61261.17,206.17
40,2026-10-03,12,643,196,60651.77,380.0
40,2026-10-03,13,137,299,94322.69,420.52
40,2026-10-03,14,145,198,63153.46,190.67
40,2026-10-03,15,160,108,32076.98,166.02
40,2026-10-03,16,142,109,32546.61,158.57
40,2026-10-03,17,637,169,56942.5,403.02
40,2026-10-03,18,342,335,108121.31,520.42
40,2026-10-03,19,74,276,91554.06,274.37
40,2026-10-03,20,64,110,32327.44,103.72
40,2026-10-03,21,0,57,16775.32,37.9
40,2026-10-04,9,418,66,19904.12,189.9
40,2026-10-04,10,132,179,59385.98,285.15
40,2026-10-04,11,162,162,52222.24,186.25
40,2026-10-04,12,583,182,56304.38,382.05
40,2026-10-04,13,156,304,100296.83,418.45
40,2026-10-04,14,165,196,64316.86,219.52
40,2026-10-04,15,124,121,41759.0,174.6
40,2026-10-04,16,142,106,31991.49,159.62
40,2026-10-04,17,633,169,52135.25,367.13
40,2026-10-04,18,310,290,90187.45,501.2
40,2026-10-04,19,98,275,86624.65,291.8
40,2026-10-04,20,66,132,45833.89,110.7
40,2026-10-04,21,0,51,16491.12,39.2
41,2026-09-28,9,358,58,20471.26,153.37
41,2026-09-28,10,115,152,47630.31,258.28
41,2026-09-28,11,98,148,46811.77,146.23
41,2026-09-28,12,521,150,48855.01,313.68
41,2026-09-28,13,126,258,80635.16,331.37
41,2026-09-28,14,126,167,46640.34,164.83
41,2026-09-28,15,119,88,28178.36,129.32
41,2026-09-28,16,119,85,28578.18,126.07
41,2026-09-28,17,515,140,43218.52,310.43
41,2026-09-28,18,233,269,84440.35,407.58
41,2026-09-28,19,72,194,60937.39,212.65
41,2026-09-28,20,58,81,23512.82,93.2
41,2026-09-28,21,0,48,14913.81,42.1
41,2026-09-29,9,322,40,12176.82,148.7
41,2026-09-29,10,102,151,50611.57,228.2
41,2026-09-29,11,99,124,38925.63,129.85
41,2026-09-29,12,434,107,38624.92,269.03
41,2026-09-29,13,111,215,68610.22,307.72
41,2026-09-29,14,121,154,46704.37,160.6
41,2026-09-29,15,110,82,30588.52,126.42
41,2026-09-29,16,101,78,28540.16,119.42
41,2026-09-29,17,437,130,42720.82,264.27
41,2026-09-29,18,232,240,82417.86,334.67
41,2026-09-29,19,68,168,51943.48,188.47
41,2026-09-29,20,52,86,31052.4,85.08
41,2026-09-29,21,0,50,14110.96,34.55
41,2026-09-30,9,373,52,14953.17,165.5
41,2026-09-30,10,143,161,53881.8,272.6
41,2026-09-30,11,124,165,50955.33,167.8
41,2026-09-30,12,540,128,39919.64,335.27
41,2026-09-30,13,109,267,86820.2,358.0
41,2026-09-30,14,127,178,54063.95,175.43
41,2026-09-30,15,132,92,25868.68,144.38
41,2026-09-30,16,142,103,35619.62,150.8
41,2026-09-30,17,521,171,53764.57,319.78
41,2026-09-30,18,253,224,73736.97,431.08
41,2026-09-30,19,89,251,79657.1,247.78
41,2026-09-30,20,46,91,29871.28,94.32
41,2026-09-30,21,0,52,16645.9,33.97
41,2026-10-01,9,399,67,24726.25,180.62
41,2026-10-01,10,138,174,51847.45,272.47
41,2026-10-01,11,109,157,51907.67,172.08
41,2026-10-01,12,606,173,54939.26,346.37
41,2026-10-01,13,149,264,78427.38,404.75
41,2026-10-01,14,146,201,63075.08,209.52
41,2026-10-01,15,146,122,45799.31,159.7
41,2026-10-01,16,127,87,27737.14,159.88
41,2026-10-01,17,602,176,59571.4,364.85
41,2026-10-01,18,267,308,101508.3,465.4
41,2026-10-01,19,78,240,72812.22,236.88
41,2026-10-01,20,50,91,27779.0,83.32
41,2026-10-01,21,0,57,19677.06,33.52
41,2026-10-02,9,480,74,24865.38,205.02
41,2026-10-02,10,133,196,61637.2,322.58
41,2026-10-02,11,143,176,53948.36,192.17
41,2026-10-02,12,587,167,54631.83,341.95
41,2026-10-02,13,157,283,84658.15,420.45
41,2026-10-02,14,155,227,72558.67,222.9
41,2026-10-02,15,147,108,33929.89,172.85
41,2026-10-02,16,141,104,28364.38,155.35
41,2026-10-02,17,616,173,57118.94,360.4
41,2026-10-02,18,302,322,99499.91,495.15
41,2026-10-02,19,89,280,90901.95,271.82
41,2026-10-02,20,54,119,39909.63,103.72
41,2026-10-02,21,0,44,14461.34,37.58
41,2026-10-03,9,531,71,20789.33,242.28
41,2026-10-03,10,173,235,75719.3,374.27
41,2026-10-03,11,188,219,66668.56,234.7
41,2026-10-03,12,655,182,58463.58,415.33
41,2026-10-03,13,181,340,111638.89,478.08
41,2026-10-03,14,173,228,72952.87,245.85
41,2026-10-03,15,172,138,45086.98,189.98
41,2026-10-03,16,178,121,36720.06,197.62
41,2026-10-03,17,677,192,59846.28,421.48
41,2026-10-03,18,316,345,113875.34,549.02
41,2026-10-03,19,100,312,102385.24,284.43
41,2026-10-03,20,57,103,29281.82,104.95
41,2026-10-03,21,0,53,17599.17,43.22
41,2026-10-04,9,449,55,16689.23,200.2
41,2026-10-04,10,129,221,65811.53,303.83
41,2026-10-04,11,129,155,46485.1,169.0
41,2026-10-04,12,590,161,49649.54,354.97
41,2026-10-04,13,127,266,86471.12,401.5
41,2026-10-04,14,141,202,63722.38,187.62
41,2026-10-04,15,122,110,38539.28,147.37
41,2026-10-04,16,154,110,35879.06,152.8
41,2026-10-04,17,575,175,57507.44,369.83
41,2026-10-04,18,275,314,96959.01,450.85
41,2026-10-04,19,75,213,70238.33,221.27
41,2026-10-04,20,46,92,29663.14,91.78
41,2026-10-04,21,0,50,14037.39,31.25
42,2026-09-28,9,354,55,17466.01,161.2
42,2026-09-28,10,135,159,51101.66,259.68
42,2026-09-28,11,90,147,51622.28,146.23
42,2026-09-28,12,485,125,38749.01,289.3
42,2026-09-28,13,126,252,80706.75,342.53
42,2026-09-28,14,128,161,53122.3,178.3
42,2026-09-28,15,121,90,29352.4,142.47
42,2026-09-28,16,129,94,30447.49,147.25
42,2026-09-28,17,484,165,48017.07,301.8
42,2026-09-28,18,224,227,71057.92,370.18
42,2026-09-28,19,68,200,62675.32,206.82
42,2026-09-28,20,49,74,22231.63,81.75
42,2026-09-28,21,0,49,16258.79,33.4
42,2026-09-29,9,355,38,11514.51,163.22
42,2026-09-29,10,106,162,55321.93,259.28
42,2026-09-29,11,96,150,43492.01,138.18
42,2026-09-29,12,461,116,36587.94,267.78
42,2026-09-29,13,89,212,69278.8,300.48
42,2026-09-29,14,132,156,52622.16,147.37
42,2026-09-29,15,118,87,26101.38,140.68
42,2026-09-29,16,109,96,28246.32,132.8
42,2026-09-29,17,422,133,44588.68,265.98
42,2026-09-29,18,223,223,65535.17,342.45
42,2026-09-29,19,73,177,56415.65,193.82
42,2026-09-29,20,54,92,29244.54,81.03
42,2026-09-29,21,0,45,15163.47,32.98
42,2026-09-30,9,381,53,17342.04,174.25
42,2026-09-30,10,121,191,62972.22,252.33
42,2026-09-30,11,124,121,36221.81,152.4
42,2026-09-30,12,493,130,45278.37,320.28
42,2026-09-30,13,127,242,75875.8,345.07
42,2026-09-30,14,126,183,53657.39,170.58
42,2026-09-30,15,110,91,27083.48,132.67
42,2026-09-30,16,103,85,26335.35,123.43
42,2026-09-30,17,492,128,41420.95,290.78
42,2026-09-30,18,232,249,81236.18,396.45
42,2026-09-30,19,87,207,64615.29,228.25
42,2026-09-30,20,56,101,30312.65,95.75
42,2026-09-30,21,0,54,18308.82,38.03
42,2026-10-01,9,428,52,15798.47,197.57
42,2026-10-01,10,156,189,57630.61,317.9
42,2026-10-01,11,125,181,57232.13,191.22
42,2026-10-01,12,573,169,54495.42,339.23
42,2026-10-01,13,137,244,77023.65,392.53
42,2026-10-01,14,157,209,64608.77,200.92
42,2026-10-01,15,147,114,33787.87,158.47
42,2026-10-01,16,159,114,34374.51,161.92
42,2026-10-01,17,565,180,57956.01,362.93
42,2026-10-01,18,300,295,96218.23,448.85
42,2026-10-01,19,92,247,77734.57,265.2
42,2026-10-01,20,62,108,35244.48,111.17
42,2026-10-01,21,0,58,18730.39,44.25
42,2026-10-02,9,465,57,20203.65,210.12
42,2026-10-02,10,153,222,66951.8,332.15
42,2026-10-02,11,162,160,46327.94,201.98
42,2026-10-02,12,585,180,61057.45,362.85
42,2026-10-02,13,158,293,97223.41,415.2
42,2026-10-02,14,159,216,67997.27,222.43
42,2026-10-02,15,170,131,42092.61,181.6
42,2026-10-02,16,145,104,34442.77,170.88
42,2026-10-02,17,633,169,52103.51,394.72
42,2026-10-02,18,295,331,106330.68,488.28
42,2026-10-02,19,87,265,86622.04,263.9
42,2026-10-02,20,48,106,30497.51,103.72
42,2026-10-02,21,0,46,14061.6,32.05
42,2026-10-03,9,539,77,24651.55,250.55
42,2026-10-03,10,148,244,76701.91,355.75
42,2026-10-03,11,161,173,56091.24,203.85
42,2026-10-03,12,669,222,66902.7,403.1
42,2026-10-03,13,169,295,95047.69,453.78
42,2026-10-03,14,175,227,71237.4,228.5
42,2026-10-03,15,202,132,43413.3,205.02
42,2026-10-03,16,162,151,45433.23,216.17
42,2026-10-03,17,690,215,72556.96,416.53
42,2026-10-03,18,367,386,131737.48,538.45
42,2026-10-03,19,100,282,99079.73,303.38
42,2026-10-03,20,70,133,43226.26,127.02
42,2026-10-03,21,0,69,21440.91,46.42
42,2026-10-04,9,480,59,20439.06,206.9
42,2026-10-04,10,159,204,62163.6,350.9
42,2026-10-04,11,141,187,62361.63,208.18
42,2026-10-04,12,647,187,56055.23,393.27
42,2026-10-04,13,154,303,100244.67,447.73
42,2026-10-04,14,122,225,70478.61,201.3
42,2026-10-04,15,143,95,27970.29,142.12
42,2026-10-04,16,140,89,29890.78,159.62
42,2026-10-04,17,602,167,53266.98,381.47
42,2026-10-04,18,319,332,104482.13,493.58
42,2026-10-04,19,106,260,86123.43,262.93
42,2026-10-04,20,65,119,40035.58,110.95
42,2026-10-04,21,0,62,20456.06,49.77
43,2026-09-28,9,328,48,14981.32,148.78
43,2026-09-28,10,115,148,47990.28,229.62
43,2026-09-28,11,119,134,40935.62,155.82
43,2026-09-28,12,460,147,45515.9,278.93
43,2026-09-28,13,98,218,68231.45,291.47
43,2026-09-28,14,115,132,45043.64,148.72
43,2026-09-28,15,123,86,32314.07,138.78
43,2026-09-28,16,115,93,29175.34,134.6
43,2026-09-28,17,474,140,41855.12,279.28
43,2026-09-28,18,213,235,75219.9,364.47
43,2026-09-28,19,59,204,68228.97,193.43
43,2026-09-28,20,41,67,22875.23,70.43
43,2026-09-28,21,0,41,14585.63,31.72
43,2026-09-29,9,329,55,15012.01,147.48
43,2026-09-29,10,113,141,44861.93,225.17
43,2026-09-29,11,119,133,43807.56,146.33
43,2026-09-29,12,468,132,42608.26,290.5
43,2026-09-29,13,100,230,71004.98,316.23
43,2026-09-29,14,120,148,48290.95,144.4
43,2026-09-29,15,116,85,24978.17,132.02
43,2026-09-29,16,96,87,25291.16,121.85
43,2026-09-29,17,440,118,39565.12,263.28
43,2026-09-29,18,243,224,72761.92,371.78
43,2026-09-29,19,61,208,62276.5,198.65
43,2026-09-29,20,36,81,23113.74,73.18
43,2026-09-29,21,0,37,12458.47,24.1
43,2026-09-30,9,392,54,15474.55,183.4
43,2026-09-30,10,119,169,56736.69,259.12
43,2026-09-30,11,116,140,42186.23,153.12
43,2026-09-30,12,540,138,43727.75,319.38
43,2026-09-30,13,135,277,86642.63,368.8
43,2026-09-30,14,159,192,61450.22,193.27
43,2026-09-30,15,115,105,32394.01,151.08
43,2026-09-30,16,122,114,36067.05,126.55
43,2026-09-30,17,508,135,43094.7,298.95
43,2026-09-30,18,235,244,74185.13,411.63
43,2026-09-30,19,72,234,73718.27,214.15
43,2026-09-30,20,48,93,30017.66,72.8
43,2026-09-30,21,0,42,13111.92,31.38
43,2026-10-01,9,398,48,13138.44,176.52
43,2026-10-01,10,137,172,52968.83,280.6
43,2026-10-01,11,140,161,51760.64,173.5
43,2026-10-01,12,559,173,51752.62,332.32
43,2026-10-01,13,156,277,91171.89,373.05
43,2026-10-01,14,119,180,59363.23,197.43
43,2026-10-01,15,140,109,36475.76,144.8
43,2026-10-01,16,124,102,34845.48,137.53
43,2026-10-01,17,548,136,43387.31,316.32
43,2026-10-01,18,275,282,93554.12,460.83
43,2026-10-01,19,78,237,77408.9,244.58
43,2026-10-01,20,62,101,33804.15,97.5
43,2026-10-01,21,0,54,14622.1,38.58
43,2026-10-02,9,471,40,14128.74,219.52
43,2026-10-02,10,141,196,65405.52,341.58
43,2026-10-02,11,163,211,71507.11,198.82
43,2026-10-02,12,642,168,50684.54,390.27
43,2026-10-02,13,145,307,94597.26,446.42
43,2026-10-02,14,180,243,76280.53,228.05
43,2026-10-02,15,161,127,41455.11,184.02
43,2026-10-02,16,173,119,40781.41,171.1
43,2026-10-02,17,644,163,54720.94,401.78
43,2026-10-02,18,340,352,112395.59,544.4
43,2026-10-02,19,103,298,92607.74,300.85
43,2026-10-02,20,67,111,39141.39,114.6
43,2026-10-02,21,0,62,20756.57,48.4
43,2026-10-03,9,458,55,15624.62,199.42
43,2026-10-03,10,168,194,60533.95,346.17
43,2026-10-03,11,132,190,64730.14,201.8
43,2026-10-03,12,652,178,56109.87,376.05
43,2026-10-03,13,140,275,85381.27,433.25
43,2026-10-03,14,146,214,62918.03,213.53
43,2026-10-03,15,171,114,34263.77,173.68
43,2026-10-03,16,152,118,38511.54,173.02
43,2026-10-03,17,656,173,56454.43,398.15
43,2026-10-03,18,337,351,116865.69,535.07
43,2026-10-03,19,86,309,94252.88,290.33
43,2026-10-03,20,58,102,33104.73,99.35
43,2026-10-03,21,0,54,18674.47,39.33
43,2026-10-04,9,446,70,22426.44,195.78
43,2026-10-04,10,127,201,61328.7,295.4
43,2026-10-04,11,121,160,52410.66,172.03
43,2026-10-04,12,587,172,58283.39,336.53
43,2026-10-04,13,125,290,88481.65,400.85
43,2026-10-04,14,145,189,61084.6,190.42
43,2026-10-04,15,150,109,35237.93,164.63
43,2026-10-04,16,133,104,31603.44,162.93
43,2026-10-04,17,588,192,59102.15,365.87
43,2026-10-04,18,288,295,97615.86,449.4
43,2026-10-04,19,103,250,77879.63,261.93
43,2026-10-04,20,72,109,32284.88,117.97
43,2026-10-04,21,0,60,21588.58,49.63
44,2026-09-28,9,412,53,15841.96,180.12
44,2026-09-28,10,136,196,62419.05,289.48
44,2026-09-28,11,128,150,46806.55,161.28
44,2026-09-28,12,514,142,45256.85,315.63
44,2026-09-28,13,151,256,80456.69,362.32
44,2026-09-28,14,147,190,62878.13,192.93
44,2026-09-28,15,130,99,31572.62,154.4
44,2026-09-28,16,134,109,33180.43,145.25
44,2026-09-28,17,522,147,43112.41,325.43
44,2026-09-28,18,247,286,93213.63,405.98
44,2026-09-28,19,78,218,64182.39,212.52
44,2026-09-28,20,62,77,24279.57,93.85
44,2026-09-28,21,0,68,18724.64,46.17
44,2026-09-29,9,334,45,15321.73,148.35
44,2026-09-29,10,116,129,41709.53,242.87
44,2026-09-29,11,112,141,44949.96,144.97
44,2026-09-29,12,455,126,40002.51,271.95
44,2026-09-29,13,132,224,70629.66,324.02
44,2026-09-29,14,121,185,59226.47,156.33
44,2026-09-29,15,129,86,26820.41,141.73
44,2026-09-29,16,126,114,34655.58,133.2
44,2026-09-29,17,490,155,56531.01,305.07
44,2026-09-29,18,246,246,80095.6,381.5
44,2026-09-29,19,82,195,64259.21,216.6
44,2026-09-29,20,42,90,26701.18,93.1
44,2026-09-29,21,0,48,16222.75,25.55
44,2026-09-30,9,399,45,15430.14,183.03
44,2026-09-30,10,106,176,57665.94,286.62
44,2026-09-30,11,156,164,58902.67,166.6
44,2026-09-30,12,569,170,55032.38,353.3
44,2026-09-30,13,130,261,84084.35,387.95
44,2026-09-30,14,141,198,63456.68,196.52
44,2026-09-30,15,154,114,35765.55,154.67
44,2026-09-30,16,131,111,34700.77,158.62
44,2026-09-30,17,536,155,47528.55,333.05
44,2026-09-30,18,254,283,84326.77,420.15
44,2026-09-30,19,68,225,79163.63,211.77
44,2026-09-30,20,55,88,26546.97,83.83
44,2026-09-30,21,0,47,15330.61,33.8
44,2026-10-01,9,411,68,23134.78,186.9
44,2026-10-01,10,137,158,49647.06,273.48
44,2026-10-01,11,131,163,48922.3,177.7
44,2026-10-01,12,500,139,42807.58,324.28
44,2026-10-01,13,117,240,72658.9,346.12
44,2026-10-01,14,115,173,50107.59,164.95
44,2026-10-01,15,130,90,28323.86,131.28
44,2026-10-01,16,137,86,29212.34,137.45
44,2026-10-01,17,533,153,49283.15,340.48
44,2026-10-01,18,273,295,98428.88,417.22
44,2026-10-01,19,74,233,76441.77,235.22
44,2026-10-01,20,49,98,25969.77,91.15
44,2026-10-01,21,0,44,13851.44,31.57
44,2026-10-02,9,487,75,22424.49,216.45
44,2026-10-02,10,171,203,68135.3,348.23
44,2026-10-02,11,169,206,61932.79,211.82
44,2026-10-02,12,629,190,64486.94,395.37
44,2026-10-02,13,132,285,86822.66,432.6
44,2026-10-02,14,140,214,66131.08,193.13
44,2026-10-02,15,153,103,35039.27,158.65
44,2026-10-02,16,142,128,42799.5,153.73
44,2026-10-02,17,626,176,59321.52,380.03
44,2026-10-02,18,303,315,103891.72,482.63
44,2026-10-02,19,91,237,79827.09,265.82
44,2026-10-02,20,58,121,38683.34,114.08
44,2026-10-02,21,0,50,15744.24,43.03
44,2026-10-03,9,485,70,22417.66,213.67
44,2026-10-03,10,166,220,66064.45,350.37
44,2026-10-03,11,156,197,66623.05,201.88
44,2026-10-03,12,637,191,60809.26,382.13
44,2026-10-03,13,157,312,102395.62,422.97
44,2026-10-03,14,170,201,64839.05,228.02
44,2026-10-03,15,170,126,41726.89,183.0
44,2026-10-03,16,198,122,38777.58,200.25
44,2026-10-03,17,671,209,64555.42,440.1
44,2026-10-03,18,333,355,111711.68,541.13
44,2026-10-03,19,106,290,94575.22,305.87
44,2026-10-03,20,49,126,39315.21,113.22
44,2026-10-03,21,0,53,16338.91,39.8
44,2026-10-04,9,457,56,16074.27,207.1
44,2026-10-04,10,142,216,72446.66,320.67
44,2026-10-04,11,153,193,58237.82,202.53
44,2026-10-04,12,621,150,45471.53,367.63
44,2026-10-04,13,168,300,105153.93,436.1
44,2026-10-04,14,148,218,72125.58,219.62
44,2026-10-04,15,163,121,36722.52,182.68
44,2026-10-04,16,144,105,31488.0,169.68
44,2026-10-04,17,607,188,60472.59,386.85
44,2026-10-04,18,299,308,97558.72,491.67
44,2026-10-04,19,84,261,80895.25,265.72
44,2026-10-04,20,56,112,33300.11,99.03
44,2026-10-04,21,0,49,14750.26,33.03
45,2026-09-28,9,377,53,16823.01,173.77
45,2026-09-28,10,119,171,62641.14,262.65
45,2026-09-28,11,125,142,44272.5,160.02
45,2026-09-28,12,503,137,44989.66,305.98
45,2026-09-28,13,112,244,79594.72,328.6
45,2026-09-28,14,106,147,48459.99,161.07
45,2026-09-28,15,126,82,25437.12,134.28
45,2026-09-28,16,126,110,31525.64,140.43
45,2026-09-28,17,534,150,44969.1,314.3
45,2026-09-28,18,223,260,81836.93,411.27
45,2026-09-28,19,62,228,71215.0,216.65
45,2026-09-28,20,55,89,28431.35,83.82
45,2026-09-28,21,0,45,13928.04,33.82
45,2026-09-29,9,386,57,17195.48,173.95
45,2026-09-29,10,133,164,55841.76,278.18
45,2026-09-29,11,132,150,45862.73,173.15
45,2026-09-29,12,528,138,44313.72,337.07
45,2026-09-29,13,128,252,81686.64,359.02
45,2026-09-29,14,124,187,59493.89,197.18
45,2026-09-29,15,117,95,32417.8,130.8
45,2026-09-29,16,114,77,20782.07,121.33
45,2026-09-29,17,535,147,43617.18,331.68
45,2026-09-29,18,266,270,90124.95,431.6
45,2026-09-29,19,73,234,78656.64,231.42
45,2026-09-29,20,40,100,31736.45,82.52
45,2026-09-29,21,0,46,15593.95,30.95
45,2026-09-30,9,372,56,18327.25,168.68
45,2026-09-30,10,128,166,56292.49,258.72
45,2026-09-30,11,132,133,44482.18,165.22
45,2026-09-30,12,618,158,47496.77,361.82
45,2026-09-30,13,133,308,99824.09,431.3
45,2026-09-30,14,148,197,70194.01,204.65
45,2026-09-30,15,123,114,38295.81,147.48
45,2026-09-30,16,149,89,30549.74,148.33
45,2026-09-30,17,558,168,52663.64,342.18
45,2026-09-30,18,280,304,89045.51,440.63
45,2026-09-30,19,82,230,69958.51,254.22
45,2026-09-30,20,50,105,31542.75,103.47
45,2026-09-30,21,0,53,16691.91,33.82
45,2026-10-01,9,412,65,18408.09,196.13
45,2026-10-01,10,121,189,60340.28,269.22
45,2026-10-01,11,136,165,53941.45,166.5
45,2026-10-01,12,527,157,49423.65,326.38
45,2026-10-01,13,123,259,84321.39,358.25
45,2026-10-01,14,130,202,65389.26,175.0
45,2026-10-01,15,149,91,28075.32,145.37
45,2026-10-01,16,142,113,36532.49,163.0
45,2026-10-01,17,582,167,52472.54,350.7
45,2026-10-01,18,280,312,100601.68,453.72
45,2026-10-01,19,89,248,80139.88,248.22
45,2026-10-01,20,41,99,31032.84,91.1
45,2026-10-01,21,0,48,15207.95,31.62
45,2026-10-02,9,487,75,23403.58,222.45
45,2026-10-02,10,160,212,66128.21,331.73
45,2026-10-02,11,177,190,64867.25,202.15
45,2026-10-02,12,630,192,65020.35,385.55
45,2026-10-02,13,146,283,94550.66,428.68
45,2026-10-02,14,164,242,70121.02,223.45
45,2026-10-02,15,159,114,35238.41,164.37
45,2026-10-02,16,175,122,39721.36,171.5
45,2026-10-02,17,667,190,59978.61,417.47
45,2026-10-02,18,320,360,116028.49,526.1
45,2026-10-02,19,89,291,92538.63,272.32
45,2026-10-02,20,57,109,36177.43,103.45
45,2026-10-02,21,0,55,17718.75,39.88
45,2026-10-03,9,508,71,25496.16,232.12
45,2026-10-03,10,157,238,79988.71,361.45
45,2026-10-03,11,157,189,62381.13,202.2
45,2026-10-03,12,632,193,60039.44,380.78
45,2026-10-03,13,160,312,100500.24,428.47
45,2026-10-03,14,170,218,72731.46,232.02
45,2026-10-03,15,176,132,38833.12,201.33
45,2026-10-03,16,156,135,48542.2,184.85
45,2026-10-03,17,649,179,55879.39,410.78
45,2026-10-03,18,289,350,111594.11,511.43
45,2026-10-03,19,90,279,86083.92,242.38
45,2026-10-03,20,58,98,30874.81,103.88
45,2026-10-03,21,0,49,15768.48,35.2
45,2026-10-04,9,454,68,19112.26,208.65
45,2026-10-04,10,148,200,64163.71,311.62
45,2026-10-04,11,150,179,55569.25,195.95
45,2026-10-04,12,639,184,57698.04,402.95
45,2026-10-04,13,149,325,105535.8,417.67
45,2026-10-04,14,141,205,62368.22,205.12
45,2026-10-04,15,164,106,34659.56,175.88
45,2026-10-04,16,148,114,35603.17,179.1
45,2026-10-04,17,650,186,60645.53,399.68
45,2026-10-04,18,346,360,115815.61,544.62
45,2026-10-04,19,81,305,93200.43,291.22
45,2026-10-04,20,66,118,42469.93,115.6
45,2026-10-04,21,0,56,18873.88,41.32
46,2026-09-28,9,373,42,12371.19,171.28
46,2026-09-28,10,117,162,55850.4,263.43
46,2026-09-28,11,140,148,46646.89,170.6
46,2026-09-28,12,476,131,45159.84,312.05
46,2026-09-28,13,109,235,75327.43,328.2
46,2026-09-28,14,129,173,57742.01,167.98
46,2026-09-28,15,116,95,30469.07,137.12
46,2026-09-28,16,121,85,27417.49,136.98
46,2026-09-28,17,517,131,38812.16,326.67
46,2026-09-28,18,219,256,90287.23,394.13
46,2026-09-28,19,70,213,68996.41,205.18
46,2026-09-28,20,49,91,29242.53,78.92
46,2026-09-28,21,0,34,13014.59,30.9
46,2026-09-29,9,343,48,14223.96,160.55
46,2026-09-29,10,106,143,50314.01,243.23
46,2026-09-29,11,98,134,40651.19,131.05
46,2026-09-29,12,484,125,35905.89,291.02
46,2026-09-29,13,125,237,71037.64,323.95
46,2026-09-29,14,128,150,50008.65,164.08
46,2026-09-29,15,96,80,23769.8,127.67
46,2026-09-29,16,127,92,31155.03,118.12
46,2026-09-29,17,497,118,36808.41,308.83
46,2026-09-29,18,202,247,74009.36,395.1
46,2026-09-29,19,80,223,70077.19,208.97
46,2026-09-29,20,47,84,25089.42,81.78
46,2026-09-29,21,0,41,15066.11,31.03
46,2026-09-30,9,407,55,18484.32,186.43
46,2026-09-30,10,100,185,58969.72,271.3
46,2026-09-30,11,121,139,43649.52,152.05
46,2026-09-30,12,515,143,41615.82,311.17
46,2026-09-30,13,126,246,84831.09,366.43
46,2026-09-30,14,139,188,53425.13,183.93
46,2026-09-30,15,123,106,30759.82,138.62
46,2026-09-30,16,121,93,31055.52,122.52
46,2026-09-30,17,502,135,43740.84,312.78
46,2026-09-30,18,258,268,86172.68,394.63
46,2026-09-30,19,76,220,72344.89,216.85
46,2026-09-30,20,49,91,29738.52,85.58
46,2026-09-30,21,0,49,14960.2,33.65
46,2026-10-01,9,422,48,16349.46,197.75
46,2026-10-01,10,106,176,59646.59,279.9
46,2026-10-01,11,121,158,55470.94,162.18
46,2026-10-01,12,515,147,52271.77,321.5
46,2026-10-01,13,101,240,77707.96,349.93
46,2026-10-01,14,107,178,59293.87,149.33
46,2026-10-01,15,131,89,29411.77,131.05
46,2026-10-01,16,122,108,38170.73,133.85
46,2026-10-01,17,478,127,44216.11,287.87
46,2026-10-01,18,269,262,85388.61,410.93
46,2026-10-01,19,86,215,66713.0,231.72
46,2026-10-01,20,45,91,29327.35,91.0
46,2026-10-01,21,0,45,15696.7,28.57
46,2026-10-02,9,465,79,27214.26,205.95
46,2026-10-02,10,134,208,70216.31,302.5
46,2026-10-02,11,146,156,51089.03,186.6
46,2026-10-02,12,557,181,62643.43,336.67
46,2026-10-02,13,151,293,93597.18,371.13
46,2026-10-02,14,176,190,59442.71,213.27
46,2026-10-02,15,178,119,39135.65,198.25
46,2026-10-02,16,164,130,42514.23,191.45
46,2026-10-02,17,605,200,60737.16,387.42
46,2026-10-02,18,297,311,98068.1,467.72
46,2026-10-02,19,87,235,75182.14,248.52
46,2026-10-02,20,55,115,36233.29,103.23
46,2026-10-02,21,0,42,11236.45,34.32
46,2026-10-03,9,489,67,21210.08,227.22
46,2026-10-03,10,170,216,69322.78,347.58
46,2026-10-03,11,163,194,61958.8,203.48
46,2026-10-03,12,681,197,67413.42,428.82
46,2026-10-03,13,157,332,100581.02,486.0
46,2026-10-03,14,159,236,80798.85,213.05
46,2026-10-03,15,177,117,38729.73,174.05
46,2026-10-03,16,157,106,30912.93,187.77
46,2026-10-03,17,654,194,59357.98,407.53
46,2026-10-03,18,326,342,106204.3,521.48
46,2026-10-03,19,102,302,91662.16,290.05
46,2026-10-03,20,62,107,34961.27,114.3
46,2026-10-03,21,0,63,20899.39,49.42
46,2026-10-04,9,472,86,25893.41,218.22
46,2026-10-04,10,124,202,66634.22,315.1
46,2026-10-04,11,152,165,52139.94,173.72
46,2026-10-04,12,560,164,50982.9,341.38
46,2026-10-04,13,124,271,88303.79,382.18
46,2026-10-04,14,156,204,60808.74,195.67
46,2026-10-04,15,161,115,33886.72,160.28
46,2026-10-04,16,145,122,40486.91,170.48
46,2026-10-04,17,568,160,52145.0,350.6
46,2026-10-04,18,280,272,90110.42,465.08
46,2026-10-04,19,80,250,90418.33,250.42
46,2026-10-04,20,53,108,36105.19,96.5
46,2026-10-04,21,0,45,14567.92,38.85
47,2026-09-28,9,320,44,13785.12,139.87
47,2026-09-28,10,124,136,41800.6,237.8
47,2026-09-28,11,120,137,46157.66,164.23
47,2026-09-28,12,453,121,38555.48,292.77
47,2026-09-28,13,120,231,74853.73,323.57
47,2026-09-28,14,119,168,48719.83,172.52
47,2026-09-28,15,122,93,32930.07,125.7
47,2026-09-28,16,116,84,25584.33,125.75
47,2026-09-28,17,515,143,46087.18,294.65
47,2026-09-28,18,228,239,72791.82,406.73
47,2026-09-28,19,62,217,70552.59,213.63
47,2026-09-28,20,43,87,27046.23,75.07
47,2026-09-28,21,0,39,11644.8,29.05
47,2026-09-29,9,415,60,20993.64,178.68
47,2026-09-29,10,103,165,55039.25,280.6
47,2026-09-29,11,115,156,48691.81,157.43
47,2026-09-29,12,493,150,51046.95,290.52
47,2026-09-29,13,132,234,70579.28,328.15
47,2026-09-29,14,104,173,55744.35,153.02
47,2026-09-29,15,110,73,23622.86,127.73
47,2026-09-29,16,113,91,27850.01,121.35
47,2026-09-29,17,512,139,46044.8,308.63
47,2026-09-29,18,229,258,78148.44,390.4
47,2026-09-29,19,74,218,66705.25,199.78
47,2026-09-29,20,50,89,28890.52,76.23
47,2026-09-29,21,0,42,12638.26,29.82
47,2026-09-30,9,452,67,21787.96,205.6
47,2026-09-30,10,135,206,74708.8,311.3
47,2026-09-30,11,113,163,52642.19,167.55
47,2026-09-30,12,539,158,57215.02,326.32
47,2026-09-30,13,153,245,76661.33,365.38
47,2026-09-30,14,107,182,57194.89,178.88
47,2026-09-30,15,141,108,31714.35,138.88
47,2026-09-30,16,153,100,29703.28,151.37
47,2026-09-30,17,579,173,58899.89,366.52
47,2026-09-30,18,295,302,98671.03,458.43
47,2026-09-30,19,103,257,82204.45,254.67
47,2026-09-30,20,54,102,36867.62,103.75
47,2026-09-30,21,0,52,13522.49,41.28
47,2026-10-01,9,436,75,23195.86,203.7
47,2026-10-01,10,156,178,55456.07,297.97
47,2026-10-01,11,125,168,52675.29,189.82
47,2026-10-01,12,627,171,53299.2,380.13
47,2026-10-01,13,166,291,90773.49,441.58
47,2026-10-01,14,146,207,63711.48,210.48
47,2026-10-01,15,161,124,38131.89,168.68
47,2026-10-01,16,150,110,37697.27,176.08
47,2026-10-01,17,641,187,58101.52,389.05
47,2026-10-01,18,297,340,114625.38,492.72
47,2026-10-01,19,91,266,87290.82,259.47
47,2026-10-01,20,65,98,34576.43,106.0
47,2026-10-01,21,0,58,20108.95,44.03
47,2026-10-02,9,463,50,15864.81,209.68
47,2026-10-02,10,163,212,69260.57,336.83
47,2026-10-02,11,151,169,55583.4,210.12
47,2026-10-02,12,633,215,69018.07,395.28
47,2026-10-02,13,152,286,89234.93,426.62
47,2026-10-02,14,157,197,64042.06,216.65
47,2026-10-02,15,149,122,37665.41,164.03
47,2026-10-02,16,149,121,39066.34,156.85
47,2026-10-02,17,652,191,60527.63,383.12
47,2026-10-02,18,279,326,101137.23,487.1
47,2026-10-02,19,92,262,84219.19,249.22
47,2026-10-02,20,74,110,35376.09,107.83
47,2026-10-02,21,0,60,16855.09,47.07
47,2026-10-03,9,524,80,25245.01,238.77
47,2026-10-03,10,165,222,68759.48,381.95
47,2026-10-03,11,148,199,64921.08,211.17
47,2026-10-03,12,596,176,54872.9,372.75
47,2026-10-03,13,161,281,89324.34,410.28
47,2026-10-03,14,156,211,68820.29,214.65
47,2026-10-03,15,157,126,44576.22,173.3
47,2026-10-03,16,143,116,37701.48,175.12
47,2026-10-03,17,640,185,57532.31,373.02
47,2026-10-03,18,339,320,99679.73,518.83
47,2026-10-03,19,112,298,95550.85,298.18
47,2026-10-03,20,58,127,42681.22,120.27
47,2026-10-03,21,0,61,17249.84,43.58
47,2026-10-04,9,440,74,22795.16,211.1
47,2026-10-04,10,149,191,60643.61,300.98
47,2026-10-04,11,146,186,59566.43,177.6
47,2026-10-04,12,640,188,64372.33,378.22
47,2026-10-04,13,141,286,87001.11,410.43
47,2026-10-04,14,139,205,66653.29,198.92
47,2026-10-04,15,148,118,33959.81,146.05
47,2026-10-04,16,140,109,39601.64,156.23
47,2026-10-04,17,617,178,55706.06,374.65
47,2026-10-04,18,305,323,102343.74,506.15
47,2026-10-04,19,88,261,79480.04,266.87
47,2026-10-04,20,54,130,41486.69,103.12
47,2026-10-04,21,0,46,11487.13,30.75
48,2026-09-28,9,347,46,13307.99,157.07
48,2026-09-28,10,102,152,49484.72,236.53
48,2026-09-28,11,114,145,46812.39,143.12
48,2026-09-28,12,423,121,39080.21,269.37
48,2026-09-28,13,102,209,66548.95,297.73
48,2026-09-28,14,124,143,44871.82,152.08
48,2026-09-28,15,137,92,29753.97,140.43
48,2026-09-28,16,101,95,33855.05,138.67
48,2026-09-28,17,507,144,46720.78,306.95
48,2026-09-28,18,234,252,79003.48,385.55
48,2026-09-28,19,71,222,72984.14,220.18
48,2026-09-28,20,46,75,21490.72,75.22
48,2026-09-28,21,0,38,13501.71,28.63
48,2026-09-29,9,376,61,18112.5,178.78
48,2026-09-29,10,105,161,51618.27,252.87
48,2026-09-29,11,111,140,49303.16,125.78
48,2026-09-29,12,419,111,35004.54,263.95
48,2026-09-29,13,102,205,64569.69,298.62
48,2026-09-29,14,123,157,49734.56,164.0
48,2026-09-29,15,113,91,33335.4,123.8
48,2026-09-29,16,147,91,26879.57,146.05
48,2026-09-29,17,472,149,53644.41,316.93
48,2026-09-29,18,246,246,76285.79,384.07
48,2026-09-29,19,72,221,67013.53,205.52
48,2026-09-29,20,47,82,26994.78,79.85
48,2026-09-29,21,0,44,13465.46,34.7
48,2026-09-30,9,449,59,16946.56,192.53
48,2026-09-30,10,164,197,64784.37,322.33
48,2026-09-30,11,160,179,58193.19,212.12
48,2026-09-30,12,603,172,54652.05,371.0
48,2026-09-30,13,137,289,88097.6,412.03
48,2026-09-30,14,155,209,64723.99,211.83
48,2026-09-30,15,161,121,38921.61,176.33
48,2026-09-30,16,141,98,31266.03,174.42
48,2026-09-30,17,623,182,59940.8,388.77
48,2026-09-30,18,308,325,104701.63,493.22
48,2026-09-30,19,85,257,82590.96,260.38
48,2026-09-30,20,44,97,31528.58,100.3
48,2026-09-30,21,0,41,12438.03,36.88
48,2026-10-01,9,389,49,16846.88,173.23
48,2026-10-01,10,123,164,54095.61,276.17
48,2026-10-01,11,142,147,42888.24,166.98
48,2026-10-01,12,549,181,57672.35,325.37
48,2026-10-01,13,127,240,82388.77,382.35
48,2026-10-01,14,131,182,60361.36,181.38
48,2026-10-01,15,129,95,29599.74,156.1
48,2026-10-01,16,128,99,31328.88,138.95
48,2026-10-01,17,575,172,57087.89,336.65
48,2026-10-01,18,295,299,90904.61,468.23
48,2026-10-01,19,80,238,74322.96,263.7
48,2026-10-01,20,62,103,32975.73,104.52
48,2026-10-01,21,0,58,18758.62,39.75
48,2026-10-02,9,481,58,15949.79,214.87
48,2026-10-02,10,163,220,70744.58,348.88
48,2026-10-02,11,148,189,58645.83,193.63
48,2026-10-02,12,641,202,65540.99,387.22
48,2026-10-02,13,165,276,85199.21,448.65
48,2026-10-02,14,157,246,75722.26,238.7
48,2026-10-02,15,166,116,37826.95,175.17
48,2026-10-02,16,183,121,37250.59,186.33
48,2026-10-02,17,694,202,60431.6,434.72
48,2026-10-02,18,319,370,114779.9,550.0
48,2026-10-02,19,99,285,93526.87,286.55
48,2026-10-02,20,67,126,38387.67,115.83
48,2026-10-02,21,0,63,21956.53,47.92
48,2026-10-03,9,523,60,20176.8,243.28
48,2026-10-03,10,142,250,80623.6,354.78
48,2026-10-03,11,181,178,56513.33,209.43
48,2026-10-03,12,677,198,56287.14,419.33
48,2026-10-03,13,168,336,106917.97,467.03
48,2026-10-03,14,169,238,76326.24,237.93
48,2026-10-03,15,133,132,42005.31,176.03
48,2026-10-03,16,169,108,38443.5,172.12
48,2026-10-03,17,692,188,60667.05,424.88
48,2026-10-03,18,329,339,116623.02,551.75
48,2026-10-03,19,74,334,108466.93,282.07
48,2026-10-03,20,66,102,36449.24,95.05
48,2026-10-03,21,0,55,16171.19,44.78
48,2026-10-04,9,471,74,24672.13,216.37
48,2026-10-04,10,139,206,70582.61,328.22
48,2026-10-04,11,158,185,55210.19,185.8
48,2026-10-04,12,676,175,53358.39,408.62
48,2026-10-04,13,144,319,103581.48,463.15
48,2026-10-04,14,165,252,87176.26,222.37
48,2026-10-04,15,156,123,39832.56,168.4
48,2026-10-04,16,165,126,41055.37,174.2
48,2026-10-04,17,619,185,55604.64,392.37
48,2026-10-04,18,332,330,102997.38,501.75
48,2026-10-04,19,96,269,78380.61,280.83
48,2026-10-04,20,58,124,42173.01,110.75
48,2026-10-04,21,0,47,13586.41,37.6
49,2026-09-28,9,330,49,12453.0,152.78
49,2026-09-28,10,101,143,48299.36,223.88
49,2026-09-28,11,112,131,40418.82,132.02
49,2026-09-28,12,398,116,36879.54,257.23
49,2026-09-28,13,104,218,67580.51,275.62
49,2026-09-28,14,101,127,41450.35,126.57
49,2026-09-28,15,93,72,24755.13,106.8
49,2026-09-28,16,99,80,27911.63,106.98
49,2026-09-28,17,507,133,41106.78,310.43
49,2026-09-28,18,236,259,85881.48,388.0
49,2026-09-28,19,71,210,70451.62,205.77
49,2026-09-28,20,37,89,30908.55,76.2
49,2026-09-28,21,0,31,12838.2,21.5
49,2026-09-29,9,347,47,14183.6,165.87
49,2026-09-29,10,113,157,50337.6,246.7
49,2026-09-29,11,105,131,41398.93,148.65
49,2026-09-29,12,444,123,42745.76,265.73
49,2026-09-29,13,111,229,74716.83,291.9
49,2026-09-29,14,116,131,42813.2,152.55
49,2026-09-29,15,105,75,24819.33,122.77
49,2026-09-29,16,110,84,25436.58,120.68
49,2026-09-29,17,494,146,54107.74,306.72
49,2026-09-29,18,224,259,91421.61,376.45
49,2026-09-29,19,61,187,57236.44,191.87
49,2026-09-29,20,35,86,27999.24,70.62
49,2026-09-29,21,0,32,8783.95,22.4
49,2026-09-30,9,418,66,23345.62,188.73
49,2026-09-30,10,135,171,57848.34,287.37
49,2026-09-30,11,138,170,52682.07,180.0
49,2026-09-30,12,573,157,57101.54,358.02
49,2026-09-30,13,130,278,88328.82,389.03
49,2026-09-30,14,143,205,66874.38,193.72
49,2026-09-30,15,125,100,28157.47,151.72
49,2026-09-30,16,133,100,30311.1,146.02
49,2026-09-30,17,547,155,49094.71,328.15
49,2026-09-30,18,259,276,83789.74,427.93
49,2026-09-30,19,101,222,73276.85,244.98
49,2026-09-30,20,50,110,32738.5,105.53
49,2026-09-30,21,0,55,18047.32,36.97
49,2026-10-01,9,373,47,17545.63,169.77
49,2026-10-01,10,117,153,49277.73,264.23
49,2026-10-01,11,108,154,47914.99,153.92
49,2026-10-01,12,511,131,43450.49,309.75
49,2026-10-01,13,121,229,75671.97,355.1
49,2026-10-01,14,156,192,61341.35,187.47
49,2026-10-01,15,139,109,33572.46,162.63
49,2026-10-01,16,147,105,35500.07,158.43
49,2026-10-01,17,547,174,59489.82,360.28
49,2026-10-01,18,278,289,90893.38,440.05
49,2026-10-01,19,68,238,74579.72,222.95
49,2026-10-01,20,55,95,32535.77,81.25
49,2026-10-01,21,0,40,15741.69,34.57
49,2026-10-02,9,421,71,23340.85,183.82
49,2026-10-02,10,132,170,53139.66,279.27
49,2026-10-02,11,138,156,46190.8,173.5
49,2026-10-02,12,563,165,52587.3,348.45
49,2026-10-02,13,137,263,86664.84,380.57
49,2026-10-02,14,145,194,59915.59,191.02
49,2026-10-02,15,130,106,30087.99,155.18
49,2026-10-02,16,141,109,32543.24,155.78
49,2026-10-02,17,531,164,50397.92,332.42
49,2026-10-02,18,265,263,86551.19,416.22
49,2026-10-02,19,70,226,73554.81,224.65
49,2026-10-02,20,54,90,28069.21,88.97
49,2026-10-02,21,0,52,15472.45,37.95
49,2026-10-03,9,428,54,17200.62,198.85
49,2026-10-03,10,156,188,60809.42,312.3
49,2026-10-03,11,159,168,52614.93,195.6
49,2026-10-03,12,570,182,55444.37,361.58
49,2026-10-03,13,142,287,93590.7,388.92
49,2026-10-03,14,147,195,62703.19,202.32
49,2026-10-03,15,158,120,37587.11,155.53
49,2026-10-03,16,164,112,30939.16,180.23
49,2026-10-03,17,597,182,59408.69,377.78
49,2026-10-03,18,337,342,112423.48,479.68
49,2026-10-03,19,96,268,85533.21,269.93
49,2026-10-03,20,51,116,34504.79,100.47
49,2026-10-03,21,0,52,16151.94,37.07
49,2026-10-04,9,478,60,20362.35,223.32
49,2026-10-04,10,148,231,76083.38,343.47
49,2026-10-04,11,150,179,62899.52,175.4
49,2026-10-04,12,608,180,64750.57,370.13
49,2026-10-04,13,129,311,101447.96,396.48
49,2026-10-04,14,133,185,55734.82,184.62
49,2026-10-04,15,152,103,30235.57,161.23
49,2026-10-04,16,140,114,38480.95,161.13
49,2026-10-04,17,611,173,58337.26,369.97
49,2026-10-04,18,292,308,99920.43,484.68
49,2026-10-04,19,103,252,82252.09,252.52
49,2026-10-04,20,54,106,34399.34,101.32
49,2026-10-04,21,0,58,15102.14,36.05
50,2026-09-28,9,365,50,14348.95,165.47
50,2026-09-28,10,106,168,55248.48,244.53
50,2026-09-28,11,117,118,37577.51,150.23
50,2026-09-28,12,435,143,45022.75,276.25
50,2026-09-28,13,113,206,65367.39,272.4
50,2026-09-28,14,106,138,48222.05,153.08
50,2026-09-28,15,104,80,27983.26,121.1
50,2026-09-28,16,109,86,28871.0,111.32
50,2026-09-28,17,451,117,37978.39,274.93
50,2026-09-28,18,223,224,74582.37,353.1
50,2026-09-28,19,56,207,64676.8,201.07
50,2026-09-28,20,51,80,24063.38,81.22
50,2026-09-28,21,0,39,10820.53,31.6
50,2026-09-29,9,369,66,22016.24,173.22
50,2026-09-29,10,91,142,43355.67,246.58
50,2026-09-29,11,130,126,37841.34,143.72
50,2026-09-29,12,452,131,42253.1,295.3
50,2026-09-29,13,87,205,66892.47,298.65
50,2026-09-29,14,114,135,43553.67,144.7
50,2026-09-29,15,118,83,26837.4,132.13
50,2026-09-29,16,110,92,29456.87,128.05
50,2026-09-29,17,513,148,50822.18,303.28
50,2026-09-29,18,250,253,81926.75,392.27
50,2026-09-29,19,68,217,68954.61,217.88
50,2026-09-29,20,35,92,28812.65,78.82
50,2026-09-29,21,0,38,11658.83,22.33
50,2026-09-30,9,372,45,16980.82,173.17
50,2026-09-30,10,134,178,56450.85,266.5
50,2026-09-30,11,144,154,48570.68,175.07
50,2026-09-30,12,566,196,57870.98,344.07
50,2026-09-30,13,150,272,84729.54,389.17
50,2026-09-30,14,139,176,55398.98,201.73
50,2026-09-30,15,162,111,35245.79,165.58
50,2026-09-30,16,124,119,37275.41,148.62
50,2026-09-30,17,570,163,52073.54,348.12
50,2026-09-30,18,292,293,93385.9,455.58
50,2026-09-30,19,75,254,75409.8,255.87
50,2026-09-30,20,42,104,35016.11,93.82
50,2026-09-30,21,0,45,15478.07,27.1
50,2026-10-01,9,372,47,12618.42,171.3
50,2026-10-01,10,132,164,53859.02,265.75
50,2026-10-01,11,128,157,47565.15,169.7
50,2026-10-01,12,527,169,56041.45,328.37
50,2026-10-01,13,124,237,78606.2,352.87
50,2026-10-01,14,142,181,60282.27,179.95
50,2026-10-01,15,147,117,35743.85,153.58
50,2026-10-01,16,139,104,29346.97,160.18
50,2026-10-01,17,592,155,50128.54,379.5
50,2026-10-01,18,284,305,100516.66,481.9
50,2026-10-01,19,78,259,86412.05,242.0
50,2026-10-01,20,56,89,25753.68,90.47
50,2026-10-01,21,0,55,17929.62,39.27
50,2026-10-02,9,517,62,20721.81,232.47
50,2026-10-02,10,155,230,68760.07,359.95
50,2026-10-02,11,175,202,62953.38,213.65
50,2026-10-02,12,628,169,55632.49,383.28
50,2026-10-02,13,154,308,98136.86,443.28
50,2026-10-02,14,169,214,66660.36,240.23
50,2026-10-02,15,173,128,39036.95,188.13
50,2026-10-02,16,167,122,37841.51,179.72
50,2026-10-02,17,647,174,50892.16,394.45
50,2026-10-02,18,342,349,110841.74,536.98
50,2026-10-02,19,110,294,96407.06,280.95
50,2026-10-02,20,62,123,42378.06,111.63
50,2026-10-02,21,0,58,18525.79,47.52
50,2026-10-03,9,462,71,20147.39,205.42
50,2026-10-03,10,133,217,65451.71,327.62
50,2026-10-03,11,154,167,53875.84,182.55
50,2026-10-03,12,610,175,58266.57,373.65
50,2026-10-03,13,147,280,88308.58,423.78
50,2026-10-03,14,173,225,69284.59,226.35
50,2026-10-03,15,147,129,38088.35,170.78
50,2026-10-03,16,157,102,38670.49,177.52
50,2026-10-03,17,613,196,61914.24,381.8
50,2026-10-03,18,303,328,105830.51,497.77
50,2026-10-03,19,98,278,91851.71,270.02
50,2026-10-03,20,58,113,38902.9,99.45
50,2026-10-03,21,0,54,16785.65,43.43
50,2026-10-04,9,399,50,16423.33,182.02
50,2026-10-04,10,150,187,66306.08,285.55
50,2026-10-04,11,135,160,54881.37,190.23
50,2026-10-04,12,570,170,52851.19,352.92
50,2026-10-04,13,110,267,84335.3,383.57
50,2026-10-04,14,160,193,55902.78,188.27
50,2026-10-04,15,135,100,33008.4,165.27
50,2026-10-04,16,120,89,28809.51,152.13
50,2026-10-04,17,553,167,52012.53,325.27
50,2026-10-04,18,288,300,94003.24,446.38
50,2026-10-04,19,67,245,83187.18,239.63
50,2026-10-04,20,47,94,31049.72,85.27
50,2026-10-04,21,0,43,12371.94,33.15
