tienda,fecha,hora,personas_requeridas,es_pico
1,2026-09-28,8,4,0
1,2026-09-28,9,13,0
1,2026-09-28,10,20,0
1,2026-09-28,11,12,0
1,2026-09-28,12,25,0
1,2026-09-28,13,28,1
1,2026-09-28,14,14,0
1,2026-09-28,15,12,0
1,2026-09-28,16,11,0
1,2026-09-28,17,26,1
1,2026-09-28,18,33,1
1,2026-09-28,19,18,0
1,2026-09-28,20,8,0
1,2026-09-28,21,4,0
1,2026-09-28,22,4,0
1,2026-09-29,8,4,0
1,2026-09-29,9,13,0
1,2026-09-29,10,21,0
1,2026-09-29,11,13,0
1,2026-09-29,12,24,1
1,2026-09-29,13,26,1
1,2026-09-29,14,14,0
1,2026-09-29,15,11,0
1,2026-09-29,16,10,0
1,2026-09-29,17,24,1
1,2026-09-29,18,31,1
1,2026-09-29,19,18,0
1,2026-09-29,20,7,0
1,2026-09-29,21,4,0
1,2026-09-29,22,4,0
1,2026-09-30,8,4,0
1,2026-09-30,9,14,0
1,2026-09-30,10,22,0
1,2026-09-30,11,13,0
1,2026-09-30,12,26,1
1,2026-09-30,13,29,1
1,2026-09-30,14,14,0
1,2026-09-30,15,11,0
1,2026-09-30,16,11,0
1,2026-09-30,17,25,0
1,2026-09-30,18,33,1
1,2026-09-30,19,19,0
1,2026-09-30,20,8,0
1,2026-09-30,21,4,0
1,2026-09-30,22,4,0
1,2026-10-01,8,4,0
1,2026-10-01,9,14,0
1,2026-10-01,10,20,0
1,2026-10-01,11,13,0
1,2026-10-01,12,26,1
1,2026-10-01,13,28,1
1,2026-10-01,14,14,0
1,2026-10-01,15,12,0
1,2026-10-01,16,11,0
1,2026-10-01,17,25,0
1,2026-10-01,18,33,1
1,2026-10-01,19,17,0
1,2026-10-01,20,7,0
1,2026-10-01,21,4,0
1,2026-10-01,22,4,0
1,2026-10-02,8,4,0
1,2026-10-02,9,17,0
1,2026-10-02,10,25,0
1,2026-10-02,11,16,0
1,2026-10-02,12,30,1
1,2026-10-02,13,33,1
1,2026-10-02,14,16,0
1,2026-10-02,15,14,0
1,2026-10-02,16,14,0
1,2026-10-02,17,30,1
1,2026-10-02,18,38,1
1,2026-10-02,19,22,0
1,2026-10-02,20,9,0
1,2026-10-02,21,4,0
1,2026-10-02,22,4,0
1,2026-10-03,8,4,0
1,2026-10-03,9,18,0
1,2026-10-03,10,28,0
1,2026-10-03,11,17,0
1,2026-10-03,12,32,1
1,2026-10-03,13,35,1
1,2026-10-03,14,18,0
1,2026-10-03,15,15,0
1,2026-10-03,16,15,0
1,2026-10-03,17,32,1
1,2026-10-03,18,41,1
1,2026-10-03,19,23,0
1,2026-10-03,20,9,0
1,2026-10-03,21,4,0
1,2026-10-03,22,4,0
1,2026-10-04,8,4,0
1,2026-10-04,9,17,0
1,2026-10-04,10,25,0
1,2026-10-04,11,15,0
1,2026-10-04,12,30,0
1,2026-10-04,13,33,1
1,2026-10-04,14,17,0
1,2026-10-04,15,13,0
1,2026-10-04,16,13,0
1,2026-10-04,17,31,1
1,2026-10-04,18,39,1
1,2026-10-04,19,22,0
1,2026-10-04,20,9,0
1,2026-10-04,21,4,0
1,2026-10-04,22,4,0
2,2026-09-28,8,4,0
2,2026-09-28,9,16,0
2,2026-09-28,10,24,0
2,2026-09-28,11,14,0
2,2026-09-28,12,26,0
2,2026-09-28,13,29,1
2,2026-09-28,14,15,0
2,2026-09-28,15,12,0
2,2026-09-28,16,12,0
2,2026-09-28,17,27,1
2,2026-09-28,18,36,1
2,2026-09-28,19,20,0
2,2026-09-28,20,8,0
2,2026-09-28,21,4,0
2,2026-09-28,22,4,0
2,2026-09-29,8,4,0
2,2026-09-29,9,14,0
2,2026-09-29,10,22,0
2,2026-09-29,11,14,0
2,2026-09-29,12,27,1
2,2026-09-29,13,29,1
2,2026-09-29,14,16,0
2,2026-09-29,15,12,0
2,2026-09-29,16,12,0
2,2026-09-29,17,27,1
2,2026-09-29,18,36,1
2,2026-09-29,19,20,0
2,2026-09-29,20,8,0
2,2026-09-29,21,4,0
2,2026-09-29,22,4,0
2,2026-09-30,8,4,0
2,2026-09-30,9,16,0
2,2026-09-30,10,24,0
2,2026-09-30,11,15,0
2,2026-09-30,12,28,0
2,2026-09-30,13,32,1
2,2026-09-30,14,16,0
2,2026-09-30,15,13,0
2,2026-09-30,16,13,0
2,2026-09-30,17,29,1
2,2026-09-30,18,36,1
2,2026-09-30,19,20,0
2,2026-09-30,20,8,0
2,2026-09-30,21,4,0
2,2026-09-30,22,4,0
2,2026-10-01,8,4,0
2,2026-10-01,9,15,0
2,2026-10-01,10,24,0
2,2026-10-01,11,14,0
2,2026-10-01,12,28,1
2,2026-10-01,13,31,1
2,2026-10-01,14,15,0
2,2026-10-01,15,12,0
2,2026-10-01,16,12,0
2,2026-10-01,17,28,1
2,2026-10-01,18,36,1
2,2026-10-01,19,19,0
2,2026-10-01,20,8,0
2,2026-10-01,21,4,0
2,2026-10-01,22,4,0
2,2026-10-02,8,4,0
2,2026-10-02,9,17,0
2,2026-10-02,10,26,0
2,2026-10-02,11,16,0
2,2026-10-02,12,31,1
2,2026-10-02,13,34,1
2,2026-10-02,14,17,0
2,2026-10-02,15,14,0
2,2026-10-02,16,13,0
2,2026-10-02,17,30,0
2,2026-10-02,18,41,1
2,2026-10-02,19,23,0
2,2026-10-02,20,9,0
2,2026-10-02,21,4,0
2,2026-10-02,22,4,0
2,2026-10-03,8,4,0
2,2026-10-03,9,19,0
2,2026-10-03,10,29,0
2,2026-10-03,11,18,0
2,2026-10-03,12,34,1
2,2026-10-03,13,38,1
2,2026-10-03,14,19,0
2,2026-10-03,15,16,0
2,2026-10-03,16,15,0
2,2026-10-03,17,33,0
2,2026-10-03,18,44,1
2,2026-10-03,19,24,0
2,2026-10-03,20,10,0
2,2026-10-03,21,4,0
2,2026-10-03,22,4,0
2,2026-10-04,8,4,0
2,2026-10-04,9,17,0
2,2026-10-04,10,27,0
2,2026-10-04,11,17,0
2,2026-10-04,12,31,0
2,2026-10-04,13,35,1
2,2026-10-04,14,18,0
2,2026-10-04,15,14,0
2,2026-10-04,16,15,0
2,2026-10-04,17,34,1
2,2026-10-04,18,42,1
2,2026-10-04,19,23,0
2,2026-10-04,20,9,0
2,2026-10-04,21,4,0
2,2026-10-04,22,4,0
3,2026-09-28,8,4,0
3,2026-09-28,9,15,0
3,2026-09-28,10,23,0
3,2026-09-28,11,13,0
3,2026-09-28,12,24,0
3,2026-09-28,13,30,1
3,2026-09-28,14,15,0
3,2026-09-28,15,12,0
3,2026-09-28,16,12,0
3,2026-09-28,17,28,1
3,2026-09-28,18,36,1
3,2026-09-28,19,19,0
3,2026-09-28,20,8,0
3,2026-09-28,21,4,0
3,2026-09-28,22,4,0
3,2026-09-29,8,4,0
3,2026-09-29,9,14,0
3,2026-09-29,10,22,0
3,2026-09-29,11,13,0
3,2026-09-29,12,25,1
3,2026-09-29,13,28,1
3,2026-09-29,14,15,0
3,2026-09-29,15,11,0
3,2026-09-29,16,11,0
3,2026-09-29,17,25,1
3,2026-09-29,18,34,1
3,2026-09-29,19,19,0
3,2026-09-29,20,8,0
3,2026-09-29,21,4,0
3,2026-09-29,22,4,0
3,2026-09-30,8,4,0
3,2026-09-30,9,15,0
3,2026-09-30,10,23,0
3,2026-09-30,11,13,0
3,2026-09-30,12,26,0
3,2026-09-30,13,30,1
3,2026-09-30,14,15,0
3,2026-09-30,15,12,0
3,2026-09-30,16,12,0
3,2026-09-30,17,27,1
3,2026-09-30,18,34,1
3,2026-09-30,19,19,0
3,2026-09-30,20,8,0
3,2026-09-30,21,4,0
3,2026-09-30,22,4,0
3,2026-10-01,8,4,0
3,2026-10-01,9,15,0
3,2026-10-01,10,23,0
3,2026-10-01,11,14,0
3,2026-10-01,12,26,0
3,2026-10-01,13,30,1
3,2026-10-01,14,15,0
3,2026-10-01,15,12,0
3,2026-10-01,16,12,0
3,2026-10-01,17,27,1
3,2026-10-01,18,34,1
3,2026-10-01,19,19,0
3,2026-10-01,20,8,0
3,2026-10-01,21,4,0
3,2026-10-01,22,4,0
3,2026-10-02,8,4,0
3,2026-10-02,9,17,0
3,2026-10-02,10,26,0
3,2026-10-02,11,16,0
3,2026-10-02,12,29,0
3,2026-10-02,13,32,1
3,2026-10-02,14,17,0
3,2026-10-02,15,13,0
3,2026-10-02,16,12,0
3,2026-10-02,17,30,1
3,2026-10-02,18,39,1
3,2026-10-02,19,22,0
3,2026-10-02,20,8,0
3,2026-10-02,21,4,0
3,2026-10-02,22,4,0
3,2026-10-03,8,4,0
3,2026-10-03,9,19,0
3,2026-10-03,10,29,0
3,2026-10-03,11,17,0
3,2026-10-03,12,33,0
3,2026-10-03,13,37,1
3,2026-10-03,14,18,0
3,2026-10-03,15,15,0
3,2026-10-03,16,15,0
3,2026-10-03,17,34,1
3,2026-10-03,18,44,1
3,2026-10-03,19,24,0
3,2026-10-03,20,10,0
3,2026-10-03,21,4,0
3,2026-10-03,22,4,0
3,2026-10-04,8,4,0
3,2026-10-04,9,17,0
3,2026-10-04,10,27,0
3,2026-10-04,11,16,0
3,2026-10-04,12,31,1
3,2026-10-04,13,35,1
3,2026-10-04,14,18,0
3,2026-10-04,15,13,0
3,2026-10-04,16,14,0
3,2026-10-04,17,31,1
3,2026-10-04,18,40,1
3,2026-10-04,19,22,0
3,2026-10-04,20,9,0
3,2026-10-04,21,4,0
3,2026-10-04,22,4,0
4,2026-09-28,8,4,0
4,2026-09-28,9,15,0
4,2026-09-28,10,22,0
4,2026-09-28,11,13,0
4,2026-09-28,12,26,1
4,2026-09-28,13,29,1
4,2026-09-28,14,14,0
4,2026-09-28,15,12,0
4,2026-09-28,16,12,0
4,2026-09-28,17,26,1
4,2026-09-28,18,33,1
4,2026-09-28,19,18,0
4,2026-09-28,20,8,0
4,2026-09-28,21,4,0
4,2026-09-28,22,4,0
4,2026-09-29,8,4,0
4,2026-09-29,9,14,0
4,2026-09-29,10,22,0
4,2026-09-29,11,14,0
4,2026-09-29,12,26,1
4,2026-09-29,13,29,1
4,2026-09-29,14,15,0
4,2026-09-29,15,12,0
4,2026-09-29,16,11,0
4,2026-09-29,17,26,1
4,2026-09-29,18,33,1
4,2026-09-29,19,18,0
4,2026-09-29,20,8,0
4,2026-09-29,21,4,0
4,2026-09-29,22,4,0
4,2026-09-30,8,4,0
4,2026-09-30,9,15,0
4,2026-09-30,10,23,0
4,2026-09-30,11,14,0
4,2026-09-30,12,27,1
4,2026-09-30,13,29,1
4,2026-09-30,14,15,0
4,2026-09-30,15,12,0
4,2026-09-30,16,12,0
4,2026-09-30,17,26,0
4,2026-09-30,18,34,1
4,2026-09-30,19,18,0
4,2026-09-30,20,8,0
4,2026-09-30,21,4,0
4,2026-09-30,22,4,0
4,2026-10-01,8,4,0
4,2026-10-01,9,14,0
4,2026-10-01,10,23,0
4,2026-10-01,11,13,0
4,2026-10-01,12,25,0
4,2026-10-01,13,29,1
4,2026-10-01,14,15,0
4,2026-10-01,15,12,0
4,2026-10-01,16,12,0
4,2026-10-01,17,26,1
4,2026-10-01,18,33,1
4,2026-10-01,19,19,0
4,2026-10-01,20,8,0
4,2026-10-01,21,4,0
4,2026-10-01,22,4,0
4,2026-10-02,8,4,0
4,2026-10-02,9,17,0
4,2026-10-02,10,25,0
4,2026-10-02,11,15,0
4,2026-10-02,12,28,0
4,2026-10-02,13,31,1
4,2026-10-02,14,15,0
4,2026-10-02,15,12,0
4,2026-10-02,16,13,0
4,2026-10-02,17,29,1
4,2026-10-02,18,37,1
4,2026-10-02,19,20,0
4,2026-10-02,20,8,0
4,2026-10-02,21,4,0
4,2026-10-02,22,4,0
4,2026-10-03,8,4,0
4,2026-10-03,9,19,0
4,2026-10-03,10,29,0
4,2026-10-03,11,18,0
4,2026-10-03,12,33,1
4,2026-10-03,13,37,1
4,2026-10-03,14,19,0
4,2026-10-03,15,15,0
4,2026-10-03,16,15,0
4,2026-10-03,17,33,1
4,2026-10-03,18,43,1
4,2026-10-03,19,24,0
4,2026-10-03,20,10,0
4,2026-10-03,21,4,0
4,2026-10-03,22,4,0
4,2026-10-04,8,4,0
4,2026-10-04,9,17,0
4,2026-10-04,10,26,0
4,2026-10-04,11,17,0
4,2026-10-04,12,31,1
4,2026-10-04,13,34,1
4,2026-10-04,14,17,0
4,2026-10-04,15,14,0
4,2026-10-04,16,14,0
4,2026-10-04,17,30,0
4,2026-10-04,18,39,1
4,2026-10-04,19,22,0
4,2026-10-04,20,9,0
4,2026-10-04,21,4,0
4,2026-10-04,22,4,0
5,2026-09-28,8,4,0
5,2026-09-28,9,15,0
5,2026-09-28,10,22,0
5,2026-09-28,11,14,0
5,2026-09-28,12,26,0
5,2026-09-28,13,29,1
5,2026-09-28,14,15,0
5,2026-09-28,15,13,0
5,2026-09-28,16,12,0
5,2026-09-28,17,27,1
5,2026-09-28,18,35,1
5,2026-09-28,19,19,0
5,2026-09-28,20,8,0
5,2026-09-28,21,4,0
5,2026-09-28,22,4,0
5,2026-09-29,8,4,0
5,2026-09-29,9,14,0
5,2026-09-29,10,22,0
5,2026-09-29,11,14,0
5,2026-09-29,12,24,0
5,2026-09-29,13,28,1
5,2026-09-29,14,14,0
5,2026-09-29,15,11,0
5,2026-09-29,16,12,0
5,2026-09-29,17,27,1
5,2026-09-29,18,34,1
5,2026-09-29,19,18,0
5,2026-09-29,20,7,0
5,2026-09-29,21,4,0
5,2026-09-29,22,4,0
5,2026-09-30,8,4,0
5,2026-09-30,9,15,0
5,2026-09-30,10,23,0
5,2026-09-30,11,15,0
5,2026-09-30,12,26,0
5,2026-09-30,13,30,1
5,2026-09-30,14,16,0
5,2026-09-30,15,13,0
5,2026-09-30,16,13,0
5,2026-09-30,17,27,1
5,2026-09-30,18,35,1
5,2026-09-30,19,19,0
5,2026-09-30,20,8,0
5,2026-09-30,21,4,0
5,2026-09-30,22,4,0
5,2026-10-01,8,4,0
5,2026-10-01,9,15,0
5,2026-10-01,10,22,0
5,2026-10-01,11,14,0
5,2026-10-01,12,25,0
5,2026-10-01,13,29,1
5,2026-10-01,14,16,0
5,2026-10-01,15,13,0
5,2026-10-01,16,12,0
5,2026-10-01,17,26,1
5,2026-10-01,18,34,1
5,2026-10-01,19,19,0
5,2026-10-01,20,8,0
5,2026-10-01,21,4,0
5,2026-10-01,22,4,0
5,2026-10-02,8,4,0
5,2026-10-02,9,16,0
5,2026-10-02,10,25,0
5,2026-10-02,11,15,0
5,2026-10-02,12,29,1
5,2026-10-02,13,33,1
5,2026-10-02,14,17,0
5,2026-10-02,15,14,0
5,2026-10-02,16,13,0
5,2026-10-02,17,29,1
5,2026-10-02,18,38,1
5,2026-10-02,19,21,0
5,2026-10-02,20,9,0
5,2026-10-02,21,4,0
5,2026-10-02,22,4,0
5,2026-10-03,8,4,0
5,2026-10-03,9,18,0
5,2026-10-03,10,29,0
5,2026-10-03,11,18,0
5,2026-10-03,12,34,1
5,2026-10-03,13,38,1
5,2026-10-03,14,19,0
5,2026-10-03,15,14,0
5,2026-10-03,16,15,0
5,2026-10-03,17,33,0
5,2026-10-03,18,43,1
5,2026-10-03,19,24,0
5,2026-10-03,20,10,0
5,2026-10-03,21,4,0
5,2026-10-03,22,4,0
5,2026-10-04,8,4,0
5,2026-10-04,9,17,0
5,2026-10-04,10,27,0
5,2026-10-04,11,16,0
5,2026-10-04,12,31,0
5,2026-10-04,13,35,1
5,2026-10-04,14,18,0
5,2026-10-04,15,14,0
5,2026-10-04,16,14,0
5,2026-10-04,17,32,1
5,2026-10-04,18,41,1
5,2026-10-04,19,23,0
5,2026-10-04,20,9,0
5,2026-10-04,21,4,0
5,2026-10-04,22,4,0
6,2026-09-28,8,4,0
6,2026-09-28,9,15,0
6,2026-09-28,10,23,0
6,2026-09-28,11,15,0
6,2026-09-28,12,28,0
6,2026-09-28,13,30,1
6,2026-09-28,14,15,0
6,2026-09-28,15,12,0
6,2026-09-28,16,13,0
6,2026-09-28,17,29,1
6,2026-09-28,18,37,1
6,2026-09-28,19,20,0
6,2026-09-28,20,8,0
6,2026-09-28,21,4,0
6,2026-09-28,22,4,0
6,2026-09-29,8,4,0
6,2026-09-29,9,16,0
6,2026-09-29,10,25,0
6,2026-09-29,11,15,0
6,2026-09-29,12,29,0
6,2026-09-29,13,32,1
6,2026-09-29,14,16,0
6,2026-09-29,15,13,0
6,2026-09-29,16,13,0
6,2026-09-29,17,30,1
6,2026-09-29,18,38,1
6,2026-09-29,19,20,0
6,2026-09-29,20,8,0
6,2026-09-29,21,4,0
6,2026-09-29,22,4,0
6,2026-09-30,8,4,0
6,2026-09-30,9,16,0
6,2026-09-30,10,24,0
6,2026-09-30,11,15,0
6,2026-09-30,12,29,0
6,2026-09-30,13,32,1
6,2026-09-30,14,16,0
6,2026-09-30,15,13,0
6,2026-09-30,16,13,0
6,2026-09-30,17,30,1
6,2026-09-30,18,38,1
6,2026-09-30,19,21,0
6,2026-09-30,20,8,0
6,2026-09-30,21,4,0
6,2026-09-30,22,4,0
6,2026-10-01,8,4,0
6,2026-10-01,9,17,0
6,2026-10-01,10,25,0
6,2026-10-01,11,15,0
6,2026-10-01,12,28,0
6,2026-10-01,13,31,1
6,2026-10-01,14,16,0
6,2026-10-01,15,13,0
6,2026-10-01,16,13,0
6,2026-10-01,17,29,1
6,2026-10-01,18,37,1
6,2026-10-01,19,20,0
6,2026-10-01,20,8,0
6,2026-10-01,21,4,0
6,2026-10-01,22,4,0
6,2026-10-02,8,4,0
6,2026-10-02,9,19,0
6,2026-10-02,10,30,0
6,2026-10-02,11,18,0
6,2026-10-02,12,33,0
6,2026-10-02,13,38,1
6,2026-10-02,14,19,0
6,2026-10-02,15,16,0
6,2026-10-02,16,15,0
6,2026-10-02,17,35,1
6,2026-10-02,18,46,1
6,2026-10-02,19,25,0
6,2026-10-02,20,10,0
6,2026-10-02,21,4,0
6,2026-10-02,22,4,0
6,2026-10-03,8,4,0
6,2026-10-03,9,19,0
6,2026-10-03,10,29,0
6,2026-10-03,11,19,0
6,2026-10-03,12,36,1
6,2026-10-03,13,40,1
6,2026-10-03,14,20,0
6,2026-10-03,15,17,0
6,2026-10-03,16,17,0
6,2026-10-03,17,36,1
6,2026-10-03,18,46,1
6,2026-10-03,19,26,0
6,2026-10-03,20,10,0
6,2026-10-03,21,4,0
6,2026-10-03,22,4,0
6,2026-10-04,8,4,0
6,2026-10-04,9,20,0
6,2026-10-04,10,30,0
6,2026-10-04,11,19,0
6,2026-10-04,12,35,1
6,2026-10-04,13,39,1
6,2026-10-04,14,19,0
6,2026-10-04,15,16,0
6,2026-10-04,16,17,0
6,2026-10-04,17,35,1
6,2026-10-04,18,46,1
6,2026-10-04,19,25,0
6,2026-10-04,20,11,0
6,2026-10-04,21,5,0
6,2026-10-04,22,4,0
7,2026-09-28,8,4,0
7,2026-09-28,9,17,0
7,2026-09-28,10,26,0
7,2026-09-28,11,16,0
7,2026-09-28,12,29,1
7,2026-09-28,13,32,1
7,2026-09-28,14,17,0
7,2026-09-28,15,13,0
7,2026-09-28,16,13,0
7,2026-09-28,17,29,1
7,2026-09-28,18,38,1
7,2026-09-28,19,21,0
7,2026-09-28,20,9,0
7,2026-09-28,21,4,0
7,2026-09-28,22,4,0
7,2026-09-29,8,4,0
7,2026-09-29,9,16,0
7,2026-09-29,10,24,0
7,2026-09-29,11,14,0
7,2026-09-29,12,26,0
7,2026-09-29,13,30,1
7,2026-09-29,14,15,0
7,2026-09-29,15,12,0
7,2026-09-29,16,12,0
7,2026-09-29,17,27,1
7,2026-09-29,18,36,1
7,2026-09-29,19,19,0
7,2026-09-29,20,8,0
7,2026-09-29,21,4,0
7,2026-09-29,22,4,0
7,2026-09-30,8,4,0
7,2026-09-30,9,17,0
7,2026-09-30,10,25,0
7,2026-09-30,11,15,0
7,2026-09-30,12,31,1
7,2026-09-30,13,33,1
7,2026-09-30,14,16,0
7,2026-09-30,15,13,0
7,2026-09-30,16,13,0
7,2026-09-30,17,30,0
7,2026-09-30,18,41,1
7,2026-09-30,19,22,0
7,2026-09-30,20,9,0
7,2026-09-30,21,4,0
7,2026-09-30,22,4,0
7,2026-10-01,8,4,0
7,2026-10-01,9,16,0
7,2026-10-01,10,24,0
7,2026-10-01,11,15,0
7,2026-10-01,12,28,0
7,2026-10-01,13,32,1
7,2026-10-01,14,17,0
7,2026-10-01,15,14,0
7,2026-10-01,16,14,0
7,2026-10-01,17,31,1
7,2026-10-01,18,39,1
7,2026-10-01,19,21,0
7,2026-10-01,20,8,0
7,2026-10-01,21,4,0
7,2026-10-01,22,4,0
7,2026-10-02,8,4,0
7,2026-10-02,9,18,0
7,2026-10-02,10,28,0
7,2026-10-02,11,17,0
7,2026-10-02,12,32,0
7,2026-10-02,13,35,1
7,2026-10-02,14,18,0
7,2026-10-02,15,15,0
7,2026-10-02,16,15,0
7,2026-10-02,17,33,1
7,2026-10-02,18,44,1
7,2026-10-02,19,24,0
7,2026-10-02,20,9,0
7,2026-10-02,21,4,0
7,2026-10-02,22,4,0
7,2026-10-03,8,4,0
7,2026-10-03,9,20,0
7,2026-10-03,10,30,0
7,2026-10-03,11,18,0
7,2026-10-03,12,36,1
7,2026-10-03,13,40,1
7,2026-10-03,14,21,0
7,2026-10-03,15,16,0
7,2026-10-03,16,15,0
7,2026-10-03,17,35,0
7,2026-10-03,18,47,1
7,2026-10-03,19,26,0
7,2026-10-03,20,11,0
7,2026-10-03,21,4,0
7,2026-10-03,22,4,0
7,2026-10-04,8,4,0
7,2026-10-04,9,19,0
7,2026-10-04,10,29,0
7,2026-10-04,11,18,0
7,2026-10-04,12,34,0
7,2026-10-04,13,38,1
7,2026-10-04,14,20,0
7,2026-10-04,15,16,0
7,2026-10-04,16,15,0
7,2026-10-04,17,35,1
7,2026-10-04,18,45,1
7,2026-10-04,19,24,0
7,2026-10-04,20,10,0
7,2026-10-04,21,4,0
7,2026-10-04,22,4,0
8,2026-09-28,8,4,0
8,2026-09-28,9,14,0
8,2026-09-28,10,22,0
8,2026-09-28,11,14,0
8,2026-09-28,12,25,0
8,2026-09-28,13,28,1
8,2026-09-28,14,14,0
8,2026-09-28,15,12,0
8,2026-09-28,16,12,0
8,2026-09-28,17,26,1
8,2026-09-28,18,34,1
8,2026-09-28,19,18,0
8,2026-09-28,20,7,0
8,2026-09-28,21,4,0
8,2026-09-28,22,4,0
8,2026-09-29,8,4,0
8,2026-09-29,9,15,0
8,2026-09-29,10,23,0
8,2026-09-29,11,14,0
8,2026-09-29,12,28,1
8,2026-09-29,13,29,1
8,2026-09-29,14,14,0
8,2026-09-29,15,12,0
8,2026-09-29,16,12,0
8,2026-09-29,17,26,0
8,2026-09-29,18,34,1
8,2026-09-29,19,19,0
8,2026-09-29,20,8,0
8,2026-09-29,21,4,0
8,2026-09-29,22,4,0
8,2026-09-30,8,4,0
8,2026-09-30,9,14,0
8,2026-09-30,10,23,0
8,2026-09-30,11,14,0
8,2026-09-30,12,26,0
8,2026-09-30,13,30,1
8,2026-09-30,14,15,0
8,2026-09-30,15,13,0
8,2026-09-30,16,12,0
8,2026-09-30,17,28,1
8,2026-09-30,18,36,1
8,2026-09-30,19,20,0
8,2026-09-30,20,7,0
8,2026-09-30,21,4,0
8,2026-09-30,22,4,0
8,2026-10-01,8,4,0
8,2026-10-01,9,16,0
8,2026-10-01,10,24,0
8,2026-10-01,11,14,0
8,2026-10-01,12,28,1
8,2026-10-01,13,31,1
8,2026-10-01,14,17,0
8,2026-10-01,15,13,0
8,2026-10-01,16,13,0
8,2026-10-01,17,28,1
8,2026-10-01,18,38,1
8,2026-10-01,19,20,0
8,2026-10-01,20,8,0
8,2026-10-01,21,4,0
8,2026-10-01,22,4,0
8,2026-10-02,8,4,0
8,2026-10-02,9,19,0
8,2026-10-02,10,28,0
8,2026-10-02,11,17,0
8,2026-10-02,12,32,1
8,2026-10-02,13,35,1
8,2026-10-02,14,18,0
8,2026-10-02,15,14,0
8,2026-10-02,16,14,0
8,2026-10-02,17,31,0
8,2026-10-02,18,42,1
8,2026-10-02,19,23,0
8,2026-10-02,20,9,0
8,2026-10-02,21,4,0
8,2026-10-02,22,4,0
8,2026-10-03,8,4,0
8,2026-10-03,9,19,0
8,2026-10-03,10,30,0
8,2026-10-03,11,19,0
8,2026-10-03,12,33,1
8,2026-10-03,13,37,1
8,2026-10-03,14,18,0
8,2026-10-03,15,15,0
8,2026-10-03,16,15,0
8,2026-10-03,17,33,1
8,2026-10-03,18,44,1
8,2026-10-03,19,25,0
8,2026-10-03,20,10,0
8,2026-10-03,21,4,0
8,2026-10-03,22,4,0
8,2026-10-04,8,4,0
8,2026-10-04,9,18,0
8,2026-10-04,10,28,0
8,2026-10-04,11,17,0
8,2026-10-04,12,31,0
8,2026-10-04,13,35,1
8,2026-10-04,14,18,0
8,2026-10-04,15,15,0
8,2026-10-04,16,14,0
8,2026-10-04,17,32,1
8,2026-10-04,18,42,1
8,2026-10-04,19,23,0
8,2026-10-04,20,9,0
8,2026-10-04,21,4,0
8,2026-10-04,22,4,0
9,2026-09-28,8,4,0
9,2026-09-28,9,14,0
9,2026-09-28,10,22,0
9,2026-09-28,11,13,0
9,2026-09-28,12,25,0
9,2026-09-28,13,28,1
9,2026-09-28,14,14,0
9,2026-09-28,15,11,0
9,2026-09-28,16,11,0
9,2026-09-28,17,26,1
9,2026-09-28,18,33,1
9,2026-09-28,19,18,0
9,2026-09-28,20,8,0
9,2026-09-28,21,4,0
9,2026-09-28,22,4,0
9,2026-09-29,8,4,0
9,2026-09-29,9,15,0
9,2026-09-29,10,22,0
9,2026-09-29,11,14,0
9,2026-09-29,12,27,1
9,2026-09-29,13,29,1
9,2026-09-29,14,15,0
9,2026-09-29,15,12,0
9,2026-09-29,16,12,0
9,2026-09-29,17,26,0
9,2026-09-29,18,33,1
9,2026-09-29,19,19,0
9,2026-09-29,20,8,0
9,2026-09-29,21,4,0
9,2026-09-29,22,4,0
9,2026-09-30,8,4,0
9,2026-09-30,9,14,0
9,2026-09-30,10,21,0
9,2026-09-30,11,14,0
9,2026-09-30,12,25,0
9,2026-09-30,13,28,1
9,2026-09-30,14,14,0
9,2026-09-30,15,12,0
9,2026-09-30,16,12,0
9,2026-09-30,17,26,1
9,2026-09-30,18,34,1
9,2026-09-30,19,19,0
9,2026-09-30,20,8,0
9,2026-09-30,21,4,0
9,2026-09-30,22,4,0
9,2026-10-01,8,4,0
9,2026-10-01,9,15,0
9,2026-10-01,10,23,0
9,2026-10-01,11,14,0
9,2026-10-01,12,27,1
9,2026-10-01,13,29,1
9,2026-10-01,14,14,0
9,2026-10-01,15,12,0
9,2026-10-01,16,12,0
9,2026-10-01,17,27,1
9,2026-10-01,18,37,1
9,2026-10-01,19,20,0
9,2026-10-01,20,8,0
9,2026-10-01,21,4,0
9,2026-10-01,22,4,0
9,2026-10-02,8,4,0
9,2026-10-02,9,17,0
9,2026-10-02,10,25,0
9,2026-10-02,11,15,0
9,2026-10-02,12,29,1
9,2026-10-02,13,31,1
9,2026-10-02,14,16,0
9,2026-10-02,15,13,0
9,2026-10-02,16,14,0
9,2026-10-02,17,29,1
9,2026-10-02,18,38,1
9,2026-10-02,19,22,0
9,2026-10-02,20,9,0
9,2026-10-02,21,4,0
9,2026-10-02,22,4,0
9,2026-10-03,8,4,0
9,2026-10-03,9,18,0
9,2026-10-03,10,29,0
9,2026-10-03,11,17,0
9,2026-10-03,12,33,0
9,2026-10-03,13,37,1
9,2026-10-03,14,18,0
9,2026-10-03,15,14,0
9,2026-10-03,16,14,0
9,2026-10-03,17,34,1
9,2026-10-03,18,44,1
9,2026-10-03,19,25,0
9,2026-10-03,20,10,0
9,2026-10-03,21,4,0
9,2026-10-03,22,4,0
9,2026-10-04,8,4,0
9,2026-10-04,9,18,0
9,2026-10-04,10,27,0
9,2026-10-04,11,16,0
9,2026-10-04,12,31,1
9,2026-10-04,13,35,1
9,2026-10-04,14,17,0
9,2026-10-04,15,14,0
9,2026-10-04,16,13,0
9,2026-10-04,17,31,1
9,2026-10-04,18,40,1
9,2026-10-04,19,22,0
9,2026-10-04,20,9,0
9,2026-10-04,21,4,0
9,2026-10-04,22,4,0
10,2026-09-28,8,4,0
10,2026-09-28,9,15,0
10,2026-09-28,10,22,0
10,2026-09-28,11,13,0
10,2026-09-28,12,26,1
10,2026-09-28,13,30,1
10,2026-09-28,14,15,0
10,2026-09-28,15,12,0
10,2026-09-28,16,12,0
10,2026-09-28,17,26,1
10,2026-09-28,18,33,1
10,2026-09-28,19,18,0
10,2026-09-28,20,8,0
10,2026-09-28,21,4,0
10,2026-09-28,22,4,0
10,2026-09-29,8,4,0
10,2026-09-29,9,15,0
10,2026-09-29,10,23,0
10,2026-09-29,11,14,0
10,2026-09-29,12,26,0
10,2026-09-29,13,30,1
10,2026-09-29,14,15,0
10,2026-09-29,15,13,0
10,2026-09-29,16,12,0
10,2026-09-29,17,27,1
10,2026-09-29,18,34,1
10,2026-09-29,19,18,0
10,2026-09-29,20,8,0
10,2026-09-29,21,4,0
10,2026-09-29,22,4,0
10,2026-09-30,8,4,0
10,2026-09-30,9,15,0
10,2026-09-30,10,23,0
10,2026-09-30,11,15,0
10,2026-09-30,12,27,1
10,2026-09-30,13,29,1
10,2026-09-30,14,15,0
10,2026-09-30,15,13,0
10,2026-09-30,16,13,0
10,2026-09-30,17,27,1
10,2026-09-30,18,34,1
10,2026-09-30,19,19,0
10,2026-09-30,20,8,0
10,2026-09-30,21,4,0
10,2026-09-30,22,4,0
10,2026-10-01,8,4,0
10,2026-10-01,9,15,0
10,2026-10-01,10,23,0
10,2026-10-01,11,14,0
10,2026-10-01,12,27,0
10,2026-10-01,13,32,1
10,2026-10-01,14,15,0
10,2026-10-01,15,12,0
10,2026-10-01,16,12,0
10,2026-10-01,17,28,1
10,2026-10-01,18,36,1
10,2026-10-01,19,21,0
10,2026-10-01,20,9,0
10,2026-10-01,21,4,0
10,2026-10-01,22,4,0
10,2026-10-02,8,4,0
10,2026-10-02,9,18,0
10,2026-10-02,10,28,0
10,2026-10-02,11,17,0
10,2026-10-02,12,33,1
10,2026-10-02,13,36,1
10,2026-10-02,14,18,0
10,2026-10-02,15,15,0
10,2026-10-02,16,15,0
10,2026-10-02,17,32,0
10,2026-10-02,18,42,1
10,2026-10-02,19,23,0
10,2026-10-02,20,9,0
10,2026-10-02,21,4,0
10,2026-10-02,22,4,0
10,2026-10-03,8,4,0
10,2026-10-03,9,20,0
10,2026-10-03,10,31,0
10,2026-10-03,11,18,0
10,2026-10-03,12,35,1
10,2026-10-03,13,39,1
10,2026-10-03,14,20,0
10,2026-10-03,15,15,0
10,2026-10-03,16,15,0
10,2026-10-03,17,34,0
10,2026-10-03,18,45,1
10,2026-10-03,19,25,0
10,2026-10-03,20,10,0
10,2026-10-03,21,4,0
10,2026-10-03,22,4,0
10,2026-10-04,8,4,0
10,2026-10-04,9,18,0
10,2026-10-04,10,28,0
10,2026-10-04,11,16,0
10,2026-10-04,12,31,1
10,2026-10-04,13,36,1
10,2026-10-04,14,18,0
10,2026-10-04,15,14,0
10,2026-10-04,16,14,0
10,2026-10-04,17,31,1
10,2026-10-04,18,42,1
10,2026-10-04,19,23,0
10,2026-10-04,20,9,0
10,2026-10-04,21,4,0
10,2026-10-04,22,4,0
11,2026-09-28,8,4,0
11,2026-09-28,9,14,0
11,2026-09-28,10,21,0
11,2026-09-28,11,13,0
11,2026-09-28,12,26,0
11,2026-09-28,13,28,1
11,2026-09-28,14,14,0
11,2026-09-28,15,12,0
11,2026-09-28,16,12,0
11,2026-09-28,17,27,1
11,2026-09-28,18,34,1
11,2026-09-28,19,18,0
11,2026-09-28,20,7,0
11,2026-09-28,21,4,0
11,2026-09-28,22,4,0
11,2026-09-29,8,4,0
11,2026-09-29,9,15,0
11,2026-09-29,10,23,0
11,2026-09-29,11,14,0
11,2026-09-29,12,25,0
11,2026-09-29,13,29,1
11,2026-09-29,14,14,0
11,2026-09-29,15,12,0
11,2026-09-29,16,12,0
11,2026-09-29,17,26,1
11,2026-09-29,18,34,1
11,2026-09-29,19,18,0
11,2026-09-29,20,8,0
11,2026-09-29,21,4,0
11,2026-09-29,22,4,0
11,2026-09-30,8,4,0
11,2026-09-30,9,14,0
11,2026-09-30,10,22,0
11,2026-09-30,11,14,0
11,2026-09-30,12,26,0
11,2026-09-30,13,30,1
11,2026-09-30,14,16,0
11,2026-09-30,15,13,0
11,2026-09-30,16,13,0
11,2026-09-30,17,27,1
11,2026-09-30,18,36,1
11,2026-09-30,19,19,0
11,2026-09-30,20,7,0
11,2026-09-30,21,4,0
11,2026-09-30,22,4,0
11,2026-10-01,8,4,0
11,2026-10-01,9,15,0
11,2026-10-01,10,23,0
11,2026-10-01,11,14,0
11,2026-10-01,12,28,1
11,2026-10-01,13,30,1
11,2026-10-01,14,15,0
11,2026-10-01,15,12,0
11,2026-10-01,16,13,0
11,2026-10-01,17,26,0
11,2026-10-01,18,34,1
11,2026-10-01,19,19,0
11,2026-10-01,20,7,0
11,2026-10-01,21,4,0
11,2026-10-01,22,4,0
11,2026-10-02,8,4,0
11,2026-10-02,9,18,0
11,2026-10-02,10,25,0
11,2026-10-02,11,15,0
11,2026-10-02,12,30,1
11,2026-10-02,13,35,1
11,2026-10-02,14,18,0
11,2026-10-02,15,13,0
11,2026-10-02,16,14,0
11,2026-10-02,17,30,1
11,2026-10-02,18,39,1
11,2026-10-02,19,22,0
11,2026-10-02,20,9,0
11,2026-10-02,21,4,0
11,2026-10-02,22,4,0
11,2026-10-03,8,4,0
11,2026-10-03,9,19,0
11,2026-10-03,10,29,0
11,2026-10-03,11,18,0
11,2026-10-03,12,34,1
11,2026-10-03,13,37,1
11,2026-10-03,14,18,0
11,2026-10-03,15,15,0
11,2026-10-03,16,14,0
11,2026-10-03,17,34,1
11,2026-10-03,18,44,1
11,2026-10-03,19,24,0
11,2026-10-03,20,10,0
11,2026-10-03,21,5,0
11,2026-10-03,22,4,0
11,2026-10-04,8,4,0
11,2026-10-04,9,17,0
11,2026-10-04,10,25,0
11,2026-10-04,11,15,0
11,2026-10-04,12,29,0
11,2026-10-04,13,33,1
11,2026-10-04,14,17,0
11,2026-10-04,15,14,0
11,2026-10-04,16,13,0
11,2026-10-04,17,30,1
11,2026-10-04,18,38,1
11,2026-10-04,19,21,0
11,2026-10-04,20,9,0
11,2026-10-04,21,4,0
11,2026-10-04,22,4,0
12,2026-09-28,8,4,0
12,2026-09-28,9,18,0
12,2026-09-28,10,27,0
12,2026-09-28,11,17,0
12,2026-09-28,12,30,1
12,2026-09-28,13,32,1
12,2026-09-28,14,17,0
12,2026-09-28,15,14,0
12,2026-09-28,16,14,0
12,2026-09-28,17,30,1
12,2026-09-28,18,38,1
12,2026-09-28,19,21,0
12,2026-09-28,20,9,0
12,2026-09-28,21,4,0
12,2026-09-28,22,4,0
12,2026-09-29,8,4,0
12,2026-09-29,9,18,0
12,2026-09-29,10,26,0
12,2026-09-29,11,16,0
12,2026-09-29,12,30,0
12,2026-09-29,13,34,1
12,2026-09-29,14,18,0
12,2026-09-29,15,15,0
12,2026-09-29,16,14,0
12,2026-09-29,17,31,1
12,2026-09-29,18,41,1
12,2026-09-29,19,22,0
12,2026-09-29,20,9,0
12,2026-09-29,21,4,0
12,2026-09-29,22,4,0
12,2026-09-30,8,4,0
12,2026-09-30,9,17,0
12,2026-09-30,10,27,0
12,2026-09-30,11,17,0
12,2026-09-30,12,31,0
12,2026-09-30,13,36,1
12,2026-09-30,14,18,0
12,2026-09-30,15,14,0
12,2026-09-30,16,15,0
12,2026-09-30,17,32,1
12,2026-09-30,18,42,1
12,2026-09-30,19,23,0
12,2026-09-30,20,9,0
12,2026-09-30,21,4,0
12,2026-09-30,22,4,0
12,2026-10-01,8,4,0
12,2026-10-01,9,19,0
12,2026-10-01,10,29,0
12,2026-10-01,11,19,0
12,2026-10-01,12,36,1
12,2026-10-01,13,39,1
12,2026-10-01,14,19,0
12,2026-10-01,15,16,0
12,2026-10-01,16,15,0
12,2026-10-01,17,35,0
12,2026-10-01,18,45,1
12,2026-10-01,19,25,0
12,2026-10-01,20,10,0
12,2026-10-01,21,4,0
12,2026-10-01,22,4,0
12,2026-10-02,8,4,0
12,2026-10-02,9,20,0
12,2026-10-02,10,30,0
12,2026-10-02,11,18,0
12,2026-10-02,12,36,1
12,2026-10-02,13,40,1
12,2026-10-02,14,20,0
12,2026-10-02,15,16,0
12,2026-10-02,16,16,0
12,2026-10-02,17,36,1
12,2026-10-02,18,47,1
12,2026-10-02,19,26,0
12,2026-10-02,20,11,0
12,2026-10-02,21,4,0
12,2026-10-02,22,4,0
12,2026-10-03,8,4,0
12,2026-10-03,9,23,0
12,2026-10-03,10,36,0
12,2026-10-03,11,21,0
12,2026-10-03,12,40,1
12,2026-10-03,13,44,1
12,2026-10-03,14,23,0
12,2026-10-03,15,19,0
12,2026-10-03,16,18,0
12,2026-10-03,17,40,1
12,2026-10-03,18,53,1
12,2026-10-03,19,29,0
12,2026-10-03,20,12,0
12,2026-10-03,21,5,0
12,2026-10-03,22,4,0
12,2026-10-04,8,4,0
12,2026-10-04,9,19,0
12,2026-10-04,10,30,0
12,2026-10-04,11,18,0
12,2026-10-04,12,35,1
12,2026-10-04,13,40,1
12,2026-10-04,14,21,0
12,2026-10-04,15,16,0
12,2026-10-04,16,16,0
12,2026-10-04,17,35,1
12,2026-10-04,18,47,1
12,2026-10-04,19,26,0
12,2026-10-04,20,10,0
12,2026-10-04,21,4,0
12,2026-10-04,22,4,0
13,2026-09-28,8,4,0
13,2026-09-28,9,14,0
13,2026-09-28,10,21,0
13,2026-09-28,11,13,0
13,2026-09-28,12,26,1
13,2026-09-28,13,28,1
13,2026-09-28,14,14,0
13,2026-09-28,15,12,0
13,2026-09-28,16,12,0
13,2026-09-28,17,26,1
13,2026-09-28,18,34,1
13,2026-09-28,19,18,0
13,2026-09-28,20,8,0
13,2026-09-28,21,4,0
13,2026-09-28,22,4,0
13,2026-09-29,8,4,0
13,2026-09-29,9,15,0
13,2026-09-29,10,23,0
13,2026-09-29,11,14,0
13,2026-09-29,12,27,1
13,2026-09-29,13,30,1
13,2026-09-29,14,16,0
13,2026-09-29,15,13,0
13,2026-09-29,16,12,0
13,2026-09-29,17,27,1
13,2026-09-29,18,35,1
13,2026-09-29,19,19,0
13,2026-09-29,20,8,0
13,2026-09-29,21,4,0
13,2026-09-29,22,4,0
13,2026-09-30,8,4,0
13,2026-09-30,9,15,0
13,2026-09-30,10,22,0
13,2026-09-30,11,13,0
13,2026-09-30,12,26,0
13,2026-09-30,13,29,1
13,2026-09-30,14,15,0
13,2026-09-30,15,12,0
13,2026-09-30,16,14,0
13,2026-09-30,17,27,1
13,2026-09-30,18,35,1
13,2026-09-30,19,20,0
13,2026-09-30,20,9,0
13,2026-09-30,21,4,0
13,2026-09-30,22,4,0
13,2026-10-01,8,4,0
13,2026-10-01,9,17,0
13,2026-10-01,10,24,0
13,2026-10-01,11,14,0
13,2026-10-01,12,28,0
13,2026-10-01,13,32,1
13,2026-10-01,14,16,0
13,2026-10-01,15,12,0
13,2026-10-01,16,12,0
13,2026-10-01,17,29,1
13,2026-10-01,18,38,1
13,2026-10-01,19,21,0
13,2026-10-01,20,9,0
13,2026-10-01,21,4,0
13,2026-10-01,22,4,0
13,2026-10-02,8,4,0
13,2026-10-02,9,17,0
13,2026-10-02,10,27,0
13,2026-10-02,11,17,0
13,2026-10-02,12,31,0
13,2026-10-02,13,35,1
13,2026-10-02,14,18,0
13,2026-10-02,15,14,0
13,2026-10-02,16,14,0
13,2026-10-02,17,32,1
13,2026-10-02,18,42,1
13,2026-10-02,19,23,0
13,2026-10-02,20,9,0
13,2026-10-02,21,4,0
13,2026-10-02,22,4,0
13,2026-10-03,8,4,0
13,2026-10-03,9,19,0
13,2026-10-03,10,28,0
13,2026-10-03,11,17,0
13,2026-10-03,12,35,1
13,2026-10-03,13,39,1
13,2026-10-03,14,19,0
13,2026-10-03,15,16,0
13,2026-10-03,16,16,0
13,2026-10-03,17,33,0
13,2026-10-03,18,43,1
13,2026-10-03,19,24,0
13,2026-10-03,20,11,0
13,2026-10-03,21,4,0
13,2026-10-03,22,4,0
13,2026-10-04,8,4,0
13,2026-10-04,9,17,0
13,2026-10-04,10,26,0
13,2026-10-04,11,17,0
13,2026-10-04,12,32,0
13,2026-10-04,13,35,1
13,2026-10-04,14,18,0
13,2026-10-04,15,15,0
13,2026-10-04,16,15,0
13,2026-10-04,17,34,1
13,2026-10-04,18,43,1
13,2026-10-04,19,24,0
13,2026-10-04,20,10,0
13,2026-10-04,21,4,0
13,2026-10-04,22,4,0
14,2026-09-28,8,4,0
14,2026-09-28,9,15,0
14,2026-09-28,10,22,0
14,2026-09-28,11,13,0
14,2026-09-28,12,27,1
14,2026-09-28,13,29,1
14,2026-09-28,14,15,0
14,2026-09-28,15,12,0
14,2026-09-28,16,12,0
14,2026-09-28,17,26,0
14,2026-09-28,18,34,1
14,2026-09-28,19,18,0
14,2026-09-28,20,7,0
14,2026-09-28,21,4,0
14,2026-09-28,22,4,0
14,2026-09-29,8,4,0
14,2026-09-29,9,15,0
14,2026-09-29,10,23,0
14,2026-09-29,11,14,0
14,2026-09-29,12,26,0
14,2026-09-29,13,29,1
14,2026-09-29,14,15,0
14,2026-09-29,15,12,0
14,2026-09-29,16,11,0
14,2026-09-29,17,27,1
14,2026-09-29,18,35,1
14,2026-09-29,19,19,0
14,2026-09-29,20,7,0
14,2026-09-29,21,4,0
14,2026-09-29,22,4,0
14,2026-09-30,8,4,0
14,2026-09-30,9,16,0
14,2026-09-30,10,25,0
14,2026-09-30,11,15,0
14,2026-09-30,12,28,0
14,2026-09-30,13,29,1
14,2026-09-30,14,14,0
14,2026-09-30,15,11,0
14,2026-09-30,16,12,0
14,2026-09-30,17,29,1
14,2026-09-30,18,36,1
14,2026-09-30,19,19,0
14,2026-09-30,20,8,0
14,2026-09-30,21,4,0
14,2026-09-30,22,4,0
14,2026-10-01,8,4,0
14,2026-10-01,9,15,0
14,2026-10-01,10,23,0
14,2026-10-01,11,15,0
14,2026-10-01,12,27,0
14,2026-10-01,13,31,1
14,2026-10-01,14,16,0
14,2026-10-01,15,12,0
14,2026-10-01,16,13,0
14,2026-10-01,17,28,1
14,2026-10-01,18,36,1
14,2026-10-01,19,20,0
14,2026-10-01,20,9,0
14,2026-10-01,21,4,0
14,2026-10-01,22,4,0
14,2026-10-02,8,4,0
14,2026-10-02,9,17,0
14,2026-10-02,10,25,0
14,2026-10-02,11,15,0
14,2026-10-02,12,29,1
14,2026-10-02,13,33,1
14,2026-10-02,14,17,0
14,2026-10-02,15,13,0
14,2026-10-02,16,13,0
14,2026-10-02,17,29,1
14,2026-10-02,18,37,1
14,2026-10-02,19,21,0
14,2026-10-02,20,8,0
14,2026-10-02,21,4,0
14,2026-10-02,22,4,0
14,2026-10-03,8,4,0
14,2026-10-03,9,20,0
14,2026-10-03,10,31,0
14,2026-10-03,11,18,0
14,2026-10-03,12,35,0
14,2026-10-03,13,39,1
14,2026-10-03,14,20,0
14,2026-10-03,15,17,0
14,2026-10-03,16,16,0
14,2026-10-03,17,36,1
14,2026-10-03,18,47,1
14,2026-10-03,19,26,0
14,2026-10-03,20,10,0
14,2026-10-03,21,4,0
14,2026-10-03,22,4,0
14,2026-10-04,8,4,0
14,2026-10-04,9,19,0
14,2026-10-04,10,30,0
14,2026-10-04,11,19,0
14,2026-10-04,12,35,1
14,2026-10-04,13,39,1
14,2026-10-04,14,20,0
14,2026-10-04,15,16,0
14,2026-10-04,16,15,0
14,2026-10-04,17,34,0
14,2026-10-04,18,46,1
14,2026-10-04,19,25,0
14,2026-10-04,20,10,0
14,2026-10-04,21,5,0
14,2026-10-04,22,4,0
15,2026-09-28,8,4,0
15,2026-09-28,9,12,0
15,2026-09-28,10,19,0
15,2026-09-28,11,12,0
15,2026-09-28,12,23,0
15,2026-09-28,13,25,1
15,2026-09-28,14,13,0
15,2026-09-28,15,10,0
15,2026-09-28,16,10,0
15,2026-09-28,17,24,1
15,2026-09-28,18,31,1
15,2026-09-28,19,17,0
15,2026-09-28,20,7,0
15,2026-09-28,21,4,0
15,2026-09-28,22,4,0
15,2026-09-29,8,4,0
15,2026-09-29,9,13,0
15,2026-09-29,10,20,0
15,2026-09-29,11,13,0
15,2026-09-29,12,24,1
15,2026-09-29,13,26,1
15,2026-09-29,14,13,0
15,2026-09-29,15,11,0
15,2026-09-29,16,11,0
15,2026-09-29,17,24,1
15,2026-09-29,18,31,1
15,2026-09-29,19,16,0
15,2026-09-29,20,7,0
15,2026-09-29,21,4,0
15,2026-09-29,22,4,0
15,2026-09-30,8,4,0
15,2026-09-30,9,15,0
15,2026-09-30,10,22,0
15,2026-09-30,11,14,0
15,2026-09-30,12,26,1
15,2026-09-30,13,29,1
15,2026-09-30,14,15,0
15,2026-09-30,15,12,0
15,2026-09-30,16,11,0
15,2026-09-30,17,26,1
15,2026-09-30,18,35,1
15,2026-09-30,19,19,0
15,2026-09-30,20,8,0
15,2026-09-30,21,4,0
15,2026-09-30,22,4,0
15,2026-10-01,8,4,0
15,2026-10-01,9,15,0
15,2026-10-01,10,21,0
15,2026-10-01,11,13,0
15,2026-10-01,12,25,1
15,2026-10-01,13,28,1
15,2026-10-01,14,15,0
15,2026-10-01,15,12,0
15,2026-10-01,16,11,0
15,2026-10-01,17,25,1
15,2026-10-01,18,32,1
15,2026-10-01,19,18,0
15,2026-10-01,20,7,0
15,2026-10-01,21,4,0
15,2026-10-01,22,4,0
15,2026-10-02,8,4,0
15,2026-10-02,9,15,0
15,2026-10-02,10,24,0
15,2026-10-02,11,15,0
15,2026-10-02,12,28,0
15,2026-10-02,13,30,1
15,2026-10-02,14,15,0
15,2026-10-02,15,12,0
15,2026-10-02,16,12,0
15,2026-10-02,17,29,1
15,2026-10-02,18,38,1
15,2026-10-02,19,22,0
15,2026-10-02,20,8,0
15,2026-10-02,21,4,0
15,2026-10-02,22,4,0
15,2026-10-03,8,4,0
15,2026-10-03,9,17,0
15,2026-10-03,10,26,0
15,2026-10-03,11,17,0
15,2026-10-03,12,31,0
15,2026-10-03,13,35,1
15,2026-10-03,14,18,0
15,2026-10-03,15,15,0
15,2026-10-03,16,15,0
15,2026-10-03,17,34,1
15,2026-10-03,18,43,1
15,2026-10-03,19,23,0
15,2026-10-03,20,10,0
15,2026-10-03,21,5,0
15,2026-10-03,22,4,0
15,2026-10-04,8,4,0
15,2026-10-04,9,16,0
15,2026-10-04,10,25,0
15,2026-10-04,11,16,0
15,2026-10-04,12,30,0
15,2026-10-04,13,33,1
15,2026-10-04,14,16,0
15,2026-10-04,15,14,0
15,2026-10-04,16,13,0
15,2026-10-04,17,31,1
15,2026-10-04,18,40,1
15,2026-10-04,19,22,0
15,2026-10-04,20,9,0
15,2026-10-04,21,4,0
15,2026-10-04,22,4,0
16,2026-09-28,8,4,0
16,2026-09-28,9,17,0
16,2026-09-28,10,25,0
16,2026-09-28,11,14,0
16,2026-09-28,12,28,0
16,2026-09-28,13,32,1
16,2026-09-28,14,17,0
16,2026-09-28,15,13,0
16,2026-09-28,16,13,0
16,2026-09-28,17,30,1
16,2026-09-28,18,38,1
16,2026-09-28,19,21,0
16,2026-09-28,20,9,0
16,2026-09-28,21,4,0
16,2026-09-28,22,4,0
16,2026-09-29,8,4,0
16,2026-09-29,9,17,0
16,2026-09-29,10,25,0
16,2026-09-29,11,15,0
16,2026-09-29,12,29,0
16,2026-09-29,13,33,1
16,2026-09-29,14,17,0
16,2026-09-29,15,14,0
16,2026-09-29,16,13,0
16,2026-09-29,17,30,1
16,2026-09-29,18,40,1
16,2026-09-29,19,22,0
16,2026-09-29,20,9,0
16,2026-09-29,21,4,0
16,2026-09-29,22,4,0
16,2026-09-30,8,4,0
16,2026-09-30,9,16,0
16,2026-09-30,10,26,0
16,2026-09-30,11,17,0
16,2026-09-30,12,31,1
16,2026-09-30,13,34,1
16,2026-09-30,14,17,0
16,2026-09-30,15,14,0
16,2026-09-30,16,14,0
16,2026-09-30,17,31,1
16,2026-09-30,18,40,1
16,2026-09-30,19,23,0
16,2026-09-30,20,9,0
16,2026-09-30,21,4,0
16,2026-09-30,22,4,0
16,2026-10-01,8,4,0
16,2026-10-01,9,19,0
16,2026-10-01,10,28,0
16,2026-10-01,11,17,0
16,2026-10-01,12,33,0
16,2026-10-01,13,37,1
16,2026-10-01,14,18,0
16,2026-10-01,15,15,0
16,2026-10-01,16,15,0
16,2026-10-01,17,34,1
16,2026-10-01,18,44,1
16,2026-10-01,19,24,0
16,2026-10-01,20,10,0
16,2026-10-01,21,4,0
16,2026-10-01,22,4,0
16,2026-10-02,8,4,0
16,2026-10-02,9,19,0
16,2026-10-02,10,29,0
16,2026-10-02,11,17,0
16,2026-10-02,12,34,0
16,2026-10-02,13,37,1
16,2026-10-02,14,19,0
16,2026-10-02,15,16,0
16,2026-10-02,16,16,0
16,2026-10-02,17,35,1
16,2026-10-02,18,45,1
16,2026-10-02,19,24,0
16,2026-10-02,20,10,0
16,2026-10-02,21,4,0
16,2026-10-02,22,4,0
16,2026-10-03,8,4,0
16,2026-10-03,9,22,0
16,2026-10-03,10,34,0
16,2026-10-03,11,21,0
16,2026-10-03,12,40,1
16,2026-10-03,13,44,1
16,2026-10-03,14,22,0
16,2026-10-03,15,18,0
16,2026-10-03,16,18,0
16,2026-10-03,17,39,0
16,2026-10-03,18,51,1
16,2026-10-03,19,28,0
16,2026-10-03,20,11,0
16,2026-10-03,21,5,0
16,2026-10-03,22,4,0
16,2026-10-04,8,4,0
16,2026-10-04,9,20,0
16,2026-10-04,10,31,0
16,2026-10-04,11,19,0
16,2026-10-04,12,35,1
16,2026-10-04,13,39,1
16,2026-10-04,14,20,0
16,2026-10-04,15,17,0
16,2026-10-04,16,17,0
16,2026-10-04,17,35,1
16,2026-10-04,18,46,1
16,2026-10-04,19,26,0
16,2026-10-04,20,11,0
16,2026-10-04,21,5,0
16,2026-10-04,22,4,0
17,2026-09-28,8,4,0
17,2026-09-28,9,14,0
17,2026-09-28,10,21,0
17,2026-09-28,11,13,0
17,2026-09-28,12,27,1
17,2026-09-28,13,29,1
17,2026-09-28,14,15,0
17,2026-09-28,15,12,0
17,2026-09-28,16,11,0
17,2026-09-28,17,25,0
17,2026-09-28,18,34,1
17,2026-09-28,19,19,0
17,2026-09-28,20,8,0
17,2026-09-28,21,4,0
17,2026-09-28,22,4,0
17,2026-09-29,8,4,0
17,2026-09-29,9,15,0
17,2026-09-29,10,22,0
17,2026-09-29,11,13,0
17,2026-09-29,12,26,0
17,2026-09-29,13,29,1
17,2026-09-29,14,15,0
17,2026-09-29,15,13,0
17,2026-09-29,16,12,0
17,2026-09-29,17,27,1
17,2026-09-29,18,34,1
17,2026-09-29,19,19,0
17,2026-09-29,20,8,0
17,2026-09-29,21,4,0
17,2026-09-29,22,4,0
17,2026-09-30,8,4,0
17,2026-09-30,9,15,0
17,2026-09-30,10,23,0
17,2026-09-30,11,13,0
17,2026-09-30,12,26,1
17,2026-09-30,13,30,1
17,2026-09-30,14,15,0
17,2026-09-30,15,12,0
17,2026-09-30,16,12,0
17,2026-09-30,17,25,0
17,2026-09-30,18,33,1
17,2026-09-30,19,19,0
17,2026-09-30,20,8,0
17,2026-09-30,21,4,0
17,2026-09-30,22,4,0
17,2026-10-01,8,4,0
17,2026-10-01,9,15,0
17,2026-10-01,10,23,0
17,2026-10-01,11,14,0
17,2026-10-01,12,26,0
17,2026-10-01,13,30,1
17,2026-10-01,14,16,0
17,2026-10-01,15,12,0
17,2026-10-01,16,12,0
17,2026-10-01,17,28,1
17,2026-10-01,18,37,1
17,2026-10-01,19,20,0
17,2026-10-01,20,8,0
17,2026-10-01,21,4,0
17,2026-10-01,22,4,0
17,2026-10-02,8,4,0
17,2026-10-02,9,16,0
17,2026-10-02,10,26,0
17,2026-10-02,11,15,0
17,2026-10-02,12,29,0
17,2026-10-02,13,32,1
17,2026-10-02,14,16,0
17,2026-10-02,15,13,0
17,2026-10-02,16,13,0
17,2026-10-02,17,31,1
17,2026-10-02,18,40,1
17,2026-10-02,19,22,0
17,2026-10-02,20,9,0
17,2026-10-02,21,4,0
17,2026-10-02,22,4,0
17,2026-10-03,8,4,0
17,2026-10-03,9,19,0
17,2026-10-03,10,28,0
17,2026-10-03,11,17,0
17,2026-10-03,12,33,0
17,2026-10-03,13,37,1
17,2026-10-03,14,18,0
17,2026-10-03,15,15,0
17,2026-10-03,16,15,0
17,2026-10-03,17,34,1
17,2026-10-03,18,44,1
17,2026-10-03,19,25,0
17,2026-10-03,20,10,0
17,2026-10-03,21,4,0
17,2026-10-03,22,4,0
17,2026-10-04,8,4,0
17,2026-10-04,9,18,0
17,2026-10-04,10,27,0
17,2026-10-04,11,16,0
17,2026-10-04,12,30,0
17,2026-10-04,13,34,1
17,2026-10-04,14,18,0
17,2026-10-04,15,14,0
17,2026-10-04,16,14,0
17,2026-10-04,17,31,1
17,2026-10-04,18,41,1
17,2026-10-04,19,22,0
17,2026-10-04,20,9,0
17,2026-10-04,21,4,0
17,2026-10-04,22,4,0
18,2026-09-28,8,4,0
18,2026-09-28,9,14,0
18,2026-09-28,10,20,0
18,2026-09-28,11,13,0
18,2026-09-28,12,24,0
18,2026-09-28,13,27,1
18,2026-09-28,14,13,0
18,2026-09-28,15,11,0
18,2026-09-28,16,11,0
18,2026-09-28,17,25,1
18,2026-09-28,18,33,1
18,2026-09-28,19,18,0
18,2026-09-28,20,8,0
18,2026-09-28,21,4,0
18,2026-09-28,22,4,0
18,2026-09-29,8,4,0
18,2026-09-29,9,14,0
18,2026-09-29,10,20,0
18,2026-09-29,11,13,0
18,2026-09-29,12,23,0
18,2026-09-29,13,26,1
18,2026-09-29,14,13,0
18,2026-09-29,15,11,0
18,2026-09-29,16,10,0
18,2026-09-29,17,24,1
18,2026-09-29,18,30,1
18,2026-09-29,19,17,0
18,2026-09-29,20,7,0
18,2026-09-29,21,4,0
18,2026-09-29,22,4,0
18,2026-09-30,8,4,0
18,2026-09-30,9,14,0
18,2026-09-30,10,22,0
18,2026-09-30,11,14,0
18,2026-09-30,12,25,0
18,2026-09-30,13,28,1
18,2026-09-30,14,14,0
18,2026-09-30,15,12,0
18,2026-09-30,16,12,0
18,2026-09-30,17,26,1
18,2026-09-30,18,34,1
18,2026-09-30,19,19,0
18,2026-09-30,20,7,0
18,2026-09-30,21,4,0
18,2026-09-30,22,4,0
18,2026-10-01,8,4,0
18,2026-10-01,9,15,0
18,2026-10-01,10,23,0
18,2026-10-01,11,13,0
18,2026-10-01,12,26,1
18,2026-10-01,13,30,1
18,2026-10-01,14,15,0
18,2026-10-01,15,12,0
18,2026-10-01,16,12,0
18,2026-10-01,17,26,1
18,2026-10-01,18,34,1
18,2026-10-01,19,19,0
18,2026-10-01,20,8,0
18,2026-10-01,21,4,0
18,2026-10-01,22,4,0
18,2026-10-02,8,4,0
18,2026-10-02,9,16,0
18,2026-10-02,10,24,0
18,2026-10-02,11,15,0
18,2026-10-02,12,30,1
18,2026-10-02,13,32,1
18,2026-10-02,14,16,0
18,2026-10-02,15,12,0
18,2026-10-02,16,13,0
18,2026-10-02,17,29,0
18,2026-10-02,18,38,1
18,2026-10-02,19,21,0
18,2026-10-02,20,8,0
18,2026-10-02,21,4,0
18,2026-10-02,22,4,0
18,2026-10-03,8,4,0
18,2026-10-03,9,19,0
18,2026-10-03,10,28,0
18,2026-10-03,11,16,0
18,2026-10-03,12,33,1
18,2026-10-03,13,36,1
18,2026-10-03,14,18,0
18,2026-10-03,15,15,0
18,2026-10-03,16,16,0
18,2026-10-03,17,33,1
18,2026-10-03,18,42,1
18,2026-10-03,19,24,0
18,2026-10-03,20,10,0
18,2026-10-03,21,4,0
18,2026-10-03,22,4,0
18,2026-10-04,8,4,0
18,2026-10-04,9,16,0
18,2026-10-04,10,25,0
18,2026-10-04,11,15,0
18,2026-10-04,12,29,1
18,2026-10-04,13,32,1
18,2026-10-04,14,16,0
18,2026-10-04,15,13,0
18,2026-10-04,16,13,0
18,2026-10-04,17,29,1
18,2026-10-04,18,37,1
18,2026-10-04,19,20,0
18,2026-10-04,20,9,0
18,2026-10-04,21,4,0
18,2026-10-04,22,4,0
19,2026-09-28,8,4,0
19,2026-09-28,9,14,0
19,2026-09-28,10,21,0
19,2026-09-28,11,12,0
19,2026-09-28,12,23,0
19,2026-09-28,13,26,1
19,2026-09-28,14,13,0
19,2026-09-28,15,10,0
19,2026-09-28,16,10,0
19,2026-09-28,17,24,1
19,2026-09-28,18,31,1
19,2026-09-28,19,18,0
19,2026-09-28,20,7,0
19,2026-09-28,21,4,0
19,2026-09-28,22,4,0
19,2026-09-29,8,4,0
19,2026-09-29,9,13,0
19,2026-09-29,10,20,0
19,2026-09-29,11,13,0
19,2026-09-29,12,24,1
19,2026-09-29,13,27,1
19,2026-09-29,14,14,0
19,2026-09-29,15,11,0
19,2026-09-29,16,11,0
19,2026-09-29,17,24,1
19,2026-09-29,18,32,1
19,2026-09-29,19,17,0
19,2026-09-29,20,7,0
19,2026-09-29,21,4,0
19,2026-09-29,22,4,0
19,2026-09-30,8,4,0
19,2026-09-30,9,14,0
19,2026-09-30,10,21,0
19,2026-09-30,11,13,0
19,2026-09-30,12,24,0
19,2026-09-30,13,27,1
19,2026-09-30,14,13,0
19,2026-09-30,15,11,0
19,2026-09-30,16,12,0
19,2026-09-30,17,25,1
19,2026-09-30,18,33,1
19,2026-09-30,19,18,0
19,2026-09-30,20,8,0
19,2026-09-30,21,4,0
19,2026-09-30,22,4,0
19,2026-10-01,8,4,0
19,2026-10-01,9,15,0
19,2026-10-01,10,21,0
19,2026-10-01,11,13,0
19,2026-10-01,12,25,0
19,2026-10-01,13,28,1
19,2026-10-01,14,15,0
19,2026-10-01,15,12,0
19,2026-10-01,16,12,0
19,2026-10-01,17,27,1
19,2026-10-01,18,36,1
19,2026-10-01,19,20,0
19,2026-10-01,20,8,0
19,2026-10-01,21,4,0
19,2026-10-01,22,4,0
19,2026-10-02,8,4,0
19,2026-10-02,9,15,0
19,2026-10-02,10,24,0
19,2026-10-02,11,15,0
19,2026-10-02,12,29,1
19,2026-10-02,13,32,1
19,2026-10-02,14,16,0
19,2026-10-02,15,14,0
19,2026-10-02,16,13,0
19,2026-10-02,17,29,1
19,2026-10-02,18,36,1
19,2026-10-02,19,19,0
19,2026-10-02,20,8,0
19,2026-10-02,21,4,0
19,2026-10-02,22,4,0
19,2026-10-03,8,4,0
19,2026-10-03,9,17,0
19,2026-10-03,10,26,0
19,2026-10-03,11,17,0
19,2026-10-03,12,32,1
19,2026-10-03,13,35,1
19,2026-10-03,14,18,0
19,2026-10-03,15,15,0
19,2026-10-03,16,15,0
19,2026-10-03,17,32,1
19,2026-10-03,18,41,1
19,2026-10-03,19,22,0
19,2026-10-03,20,9,0
19,2026-10-03,21,4,0
19,2026-10-03,22,4,0
19,2026-10-04,8,4,0
19,2026-10-04,9,17,0
19,2026-10-04,10,25,0
19,2026-10-04,11,16,0
19,2026-10-04,12,29,1
19,2026-10-04,13,33,1
19,2026-10-04,14,17,0
19,2026-10-04,15,14,0
19,2026-10-04,16,14,0
19,2026-10-04,17,29,1
19,2026-10-04,18,39,1
19,2026-10-04,19,22,0
19,2026-10-04,20,9,0
19,2026-10-04,21,4,0
19,2026-10-04,22,4,0
20,2026-09-28,8,4,0
20,2026-09-28,9,14,0
20,2026-09-28,10,20,0
20,2026-09-28,11,13,0
20,2026-09-28,12,25,1
20,2026-09-28,13,28,1
20,2026-09-28,14,15,0
20,2026-09-28,15,12,0
20,2026-09-28,16,12,0
20,2026-09-28,17,25,1
20,2026-09-28,18,33,1
20,2026-09-28,19,18,0
20,2026-09-28,20,7,0
20,2026-09-28,21,4,0
20,2026-09-28,22,4,0
20,2026-09-29,8,4,0
20,2026-09-29,9,14,0
20,2026-09-29,10,23,0
20,2026-09-29,11,14,0
20,2026-09-29,12,25,0
20,2026-09-29,13,28,1
20,2026-09-29,14,15,0
20,2026-09-29,15,13,0
20,2026-09-29,16,12,0
20,2026-09-29,17,28,1
20,2026-09-29,18,36,1
20,2026-09-29,19,19,0
20,2026-09-29,20,8,0
20,2026-09-29,21,4,0
20,2026-09-29,22,4,0
20,2026-09-30,8,4,0
20,2026-09-30,9,15,0
20,2026-09-30,10,23,0
20,2026-09-30,11,15,0
20,2026-09-30,12,28,1
20,2026-09-30,13,30,1
20,2026-09-30,14,15,0
20,2026-09-30,15,13,0
20,2026-09-30,16,12,0
20,2026-09-30,17,27,0
20,2026-09-30,18,36,1
20,2026-09-30,19,20,0
20,2026-09-30,20,9,0
20,2026-09-30,21,4,0
20,2026-09-30,22,4,0
20,2026-10-01,8,4,0
20,2026-10-01,9,16,0
20,2026-10-01,10,25,0
20,2026-10-01,11,15,0
20,2026-10-01,12,26,0
20,2026-10-01,13,30,1
20,2026-10-01,14,15,0
20,2026-10-01,15,13,0
20,2026-10-01,16,12,0
20,2026-10-01,17,27,1
20,2026-10-01,18,35,1
20,2026-10-01,19,19,0
20,2026-10-01,20,8,0
20,2026-10-01,21,4,0
20,2026-10-01,22,4,0
20,2026-10-02,8,4,0
20,2026-10-02,9,17,0
20,2026-10-02,10,27,0
20,2026-10-02,11,17,0
20,2026-10-02,12,30,0
20,2026-10-02,13,34,1
20,2026-10-02,14,18,0
20,2026-10-02,15,15,0
20,2026-10-02,16,14,0
20,2026-10-02,17,31,1
20,2026-10-02,18,39,1
20,2026-10-02,19,21,0
20,2026-10-02,20,10,0
20,2026-10-02,21,4,0
20,2026-10-02,22,4,0
20,2026-10-03,8,4,0
20,2026-10-03,9,19,0
20,2026-10-03,10,29,0
20,2026-10-03,11,18,0
20,2026-10-03,12,33,0
20,2026-10-03,13,37,1
20,2026-10-03,14,19,0
20,2026-10-03,15,15,0
20,2026-10-03,16,15,0
20,2026-10-03,17,34,1
20,2026-10-03,18,43,1
20,2026-10-03,19,24,0
20,2026-10-03,20,10,0
20,2026-10-03,21,4,0
20,2026-10-03,22,4,0
20,2026-10-04,8,4,0
20,2026-10-04,9,17,0
20,2026-10-04,10,26,0
20,2026-10-04,11,16,0
20,2026-10-04,12,31,0
20,2026-10-04,13,34,1
20,2026-10-04,14,17,0
20,2026-10-04,15,14,0
20,2026-10-04,16,14,0
20,2026-10-04,17,32,1
20,2026-10-04,18,42,1
20,2026-10-04,19,23,0
20,2026-10-04,20,9,0
20,2026-10-04,21,4,0
20,2026-10-04,22,4,0
21,2026-09-28,8,4,0
21,2026-09-28,9,13,0
21,2026-09-28,10,20,0
21,2026-09-28,11,13,0
21,2026-09-28,12,24,1
21,2026-09-28,13,27,1
21,2026-09-28,14,13,0
21,2026-09-28,15,10,0
21,2026-09-28,16,11,0
21,2026-09-28,17,23,0
21,2026-09-28,18,30,1
21,2026-09-28,19,17,0
21,2026-09-28,20,7,0
21,2026-09-28,21,4,0
21,2026-09-28,22,4,0
21,2026-09-29,8,4,0
21,2026-09-29,9,13,0
21,2026-09-29,10,20,0
21,2026-09-29,11,12,0
21,2026-09-29,12,23,0
21,2026-09-29,13,26,1
21,2026-09-29,14,13,0
21,2026-09-29,15,10,0
21,2026-09-29,16,11,0
21,2026-09-29,17,24,1
21,2026-09-29,18,32,1
21,2026-09-29,19,17,0
21,2026-09-29,20,7,0
21,2026-09-29,21,4,0
21,2026-09-29,22,4,0
21,2026-09-30,8,4,0
21,2026-09-30,9,13,0
21,2026-09-30,10,21,0
21,2026-09-30,11,13,0
21,2026-09-30,12,25,1
21,2026-09-30,13,27,1
21,2026-09-30,14,14,0
21,2026-09-30,15,11,0
21,2026-09-30,16,11,0
21,2026-09-30,17,25,1
21,2026-09-30,18,33,1
21,2026-09-30,19,19,0
21,2026-09-30,20,7,0
21,2026-09-30,21,4,0
21,2026-09-30,22,4,0
21,2026-10-01,8,4,0
21,2026-10-01,9,14,0
21,2026-10-01,10,22,0
21,2026-10-01,11,13,0
21,2026-10-01,12,24,0
21,2026-10-01,13,27,1
21,2026-10-01,14,15,0
21,2026-10-01,15,12,0
21,2026-10-01,16,11,0
21,2026-10-01,17,25,1
21,2026-10-01,18,32,1
21,2026-10-01,19,17,0
21,2026-10-01,20,7,0
21,2026-10-01,21,4,0
21,2026-10-01,22,4,0
21,2026-10-02,8,4,0
21,2026-10-02,9,17,0
21,2026-10-02,10,25,0
21,2026-10-02,11,16,0
21,2026-10-02,12,29,0
21,2026-10-02,13,31,1
21,2026-10-02,14,16,0
21,2026-10-02,15,14,0
21,2026-10-02,16,14,0
21,2026-10-02,17,30,1
21,2026-10-02,18,38,1
21,2026-10-02,19,20,0
21,2026-10-02,20,9,0
21,2026-10-02,21,4,0
21,2026-10-02,22,4,0
21,2026-10-03,8,4,0
21,2026-10-03,9,16,0
21,2026-10-03,10,26,0
21,2026-10-03,11,16,0
21,2026-10-03,12,30,1
21,2026-10-03,13,33,1
21,2026-10-03,14,17,0
21,2026-10-03,15,14,0
21,2026-10-03,16,14,0
21,2026-10-03,17,30,1
21,2026-10-03,18,39,1
21,2026-10-03,19,21,0
21,2026-10-03,20,9,0
21,2026-10-03,21,4,0
21,2026-10-03,22,4,0
21,2026-10-04,8,4,0
21,2026-10-04,9,16,0
21,2026-10-04,10,24,0
21,2026-10-04,11,15,0
21,2026-10-04,12,28,0
21,2026-10-04,13,32,1
21,2026-10-04,14,16,0
21,2026-10-04,15,13,0
21,2026-10-04,16,13,0
21,2026-10-04,17,29,1
21,2026-10-04,18,37,1
21,2026-10-04,19,20,0
21,2026-10-04,20,8,0
21,2026-10-04,21,4,0
21,2026-10-04,22,4,0
22,2026-09-28,8,4,0
22,2026-09-28,9,16,0
22,2026-09-28,10,25,0
22,2026-09-28,11,15,0
22,2026-09-28,12,29,1
22,2026-09-28,13,33,1
22,2026-09-28,14,17,0
22,2026-09-28,15,13,0
22,2026-09-28,16,13,0
22,2026-09-28,17,29,1
22,2026-09-28,18,38,1
22,2026-09-28,19,21,0
22,2026-09-28,20,8,0
22,2026-09-28,21,4,0
22,2026-09-28,22,4,0
22,2026-09-29,8,4,0
22,2026-09-29,9,16,0
22,2026-09-29,10,24,0
22,2026-09-29,11,14,0
22,2026-09-29,12,28,0
22,2026-09-29,13,32,1
22,2026-09-29,14,16,0
22,2026-09-29,15,13,0
22,2026-09-29,16,14,0
22,2026-09-29,17,30,1
22,2026-09-29,18,39,1
22,2026-09-29,19,21,0
22,2026-09-29,20,8,0
22,2026-09-29,21,4,0
22,2026-09-29,22,4,0
22,2026-09-30,8,4,0
22,2026-09-30,9,16,0
22,2026-09-30,10,25,0
22,2026-09-30,11,15,0
22,2026-09-30,12,28,0
22,2026-09-30,13,32,1
22,2026-09-30,14,16,0
22,2026-09-30,15,13,0
22,2026-09-30,16,13,0
22,2026-09-30,17,30,1
22,2026-09-30,18,39,1
22,2026-09-30,19,21,0
22,2026-09-30,20,8,0
22,2026-09-30,21,4,0
22,2026-09-30,22,4,0
22,2026-10-01,8,4,0
22,2026-10-01,9,16,0
22,2026-10-01,10,24,0
22,2026-10-01,11,15,0
22,2026-10-01,12,28,0
22,2026-10-01,13,32,1
22,2026-10-01,14,16,0
22,2026-10-01,15,14,0
22,2026-10-01,16,13,0
22,2026-10-01,17,29,1
22,2026-10-01,18,39,1
22,2026-10-01,19,22,0
22,2026-10-01,20,8,0
22,2026-10-01,21,4,0
22,2026-10-01,22,4,0
22,2026-10-02,8,4,0
22,2026-10-02,9,20,0
22,2026-10-02,10,30,0
22,2026-10-02,11,18,0
22,2026-10-02,12,35,1
22,2026-10-02,13,39,1
22,2026-10-02,14,20,0
22,2026-10-02,15,16,0
22,2026-10-02,16,16,0
22,2026-10-02,17,35,1
22,2026-10-02,18,45,1
22,2026-10-02,19,25,0
22,2026-10-02,20,10,0
22,2026-10-02,21,4,0
22,2026-10-02,22,4,0
22,2026-10-03,8,4,0
22,2026-10-03,9,23,0
22,2026-10-03,10,34,0
22,2026-10-03,11,20,0
22,2026-10-03,12,38,0
22,2026-10-03,13,43,1
22,2026-10-03,14,22,0
22,2026-10-03,15,18,0
22,2026-10-03,16,18,0
22,2026-10-03,17,40,1
22,2026-10-03,18,52,1
22,2026-10-03,19,29,0
22,2026-10-03,20,12,0
22,2026-10-03,21,5,0
22,2026-10-03,22,4,0
22,2026-10-04,8,4,0
22,2026-10-04,9,20,0
22,2026-10-04,10,30,0
22,2026-10-04,11,19,0
22,2026-10-04,12,36,1
22,2026-10-04,13,40,1
22,2026-10-04,14,20,0
22,2026-10-04,15,17,0
22,2026-10-04,16,16,0
22,2026-10-04,17,36,1
22,2026-10-04,18,47,1
22,2026-10-04,19,25,0
22,2026-10-04,20,11,0
22,2026-10-04,21,5,0
22,2026-10-04,22,4,0
23,2026-09-28,8,4,0
23,2026-09-28,9,14,0
23,2026-09-28,10,22,0
23,2026-09-28,11,13,0
23,2026-09-28,12,24,0
23,2026-09-28,13,27,1
23,2026-09-28,14,14,0
23,2026-09-28,15,12,0
23,2026-09-28,16,12,0
23,2026-09-28,17,26,1
23,2026-09-28,18,33,1
23,2026-09-28,19,18,0
23,2026-09-28,20,7,0
23,2026-09-28,21,4,0
23,2026-09-28,22,4,0
23,2026-09-29,8,4,0
23,2026-09-29,9,14,0
23,2026-09-29,10,21,0
23,2026-09-29,11,13,0
23,2026-09-29,12,25,0
23,2026-09-29,13,30,1
23,2026-09-29,14,15,0
23,2026-09-29,15,12,0
23,2026-09-29,16,12,0
23,2026-09-29,17,27,1
23,2026-09-29,18,33,1
23,2026-09-29,19,18,0
23,2026-09-29,20,7,0
23,2026-09-29,21,4,0
23,2026-09-29,22,4,0
23,2026-09-30,8,4,0
23,2026-09-30,9,14,0
23,2026-09-30,10,22,0
23,2026-09-30,11,14,0
23,2026-09-30,12,26,1
23,2026-09-30,13,28,1
23,2026-09-30,14,15,0
23,2026-09-30,15,12,0
23,2026-09-30,16,12,0
23,2026-09-30,17,26,1
23,2026-09-30,18,32,1
23,2026-09-30,19,18,0
23,2026-09-30,20,7,0
23,2026-09-30,21,4,0
23,2026-09-30,22,4,0
23,2026-10-01,8,4,0
23,2026-10-01,9,14,0
23,2026-10-01,10,21,0
23,2026-10-01,11,14,0
23,2026-10-01,12,26,1
23,2026-10-01,13,29,1
23,2026-10-01,14,15,0
23,2026-10-01,15,11,0
23,2026-10-01,16,11,0
23,2026-10-01,17,26,1
23,2026-10-01,18,34,1
23,2026-10-01,19,19,0
23,2026-10-01,20,8,0
23,2026-10-01,21,4,0
23,2026-10-01,22,4,0
23,2026-10-02,8,4,0
23,2026-10-02,9,17,0
23,2026-10-02,10,25,0
23,2026-10-02,11,16,0
23,2026-10-02,12,30,1
23,2026-10-02,13,33,1
23,2026-10-02,14,17,0
23,2026-10-02,15,13,0
23,2026-10-02,16,13,0
23,2026-10-02,17,30,1
23,2026-10-02,18,38,1
23,2026-10-02,19,20,0
23,2026-10-02,20,8,0
23,2026-10-02,21,4,0
23,2026-10-02,22,4,0
23,2026-10-03,8,4,0
23,2026-10-03,9,17,0
23,2026-10-03,10,26,0
23,2026-10-03,11,16,0
23,2026-10-03,12,32,0
23,2026-10-03,13,36,1
23,2026-10-03,14,18,0
23,2026-10-03,15,15,0
23,2026-10-03,16,16,0
23,2026-10-03,17,33,1
23,2026-10-03,18,43,1
23,2026-10-03,19,23,0
23,2026-10-03,20,9,0
23,2026-10-03,21,4,0
23,2026-10-03,22,4,0
23,2026-10-04,8,4,0
23,2026-10-04,9,16,0
23,2026-10-04,10,26,0
23,2026-10-04,11,16,0
23,2026-10-04,12,30,1
23,2026-10-04,13,33,1
23,2026-10-04,14,16,0
23,2026-10-04,15,13,0
23,2026-10-04,16,13,0
23,2026-10-04,17,29,0
23,2026-10-04,18,39,1
23,2026-10-04,19,21,0
23,2026-10-04,20,9,0
23,2026-10-04,21,4,0
23,2026-10-04,22,4,0
24,2026-09-28,8,4,0
24,2026-09-28,9,15,0
24,2026-09-28,10,21,0
24,2026-09-28,11,13,0
24,2026-09-28,12,27,1
24,2026-09-28,13,30,1
24,2026-09-28,14,15,0
24,2026-09-28,15,12,0
24,2026-09-28,16,11,0
24,2026-09-28,17,26,0
24,2026-09-28,18,34,1
24,2026-09-28,19,19,0
24,2026-09-28,20,8,0
24,2026-09-28,21,4,0
24,2026-09-28,22,4,0
24,2026-09-29,8,4,0
24,2026-09-29,9,15,0
24,2026-09-29,10,23,0
24,2026-09-29,11,14,0
24,2026-09-29,12,27,1
24,2026-09-29,13,30,1
24,2026-09-29,14,15,0
24,2026-09-29,15,12,0
24,2026-09-29,16,11,0
24,2026-09-29,17,26,0
24,2026-09-29,18,34,1
24,2026-09-29,19,19,0
24,2026-09-29,20,8,0
24,2026-09-29,21,4,0
24,2026-09-29,22,4,0
24,2026-09-30,8,4,0
24,2026-09-30,9,15,0
24,2026-09-30,10,22,0
24,2026-09-30,11,14,0
24,2026-09-30,12,27,1
24,2026-09-30,13,30,1
24,2026-09-30,14,15,0
24,2026-09-30,15,12,0
24,2026-09-30,16,12,0
24,2026-09-30,17,25,0
24,2026-09-30,18,33,1
24,2026-09-30,19,19,0
24,2026-09-30,20,8,0
24,2026-09-30,21,4,0
24,2026-09-30,22,4,0
24,2026-10-01,8,4,0
24,2026-10-01,9,17,0
24,2026-10-01,10,26,0
24,2026-10-01,11,15,0
24,2026-10-01,12,28,1
24,2026-10-01,13,32,1
24,2026-10-01,14,17,0
24,2026-10-01,15,14,0
24,2026-10-01,16,13,0
24,2026-10-01,17,28,1
24,2026-10-01,18,36,1
24,2026-10-01,19,21,0
24,2026-10-01,20,8,0
24,2026-10-01,21,4,0
24,2026-10-01,22,4,0
24,2026-10-02,8,4,0
24,2026-10-02,9,17,0
24,2026-10-02,10,26,0
24,2026-10-02,11,17,0
24,2026-10-02,12,31,1
24,2026-10-02,13,35,1
24,2026-10-02,14,18,0
24,2026-10-02,15,14,0
24,2026-10-02,16,14,0
24,2026-10-02,17,31,1
24,2026-10-02,18,42,1
24,2026-10-02,19,24,0
24,2026-10-02,20,9,0
24,2026-10-02,21,4,0
24,2026-10-02,22,4,0
24,2026-10-03,8,4,0
24,2026-10-03,9,19,0
24,2026-10-03,10,28,0
24,2026-10-03,11,17,0
24,2026-10-03,12,33,1
24,2026-10-03,13,36,1
24,2026-10-03,14,18,0
24,2026-10-03,15,14,0
24,2026-10-03,16,15,0
24,2026-10-03,17,33,1
24,2026-10-03,18,43,1
24,2026-10-03,19,24,0
24,2026-10-03,20,10,0
24,2026-10-03,21,4,0
24,2026-10-03,22,4,0
24,2026-10-04,8,4,0
24,2026-10-04,9,17,0
24,2026-10-04,10,27,0
24,2026-10-04,11,17,0
24,2026-10-04,12,31,0
24,2026-10-04,13,35,1
24,2026-10-04,14,18,0
24,2026-10-04,15,14,0
24,2026-10-04,16,14,0
24,2026-10-04,17,32,1
24,2026-10-04,18,41,1
24,2026-10-04,19,22,0
24,2026-10-04,20,9,0
24,2026-10-04,21,4,0
24,2026-10-04,22,4,0
25,2026-09-28,8,4,0
25,2026-09-28,9,16,0
25,2026-09-28,10,24,0
25,2026-09-28,11,15,0
25,2026-09-28,12,28,0
25,2026-09-28,13,33,1
25,2026-09-28,14,17,0
25,2026-09-28,15,13,0
25,2026-09-28,16,13,0
25,2026-09-28,17,29,1
25,2026-09-28,18,36,1
25,2026-09-28,19,21,0
25,2026-09-28,20,8,0
25,2026-09-28,21,4,0
25,2026-09-28,22,4,0
25,2026-09-29,8,4,0
25,2026-09-29,9,15,0
25,2026-09-29,10,23,0
25,2026-09-29,11,14,0
25,2026-09-29,12,26,1
25,2026-09-29,13,29,1
25,2026-09-29,14,15,0
25,2026-09-29,15,13,0
25,2026-09-29,16,12,0
25,2026-09-29,17,26,1
25,2026-09-29,18,35,1
25,2026-09-29,19,19,0
25,2026-09-29,20,8,0
25,2026-09-29,21,4,0
25,2026-09-29,22,4,0
25,2026-09-30,8,4,0
25,2026-09-30,9,17,0
25,2026-09-30,10,25,0
25,2026-09-30,11,16,0
25,2026-09-30,12,29,1
25,2026-09-30,13,31,1
25,2026-09-30,14,16,0
25,2026-09-30,15,14,0
25,2026-09-30,16,13,0
25,2026-09-30,17,29,1
25,2026-09-30,18,37,1
25,2026-09-30,19,21,0
25,2026-09-30,20,9,0
25,2026-09-30,21,4,0
25,2026-09-30,22,4,0
25,2026-10-01,8,4,0
25,2026-10-01,9,17,0
25,2026-10-01,10,25,0
25,2026-10-01,11,15,0
25,2026-10-01,12,29,1
25,2026-10-01,13,33,1
25,2026-10-01,14,17,0
25,2026-10-01,15,13,0
25,2026-10-01,16,13,0
25,2026-10-01,17,29,1
25,2026-10-01,18,39,1
25,2026-10-01,19,22,0
25,2026-10-01,20,9,0
25,2026-10-01,21,4,0
25,2026-10-01,22,4,0
25,2026-10-02,8,4,0
25,2026-10-02,9,18,0
25,2026-10-02,10,27,0
25,2026-10-02,11,18,0
25,2026-10-02,12,33,1
25,2026-10-02,13,38,1
25,2026-10-02,14,19,0
25,2026-10-02,15,16,0
25,2026-10-02,16,15,0
25,2026-10-02,17,33,1
25,2026-10-02,18,45,1
25,2026-10-02,19,24,0
25,2026-10-02,20,9,0
25,2026-10-02,21,4,0
25,2026-10-02,22,4,0
25,2026-10-03,8,4,0
25,2026-10-03,9,19,0
25,2026-10-03,10,30,0
25,2026-10-03,11,19,0
25,2026-10-03,12,36,1
25,2026-10-03,13,40,1
25,2026-10-03,14,20,0
25,2026-10-03,15,16,0
25,2026-10-03,16,16,0
25,2026-10-03,17,35,0
25,2026-10-03,18,47,1
25,2026-10-03,19,26,0
25,2026-10-03,20,10,0
25,2026-10-03,21,4,0
25,2026-10-03,22,4,0
25,2026-10-04,8,4,0
25,2026-10-04,9,19,0
25,2026-10-04,10,28,0
25,2026-10-04,11,18,0
25,2026-10-04,12,33,1
25,2026-10-04,13,36,1
25,2026-10-04,14,19,0
25,2026-10-04,15,15,0
25,2026-10-04,16,15,0
25,2026-10-04,17,33,1
25,2026-10-04,18,45,1
25,2026-10-04,19,25,0
25,2026-10-04,20,10,0
25,2026-10-04,21,4,0
25,2026-10-04,22,4,0
26,2026-09-28,8,4,0
26,2026-09-28,9,14,0
26,2026-09-28,10,21,0
26,2026-09-28,11,14,0
26,2026-09-28,12,26,1
26,2026-09-28,13,28,1
26,2026-09-28,14,14,0
26,2026-09-28,15,11,0
26,2026-09-28,16,11,0
26,2026-09-28,17,26,1
26,2026-09-28,18,34,1
26,2026-09-28,19,19,0
26,2026-09-28,20,8,0
26,2026-09-28,21,4,0
26,2026-09-28,22,4,0
26,2026-09-29,8,4,0
26,2026-09-29,9,14,0
26,2026-09-29,10,22,0
26,2026-09-29,11,14,0
26,2026-09-29,12,26,1
26,2026-09-29,13,29,1
26,2026-09-29,14,14,0
26,2026-09-29,15,11,0
26,2026-09-29,16,12,0
26,2026-09-29,17,26,1
26,2026-09-29,18,33,1
26,2026-09-29,19,18,0
26,2026-09-29,20,8,0
26,2026-09-29,21,4,0
26,2026-09-29,22,4,0
26,2026-09-30,8,4,0
26,2026-09-30,9,14,0
26,2026-09-30,10,22,0
26,2026-09-30,11,14,0
26,2026-09-30,12,25,0
26,2026-09-30,13,28,1
26,2026-09-30,14,14,0
26,2026-09-30,15,12,0
26,2026-09-30,16,12,0
26,2026-09-30,17,27,1
26,2026-09-30,18,36,1
26,2026-09-30,19,19,0
26,2026-09-30,20,7,0
26,2026-09-30,21,4,0
26,2026-09-30,22,4,0
26,2026-10-01,8,4,0
26,2026-10-01,9,15,0
26,2026-10-01,10,23,0
26,2026-10-01,11,14,0
26,2026-10-01,12,26,0
26,2026-10-01,13,30,1
26,2026-10-01,14,14,0
26,2026-10-01,15,12,0
26,2026-10-01,16,12,0
26,2026-10-01,17,27,1
26,2026-10-01,18,36,1
26,2026-10-01,19,20,0
26,2026-10-01,20,7,0
26,2026-10-01,21,4,0
26,2026-10-01,22,4,0
26,2026-10-02,8,4,0
26,2026-10-02,9,18,0
26,2026-10-02,10,27,0
26,2026-10-02,11,17,0
26,2026-10-02,12,32,0
26,2026-10-02,13,34,1
26,2026-10-02,14,18,0
26,2026-10-02,15,15,0
26,2026-10-02,16,14,0
26,2026-10-02,17,33,1
26,2026-10-02,18,42,1
26,2026-10-02,19,22,0
26,2026-10-02,20,10,0
26,2026-10-02,21,4,0
26,2026-10-02,22,4,0
26,2026-10-03,8,4,0
26,2026-10-03,9,19,0
26,2026-10-03,10,29,0
26,2026-10-03,11,17,0
26,2026-10-03,12,32,0
26,2026-10-03,13,37,1
26,2026-10-03,14,19,0
26,2026-10-03,15,16,0
26,2026-10-03,16,15,0
26,2026-10-03,17,33,1
26,2026-10-03,18,42,1
26,2026-10-03,19,23,0
26,2026-10-03,20,10,0
26,2026-10-03,21,4,0
26,2026-10-03,22,4,0
26,2026-10-04,8,4,0
26,2026-10-04,9,18,0
26,2026-10-04,10,28,0
26,2026-10-04,11,17,0
26,2026-10-04,12,31,0
26,2026-10-04,13,35,1
26,2026-10-04,14,17,0
26,2026-10-04,15,14,0
26,2026-10-04,16,15,0
26,2026-10-04,17,33,1
26,2026-10-04,18,42,1
26,2026-10-04,19,22,0
26,2026-10-04,20,9,0
26,2026-10-04,21,4,0
26,2026-10-04,22,4,0
27,2026-09-28,8,4,0
27,2026-09-28,9,15,0
27,2026-09-28,10,23,0
27,2026-09-28,11,14,0
27,2026-09-28,12,26,1
27,2026-09-28,13,29,1
27,2026-09-28,14,15,0
27,2026-09-28,15,12,0
27,2026-09-28,16,12,0
27,2026-09-28,17,26,1
27,2026-09-28,18,34,1
27,2026-09-28,19,19,0
27,2026-09-28,20,8,0
27,2026-09-28,21,4,0
27,2026-09-28,22,4,0
27,2026-09-29,8,4,0
27,2026-09-29,9,15,0
27,2026-09-29,10,23,0
27,2026-09-29,11,14,0
27,2026-09-29,12,27,0
27,2026-09-29,13,29,1
27,2026-09-29,14,16,0
27,2026-09-29,15,12,0
27,2026-09-29,16,12,0
27,2026-09-29,17,28,1
27,2026-09-29,18,36,1
27,2026-09-29,19,20,0
27,2026-09-29,20,8,0
27,2026-09-29,21,4,0
27,2026-09-29,22,4,0
27,2026-09-30,8,4,0
27,2026-09-30,9,16,0
27,2026-09-30,10,24,0
27,2026-09-30,11,15,0
27,2026-09-30,12,29,1
27,2026-09-30,13,33,1
27,2026-09-30,14,16,0
27,2026-09-30,15,12,0
27,2026-09-30,16,13,0
27,2026-09-30,17,28,0
27,2026-09-30,18,36,1
27,2026-09-30,19,20,0
27,2026-09-30,20,8,0
27,2026-09-30,21,4,0
27,2026-09-30,22,4,0
27,2026-10-01,8,4,0
27,2026-10-01,9,15,0
27,2026-10-01,10,23,0
27,2026-10-01,11,14,0
27,2026-10-01,12,28,0
27,2026-10-01,13,31,1
27,2026-10-01,14,16,0
27,2026-10-01,15,13,0
27,2026-10-01,16,13,0
27,2026-10-01,17,29,1
27,2026-10-01,18,37,1
27,2026-10-01,19,21,0
27,2026-10-01,20,8,0
27,2026-10-01,21,4,0
27,2026-10-01,22,4,0
27,2026-10-02,8,4,0
27,2026-10-02,9,16,0
27,2026-10-02,10,26,0
27,2026-10-02,11,16,0
27,2026-10-02,12,31,1
27,2026-10-02,13,34,1
27,2026-10-02,14,17,0
27,2026-10-02,15,14,0
27,2026-10-02,16,14,0
27,2026-10-02,17,31,1
27,2026-10-02,18,40,1
27,2026-10-02,19,22,0
27,2026-10-02,20,9,0
27,2026-10-02,21,4,0
27,2026-10-02,22,4,0
27,2026-10-03,8,4,0
27,2026-10-03,9,19,0
27,2026-10-03,10,30,0
27,2026-10-03,11,19,0
27,2026-10-03,12,36,1
27,2026-10-03,13,40,1
27,2026-10-03,14,20,0
27,2026-10-03,15,16,0
27,2026-10-03,16,16,0
27,2026-10-03,17,35,0
27,2026-10-03,18,45,1
27,2026-10-03,19,25,0
27,2026-10-03,20,10,0
27,2026-10-03,21,4,0
27,2026-10-03,22,4,0
27,2026-10-04,8,4,0
27,2026-10-04,9,18,0
27,2026-10-04,10,28,0
27,2026-10-04,11,17,0
27,2026-10-04,12,33,1
27,2026-10-04,13,35,1
27,2026-10-04,14,17,0
27,2026-10-04,15,15,0
27,2026-10-04,16,14,0
27,2026-10-04,17,31,0
27,2026-10-04,18,41,1
27,2026-10-04,19,23,0
27,2026-10-04,20,9,0
27,2026-10-04,21,4,0
27,2026-10-04,22,4,0
28,2026-09-28,8,4,0
28,2026-09-28,9,16,0
28,2026-09-28,10,24,0
28,2026-09-28,11,16,0
28,2026-09-28,12,27,0
28,2026-09-28,13,30,1
28,2026-09-28,14,15,0
28,2026-09-28,15,12,0
28,2026-09-28,16,12,0
28,2026-09-28,17,28,1
28,2026-09-28,18,36,1
28,2026-09-28,19,19,0
28,2026-09-28,20,8,0
28,2026-09-28,21,4,0
28,2026-09-28,22,4,0
28,2026-09-29,8,4,0
28,2026-09-29,9,14,0
28,2026-09-29,10,21,0
28,2026-09-29,11,13,0
28,2026-09-29,12,26,1
28,2026-09-29,13,28,1
28,2026-09-29,14,14,0
28,2026-09-29,15,12,0
28,2026-09-29,16,12,0
28,2026-09-29,17,25,0
28,2026-09-29,18,33,1
28,2026-09-29,19,19,0
28,2026-09-29,20,8,0
28,2026-09-29,21,4,0
28,2026-09-29,22,4,0
28,2026-09-30,8,4,0
28,2026-09-30,9,14,0
28,2026-09-30,10,22,0
28,2026-09-30,11,14,0
28,2026-09-30,12,26,1
28,2026-09-30,13,29,1
28,2026-09-30,14,14,0
28,2026-09-30,15,12,0
28,2026-09-30,16,11,0
28,2026-09-30,17,25,0
28,2026-09-30,18,33,1
28,2026-09-30,19,19,0
28,2026-09-30,20,8,0
28,2026-09-30,21,4,0
28,2026-09-30,22,4,0
28,2026-10-01,8,4,0
28,2026-10-01,9,15,0
28,2026-10-01,10,23,0
28,2026-10-01,11,14,0
28,2026-10-01,12,28,1
28,2026-10-01,13,31,1
28,2026-10-01,14,16,0
28,2026-10-01,15,12,0
28,2026-10-01,16,12,0
28,2026-10-01,17,28,1
28,2026-10-01,18,36,1
28,2026-10-01,19,20,0
28,2026-10-01,20,9,0
28,2026-10-01,21,4,0
28,2026-10-01,22,4,0
28,2026-10-02,8,4,0
28,2026-10-02,9,17,0
28,2026-10-02,10,25,0
28,2026-10-02,11,16,0
28,2026-10-02,12,31,1
28,2026-10-02,13,34,1
28,2026-10-02,14,17,0
28,2026-10-02,15,13,0
28,2026-10-02,16,13,0
28,2026-10-02,17,30,0
28,2026-10-02,18,40,1
28,2026-10-02,19,21,0
28,2026-10-02,20,9,0
28,2026-10-02,21,4,0
28,2026-10-02,22,4,0
28,2026-10-03,8,4,0
28,2026-10-03,9,19,0
28,2026-10-03,10,29,0
28,2026-10-03,11,18,0
28,2026-10-03,12,34,1
28,2026-10-03,13,39,1
28,2026-10-03,14,20,0
28,2026-10-03,15,15,0
28,2026-10-03,16,16,0
28,2026-10-03,17,34,1
28,2026-10-03,18,44,1
28,2026-10-03,19,24,0
28,2026-10-03,20,10,0
28,2026-10-03,21,4,0
28,2026-10-03,22,4,0
28,2026-10-04,8,4,0
28,2026-10-04,9,18,0
28,2026-10-04,10,26,0
28,2026-10-04,11,17,0
28,2026-10-04,12,31,1
28,2026-10-04,13,34,1
28,2026-10-04,14,17,0
28,2026-10-04,15,14,0
28,2026-10-04,16,14,0
28,2026-10-04,17,31,1
28,2026-10-04,18,40,1
28,2026-10-04,19,21,0
28,2026-10-04,20,9,0
28,2026-10-04,21,4,0
28,2026-10-04,22,4,0
29,2026-09-28,8,4,0
29,2026-09-28,9,16,0
29,2026-09-28,10,25,0
29,2026-09-28,11,16,0
29,2026-09-28,12,29,0
29,2026-09-28,13,32,1
29,2026-09-28,14,17,0
29,2026-09-28,15,13,0
29,2026-09-28,16,13,0
29,2026-09-28,17,30,1
29,2026-09-28,18,39,1
29,2026-09-28,19,21,0
29,2026-09-28,20,9,0
29,2026-09-28,21,4,0
29,2026-09-28,22,4,0
29,2026-09-29,8,4,0
29,2026-09-29,9,16,0
29,2026-09-29,10,25,0
29,2026-09-29,11,16,0
29,2026-09-29,12,29,1
29,2026-09-29,13,32,1
29,2026-09-29,14,16,0
29,2026-09-29,15,13,0
29,2026-09-29,16,13,0
29,2026-09-29,17,29,1
29,2026-09-29,18,39,1
29,2026-09-29,19,21,0
29,2026-09-29,20,8,0
29,2026-09-29,21,4,0
29,2026-09-29,22,4,0
29,2026-09-30,8,4,0
29,2026-09-30,9,18,0
29,2026-09-30,10,27,0
29,2026-09-30,11,16,0
29,2026-09-30,12,30,0
29,2026-09-30,13,34,1
29,2026-09-30,14,17,0
29,2026-09-30,15,14,0
29,2026-09-30,16,14,0
29,2026-09-30,17,31,1
29,2026-09-30,18,41,1
29,2026-09-30,19,23,0
29,2026-09-30,20,9,0
29,2026-09-30,21,4,0
29,2026-09-30,22,4,0
29,2026-10-01,8,4,0
29,2026-10-01,9,18,0
29,2026-10-01,10,28,0
29,2026-10-01,11,17,0
29,2026-10-01,12,31,1
29,2026-10-01,13,34,1
29,2026-10-01,14,18,0
29,2026-10-01,15,15,0
29,2026-10-01,16,14,0
29,2026-10-01,17,31,1
29,2026-10-01,18,42,1
29,2026-10-01,19,23,0
29,2026-10-01,20,10,0
29,2026-10-01,21,4,0
29,2026-10-01,22,4,0
29,2026-10-02,8,4,0
29,2026-10-02,9,19,0
29,2026-10-02,10,28,0
29,2026-10-02,11,17,0
29,2026-10-02,12,34,0
29,2026-10-02,13,38,1
29,2026-10-02,14,21,0
29,2026-10-02,15,16,0
29,2026-10-02,16,16,0
29,2026-10-02,17,36,1
29,2026-10-02,18,46,1
29,2026-10-02,19,24,0
29,2026-10-02,20,10,0
29,2026-10-02,21,4,0
29,2026-10-02,22,4,0
29,2026-10-03,8,4,0
29,2026-10-03,9,21,0
29,2026-10-03,10,31,0
29,2026-10-03,11,20,0
29,2026-10-03,12,37,1
29,2026-10-03,13,41,1
29,2026-10-03,14,22,0
29,2026-10-03,15,17,0
29,2026-10-03,16,17,0
29,2026-10-03,17,37,1
29,2026-10-03,18,49,1
29,2026-10-03,19,27,0
29,2026-10-03,20,11,0
29,2026-10-03,21,4,0
29,2026-10-03,22,4,0
29,2026-10-04,8,4,0
29,2026-10-04,9,20,0
29,2026-10-04,10,31,0
29,2026-10-04,11,19,0
29,2026-10-04,12,36,1
29,2026-10-04,13,39,1
29,2026-10-04,14,20,0
29,2026-10-04,15,15,0
29,2026-10-04,16,16,0
29,2026-10-04,17,35,0
29,2026-10-04,18,45,1
29,2026-10-04,19,25,0
29,2026-10-04,20,10,0
29,2026-10-04,21,5,0
29,2026-10-04,22,4,0
30,2026-09-28,8,4,0
30,2026-09-28,9,14,0
30,2026-09-28,10,21,0
30,2026-09-28,11,14,0
30,2026-09-28,12,25,1
30,2026-09-28,13,28,1
30,2026-09-28,14,15,0
30,2026-09-28,15,12,0
30,2026-09-28,16,11,0
30,2026-09-28,17,25,1
30,2026-09-28,18,33,1
30,2026-09-28,19,18,0
30,2026-09-28,20,7,0
30,2026-09-28,21,4,0
30,2026-09-28,22,4,0
30,2026-09-29,8,4,0
30,2026-09-29,9,14,0
30,2026-09-29,10,21,0
30,2026-09-29,11,13,0
30,2026-09-29,12,25,1
30,2026-09-29,13,27,1
30,2026-09-29,14,13,0
30,2026-09-29,15,11,0
30,2026-09-29,16,11,0
30,2026-09-29,17,25,1
30,2026-09-29,18,32,1
30,2026-09-29,19,18,0
30,2026-09-29,20,8,0
30,2026-09-29,21,4,0
30,2026-09-29,22,4,0
30,2026-09-30,8,4,0
30,2026-09-30,9,14,0
30,2026-09-30,10,21,0
30,2026-09-30,11,13,0
30,2026-09-30,12,25,0
30,2026-09-30,13,27,1
30,2026-09-30,14,14,0
30,2026-09-30,15,12,0
30,2026-09-30,16,12,0
30,2026-09-30,17,26,1
30,2026-09-30,18,35,1
30,2026-09-30,19,19,0
30,2026-09-30,20,7,0
30,2026-09-30,21,4,0
30,2026-09-30,22,4,0
30,2026-10-01,8,4,0
30,2026-10-01,9,14,0
30,2026-10-01,10,22,0
30,2026-10-01,11,13,0
30,2026-10-01,12,25,1
30,2026-10-01,13,29,1
30,2026-10-01,14,15,0
30,2026-10-01,15,11,0
30,2026-10-01,16,11,0
30,2026-10-01,17,25,1
30,2026-10-01,18,33,1
30,2026-10-01,19,19,0
30,2026-10-01,20,8,0
30,2026-10-01,21,4,0
30,2026-10-01,22,4,0
30,2026-10-02,8,4,0
30,2026-10-02,9,15,0
30,2026-10-02,10,23,0
30,2026-10-02,11,14,0
30,2026-10-02,12,27,0
30,2026-10-02,13,29,1
30,2026-10-02,14,15,0
30,2026-10-02,15,13,0
30,2026-10-02,16,13,0
30,2026-10-02,17,28,1
30,2026-10-02,18,35,1
30,2026-10-02,19,20,0
30,2026-10-02,20,8,0
30,2026-10-02,21,4,0
30,2026-10-02,22,4,0
30,2026-10-03,8,4,0
30,2026-10-03,9,19,0
30,2026-10-03,10,28,0
30,2026-10-03,11,17,0
30,2026-10-03,12,32,0
30,2026-10-03,13,35,1
30,2026-10-03,14,19,0
30,2026-10-03,15,15,0
30,2026-10-03,16,15,0
30,2026-10-03,17,35,1
30,2026-10-03,18,44,1
30,2026-10-03,19,24,0
30,2026-10-03,20,10,0
30,2026-10-03,21,4,0
30,2026-10-03,22,4,0
30,2026-10-04,8,4,0
30,2026-10-04,9,17,0
30,2026-10-04,10,26,0
30,2026-10-04,11,16,0
30,2026-10-04,12,30,1
30,2026-10-04,13,32,1
30,2026-10-04,14,17,0
30,2026-10-04,15,14,0
30,2026-10-04,16,13,0
30,2026-10-04,17,29,0
30,2026-10-04,18,40,1
30,2026-10-04,19,22,0
30,2026-10-04,20,9,0
30,2026-10-04,21,4,0
30,2026-10-04,22,4,0
31,2026-09-28,8,4,0
31,2026-09-28,9,13,0
31,2026-09-28,10,20,0
31,2026-09-28,11,12,0
31,2026-09-28,12,23,1
31,2026-09-28,13,26,1
31,2026-09-28,14,14,0
31,2026-09-28,15,11,0
31,2026-09-28,16,11,0
31,2026-09-28,17,23,1
31,2026-09-28,18,30,1
31,2026-09-28,19,17,0
31,2026-09-28,20,7,0
31,2026-09-28,21,4,0
31,2026-09-28,22,4,0
31,2026-09-29,8,4,0
31,2026-09-29,9,13,0
31,2026-09-29,10,20,0
31,2026-09-29,11,13,0
31,2026-09-29,12,25,1
31,2026-09-29,13,26,1
31,2026-09-29,14,13,0
31,2026-09-29,15,11,0
31,2026-09-29,16,11,0
31,2026-09-29,17,23,0
31,2026-09-29,18,31,1
31,2026-09-29,19,18,0
31,2026-09-29,20,7,0
31,2026-09-29,21,4,0
31,2026-09-29,22,4,0
31,2026-09-30,8,4,0
31,2026-09-30,9,13,0
31,2026-09-30,10,20,0
31,2026-09-30,11,13,0
31,2026-09-30,12,25,1
31,2026-09-30,13,27,1
31,2026-09-30,14,14,0
31,2026-09-30,15,12,0
31,2026-09-30,16,11,0
31,2026-09-30,17,24,0
31,2026-09-30,18,32,1
31,2026-09-30,19,18,0
31,2026-09-30,20,7,0
31,2026-09-30,21,4,0
31,2026-09-30,22,4,0
31,2026-10-01,8,4,0
31,2026-10-01,9,14,0
31,2026-10-01,10,21,0
31,2026-10-01,11,13,0
31,2026-10-01,12,24,0
31,2026-10-01,13,28,1
31,2026-10-01,14,15,0
31,2026-10-01,15,12,0
31,2026-10-01,16,12,0
31,2026-10-01,17,25,1
31,2026-10-01,18,32,1
31,2026-10-01,19,19,0
31,2026-10-01,20,7,0
31,2026-10-01,21,4,0
31,2026-10-01,22,4,0
31,2026-10-02,8,4,0
31,2026-10-02,9,16,0
31,2026-10-02,10,23,0
31,2026-10-02,11,14,0
31,2026-10-02,12,28,1
31,2026-10-02,13,29,1
31,2026-10-02,14,15,0
31,2026-10-02,15,12,0
31,2026-10-02,16,12,0
31,2026-10-02,17,26,0
31,2026-10-02,18,36,1
31,2026-10-02,19,20,0
31,2026-10-02,20,8,0
31,2026-10-02,21,4,0
31,2026-10-02,22,4,0
31,2026-10-03,8,4,0
31,2026-10-03,9,17,0
31,2026-10-03,10,25,0
31,2026-10-03,11,16,0
31,2026-10-03,12,30,1
31,2026-10-03,13,34,1
31,2026-10-03,14,18,0
31,2026-10-03,15,14,0
31,2026-10-03,16,14,0
31,2026-10-03,17,30,1
31,2026-10-03,18,39,1
31,2026-10-03,19,22,0
31,2026-10-03,20,9,0
31,2026-10-03,21,4,0
31,2026-10-03,22,4,0
31,2026-10-04,8,4,0
31,2026-10-04,9,16,0
31,2026-10-04,10,24,0
31,2026-10-04,11,15,0
31,2026-10-04,12,29,1
31,2026-10-04,13,32,1
31,2026-10-04,14,16,0
31,2026-10-04,15,14,0
31,2026-10-04,16,12,0
31,2026-10-04,17,29,1
31,2026-10-04,18,39,1
31,2026-10-04,19,21,0
31,2026-10-04,20,9,0
31,2026-10-04,21,4,0
31,2026-10-04,22,4,0
32,2026-09-28,8,4,0
32,2026-09-28,9,15,0
32,2026-09-28,10,23,0
32,2026-09-28,11,14,0
32,2026-09-28,12,25,0
32,2026-09-28,13,29,1
32,2026-09-28,14,15,0
32,2026-09-28,15,12,0
32,2026-09-28,16,12,0
32,2026-09-28,17,26,1
32,2026-09-28,18,33,1
32,2026-09-28,19,18,0
32,2026-09-28,20,8,0
32,2026-09-28,21,4,0
32,2026-09-28,22,4,0
32,2026-09-29,8,4,0
32,2026-09-29,9,14,0
32,2026-09-29,10,22,0
32,2026-09-29,11,13,0
32,2026-09-29,12,25,1
32,2026-09-29,13,29,1
32,2026-09-29,14,15,0
32,2026-09-29,15,12,0
32,2026-09-29,16,12,0
32,2026-09-29,17,25,1
32,2026-09-29,18,33,1
32,2026-09-29,19,19,0
32,2026-09-29,20,8,0
32,2026-09-29,21,4,0
32,2026-09-29,22,4,0
32,2026-09-30,8,4,0
32,2026-09-30,9,15,0
32,2026-09-30,10,23,0
32,2026-09-30,11,13,0
32,2026-09-30,12,26,0
32,2026-09-30,13,30,1
32,2026-09-30,14,16,0
32,2026-09-30,15,13,0
32,2026-09-30,16,11,0
32,2026-09-30,17,28,1
32,2026-09-30,18,37,1
32,2026-09-30,19,21,0
32,2026-09-30,20,8,0
32,2026-09-30,21,4,0
32,2026-09-30,22,4,0
32,2026-10-01,8,4,0
32,2026-10-01,9,15,0
32,2026-10-01,10,23,0
32,2026-10-01,11,14,0
32,2026-10-01,12,27,0
32,2026-10-01,13,29,1
32,2026-10-01,14,15,0
32,2026-10-01,15,12,0
32,2026-10-01,16,13,0
32,2026-10-01,17,28,1
32,2026-10-01,18,35,1
32,2026-10-01,19,18,0
32,2026-10-01,20,8,0
32,2026-10-01,21,4,0
32,2026-10-01,22,4,0
32,2026-10-02,8,4,0
32,2026-10-02,9,16,0
32,2026-10-02,10,25,0
32,2026-10-02,11,16,0
32,2026-10-02,12,29,0
32,2026-10-02,13,33,1
32,2026-10-02,14,16,0
32,2026-10-02,15,14,0
32,2026-10-02,16,14,0
32,2026-10-02,17,30,1
32,2026-10-02,18,39,1
32,2026-10-02,19,22,0
32,2026-10-02,20,9,0
32,2026-10-02,21,4,0
32,2026-10-02,22,4,0
32,2026-10-03,8,4,0
32,2026-10-03,9,19,0
32,2026-10-03,10,30,0
32,2026-10-03,11,18,0
32,2026-10-03,12,34,0
32,2026-10-03,13,37,1
32,2026-10-03,14,18,0
32,2026-10-03,15,16,0
32,2026-10-03,16,16,0
32,2026-10-03,17,35,1
32,2026-10-03,18,45,1
32,2026-10-03,19,25,0
32,2026-10-03,20,10,0
32,2026-10-03,21,4,0
32,2026-10-03,22,4,0
32,2026-10-04,8,4,0
32,2026-10-04,9,18,0
32,2026-10-04,10,28,0
32,2026-10-04,11,16,0
32,2026-10-04,12,31,0
32,2026-10-04,13,35,1
32,2026-10-04,14,18,0
32,2026-10-04,15,14,0
32,2026-10-04,16,14,0
32,2026-10-04,17,32,1
32,2026-10-04,18,42,1
32,2026-10-04,19,22,0
32,2026-10-04,20,9,0
32,2026-10-04,21,4,0
32,2026-10-04,22,4,0
33,2026-09-28,8,4,0
33,2026-09-28,9,17,0
33,2026-09-28,10,26,0
33,2026-09-28,11,16,0
33,2026-09-28,12,31,1
33,2026-09-28,13,35,1
33,2026-09-28,14,17,0
33,2026-09-28,15,14,0
33,2026-09-28,16,14,0
33,2026-09-28,17,31,1
33,2026-09-28,18,40,1
33,2026-09-28,19,22,0
33,2026-09-28,20,9,0
33,2026-09-28,21,4,0
33,2026-09-28,22,4,0
33,2026-09-29,8,4,0
33,2026-09-29,9,18,0
33,2026-09-29,10,26,0
33,2026-09-29,11,16,0
33,2026-09-29,12,30,1
33,2026-09-29,13,33,1
33,2026-09-29,14,16,0
33,2026-09-29,15,14,0
33,2026-09-29,16,13,0
33,2026-09-29,17,30,1
33,2026-09-29,18,40,1
33,2026-09-29,19,22,0
33,2026-09-29,20,9,0
33,2026-09-29,21,4,0
33,2026-09-29,22,4,0
33,2026-09-30,8,4,0
33,2026-09-30,9,17,0
33,2026-09-30,10,25,0
33,2026-09-30,11,16,0
33,2026-09-30,12,30,1
33,2026-09-30,13,34,1
33,2026-09-30,14,16,0
33,2026-09-30,15,14,0
33,2026-09-30,16,15,0
33,2026-09-30,17,29,0
33,2026-09-30,18,39,1
33,2026-09-30,19,21,0
33,2026-09-30,20,9,0
33,2026-09-30,21,4,0
33,2026-09-30,22,4,0
33,2026-10-01,8,4,0
33,2026-10-01,9,17,0
33,2026-10-01,10,26,0
33,2026-10-01,11,17,0
33,2026-10-01,12,30,0
33,2026-10-01,13,34,1
33,2026-10-01,14,17,0
33,2026-10-01,15,14,0
33,2026-10-01,16,13,0
33,2026-10-01,17,31,1
33,2026-10-01,18,40,1
33,2026-10-01,19,22,0
33,2026-10-01,20,9,0
33,2026-10-01,21,4,0
33,2026-10-01,22,4,0
33,2026-10-02,8,4,0
33,2026-10-02,9,21,0
33,2026-10-02,10,32,0
33,2026-10-02,11,19,0
33,2026-10-02,12,36,1
33,2026-10-02,13,41,1
33,2026-10-02,14,20,0
33,2026-10-02,15,17,0
33,2026-10-02,16,16,0
33,2026-10-02,17,36,1
33,2026-10-02,18,47,1
33,2026-10-02,19,26,0
33,2026-10-02,20,11,0
33,2026-10-02,21,4,0
33,2026-10-02,22,4,0
33,2026-10-03,8,4,0
33,2026-10-03,9,21,0
33,2026-10-03,10,33,0
33,2026-10-03,11,20,0
33,2026-10-03,12,38,0
33,2026-10-03,13,42,1
33,2026-10-03,14,21,0
33,2026-10-03,15,18,0
33,2026-10-03,16,18,0
33,2026-10-03,17,39,1
33,2026-10-03,18,51,1
33,2026-10-03,19,29,0
33,2026-10-03,20,11,0
33,2026-10-03,21,4,0
33,2026-10-03,22,4,0
33,2026-10-04,8,4,0
33,2026-10-04,9,21,0
33,2026-10-04,10,34,0
33,2026-10-04,11,20,0
33,2026-10-04,12,37,1
33,2026-10-04,13,42,1
33,2026-10-04,14,22,0
33,2026-10-04,15,17,0
33,2026-10-04,16,17,0
33,2026-10-04,17,37,1
33,2026-10-04,18,48,1
33,2026-10-04,19,27,0
33,2026-10-04,20,11,0
33,2026-10-04,21,4,0
33,2026-10-04,22,4,0
34,2026-09-28,8,4,0
34,2026-09-28,9,16,0
34,2026-09-28,10,25,0
34,2026-09-28,11,15,0
34,2026-09-28,12,28,0
34,2026-09-28,13,32,1
34,2026-09-28,14,16,0
34,2026-09-28,15,13,0
34,2026-09-28,16,13,0
34,2026-09-28,17,30,1
34,2026-09-28,18,39,1
34,2026-09-28,19,21,0
34,2026-09-28,20,9,0
34,2026-09-28,21,4,0
34,2026-09-28,22,4,0
34,2026-09-29,8,4,0
34,2026-09-29,9,17,0
34,2026-09-29,10,25,0
34,2026-09-29,11,15,0
34,2026-09-29,12,29,0
34,2026-09-29,13,32,1
34,2026-09-29,14,16,0
34,2026-09-29,15,13,0
34,2026-09-29,16,14,0
34,2026-09-29,17,30,1
34,2026-09-29,18,38,1
34,2026-09-29,19,22,0
34,2026-09-29,20,9,0
34,2026-09-29,21,4,0
34,2026-09-29,22,4,0
34,2026-09-30,8,4,0
34,2026-09-30,9,17,0
34,2026-09-30,10,26,0
34,2026-09-30,11,15,0
34,2026-09-30,12,27,0
34,2026-09-30,13,32,1
34,2026-09-30,14,16,0
34,2026-09-30,15,13,0
34,2026-09-30,16,12,0
34,2026-09-30,17,29,1
34,2026-09-30,18,39,1
34,2026-09-30,19,21,0
34,2026-09-30,20,9,0
34,2026-09-30,21,4,0
34,2026-09-30,22,4,0
34,2026-10-01,8,4,0
34,2026-10-01,9,16,0
34,2026-10-01,10,24,0
34,2026-10-01,11,15,0
34,2026-10-01,12,28,0
34,2026-10-01,13,31,1
34,2026-10-01,14,16,0
34,2026-10-01,15,13,0
34,2026-10-01,16,13,0
34,2026-10-01,17,29,1
34,2026-10-01,18,38,1
34,2026-10-01,19,21,0
34,2026-10-01,20,9,0
34,2026-10-01,21,4,0
34,2026-10-01,22,4,0
34,2026-10-02,8,4,0
34,2026-10-02,9,18,0
34,2026-10-02,10,28,0
34,2026-10-02,11,18,0
34,2026-10-02,12,33,1
34,2026-10-02,13,36,1
34,2026-10-02,14,18,0
34,2026-10-02,15,15,0
34,2026-10-02,16,15,0
34,2026-10-02,17,33,1
34,2026-10-02,18,43,1
34,2026-10-02,19,25,0
34,2026-10-02,20,10,0
34,2026-10-02,21,4,0
34,2026-10-02,22,4,0
34,2026-10-03,8,4,0
34,2026-10-03,9,20,0
34,2026-10-03,10,31,0
34,2026-10-03,11,19,0
34,2026-10-03,12,36,0
34,2026-10-03,13,41,1
34,2026-10-03,14,21,0
34,2026-10-03,15,16,0
34,2026-10-03,16,16,0
34,2026-10-03,17,37,1
34,2026-10-03,18,49,1
34,2026-10-03,19,27,0
34,2026-10-03,20,11,0
34,2026-10-03,21,4,0
34,2026-10-03,22,4,0
34,2026-10-04,8,4,0
34,2026-10-04,9,19,0
34,2026-10-04,10,28,0
34,2026-10-04,11,18,0
34,2026-10-04,12,33,1
34,2026-10-04,13,36,1
34,2026-10-04,14,19,0
34,2026-10-04,15,16,0
34,2026-10-04,16,16,0
34,2026-10-04,17,32,0
34,2026-10-04,18,42,1
34,2026-10-04,19,23,0
34,2026-10-04,20,10,0
34,2026-10-04,21,4,0
34,2026-10-04,22,4,0
35,2026-09-28,8,4,0
35,2026-09-28,9,15,0
35,2026-09-28,10,23,0
35,2026-09-28,11,13,0
35,2026-09-28,12,26,0
35,2026-09-28,13,29,1
35,2026-09-28,14,15,0
35,2026-09-28,15,12,0
35,2026-09-28,16,12,0
35,2026-09-28,17,27,1
35,2026-09-28,18,35,1
35,2026-09-28,19,19,0
35,2026-09-28,20,8,0
35,2026-09-28,21,4,0
35,2026-09-28,22,4,0
35,2026-09-29,8,4,0
35,2026-09-29,9,14,0
35,2026-09-29,10,22,0
35,2026-09-29,11,14,0
35,2026-09-29,12,26,1
35,2026-09-29,13,30,1
35,2026-09-29,14,15,0
35,2026-09-29,15,11,0
35,2026-09-29,16,11,0
35,2026-09-29,17,26,1
35,2026-09-29,18,35,1
35,2026-09-29,19,19,0
35,2026-09-29,20,8,0
35,2026-09-29,21,4,0
35,2026-09-29,22,4,0
35,2026-09-30,8,4,0
35,2026-09-30,9,15,0
35,2026-09-30,10,22,0
35,2026-09-30,11,14,0
35,2026-09-30,12,27,1
35,2026-09-30,13,30,1
35,2026-09-30,14,15,0
35,2026-09-30,15,12,0
35,2026-09-30,16,12,0
35,2026-09-30,17,27,1
35,2026-09-30,18,34,1
35,2026-09-30,19,19,0
35,2026-09-30,20,8,0
35,2026-09-30,21,4,0
35,2026-09-30,22,4,0
35,2026-10-01,8,4,0
35,2026-10-01,9,15,0
35,2026-10-01,10,22,0
35,2026-10-01,11,14,0
35,2026-10-01,12,27,1
35,2026-10-01,13,29,1
35,2026-10-01,14,15,0
35,2026-10-01,15,13,0
35,2026-10-01,16,12,0
35,2026-10-01,17,27,1
35,2026-10-01,18,35,1
35,2026-10-01,19,19,0
35,2026-10-01,20,7,0
35,2026-10-01,21,4,0
35,2026-10-01,22,4,0
35,2026-10-02,8,4,0
35,2026-10-02,9,16,0
35,2026-10-02,10,26,0
35,2026-10-02,11,17,0
35,2026-10-02,12,31,1
35,2026-10-02,13,34,1
35,2026-10-02,14,18,0
35,2026-10-02,15,14,0
35,2026-10-02,16,13,0
35,2026-10-02,17,30,0
35,2026-10-02,18,40,1
35,2026-10-02,19,22,0
35,2026-10-02,20,9,0
35,2026-10-02,21,4,0
35,2026-10-02,22,4,0
35,2026-10-03,8,4,0
35,2026-10-03,9,19,0
35,2026-10-03,10,28,0
35,2026-10-03,11,17,0
35,2026-10-03,12,33,1
35,2026-10-03,13,37,1
35,2026-10-03,14,18,0
35,2026-10-03,15,15,0
35,2026-10-03,16,15,0
35,2026-10-03,17,33,1
35,2026-10-03,18,44,1
35,2026-10-03,19,24,0
35,2026-10-03,20,10,0
35,2026-10-03,21,4,0
35,2026-10-03,22,4,0
35,2026-10-04,8,4,0
35,2026-10-04,9,18,0
35,2026-10-04,10,28,0
35,2026-10-04,11,16,0
35,2026-10-04,12,31,0
35,2026-10-04,13,36,1
35,2026-10-04,14,18,0
35,2026-10-04,15,15,0
35,2026-10-04,16,15,0
35,2026-10-04,17,33,1
35,2026-10-04,18,42,1
35,2026-10-04,19,23,0
35,2026-10-04,20,9,0
35,2026-10-04,21,4,0
35,2026-10-04,22,4,0
36,2026-09-28,8,4,0
36,2026-09-28,9,14,0
36,2026-09-28,10,22,0
36,2026-09-28,11,13,0
36,2026-09-28,12,25,1
36,2026-09-28,13,27,1
36,2026-09-28,14,14,0
36,2026-09-28,15,12,0
36,2026-09-28,16,12,0
36,2026-09-28,17,25,1
36,2026-09-28,18,33,1
36,2026-09-28,19,18,0
36,2026-09-28,20,7,0
36,2026-09-28,21,4,0
36,2026-09-28,22,4,0
36,2026-09-29,8,4,0
36,2026-09-29,9,14,0
36,2026-09-29,10,21,0
36,2026-09-29,11,13,0
36,2026-09-29,12,25,1
36,2026-09-29,13,28,1
36,2026-09-29,14,13,0
36,2026-09-29,15,11,0
36,2026-09-29,16,11,0
36,2026-09-29,17,25,1
36,2026-09-29,18,32,1
36,2026-09-29,19,17,0
36,2026-09-29,20,7,0
36,2026-09-29,21,4,0
36,2026-09-29,22,4,0
36,2026-09-30,8,4,0
36,2026-09-30,9,13,0
36,2026-09-30,10,21,0
36,2026-09-30,11,13,0
36,2026-09-30,12,25,1
36,2026-09-30,13,29,1
36,2026-09-30,14,15,0
36,2026-09-30,15,11,0
36,2026-09-30,16,12,0
36,2026-09-30,17,25,1
36,2026-09-30,18,33,1
36,2026-09-30,19,18,0
36,2026-09-30,20,7,0
36,2026-09-30,21,4,0
36,2026-09-30,22,4,0
36,2026-10-01,8,4,0
36,2026-10-01,9,14,0
36,2026-10-01,10,21,0
36,2026-10-01,11,13,0
36,2026-10-01,12,24,0
36,2026-10-01,13,26,1
36,2026-10-01,14,15,0
36,2026-10-01,15,12,0
36,2026-10-01,16,12,0
36,2026-10-01,17,26,1
36,2026-10-01,18,34,1
36,2026-10-01,19,19,0
36,2026-10-01,20,8,0
36,2026-10-01,21,4,0
36,2026-10-01,22,4,0
36,2026-10-02,8,4,0
36,2026-10-02,9,15,0
36,2026-10-02,10,24,0
36,2026-10-02,11,15,0
36,2026-10-02,12,27,0
36,2026-10-02,13,30,1
36,2026-10-02,14,16,0
36,2026-10-02,15,13,0
36,2026-10-02,16,13,0
36,2026-10-02,17,28,1
36,2026-10-02,18,37,1
36,2026-10-02,19,21,0
36,2026-10-02,20,9,0
36,2026-10-02,21,4,0
36,2026-10-02,22,4,0
36,2026-10-03,8,4,0
36,2026-10-03,9,18,0
36,2026-10-03,10,28,0
36,2026-10-03,11,18,0
36,2026-10-03,12,33,1
36,2026-10-03,13,35,1
36,2026-10-03,14,18,0
36,2026-10-03,15,14,0
36,2026-10-03,16,15,0
36,2026-10-03,17,32,0
36,2026-10-03,18,42,1
36,2026-10-03,19,24,0
36,2026-10-03,20,10,0
36,2026-10-03,21,4,0
36,2026-10-03,22,4,0
36,2026-10-04,8,4,0
36,2026-10-04,9,17,0
36,2026-10-04,10,26,0
36,2026-10-04,11,17,0
36,2026-10-04,12,30,1
36,2026-10-04,13,33,1
36,2026-10-04,14,16,0
36,2026-10-04,15,13,0
36,2026-10-04,16,14,0
36,2026-10-04,17,30,1
36,2026-10-04,18,40,1
36,2026-10-04,19,21,0
36,2026-10-04,20,9,0
36,2026-10-04,21,4,0
36,2026-10-04,22,4,0
37,2026-09-28,8,4,0
37,2026-09-28,9,13,0
37,2026-09-28,10,21,0
37,2026-09-28,11,13,0
37,2026-09-28,12,24,1
37,2026-09-28,13,27,1
37,2026-09-28,14,14,0
37,2026-09-28,15,11,0
37,2026-09-28,16,11,0
37,2026-09-28,17,23,0
37,2026-09-28,18,31,1
37,2026-09-28,19,17,0
37,2026-09-28,20,7,0
37,2026-09-28,21,4,0
37,2026-09-28,22,4,0
37,2026-09-29,8,4,0
37,2026-09-29,9,13,0
37,2026-09-29,10,19,0
37,2026-09-29,11,12,0
37,2026-09-29,12,23,1
37,2026-09-29,13,26,1
37,2026-09-29,14,13,0
37,2026-09-29,15,11,0
37,2026-09-29,16,11,0
37,2026-09-29,17,23,1
37,2026-09-29,18,31,1
37,2026-09-29,19,17,0
37,2026-09-29,20,7,0
37,2026-09-29,21,4,0
37,2026-09-29,22,4,0
37,2026-09-30,8,4,0
37,2026-09-30,9,13,0
37,2026-09-30,10,21,0
37,2026-09-30,11,13,0
37,2026-09-30,12,22,0
37,2026-09-30,13,26,1
37,2026-09-30,14,14,0
37,2026-09-30,15,11,0
37,2026-09-30,16,11,0
37,2026-09-30,17,24,1
37,2026-09-30,18,32,1
37,2026-09-30,19,18,0
37,2026-09-30,20,7,0
37,2026-09-30,21,4,0
37,2026-09-30,22,4,0
37,2026-10-01,8,4,0
37,2026-10-01,9,14,0
37,2026-10-01,10,22,1
37,2026-10-01,11,13,0
37,2026-10-01,12,22,1
37,2026-10-01,13,26,1
37,2026-10-01,14,13,0
37,2026-10-01,15,11,0
37,2026-10-01,16,11,0
37,2026-10-01,17,22,1
37,2026-10-01,18,30,1
37,2026-10-01,19,17,0
37,2026-10-01,20,7,0
37,2026-10-01,21,4,0
37,2026-10-01,22,4,0
37,2026-10-02,8,4,0
37,2026-10-02,9,15,0
37,2026-10-02,10,24,0
37,2026-10-02,11,14,0
37,2026-10-02,12,26,1
37,2026-10-02,13,30,1
37,2026-10-02,14,15,0
37,2026-10-02,15,12,0
37,2026-10-02,16,12,0
37,2026-10-02,17,26,1
37,2026-10-02,18,36,1
37,2026-10-02,19,20,0
37,2026-10-02,20,8,0
37,2026-10-02,21,4,0
37,2026-10-02,22,4,0
37,2026-10-03,8,4,0
37,2026-10-03,9,16,0
37,2026-10-03,10,25,0
37,2026-10-03,11,16,0
37,2026-10-03,12,30,0
37,2026-10-03,13,33,1
37,2026-10-03,14,16,0
37,2026-10-03,15,13,0
37,2026-10-03,16,14,0
37,2026-10-03,17,31,1
37,2026-10-03,18,39,1
37,2026-10-03,19,22,0
37,2026-10-03,20,9,0
37,2026-10-03,21,4,0
37,2026-10-03,22,4,0
37,2026-10-04,8,4,0
37,2026-10-04,9,16,0
37,2026-10-04,10,24,0
37,2026-10-04,11,15,0
37,2026-10-04,12,29,1
37,2026-10-04,13,32,1
37,2026-10-04,14,16,0
37,2026-10-04,15,13,0
37,2026-10-04,16,13,0
37,2026-10-04,17,29,1
37,2026-10-04,18,38,1
37,2026-10-04,19,21,0
37,2026-10-04,20,8,0
37,2026-10-04,21,4,0
37,2026-10-04,22,4,0
38,2026-09-28,8,4,0
38,2026-09-28,9,13,0
38,2026-09-28,10,21,0
38,2026-09-28,11,12,0
38,2026-09-28,12,24,1
38,2026-09-28,13,27,1
38,2026-09-28,14,13,0
38,2026-09-28,15,11,0
38,2026-09-28,16,11,0
38,2026-09-28,17,24,1
38,2026-09-28,18,31,1
38,2026-09-28,19,17,0
38,2026-09-28,20,7,0
38,2026-09-28,21,4,0
38,2026-09-28,22,4,0
38,2026-09-29,8,4,0
38,2026-09-29,9,14,0
38,2026-09-29,10,20,0
38,2026-09-29,11,13,0
38,2026-09-29,12,23,1
38,2026-09-29,13,25,1
38,2026-09-29,14,12,0
38,2026-09-29,15,11,0
38,2026-09-29,16,11,0
38,2026-09-29,17,23,1
38,2026-09-29,18,30,1
38,2026-09-29,19,17,0
38,2026-09-29,20,7,0
38,2026-09-29,21,4,0
38,2026-09-29,22,4,0
38,2026-09-30,8,4,0
38,2026-09-30,9,15,0
38,2026-09-30,10,22,0
38,2026-09-30,11,14,0
38,2026-09-30,12,25,1
38,2026-09-30,13,28,1
38,2026-09-30,14,14,0
38,2026-09-30,15,11,0
38,2026-09-30,16,11,0
38,2026-09-30,17,24,0
38,2026-09-30,18,32,1
38,2026-09-30,19,19,0
38,2026-09-30,20,7,0
38,2026-09-30,21,4,0
38,2026-09-30,22,4,0
38,2026-10-01,8,4,0
38,2026-10-01,9,15,0
38,2026-10-01,10,23,0
38,2026-10-01,11,14,0
38,2026-10-01,12,26,0
38,2026-10-01,13,30,1
38,2026-10-01,14,15,0
38,2026-10-01,15,12,0
38,2026-10-01,16,12,0
38,2026-10-01,17,27,1
38,2026-10-01,18,34,1
38,2026-10-01,19,18,0
38,2026-10-01,20,8,0
38,2026-10-01,21,4,0
38,2026-10-01,22,4,0
38,2026-10-02,8,4,0
38,2026-10-02,9,15,0
38,2026-10-02,10,23,0
38,2026-10-02,11,14,0
38,2026-10-02,12,28,0
38,2026-10-02,13,31,1
38,2026-10-02,14,15,0
38,2026-10-02,15,12,0
38,2026-10-02,16,12,0
38,2026-10-02,17,29,1
38,2026-10-02,18,38,1
38,2026-10-02,19,20,0
38,2026-10-02,20,8,0
38,2026-10-02,21,4,0
38,2026-10-02,22,4,0
38,2026-10-03,8,4,0
38,2026-10-03,9,17,0
38,2026-10-03,10,25,0
38,2026-10-03,11,15,0
38,2026-10-03,12,30,0
38,2026-10-03,13,34,1
38,2026-10-03,14,18,0
38,2026-10-03,15,14,0
38,2026-10-03,16,14,0
38,2026-10-03,17,31,1
38,2026-10-03,18,40,1
38,2026-10-03,19,22,0
38,2026-10-03,20,9,0
38,2026-10-03,21,4,0
38,2026-10-03,22,4,0
38,2026-10-04,8,4,0
38,2026-10-04,9,16,0
38,2026-10-04,10,24,0
38,2026-10-04,11,15,0
38,2026-10-04,12,29,1
38,2026-10-04,13,32,1
38,2026-10-04,14,16,0
38,2026-10-04,15,13,0
38,2026-10-04,16,14,0
38,2026-10-04,17,29,1
38,2026-10-04,18,38,1
38,2026-10-04,19,21,0
38,2026-10-04,20,9,0
38,2026-10-04,21,4,0
38,2026-10-04,22,4,0
39,2026-09-28,8,4,0
39,2026-09-28,9,15,0
39,2026-09-28,10,23,0
39,2026-09-28,11,14,0
39,2026-09-28,12,27,1
39,2026-09-28,13,31,1
39,2026-09-28,14,16,0
39,2026-09-28,15,13,0
39,2026-09-28,16,13,0
39,2026-09-28,17,26,0
39,2026-09-28,18,35,1
39,2026-09-28,19,19,0
39,2026-09-28,20,7,0
39,2026-09-28,21,4,0
39,2026-09-28,22,4,0
39,2026-09-29,8,4,0
39,2026-09-29,9,16,0
39,2026-09-29,10,24,0
39,2026-09-29,11,14,0
39,2026-09-29,12,28,1
39,2026-09-29,13,31,1
39,2026-09-29,14,16,0
39,2026-09-29,15,13,0
39,2026-09-29,16,12,0
39,2026-09-29,17,27,0
39,2026-09-29,18,36,1
39,2026-09-29,19,20,0
39,2026-09-29,20,8,0
39,2026-09-29,21,4,0
39,2026-09-29,22,4,0
39,2026-09-30,8,4,0
39,2026-09-30,9,15,0
39,2026-09-30,10,23,0
39,2026-09-30,11,15,0
39,2026-09-30,12,27,0
39,2026-09-30,13,32,1
39,2026-09-30,14,16,0
39,2026-09-30,15,13,0
39,2026-09-30,16,13,0
39,2026-09-30,17,28,1
39,2026-09-30,18,36,1
39,2026-09-30,19,19,0
39,2026-09-30,20,7,0
39,2026-09-30,21,4,0
39,2026-09-30,22,4,0
39,2026-10-01,8,4,0
39,2026-10-01,9,16,0
39,2026-10-01,10,23,0
39,2026-10-01,11,15,0
39,2026-10-01,12,28,0
39,2026-10-01,13,32,1
39,2026-10-01,14,17,0
39,2026-10-01,15,14,0
39,2026-10-01,16,13,0
39,2026-10-01,17,29,1
39,2026-10-01,18,38,1
39,2026-10-01,19,20,0
39,2026-10-01,20,8,0
39,2026-10-01,21,4,0
39,2026-10-01,22,4,0
39,2026-10-02,8,4,0
39,2026-10-02,9,18,0
39,2026-10-02,10,27,0
39,2026-10-02,11,17,0
39,2026-10-02,12,31,0
39,2026-10-02,13,35,1
39,2026-10-02,14,18,0
39,2026-10-02,15,14,0
39,2026-10-02,16,14,0
39,2026-10-02,17,33,1
39,2026-10-02,18,41,1
39,2026-10-02,19,23,0
39,2026-10-02,20,9,0
39,2026-10-02,21,4,0
39,2026-10-02,22,4,0
39,2026-10-03,8,4,0
39,2026-10-03,9,20,0
39,2026-10-03,10,30,0
39,2026-10-03,11,17,0
39,2026-10-03,12,34,1
39,2026-10-03,13,38,1
39,2026-10-03,14,19,0
39,2026-10-03,15,16,0
39,2026-10-03,16,16,0
39,2026-10-03,17,34,1
39,2026-10-03,18,45,1
39,2026-10-03,19,25,0
39,2026-10-03,20,10,0
39,2026-10-03,21,4,0
39,2026-10-03,22,4,0
39,2026-10-04,8,4,0
39,2026-10-04,9,18,0
39,2026-10-04,10,29,0
39,2026-10-04,11,18,0
39,2026-10-04,12,34,1
39,2026-10-04,13,37,1
39,2026-10-04,14,19,0
39,2026-10-04,15,16,0
39,2026-10-04,16,15,0
39,2026-10-04,17,33,0
39,2026-10-04,18,44,1
39,2026-10-04,19,23,0
39,2026-10-04,20,10,0
39,2026-10-04,21,5,0
39,2026-10-04,22,4,0
40,2026-09-28,8,4,0
40,2026-09-28,9,13,0
40,2026-09-28,10,20,0
40,2026-09-28,11,12,0
40,2026-09-28,12,23,0
40,2026-09-28,13,25,1
40,2026-09-28,14,13,0
40,2026-09-28,15,11,0
40,2026-09-28,16,11,0
40,2026-09-28,17,24,1
40,2026-09-28,18,31,1
40,2026-09-28,19,16,0
40,2026-09-28,20,6,0
40,2026-09-28,21,4,0
40,2026-09-28,22,4,0
40,2026-09-29,8,4,0
40,2026-09-29,9,14,0
40,2026-09-29,10,21,0
40,2026-09-29,11,13,0
40,2026-09-29,12,25,1
40,2026-09-29,13,28,1
40,2026-09-29,14,14,0
40,2026-09-29,15,12,0
40,2026-09-29,16,11,0
40,2026-09-29,17,24,0
40,2026-09-29,18,32,1
40,2026-09-29,19,18,0
40,2026-09-29,20,7,0
40,2026-09-29,21,4,0
40,2026-09-29,22,4,0
40,2026-09-30,8,4,0
40,2026-09-30,9,13,0
40,2026-09-30,10,21,0
40,2026-09-30,11,13,0
40,2026-09-30,12,25,1
40,2026-09-30,13,29,1
40,2026-09-30,14,14,0
40,2026-09-30,15,12,0
40,2026-09-30,16,12,0
40,2026-09-30,17,24,0
40,2026-09-30,18,31,1
40,2026-09-30,19,18,0
40,2026-09-30,20,8,0
40,2026-09-30,21,4,0
40,2026-09-30,22,4,0
40,2026-10-01,8,4,0
40,2026-10-01,9,16,0
40,2026-10-01,10,23,0
40,2026-10-01,11,13,0
40,2026-10-01,12,26,0
40,2026-10-01,13,29,1
40,2026-10-01,14,15,0
40,2026-10-01,15,12,0
40,2026-10-01,16,12,0
40,2026-10-01,17,27,1
40,2026-10-01,18,35,1
40,2026-10-01,19,20,0
40,2026-10-01,20,8,0
40,2026-10-01,21,4,0
40,2026-10-01,22,4,0
40,2026-10-02,8,4,0
40,2026-10-02,9,16,0
40,2026-10-02,10,26,0
40,2026-10-02,11,16,0
40,2026-10-02,12,30,1
40,2026-10-02,13,34,1
40,2026-10-02,14,17,0
40,2026-10-02,15,13,0
40,2026-10-02,16,13,0
40,2026-10-02,17,29,0
40,2026-10-02,18,40,1
40,2026-10-02,19,23,0
40,2026-10-02,20,9,0
40,2026-10-02,21,4,0
40,2026-10-02,22,4,0
40,2026-10-03,8,4,0
40,2026-10-03,9,18,0
40,2026-10-03,10,28,0
40,2026-10-03,11,18,0
40,2026-10-03,12,32,0
40,2026-10-03,13,36,1
40,2026-10-03,14,18,0
40,2026-10-03,15,14,0
40,2026-10-03,16,15,0
40,2026-10-03,17,33,1
40,2026-10-03,18,42,1
40,2026-10-03,19,23,0
40,2026-10-03,20,10,0
40,2026-10-03,21,4,0
40,2026-10-03,22,4,0
40,2026-10-04,8,4,0
40,2026-10-04,9,17,0
40,2026-10-04,10,26,0
40,2026-10-04,11,16,0
40,2026-10-04,12,29,0
40,2026-10-04,13,33,1
40,2026-10-04,14,17,0
40,2026-10-04,15,14,0
40,2026-10-04,16,14,0
40,2026-10-04,17,31,1
40,2026-10-04,18,40,1
40,2026-10-04,19,21,0
40,2026-10-04,20,9,0
40,2026-10-04,21,4,0
40,2026-10-04,22,4,0
41,2026-09-28,8,4,0
41,2026-09-28,9,13,0
41,2026-09-28,10,21,0
41,2026-09-28,11,13,0
41,2026-09-28,12,25,1
41,2026-09-28,13,28,1
41,2026-09-28,14,14,0
41,2026-09-28,15,11,0
41,2026-09-28,16,11,0
41,2026-09-28,17,25,1
41,2026-09-28,18,33,1
41,2026-09-28,19,18,0
41,2026-09-28,20,7,0
41,2026-09-28,21,4,0
41,2026-09-28,22,4,0
41,2026-09-29,8,4,0
41,2026-09-29,9,15,0
41,2026-09-29,10,22,0
41,2026-09-29,11,14,0
41,2026-09-29,12,25,0
41,2026-09-29,13,28,1
41,2026-09-29,14,14,0
41,2026-09-29,15,12,0
41,2026-09-29,16,12,0
41,2026-09-29,17,26,1
41,2026-09-29,18,34,1
41,2026-09-29,19,19,0
41,2026-09-29,20,8,0
41,2026-09-29,21,4,0
41,2026-09-29,22,4,0
41,2026-09-30,8,4,0
41,2026-09-30,9,14,0
41,2026-09-30,10,22,0
41,2026-09-30,11,14,0
41,2026-09-30,12,26,1
41,2026-09-30,13,28,1
41,2026-09-30,14,14,0
41,2026-09-30,15,12,0
41,2026-09-30,16,12,0
41,2026-09-30,17,26,1
41,2026-09-30,18,35,1
41,2026-09-30,19,18,0
41,2026-09-30,20,7,0
41,2026-09-30,21,4,0
41,2026-09-30,22,4,0
41,2026-10-01,8,4,0
41,2026-10-01,9,14,0
41,2026-10-01,10,21,0
41,2026-10-01,11,13,0
41,2026-10-01,12,25,0
41,2026-10-01,13,29,1
41,2026-10-01,14,14,0
41,2026-10-01,15,12,0
41,2026-10-01,16,12,0
41,2026-10-01,17,26,1
41,2026-10-01,18,33,1
41,2026-10-01,19,17,0
41,2026-10-01,20,7,0
41,2026-10-01,21,4,0
41,2026-10-01,22,4,0
41,2026-10-02,8,4,0
41,2026-10-02,9,16,0
41,2026-10-02,10,24,0
41,2026-10-02,11,15,0
41,2026-10-02,12,29,0
41,2026-10-02,13,32,1
41,2026-10-02,14,17,0
41,2026-10-02,15,14,0
41,2026-10-02,16,13,0
41,2026-10-02,17,30,1
41,2026-10-02,18,38,1
41,2026-10-02,19,21,0
41,2026-10-02,20,9,0
41,2026-10-02,21,4,0
41,2026-10-02,22,4,0
41,2026-10-03,8,4,0
41,2026-10-03,9,19,0
41,2026-10-03,10,29,0
41,2026-10-03,11,17,0
41,2026-10-03,12,34,1
41,2026-10-03,13,37,1
41,2026-10-03,14,20,0
41,2026-10-03,15,16,0
41,2026-10-03,16,15,0
41,2026-10-03,17,34,1
41,2026-10-03,18,44,1
41,2026-10-03,19,25,0
41,2026-10-03,20,10,0
41,2026-10-03,21,4,0
41,2026-10-03,22,4,0
41,2026-10-04,8,4,0
41,2026-10-04,9,18,0
41,2026-10-04,10,27,0
41,2026-10-04,11,16,0
41,2026-10-04,12,31,1
41,2026-10-04,13,35,1
41,2026-10-04,14,17,0
41,2026-10-04,15,14,0
41,2026-10-04,16,14,0
41,2026-10-04,17,31,1
41,2026-10-04,18,40,1
41,2026-10-04,19,22,0
41,2026-10-04,20,9,0
41,2026-10-04,21,4,0
41,2026-10-04,22,4,0
42,2026-09-28,8,4,0
42,2026-09-28,9,14,0
42,2026-09-28,10,22,0
42,2026-09-28,11,13,0
42,2026-09-28,12,25,0
42,2026-09-28,13,29,1
42,2026-09-28,14,14,0
42,2026-09-28,15,12,0
42,2026-09-28,16,12,0
42,2026-09-28,17,26,1
42,2026-09-28,18,34,1
42,2026-09-28,19,19,0
42,2026-09-28,20,8,0
42,2026-09-28,21,4,0
42,2026-09-28,22,4,0
42,2026-09-29,8,4,0
42,2026-09-29,9,16,0
42,2026-09-29,10,24,0
42,2026-09-29,11,14,0
42,2026-09-29,12,27,1
42,2026-09-29,13,30,1
42,2026-09-29,14,15,0
42,2026-09-29,15,12,0
42,2026-09-29,16,13,0
42,2026-09-29,17,26,0
42,2026-09-29,18,34,1
42,2026-09-29,19,20,0
42,2026-09-29,20,9,0
42,2026-09-29,21,4,0
42,2026-09-29,22,4,0
42,2026-09-30,8,4,0
42,2026-09-30,9,15,0
42,2026-09-30,10,22,0
42,2026-09-30,11,14,0
42,2026-09-30,12,27,0
42,2026-09-30,13,31,1
42,2026-09-30,14,16,0
42,2026-09-30,15,12,0
42,2026-09-30,16,13,0
42,2026-09-30,17,28,1
42,2026-09-30,18,37,1
42,2026-09-30,19,20,0
42,2026-09-30,20,8,0
42,2026-09-30,21,4,0
42,2026-09-30,22,4,0
42,2026-10-01,8,4,0
42,2026-10-01,9,15,0
42,2026-10-01,10,23,0
42,2026-10-01,11,14,0
42,2026-10-01,12,28,1
42,2026-10-01,13,32,1
42,2026-10-01,14,16,0
42,2026-10-01,15,13,0
42,2026-10-01,16,13,0
42,2026-10-01,17,27,0
42,2026-10-01,18,36,1
42,2026-10-01,19,19,0
42,2026-10-01,20,8,0
42,2026-10-01,21,4,0
42,2026-10-01,22,4,0
42,2026-10-02,8,4,0
42,2026-10-02,9,18,0
42,2026-10-02,10,27,0
42,2026-10-02,11,16,0
42,2026-10-02,12,31,1
42,2026-10-02,13,35,1
42,2026-10-02,14,18,0
42,2026-10-02,15,14,0
42,2026-10-02,16,14,0
42,2026-10-02,17,30,0
42,2026-10-02,18,39,1
42,2026-10-02,19,21,0
42,2026-10-02,20,9,0
42,2026-10-02,21,4,0
42,2026-10-02,22,4,0
42,2026-10-03,8,4,0
42,2026-10-03,9,18,0
42,2026-10-03,10,30,0
42,2026-10-03,11,19,0
42,2026-10-03,12,34,1
42,2026-10-03,13,38,1
42,2026-10-03,14,18,0
42,2026-10-03,15,15,0
42,2026-10-03,16,16,0
42,2026-10-03,17,33,0
42,2026-10-03,18,44,1
42,2026-10-03,19,25,0
42,2026-10-03,20,11,0
42,2026-10-03,21,4,0
42,2026-10-03,22,4,0
42,2026-10-04,8,4,0
42,2026-10-04,9,18,0
42,2026-10-04,10,27,0
42,2026-10-04,11,17,0
42,2026-10-04,12,31,1
42,2026-10-04,13,33,1
42,2026-10-04,14,17,0
42,2026-10-04,15,14,0
42,2026-10-04,16,14,0
42,2026-10-04,17,31,1
42,2026-10-04,18,40,1
42,2026-10-04,19,21,0
42,2026-10-04,20,8,0
42,2026-10-04,21,4,0
42,2026-10-04,22,4,0
43,2026-09-28,8,4,0
43,2026-09-28,9,14,0
43,2026-09-28,10,22,0
43,2026-09-28,11,14,0
43,2026-09-28,12,27,1
43,2026-09-28,13,29,1
43,2026-09-28,14,14,0
43,2026-09-28,15,12,0
43,2026-09-28,16,12,0
43,2026-09-28,17,26,0
43,2026-09-28,18,34,1
43,2026-09-28,19,18,0
43,2026-09-28,20,8,0
43,2026-09-28,21,4,0
43,2026-09-28,22,4,0
43,2026-09-29,8,4,0
43,2026-09-29,9,15,0
43,2026-09-29,10,22,0
43,2026-09-29,11,13,0
43,2026-09-29,12,26,1
43,2026-09-29,13,29,1
43,2026-09-29,14,14,0
43,2026-09-29,15,11,0
43,2026-09-29,16,11,0
43,2026-09-29,17,25,0
43,2026-09-29,18,33,1
43,2026-09-29,19,18,0
43,2026-09-29,20,7,0
43,2026-09-29,21,4,0
43,2026-09-29,22,4,0
43,2026-09-30,8,4,0
43,2026-09-30,9,15,0
43,2026-09-30,10,23,0
43,2026-09-30,11,14,0
43,2026-09-30,12,27,1
43,2026-09-30,13,30,1
43,2026-09-30,14,15,0
43,2026-09-30,15,12,0
43,2026-09-30,16,12,0
43,2026-09-30,17,26,0
43,2026-09-30,18,35,1
43,2026-09-30,19,20,0
43,2026-09-30,20,8,0
43,2026-09-30,21,4,0
43,2026-09-30,22,4,0
43,2026-10-01,8,4,0
43,2026-10-01,9,15,0
43,2026-10-01,10,24,0
43,2026-10-01,11,15,0
43,2026-10-01,12,27,1
43,2026-10-01,13,30,1
43,2026-10-01,14,15,0
43,2026-10-01,15,13,0
43,2026-10-01,16,13,0
43,2026-10-01,17,27,1
43,2026-10-01,18,34,1
43,2026-10-01,19,20,0
43,2026-10-01,20,8,0
43,2026-10-01,21,4,0
43,2026-10-01,22,4,0
43,2026-10-02,8,4,0
43,2026-10-02,9,17,0
43,2026-10-02,10,26,0
43,2026-10-02,11,16,0
43,2026-10-02,12,31,1
43,2026-10-02,13,33,1
43,2026-10-02,14,17,0
43,2026-10-02,15,14,0
43,2026-10-02,16,14,0
43,2026-10-02,17,31,1
43,2026-10-02,18,41,1
43,2026-10-02,19,23,0
43,2026-10-02,20,10,0
43,2026-10-02,21,4,0
43,2026-10-02,22,4,0
43,2026-10-03,8,4,0
43,2026-10-03,9,18,0
43,2026-10-03,10,28,0
43,2026-10-03,11,17,0
43,2026-10-03,12,34,0
43,2026-10-03,13,38,1
43,2026-10-03,14,18,0
43,2026-10-03,15,14,0
43,2026-10-03,16,15,0
43,2026-10-03,17,35,1
43,2026-10-03,18,43,1
43,2026-10-03,19,23,0
43,2026-10-03,20,10,0
43,2026-10-03,21,4,0
43,2026-10-03,22,4,0
43,2026-10-04,8,4,0
43,2026-10-04,9,18,0
43,2026-10-04,10,26,0
43,2026-10-04,11,16,0
43,2026-10-04,12,31,1
43,2026-10-04,13,34,1
43,2026-10-04,14,17,0
43,2026-10-04,15,14,0
43,2026-10-04,16,14,0
43,2026-10-04,17,31,1
43,2026-10-04,18,40,1
43,2026-10-04,19,22,0
43,2026-10-04,20,9,0
43,2026-10-04,21,4,0
43,2026-10-04,22,4,0
44,2026-09-28,8,4,0
44,2026-09-28,9,14,0
44,2026-09-28,10,21,0
44,2026-09-28,11,13,0
44,2026-09-28,12,25,0
44,2026-09-28,13,28,1
44,2026-09-28,14,14,0
44,2026-09-28,15,12,0
44,2026-09-28,16,12,0
44,2026-09-28,17,26,1
44,2026-09-28,18,35,1
44,2026-09-28,19,19,0
44,2026-09-28,20,7,0
44,2026-09-28,21,4,0
44,2026-09-28,22,4,0
44,2026-09-29,8,4,0
44,2026-09-29,9,13,0
44,2026-09-29,10,20,0
44,2026-09-29,11,12,0
44,2026-09-29,12,24,1
44,2026-09-29,13,25,1
44,2026-09-29,14,13,0
44,2026-09-29,15,11,0
44,2026-09-29,16,11,0
44,2026-09-29,17,24,1
44,2026-09-29,18,30,1
44,2026-09-29,19,16,0
44,2026-09-29,20,7,0
44,2026-09-29,21,4,0
44,2026-09-29,22,4,0
44,2026-09-30,8,4,0
44,2026-09-30,9,14,0
44,2026-09-30,10,21,0
44,2026-09-30,11,13,0
44,2026-09-30,12,25,1
44,2026-09-30,13,27,1
44,2026-09-30,14,14,0
44,2026-09-30,15,12,0
44,2026-09-30,16,12,0
44,2026-09-30,17,25,1
44,2026-09-30,18,34,1
44,2026-09-30,19,19,0
44,2026-09-30,20,7,0
44,2026-09-30,21,4,0
44,2026-09-30,22,4,0
44,2026-10-01,8,4,0
44,2026-10-01,9,15,0
44,2026-10-01,10,22,0
44,2026-10-01,11,13,0
44,2026-10-01,12,26,1
44,2026-10-01,13,29,1
44,2026-10-01,14,15,0
44,2026-10-01,15,11,0
44,2026-10-01,16,11,0
44,2026-10-01,17,26,1
44,2026-10-01,18,34,1
44,2026-10-01,19,19,0
44,2026-10-01,20,8,0
44,2026-10-01,21,4,0
44,2026-10-01,22,4,0
44,2026-10-02,8,4,0
44,2026-10-02,9,16,0
44,2026-10-02,10,24,0
44,2026-10-02,11,16,0
44,2026-10-02,12,30,1
44,2026-10-02,13,33,1
44,2026-10-02,14,16,0
44,2026-10-02,15,14,0
44,2026-10-02,16,14,0
44,2026-10-02,17,29,0
44,2026-10-02,18,38,1
44,2026-10-02,19,22,0
44,2026-10-02,20,9,0
44,2026-10-02,21,4,0
44,2026-10-02,22,4,0
44,2026-10-03,8,4,0
44,2026-10-03,9,17,0
44,2026-10-03,10,27,0
44,2026-10-03,11,16,0
44,2026-10-03,12,31,0
44,2026-10-03,13,35,1
44,2026-10-03,14,18,0
44,2026-10-03,15,14,0
44,2026-10-03,16,15,0
44,2026-10-03,17,32,1
44,2026-10-03,18,43,1
44,2026-10-03,19,23,0
44,2026-10-03,20,9,0
44,2026-10-03,21,4,0
44,2026-10-03,22,4,0
44,2026-10-04,8,4,0
44,2026-10-04,9,17,0
44,2026-10-04,10,27,0
44,2026-10-04,11,17,0
44,2026-10-04,12,29,0
44,2026-10-04,13,33,1
44,2026-10-04,14,17,0
44,2026-10-04,15,14,0
44,2026-10-04,16,13,0
44,2026-10-04,17,30,1
44,2026-10-04,18,39,1
44,2026-10-04,19,21,0
44,2026-10-04,20,8,0
44,2026-10-04,21,4,0
44,2026-10-04,22,4,0
45,2026-09-28,8,4,0
45,2026-09-28,9,15,0
45,2026-09-28,10,23,0
45,2026-09-28,11,14,0
45,2026-09-28,12,26,1
45,2026-09-28,13,28,1
45,2026-09-28,14,14,0
45,2026-09-28,15,12,0
45,2026-09-28,16,12,0
45,2026-09-28,17,26,1
45,2026-09-28,18,35,1
45,2026-09-28,19,20,0
45,2026-09-28,20,8,0
45,2026-09-28,21,4,0
45,2026-09-28,22,4,0
45,2026-09-29,8,4,0
45,2026-09-29,9,15,0
45,2026-09-29,10,22,0
45,2026-09-29,11,14,0
45,2026-09-29,12,27,1
45,2026-09-29,13,30,1
45,2026-09-29,14,14,0
45,2026-09-29,15,12,0
45,2026-09-29,16,11,0
45,2026-09-29,17,26,0
45,2026-09-29,18,33,1
45,2026-09-29,19,19,0
45,2026-09-29,20,8,0
45,2026-09-29,21,4,0
45,2026-09-29,22,4,0
45,2026-09-30,8,4,0
45,2026-09-30,9,17,0
45,2026-09-30,10,25,0
45,2026-09-30,11,15,0
45,2026-09-30,12,27,0
45,2026-09-30,13,29,1
45,2026-09-30,14,16,0
45,2026-09-30,15,13,0
45,2026-09-30,16,12,0
45,2026-09-30,17,28,1
45,2026-09-30,18,36,1
45,2026-09-30,19,21,0
45,2026-09-30,20,8,0
45,2026-09-30,21,4,0
45,2026-09-30,22,4,0
45,2026-10-01,8,4,0
45,2026-10-01,9,15,0
45,2026-10-01,10,23,0
45,2026-10-01,11,14,0
45,2026-10-01,12,28,0
45,2026-10-01,13,31,1
45,2026-10-01,14,16,0
45,2026-10-01,15,13,0
45,2026-10-01,16,13,0
45,2026-10-01,17,29,1
45,2026-10-01,18,37,1
45,2026-10-01,19,20,0
45,2026-10-01,20,8,0
45,2026-10-01,21,4,0
45,2026-10-01,22,4,0
45,2026-10-02,8,4,0
45,2026-10-02,9,17,0
45,2026-10-02,10,26,0
45,2026-10-02,11,16,0
45,2026-10-02,12,31,1
45,2026-10-02,13,34,1
45,2026-10-02,14,17,0
45,2026-10-02,15,14,0
45,2026-10-02,16,14,0
45,2026-10-02,17,30,0
45,2026-10-02,18,40,1
45,2026-10-02,19,22,0
45,2026-10-02,20,9,0
45,2026-10-02,21,4,0
45,2026-10-02,22,4,0
45,2026-10-03,8,4,0
45,2026-10-03,9,18,0
45,2026-10-03,10,27,0
45,2026-10-03,11,16,0
45,2026-10-03,12,31,0
45,2026-10-03,13,36,1
45,2026-10-03,14,18,0
45,2026-10-03,15,15,0
45,2026-10-03,16,15,0
45,2026-10-03,17,34,1
45,2026-10-03,18,43,1
45,2026-10-03,19,24,0
45,2026-10-03,20,10,0
45,2026-10-03,21,4,0
45,2026-10-03,22,4,0
45,2026-10-04,8,4,0
45,2026-10-04,9,18,0
45,2026-10-04,10,27,0
45,2026-10-04,11,17,0
45,2026-10-04,12,32,0
45,2026-10-04,13,36,1
45,2026-10-04,14,18,0
45,2026-10-04,15,15,0
45,2026-10-04,16,14,0
45,2026-10-04,17,33,1
45,2026-10-04,18,44,1
45,2026-10-04,19,24,0
45,2026-10-04,20,10,0
45,2026-10-04,21,4,0
45,2026-10-04,22,4,0
46,2026-09-28,8,4,0
46,2026-09-28,9,15,0
46,2026-09-28,10,22,0
46,2026-09-28,11,13,0
46,2026-09-28,12,25,0
46,2026-09-28,13,28,1
46,2026-09-28,14,14,0
46,2026-09-28,15,11,0
46,2026-09-28,16,12,0
46,2026-09-28,17,26,1
46,2026-09-28,18,33,1
46,2026-09-28,19,18,0
46,2026-09-28,20,8,0
46,2026-09-28,21,4,0
46,2026-09-28,22,4,0
46,2026-09-29,8,4,0
46,2026-09-29,9,15,0
46,2026-09-29,10,23,0
46,2026-09-29,11,14,0
46,2026-09-29,12,27,1
46,2026-09-29,13,29,1
46,2026-09-29,14,15,0
46,2026-09-29,15,13,0
46,2026-09-29,16,12,0
46,2026-09-29,17,27,1
46,2026-09-29,18,36,1
46,2026-09-29,19,19,0
46,2026-09-29,20,7,0
46,2026-09-29,21,4,0
46,2026-09-29,22,4,0
46,2026-09-30,8,4,0
46,2026-09-30,9,15,0
46,2026-09-30,10,22,0
46,2026-09-30,11,13,0
46,2026-09-30,12,25,0
46,2026-09-30,13,28,1
46,2026-09-30,14,15,0
46,2026-09-30,15,11,0
46,2026-09-30,16,11,0
46,2026-09-30,17,26,1
46,2026-09-30,18,34,1
46,2026-09-30,19,18,0
46,2026-09-30,20,7,0
46,2026-09-30,21,4,0
46,2026-09-30,22,4,0
46,2026-10-01,8,4,0
46,2026-10-01,9,15,0
46,2026-10-01,10,22,0
46,2026-10-01,11,14,0
46,2026-10-01,12,26,0
46,2026-10-01,13,28,1
46,2026-10-01,14,15,0
46,2026-10-01,15,12,0
46,2026-10-01,16,12,0
46,2026-10-01,17,27,1
46,2026-10-01,18,35,1
46,2026-10-01,19,20,0
46,2026-10-01,20,8,0
46,2026-10-01,21,4,0
46,2026-10-01,22,4,0
46,2026-10-02,8,4,0
46,2026-10-02,9,16,0
46,2026-10-02,10,25,0
46,2026-10-02,11,15,0
46,2026-10-02,12,28,0
46,2026-10-02,13,32,1
46,2026-10-02,14,17,0
46,2026-10-02,15,13,0
46,2026-10-02,16,13,0
46,2026-10-02,17,29,1
46,2026-10-02,18,39,1
46,2026-10-02,19,21,0
46,2026-10-02,20,9,0
46,2026-10-02,21,4,0
46,2026-10-02,22,4,0
46,2026-10-03,8,4,0
46,2026-10-03,9,19,0
46,2026-10-03,10,28,0
46,2026-10-03,11,17,0
46,2026-10-03,12,33,0
46,2026-10-03,13,36,1
46,2026-10-03,14,18,0
46,2026-10-03,15,16,0
46,2026-10-03,16,16,0
46,2026-10-03,17,35,1
46,2026-10-03,18,45,1
46,2026-10-03,19,25,0
46,2026-10-03,20,10,0
46,2026-10-03,21,4,0
46,2026-10-03,22,4,0
46,2026-10-04,8,4,0
46,2026-10-04,9,17,0
46,2026-10-04,10,26,0
46,2026-10-04,11,17,0
46,2026-10-04,12,33,1
46,2026-10-04,13,36,1
46,2026-10-04,14,19,0
46,2026-10-04,15,15,0
46,2026-10-04,16,13,0
46,2026-10-04,17,31,0
46,2026-10-04,18,41,1
46,2026-10-04,19,23,0
46,2026-10-04,20,10,0
46,2026-10-04,21,4,0
46,2026-10-04,22,4,0
47,2026-09-28,8,4,0
47,2026-09-28,9,16,0
47,2026-09-28,10,24,0
47,2026-09-28,11,14,0
47,2026-09-28,12,28,1
47,2026-09-28,13,31,1
47,2026-09-28,14,16,0
47,2026-09-28,15,13,0
47,2026-09-28,16,12,0
47,2026-09-28,17,28,1
47,2026-09-28,18,36,1
47,2026-09-28,19,20,0
47,2026-09-28,20,8,0
47,2026-09-28,21,4,0
47,2026-09-28,22,4,0
47,2026-09-29,8,4,0
47,2026-09-29,9,14,0
47,2026-09-29,10,21,0
47,2026-09-29,11,14,0
47,2026-09-29,12,26,0
47,2026-09-29,13,28,1
47,2026-09-29,14,15,0
47,2026-09-29,15,12,0
47,2026-09-29,16,12,0
47,2026-09-29,17,27,1
47,2026-09-29,18,34,1
47,2026-09-29,19,18,0
47,2026-09-29,20,7,0
47,2026-09-29,21,4,0
47,2026-09-29,22,4,0
47,2026-09-30,8,4,0
47,2026-09-30,9,16,0
47,2026-09-30,10,24,0
47,2026-09-30,11,14,0
47,2026-09-30,12,26,0
47,2026-09-30,13,30,1
47,2026-09-30,14,16,0
47,2026-09-30,15,13,0
47,2026-09-30,16,12,0
47,2026-09-30,17,28,1
47,2026-09-30,18,36,1
47,2026-09-30,19,20,0
47,2026-09-30,20,8,0
47,2026-09-30,21,4,0
47,2026-09-30,22,4,0
47,2026-10-01,8,4,0
47,2026-10-01,9,16,0
47,2026-10-01,10,23,0
47,2026-10-01,11,14,0
47,2026-10-01,12,27,1
47,2026-10-01,13,30,1
47,2026-10-01,14,15,0
47,2026-10-01,15,13,0
47,2026-10-01,16,12,0
47,2026-10-01,17,27,1
47,2026-10-01,18,36,1
47,2026-10-01,19,20,0
47,2026-10-01,20,8,0
47,2026-10-01,21,4,0
47,2026-10-01,22,4,0
47,2026-10-02,8,4,0
47,2026-10-02,9,17,0
47,2026-10-02,10,27,0
47,2026-10-02,11,17,0
47,2026-10-02,12,32,1
47,2026-10-02,13,36,1
47,2026-10-02,14,17,0
47,2026-10-02,15,13,0
47,2026-10-02,16,14,0
47,2026-10-02,17,32,1
47,2026-10-02,18,42,1
47,2026-10-02,19,23,0
47,2026-10-02,20,9,0
47,2026-10-02,21,4,0
47,2026-10-02,22,4,0
47,2026-10-03,8,4,0
47,2026-10-03,9,17,0
47,2026-10-03,10,26,0
47,2026-10-03,11,17,0
47,2026-10-03,12,31,0
47,2026-10-03,13,36,1
47,2026-10-03,14,18,0
47,2026-10-03,15,14,0
47,2026-10-03,16,15,0
47,2026-10-03,17,32,1
47,2026-10-03,18,42,1
47,2026-10-03,19,23,0
47,2026-10-03,20,10,0
47,2026-10-03,21,4,0
47,2026-10-03,22,4,0
47,2026-10-04,8,4,0
47,2026-10-04,9,17,0
47,2026-10-04,10,27,0
47,2026-10-04,11,16,0
47,2026-10-04,12,31,0
47,2026-10-04,13,34,1
47,2026-10-04,14,17,0
47,2026-10-04,15,14,0
47,2026-10-04,16,14,0
47,2026-10-04,17,32,1
47,2026-10-04,18,43,1
47,2026-10-04,19,23,0
47,2026-10-04,20,9,0
47,2026-10-04,21,4,0
47,2026-10-04,22,4,0
48,2026-09-28,8,4,0
48,2026-09-28,9,16,0
48,2026-09-28,10,22,0
48,2026-09-28,11,14,0
48,2026-09-28,12,26,0
48,2026-09-28,13,28,1
48,2026-09-28,14,14,0
48,2026-09-28,15,12,0
48,2026-09-28,16,12,0
48,2026-09-28,17,28,1
48,2026-09-28,18,36,1
48,2026-09-28,19,19,0
48,2026-09-28,20,8,0
48,2026-09-28,21,4,0
48,2026-09-28,22,4,0
48,2026-09-29,8,4,0
48,2026-09-29,9,15,0
48,2026-09-29,10,22,0
48,2026-09-29,11,14,0
48,2026-09-29,12,27,1
48,2026-09-29,13,29,1
48,2026-09-29,14,14,0
48,2026-09-29,15,12,0
48,2026-09-29,16,12,0
48,2026-09-29,17,26,0
48,2026-09-29,18,35,1
48,2026-09-29,19,19,0
48,2026-09-29,20,8,0
48,2026-09-29,21,4,0
48,2026-09-29,22,4,0
48,2026-09-30,8,4,0
48,2026-09-30,9,15,0
48,2026-09-30,10,23,0
48,2026-09-30,11,14,0
48,2026-09-30,12,27,0
48,2026-09-30,13,31,1
48,2026-09-30,14,15,0
48,2026-09-30,15,12,0
48,2026-09-30,16,12,0
48,2026-09-30,17,28,1
48,2026-09-30,18,36,1
48,2026-09-30,19,19,0
48,2026-09-30,20,8,0
48,2026-09-30,21,4,0
48,2026-09-30,22,4,0
48,2026-10-01,8,4,0
48,2026-10-01,9,15,0
48,2026-10-01,10,23,0
48,2026-10-01,11,14,0
48,2026-10-01,12,27,1
48,2026-10-01,13,29,1
48,2026-10-01,14,15,0
48,2026-10-01,15,12,0
48,2026-10-01,16,12,0
48,2026-10-01,17,27,1
48,2026-10-01,18,36,1
48,2026-10-01,19,20,0
48,2026-10-01,20,8,0
48,2026-10-01,21,4,0
48,2026-10-01,22,4,0
48,2026-10-02,8,4,0
48,2026-10-02,9,16,0
48,2026-10-02,10,25,0
48,2026-10-02,11,16,0
48,2026-10-02,12,31,1
48,2026-10-02,13,34,1
48,2026-10-02,14,16,0
48,2026-10-02,15,14,0
48,2026-10-02,16,14,0
48,2026-10-02,17,30,0
48,2026-10-02,18,39,1
48,2026-10-02,19,21,0
48,2026-10-02,20,9,0
48,2026-10-02,21,4,0
48,2026-10-02,22,4,0
48,2026-10-03,8,4,0
48,2026-10-03,9,19,0
48,2026-10-03,10,29,0
48,2026-10-03,11,19,0
48,2026-10-03,12,34,1
48,2026-10-03,13,38,1
48,2026-10-03,14,18,0
48,2026-10-03,15,15,0
48,2026-10-03,16,16,0
48,2026-10-03,17,34,1
48,2026-10-03,18,44,1
48,2026-10-03,19,24,0
48,2026-10-03,20,10,0
48,2026-10-03,21,4,0
48,2026-10-03,22,4,0
48,2026-10-04,8,4,0
48,2026-10-04,9,17,0
48,2026-10-04,10,26,0
48,2026-10-04,11,16,0
48,2026-10-04,12,32,1
48,2026-10-04,13,35,1
48,2026-10-04,14,17,0
48,2026-10-04,15,15,0
48,2026-10-04,16,14,0
48,2026-10-04,17,31,0
48,2026-10-04,18,40,1
48,2026-10-04,19,23,0
48,2026-10-04,20,9,0
48,2026-10-04,21,4,0
48,2026-10-04,22,4,0
49,2026-09-28,8,4,0
49,2026-09-28,9,14,0
49,2026-09-28,10,21,0
49,2026-09-28,11,13,0
49,2026-09-28,12,25,1
49,2026-09-28,13,27,1
49,2026-09-28,14,13,0
49,2026-09-28,15,11,0
49,2026-09-28,16,11,0
49,2026-09-28,17,24,0
49,2026-09-28,18,33,1
49,2026-09-28,19,18,0
49,2026-09-28,20,8,0
49,2026-09-28,21,4,0
49,2026-09-28,22,4,0
49,2026-09-29,8,4,0
49,2026-09-29,9,15,0
49,2026-09-29,10,22,0
49,2026-09-29,11,13,0
49,2026-09-29,12,24,0
49,2026-09-29,13,27,1
49,2026-09-29,14,14,0
49,2026-09-29,15,11,0
49,2026-09-29,16,11,0
49,2026-09-29,17,25,1
49,2026-09-29,18,32,1
49,2026-09-29,19,17,0
49,2026-09-29,20,8,0
49,2026-09-29,21,4,0
49,2026-09-29,22,4,0
49,2026-09-30,8,4,0
49,2026-09-30,9,15,0
49,2026-09-30,10,22,0
49,2026-09-30,11,14,0
49,2026-09-30,12,26,1
49,2026-09-30,13,28,1
49,2026-09-30,14,15,0
49,2026-09-30,15,12,0
49,2026-09-30,16,12,0
49,2026-09-30,17,26,1
49,2026-09-30,18,34,1
49,2026-09-30,19,18,0
49,2026-09-30,20,8,0
49,2026-09-30,21,4,0
49,2026-09-30,22,4,0
49,2026-10-01,8,4,0
49,2026-10-01,9,15,0
49,2026-10-01,10,23,0
49,2026-10-01,11,14,0
49,2026-10-01,12,27,1
49,2026-10-01,13,30,1
49,2026-10-01,14,15,0
49,2026-10-01,15,12,0
49,2026-10-01,16,12,0
49,2026-10-01,17,26,0
49,2026-10-01,18,36,1
49,2026-10-01,19,19,0
49,2026-10-01,20,8,0
49,2026-10-01,21,4,0
49,2026-10-01,22,4,0
49,2026-10-02,8,4,0
49,2026-10-02,9,18,0
49,2026-10-02,10,26,0
49,2026-10-02,11,16,0
49,2026-10-02,12,29,0
49,2026-10-02,13,34,1
49,2026-10-02,14,17,0
49,2026-10-02,15,13,0
49,2026-10-02,16,14,0
49,2026-10-02,17,31,1
49,2026-10-02,18,40,1
49,2026-10-02,19,22,0
49,2026-10-02,20,10,0
49,2026-10-02,21,4,0
49,2026-10-02,22,4,0
49,2026-10-03,8,4,0
49,2026-10-03,9,18,0
49,2026-10-03,10,27,0
49,2026-10-03,11,17,0
49,2026-10-03,12,31,0
49,2026-10-03,13,35,1
49,2026-10-03,14,18,0
49,2026-10-03,15,15,0
49,2026-10-03,16,15,0
49,2026-10-03,17,32,1
49,2026-10-03,18,42,1
49,2026-10-03,19,24,0
49,2026-10-03,20,10,0
49,2026-10-03,21,4,0
49,2026-10-03,22,4,0
49,2026-10-04,8,4,0
49,2026-10-04,9,18,0
49,2026-10-04,10,28,0
49,2026-10-04,11,16,0
49,2026-10-04,12,32,1
49,2026-10-04,13,35,1
49,2026-10-04,14,18,0
49,2026-10-04,15,15,0
49,2026-10-04,16,15,0
49,2026-10-04,17,32,1
49,2026-10-04,18,41,1
49,2026-10-04,19,22,0
49,2026-10-04,20,10,0
49,2026-10-04,21,4,0
49,2026-10-04,22,4,0
50,2026-09-28,8,4,0
50,2026-09-28,9,15,0
50,2026-09-28,10,21,0
50,2026-09-28,11,13,0
50,2026-09-28,12,25,1
50,2026-09-28,13,28,1
50,2026-09-28,14,14,0
50,2026-09-28,15,11,0
50,2026-09-28,16,11,0
50,2026-09-28,17,25,1
50,2026-09-28,18,33,1
50,2026-09-28,19,19,0
50,2026-09-28,20,8,0
50,2026-09-28,21,4,0
50,2026-09-28,22,4,0
50,2026-09-29,8,4,0
50,2026-09-29,9,14,0
50,2026-09-29,10,21,0
50,2026-09-29,11,13,0
50,2026-09-29,12,25,1
50,2026-09-29,13,29,1
50,2026-09-29,14,15,0
50,2026-09-29,15,11,0
50,2026-09-29,16,11,0
50,2026-09-29,17,25,1
50,2026-09-29,18,33,1
50,2026-09-29,19,17,0
50,2026-09-29,20,7,0
50,2026-09-29,21,4,0
50,2026-09-29,22,4,0
50,2026-09-30,8,4,0
50,2026-09-30,9,15,0
50,2026-09-30,10,24,0
50,2026-09-30,11,14,0
50,2026-09-30,12,26,1
50,2026-09-30,13,29,1
50,2026-09-30,14,15,0
50,2026-09-30,15,11,0
50,2026-09-30,16,11,0
50,2026-09-30,17,26,1
50,2026-09-30,18,35,1
50,2026-09-30,19,19,0
50,2026-09-30,20,8,0
50,2026-09-30,21,4,0
50,2026-09-30,22,4,0
50,2026-10-01,8,4,0
50,2026-10-01,9,14,0
50,2026-10-01,10,22,0
50,2026-10-01,11,14,0
50,2026-10-01,12,25,0
50,2026-10-01,13,28,1
50,2026-10-01,14,14,0
50,2026-10-01,15,12,0
50,2026-10-01,16,12,0
50,2026-10-01,17,26,1
50,2026-10-01,18,34,1
50,2026-10-01,19,19,0
50,2026-10-01,20,8,0
50,2026-10-01,21,4,0
50,2026-10-01,22,4,0
50,2026-10-02,8,4,0
50,2026-10-02,9,18,0
50,2026-10-02,10,26,0
50,2026-10-02,11,15,0
50,2026-10-02,12,29,0
50,2026-10-02,13,33,1
50,2026-10-02,14,17,0
50,2026-10-02,15,14,0
50,2026-10-02,16,14,0
50,2026-10-02,17,30,1
50,2026-10-02,18,38,1
50,2026-10-02,19,20,0
50,2026-10-02,20,8,0
50,2026-10-02,21,4,0
50,2026-10-02,22,4,0
50,2026-10-03,8,4,0
50,2026-10-03,9,18,0
50,2026-10-03,10,28,0
50,2026-10-03,11,18,0
50,2026-10-03,12,34,1
50,2026-10-03,13,37,1
50,2026-10-03,14,18,0
50,2026-10-03,15,15,0
50,2026-10-03,16,16,0
50,2026-10-03,17,33,0
50,2026-10-03,18,44,1
50,2026-10-03,19,24,0
50,2026-10-03,20,10,0
50,2026-10-03,21,4,0
50,2026-10-03,22,4,0
50,2026-10-04,8,4,0
50,2026-10-04,9,18,0
50,2026-10-04,10,26,0
50,2026-10-04,11,16,0
50,2026-10-04,12,32,1
50,2026-10-04,13,36,1
50,2026-10-04,14,17,0
50,2026-10-04,15,14,0
50,2026-10-04,16,14,0
50,2026-10-04,17,32,1
50,2026-10-04,18,42,1
50,2026-10-04,19,24,0
50,2026-10-04,20,10,0
50,2026-10-04,21,4,0
50,2026-10-04,22,4,0
